lemma	top	first_tag
في	Z	Z5
من	Z	Z5
على	Z	Z5
أن	Z	Z5
الذي	Z	Z5
إلى	Z	Z5
هذا	M	M6
كان-	Z	Z5
لا	Z	Z6
عن	Z	Z5
ما	Z	Z8
قد	A	A13.3
إن	Z	Z5
ذلك	Z	Z5
أو	Z	Z5
ل-	Z	Z5
هو	Z	Z8m
مع	Z	Z5
كل	N	N5.1
عربي	Z	Z2
لم	A	A2.2
بين	Z	Z5
و	Z	Z5
قال-	Q	Q1.1
ي	Z	Z5
هي	Z	Z8f
بعد	Z	Z5
ب	Z	Z5
بعض	N	N5
غير	Z	Z6
حتى	Z	Z5
الله	Z	Z1/S9
كما	Z	Z5
عمل	I	I3.1
أول	N	N4
يوم	T	T1.1.2
عام	T	T1.3
نفس	A	A6.1
إلا	A	A1.8
ل	Z	Z5
عالم	W	W1
حيث	Z	Z5
رأى-	X	X3.4
حياة	L	L1
أي	N	N5.1
ال	Z	Z5
كبير	N	N3.2
أحد	N	N1
ليس	Z	Z6
كثير	N	N5
أخرى	A	A6.1
جديد	T	T3
أكثر	N	N5
سنة	T	T1.3
إسلامي	S	S9
خلال	Z	Z5
لكن	A	A13.1
ثم	Z	Z5
إذا	Z	Z7
ن	Z	Z5
سعودي	Z	Z2
دولة	G	G1.1
مسلم	S	S9/S2m
هناك	Z	Z5
قبل	Z	Z5
أمر	X	X4.1
أمكن	X	X7
قام-	A	A1.1.1
عند	Z	Z5
مثل	Z	Z5
لأن	Z	Z5/A2.2
وجد-	A	A10
شركة	I	I2.1/S5
إسلام	S	S9
كتاب	Q	Q4.1
آخر	A	A6.1
شيء	O	O2
إنسان	S	S2mf
أ	Z	Z5
عدد	N	N1
تم-	X	X6
أمريكي	Z	Z2
ه	Z	Z5
بأن	Z	Z5
علم	X	X2.2
منطقة	W	W3
سبب	A	A2.2
بل	Z	Z5
أيض	B	B1
حديث	T	T3
واحد	N	N1
ماء	O	O1.2
جميع	N	N5.1
بدأ-	T	T2
مدينة	M	M7c
ذات	A	A6.1
مجال	X	X4.1
طريق	M	M3
شكل	O	O4.4
ثاني	N	N4
أما	Z	Z5
وقت	T	T1
حق	A	A5.2
بلد	G	G1.1
منذ	T	T1.1.1
أرض	W	W3
لغة	Q	Q3
الآن	Z	Z5
أصبح	A	A2.1
طفل	S	S2m/T3
علمي	Y	Y1
أنا	Z	Z8mf
عندما	Z	Z5
ناس	S	S2mf
لدى	Z	Z5
عرف-	X	X2.2
عالمي	M	M7
رجل	S	S2.2m
هل	Z	Z5
نوع	A	A4.1
نسبة	N	N2
بحث	Q	Q2.2
حالة	O	O4.1
هنا	M	M6
صورة	C	C1
نظام	G	G1.1
ٱستطاع	A	A7
عين	B	B1
دون	Z	Z5
مما	Z	Z5
خاصة	A	A14
تاريخ	T	T1.2
رئيس	G	G1.1/S7.1+/S2m
عملية	A	A1.1.1
ٱبن	S	S4m
م	Z	Z5
حول	Z	Z5
مكان	M	M7
مختلف	A	A6.1
سياسي	G	G1.2
وصل-	M	M1
مدرسة	P	P1/H1
برنامج	Y	Y2
قوة	S	S7.1
مشروع	X	X7
خدمة	S	S8
جانب	A	A4.1
عاد-	M	M1
دراسة	P	P1
دين	S	S9
مجتمع	S	S5
خاص	A	A4.2
يد	B	B1
حد	A	A1.7
د	Z	Z5
بيت	H	H1
حين	Z	Z5
ألف	N	N1
صغير	N	N3.2
مرض	B	B2
ت	Z	Z5
جعل-	A	A2.1
مرة	N	N6
تعليم	P	P1
ٱقتصادي	I	I2.1/S2m
أراد	X	X7
أكبر	N	N3.2+/A2.1
ر	Z	Z5
حرب	G	G3
ٱعتبر	X	X2.1
ثلاث	N	N1
جاء	M	M1
شهر	T	T1.3
علاقة	A	A2.2
حركة	M	M1
سيارة	M	M3/O2
محمد	Z	Z1m
وضع	M	M2
حكم	X	X2.1
مركز	M	M6
كتب-	Q	Q1.2
نتيجة	A	A2.2
ٱجتماعي	S	S1.1.1
بحر	W	W3/M4
رغم	Z	Z5
عمل-	I	I3.1
ٱسم	Q	Q2.2
بن	S	S4m
ثقافة	C	C1
قرن	T	T1.3
دور	S	S1.1.3
فيما	Z	Z5
وجود	A	A3
نظر	X	X4.1
مرأة	S	S2.1f
أمام	M	M6
أدى	M	M6
رأي	X	X2.1
حال	O	O4.1
وجب-	S	S6
مستوى	O	O4.4
أخير	N	N4
أتى-	M	M1
زال-	T	T2
مادة	O	O1
بما	Z	Z5
قضية	G	G2.1
جامع	S	S9/H1
عاش	L	L1
وجه	B	B1
إضافة	N	N5
متحد	S	S5
قول	Q	Q2.1
سوق	I	I2.2
يا	Z	Z4
أمة	S	S5
كون	A	A1.1.1
درجة	A	A13.1
هم	Z	Z8m
طالب	P	P1/S2m
حضارة	S	S1.1.1
مشكلة	A	A12
كتابة	Q	Q1.2
فترة	T	T1.3
مليون	N	N1
كذلك	A	A6.1
رحلة	M	M1
مجلس	G	G1.1
دولي	M	M7
طبيعي	A	A6.2
أثر	A	A2.2
عامل	I	I3.1/S2m
سياحة	M	M1
قليل	N	N5
أخذ-	A	A9
قدم	A	A9
قديم	T	T3
ماضي	Z	Z5
وهى-	A	A1.1.2
تحت	Z	Z5
عدم	Z	Z6
فقط	Z	Z5
طويل	N	N3.7
جزء	N	N5.1
عديد	N	N5
عبد	S	S7.1-/S2m
إذ	Z	Z5/A2.2
كيف	Z	Z5
مصر	Z	Z2
داخل	Z	Z5
سياحي	M	M1
فكر	X	X2.1
لو	Z	Z7
شيخ	S	S7.1+/S2.2m
غربي	M	M6
حدث-	A	A2.1
ٱستخدام	A	A1.5.1
بناء	H	H1
حمل-	A	A1.1.1
شأن	X	X4.1
بيئة	W	W5
باب	H	H2
أدب	Q	Q4.1
دار	H	H1
تالي	N	N4
عمر	T	T3
قيمة	A	A11.1
نحن	Z	Z8
أهل	S	S4
ديني	S	S9
تحقيق	X	X9.2
سابق	T	T2
رأس	B	B1
واقع	A	A5.2
أهم	A	A6.3
مصري	Z	Z2/S2m
ولاية	G	G1.1
إنما	Z	Z5
ثقافي	C	C1
هدف	K	K5.1
حي	L	L1
دكتور	B	B3/I3.2/S2m
تجربة	X	X2.4
أعلى	N	N5+/A2.1
ذ	Z	Z5
حرية	A	A1.7
دائم	T	T2
إنتاج	A	A1.1.1
سؤال	Q	Q2.2
أساس	T	T2
عنى-	Q	Q1.1
أضاف	N	N5+/A2.1
عراق	Z	Z2
كاتب	Q	Q4.1/S2m
صاحب	A	A9+/S2m
فعل	A	A1.1.1
معلوم	X	X2.2
علاج	B	B3
لذلك	Z	Z5
أشار	A	A10
شرق	M	M6
موقع	M	M6
أنت	Z	Z8m
أوربي	Z	Z2
بعيد	N	N3.3
دخل-	M	M1
ساعة	T	T1.3
نشاط	A	A1.1.1
دواء	B	B3
جد	A	A11.1
ربما	A	A7
قلب	M	M1
جهاز	O	O2
عدة	N	N5
إدارة	S	S7.1
حصل-	A	A9
أساسي	A	A11.1
وطني	M	M7/N5.1
بداية	T	T2
طريقة	X	X4.2
فن	C	C1
أكد	Q	Q2.2
بقي-	N	N5.2
فلسطيني	Z	Z2
كلمة	Q	Q3
نص	Q	Q1.2
لن	Z	Z6
شاعر	Q	Q4.1/S2m
صناعة	I	I4
ألم	B	B2
رسالة	Q	Q1.2
ٱهتمام	X	X5.1
عصر	T	T1.2
أم	S	S4f
عشر	N	N1
حالي	T	T1.1.2
وزير	G	G1.1/S2m
معنى	S	S1.2.6
بدا-	A	A8
تحدث	Q	Q2.1
ذكر-	Q	Q2.1
عبر	Z	Z5
غرب	M	M6
شخص	S	S2mf
أجل	A	A2.2
قانون	G	G2.1
خارج	Z	Z5
مملكة	G	G1.1
قرآن	Q	Q4.1/S9
فني	Y	Y1
بلغ-	X	X9.1
حقيقة	A	A5.2
مئة	N	N1
ضد	Z	Z5
عالي	N	N3.7
جهة	A	A4.1
شعب	S	S2mf
قدرة	X	X9.1
كامل	N	N5.1
حاول	X	X8
شعر	Q	Q3
طبيعة	W	W5
نهاية	T	T2
داخلي	M	M6
ٱنتهى	T	T2
صوت	G	G1.2
تعالى	S	S1.2
عضو	S	S5+/S2m
فرنسي	Z	Z2
مريض	B	B2-/S2m
تنمية	A	A2.1
زمن	T	T1
خمس	N	N1
أب	S	S4m
ٱعتبار	X	X2.1
دعا-	Q	Q2.2
ثالث	N	N4
أصل	T	T2
نحو	Z	Z5
معرفة	X	X2.2
زاد-	N	N5+/A2.1
فرد	S	S2mf
حكومة	G	G1.1
وقع-	M	M1
نظر-	X	X3.4
ذل	S	S7.2
مرحلة	T	T1.3
عشرون	N	N1
مهم	A	A11.1
أعطى	A	A9
إجراء	A	A1.1.1
مجموعة	S	S5
وحدة	S	S5
قراءة	Q	Q3
ٱعتقد	X	X2.1
موقف	M	M6
لون	O	O4.3
أسلوب	X	X4.2
مؤسسة	S	S5
فندق	H	H4/H1
زيارة	S	S1.1.1
عادة	S	S1.1.1
تراث	A	A9+/S1.1.1
مسألة	X	X4.1
موضوع	X	X4.1
أقل	M	M2
ٱتجاه	M	M6
حاجة	S	S6
أربع	N	N1
إنساني	S	S2
وسيلة	X	X4.2
تطوير	A	A2.1
شديد	S	S1.2.5
أقام	A	A1.1.1
أستاذ	P	P1/S2mf
ظل-	M	M8
دعوة	Q	Q2.2
جسم	B	B1
آية	S	S9
معظم	N	N5.1
مسؤول	G	G1.1
قرار	X	X6
زيادة	N	N5+/A2.1
مصدر	T	T2
خرج-	M	M1
أفضل	A	A5.1
ٱستخدم	A	A1.5.1
قائم	A	A1.1.1
بينما	Z	Z5
أسود	O	O4.3
خط	Q	Q1.2
مدة	T	T1.3
بيئي	W	W5
عقد	A	A9
أهمية	A	A11.1
كأن	Z	Z5
هيئة	S	S5
رواية	Q	Q4.1
غرفة	H	H2
ذو	Z	Z5
لماذا	A	A2.2
حقق	X	X9.2
بشري	S	S2
حقيقي	A	A5.2
رؤية	X	X4.1
ٱحتاج	S	S6
معروف	X	X2.2
لما	A	A2.2
فكرة	X	X4.1
مجلة	Q	Q4.2
لجنة	G	G1.1
هيكل	X	X4.2
شعر-	E	E1
شهد-	S	S9
سبيل	X	X4.2
عراقي	Z	Z2
قرأ-	Q	Q1.2
دم	B	B1
فيلم	Q	Q4.3
طبيب	B	B3/S2m
جيد	A	A5.1
فريق	S	S5
سواء	Z	Z7
رسول	Q	Q2.1/S2m
تأثير	A	A2.2
جميل	O	O4.2
تقديم	A	A9
كي	A	A2.2
قاعدة	M	M7
س	Z	Z5
محطة	M	M3/H1c
سأل-	Q	Q2.2
بد	A	A1.9
عنصر	A	A4.1
سلطة	S	S7.1
سيد	S	S2.2m
منزل	H	H4
دولار	I	I1
هكذا	Z	Z5/A2.2
ٱتصال	S	S1.1.1
جامعة	P	P1/H1
محلي	M	M7
محاولة	X	X8
تقني	Y	Y1
فنان	C	C1/S2m
جائزة	A	A5.1
إطار	X	X4.2
مؤتمر	S	S1.1.3
سياسة	G	G1.2
مسجد	S	S9/H1
أخ	S	S4m
ق	Z	Z5
لعل	A	A7
ظرف	S	S6
مستقبل	T	T1.1.3
ترك-	M	M1
حيوان	L	L2
إسرائيلي	Z	Z2
نشر	A	A1.1.1
حدث	S	S1.1.1/X7
خطة	X	X4.2
ٱعتمد	A	A2.2
حجم	N	N3.4
تحديد	A	A4.2
إعادة	N	N6
عرض	O	O4.1
صحة	B	B2
ذهب-	M	M1
أحمد	Z	Z1
مذهب	S	S1.1.1
فرصة	A	A1.4
طلب-	Q	Q2.1
ٱتحاد	I	I3.1/S5
مجموع	A	A13.2
خير	A	A5.1
أعلن	Q	Q2.2
خلية	B	B1
آتي	T	T1.1.3
قسم	S	S1.1.2
قريب	N	N3.3
تاريخي	T	T1.1.1
تقدم	T	T1.1.2
شخصي	A	A10
سعر	I	I1.3
أبيض	O	O4.3
فوق	Z	Z5
واضح	A	A7
نجاح	X	X9.2
قصيدة	Q	Q3
إيمان	X	X2.1
خصوص	A	A14
معدل	A	A6.2
إنجليزي	Z	Z2
ماذا	Z	Z5
تطور	A	A5.1+/A2.1
رئيسي	A	A11.1
تجاري	I	I2.1
باحث	P	P1/S2m
عنوان	H	H4
شجرة	L	L3
ضرورة	S	S6
حماية	S	S8+/A15
جهد	X	X8
أدبي	Q	Q4.1
سلام	E	E3
علم-	X	X2.2
مدين	I	I1.1/S2m
منهج	X	X4.2
فعل-	S	S1.1.3
مجرد	A	A14
وزارة	G	G1.1
صديق	S	S3.1/S2m
زراعي	F	F4
شخصية	S	S2
قطيع	A	A4.1
مفهوم	X	X2.5
جرى-	M	M1
ضغط	A	A11.1
والد	S	S4m
ٱختلاف	A	A6.1
ألا	Z	Z5
صحيح	A	A5.2
عد-	N	N2
شمل-	A	A1.8
كريم	S	S1.2.2
طلب	X	X2.4
شمس	W	W1
مدى	N	N5
صناعي	I	I4
مال	I	I1
ضم-	A	A1.8
تعاون	S	S8
كويت	Z	Z2
خلاف	A	A6.1
تعرض	S	S3.1
واسع	N	N3.6
أطلق	A	A1.7
إقامة	H	H4
سوى	Z	Z5
نقطة	Q	Q2.1
تمام	A	A5.3
ضوء	W	W2
طرف	S	S1.1.3+mf
قطاع	A	A4.1
ٱقتصاد	I	I2.1
أقلية	N	N5
ورق	Q	Q4.2
أصاب	I	I3.1
نفسي	X	X2
طعام	F	F1
شب	T	T3-/S2m
جيل	T	T1.3
فلسطين	Z	Z2
إنشاء	T	T2
طاقة	X	X5.2
ٱختيار	A	A5.1
جنوب	M	M6
قيام	A	A1.1.1
ناحية	A	A4.1
سلم	S	S7.1
ترجمة	Q	Q3
ساعد	S	S8
رمضان	S	S9/T1.3
خليج	W	W3/M4
إمام	S	S9/S7.1+/S2.2m
جبل	W	W3
غريب	A	A6.2
مات-	L	L1
كلام	Q	Q2.1
لقاء	S	S1.1.3
جمعية	S	S5
حل	X	X4.2
لحظة	T	T1.2
رد-	Q	Q2.2
نقل	M	M2
قصة	Q	Q2.1
سفر	M	M1
حوار	Q	Q2.1
ح	Z	Z5
صالح	A	A1.2
أجنبي	M	M7
فقه	S	S9
سمى	Q	Q2.2
شارع	M	M3/H3
مباشر	M	M6
شارك	S	S1.1.3
سوف	X	X7
يوسف	Z	Z1m
حوالى	A	A13.4
ٱستمر	T	T2
صلى	S	S9/Q2.2
حزب	G	G1.2
خطر	A	A15
مزيد	N	N5
عودة	M	M6
قدس	Z	Z2
بحث-	Q	Q2.2
متخصص	A	A4.2
قاهرة	Z	Z2
تقرير	X	X6
صراع	X	X8
سرعة	N	N3.8
جماعة	K	K1/S1.1.3
ألد	E	E3
مدير	S	S7.1+/S2m
ٱستمرار	T	T2
صدر-	Q	Q4
موجود	A	A3
حصول	A	A9
أمريكا	Z	Z2
صحي	B	B2
طائرة	M	M5
ش	Z	Z5
عدو	S	S1.2.1-/S2mf
ٱرتفاع	N	N3.7+/A2.1
عانى	E	E4.1
وصول	M	M1
دخول	M	M7
تعبير	Q	Q3
فضل	A	A6.1
صحيفة	Q	Q4.2
وطن	G	G1.1c
رغبة	X	X7
طبع	S	S1.2
آلة	O	O2
أمين	Z	Z1m
تقريب	X	X2.1/A7
حرارة	O	O4.6
ٱختلف	A	A6.1
نصف	N	N5
عهد	X	X2.2
نادي	S	S5
إسرائيل	Z	Z2
أمير	S	S7.1+/S2.2m
ٱختار	X	X7
رد	Q	Q2.2
إبداع	A	A6.2
ع	Z	Z5
صلاة	S	S9/Q2.2
أوسط	N	N4
أظهر	A	A8
فتح	A	A1.1.1
أوربا	Z	Z2
دفع-	M	M2
وقى-	A	A15
أثناء	Z	Z5
ٱنتظر	X	X2.6
تحول	A	A2.1
زوج	S	S2.2m
شرقي	M	M6
وحد	A	A14
قائل	Q	Q2.1
نقل-	M	M6/A2.1
شهادة	Q	Q1.2
رسم	C	C1
سن	B	B1
وقف-	M	M3
مواطن	G	G1.1/S2m
أحب	S	S3.2
حضاري	A	A5.1+/A2.1
نار	O	O4.6
ٱكتشف	A	A10
شاء-	X	X7
بيان	X	X2.2/X2.4
إنترنت	Y	Y2
إعلام	X	X2.2
قارئ	Q	Q4.1/S2mf
إمكان	A	A7
وحيد	A	A14
تطبيق	Q	Q1.2
نساء	S	S2.1f
بحري	M	M4
عائلة	S	S4
حسب	Z	Z5
يهودي	S	S9/S2.2m
عبارة	Q	Q3
مبدأ	X	X4.1
ٱنتقل	M	M1
معلم	P	P1/I3.2/S2m
سعى-	X	X8
حملة	X	X7+/Q2.2
قيادة	S	S7.1
ضمن	Z	Z5
ثورة	G	G1.2
ٱستثمار	I	I1.1
سعيد	E	E4.1
خارجي	M	M7
مشاركة	S	S1.1.3
أتاح	A	A9
تعلق	A	A2.2
ليلة	T	T1.3
مثال	A	A4.1
داعي	X	X2.1
رسمي	G	G1.1
ست	N	N1
سطح	M	M6
نظرة	X	X3.4
بلا	Z	Z5/Z6
ليل	T	T1.3
قادم	M	M1
جمهور	S	S5
قوي	S	S1.2.5
أثار	M	M2
قرية	M	M7
محيط	A	A11.1
طبقة	P	P1
مر-	K	K5.1
معهد	P	P1/S5
موسيقى	K	K2
جسد	B	B1
تغيير	A	A2.1
واجه	S	S1.1.1
خطوة	M	M1
أحمر	O	O4.3
حسين	Z	Z1m
ملك-	A	A9
كلية	P	P1/H1
آل-	M	M1
قرر	X	X6
مقابل	S	S1.1.2
زوجة	S	S4f
توقف	M	M8
كائن	L	L2
هواء	O	O1.3
أسبوع	T	T1.3
أسرة	S	S4
عميق	N	N3.7
تنظيم	S	S5
عمق	N	N3.3
إنجاز	X	X9.2
لبنان	Z	Z2
مارس	A	A1.1.1
قادر	X	X9.1
مصلحة	S	S8
سر	A	A10
فصل	A	A1.7-/M1
فرقة	S	S5+c
معرض	O	O2/A10
سمع-	X	X3.2
تنفيذ	A	A1.1.1
حسن	A	A5.1
منع	S	S8
نقد	Q	Q2.2/E2
مكتبة	Q	Q4.1/H1
دقيق	A	A4.2
سبق-	N	N4
أبي	S	S4m
روسي	Z	Z2/S2m
عقيدة	S	S9
ظل	S	S8
خبر	X	X2.2+/T3
شعبي	E	E2
وفق	Z	Z5
باسم	E	E4.1
رقم	N	N1
تدريب	A	A1.1.1
مناسبة	T	T1.2
نمو	A	A2.1
صباح	T	T1.3
وراء	Z	Z5
أعاد	A	A1.1.1
ردة	X	X3.2
موت	L	L1
ٱزداد	N	N5+/A2.1
مقال	Q	Q4.2
لاحظ	X	X3.4
ص	Z	Z5
رابع	N	N4
عظيم	A	A5.1
أداء	K	K4
ألقى	M	M2
حب	S	S3.2
حر	S	S6
تربية	P	P1
منظمة	S	S5
ثمة	Z	Z5
هوية	S	S2
متوسط	N	N4
سلاح	G	G3
جزيرة	W	W3
عسكري	G	G3
عرض-	O	O2/A10
روح	S	S9
صفة	O	O4.1
تمكن	A	A7
متر	N	N3.1/O2
سمح-	S	S7.4
منتج	X	X9.2
زمان	T	T1
رب	S	S7.1+/S2.2m
شمال	M	M6
قومي	M	M7/N5.1
فقهي	S	S9
أحدث	A	A2.2
يومي	T	T1.1.2
نهر	W	W3/M4
مالي	I	I1
غاية	X	X7
شبكة	S	S5
دنيا	W	W1
أمن	G	G2.1
جراح	B	B3/S2m
تجاوز	N	N5.2
حادث	A	A1.4
معاصر	T	T1.1.2/S2m
فتح-	A	A10
مرحل	M	M2/G1.1
ٱنطلق	M	M1
إصابة	B	B2
متعدد	N	N5
ظاهر	A	A11.2
ولي-	M	M1
تقدير	E	E2
فيروس	L	L2
كاد-	A	A13.4
مورد	T	T2
حضور	K	K1/S2mf
ٱجتماع	S	S1.1.3
محدد	A	A4.2
ممكن	A	A7
مساحة	M	M6
شرعي	G	G2.2
جمال	O	O4.2
معين	A	A1.7
تحقق	A	A5.2
جدار	H	H2
توفير	A	A9
دعم	S	S8
بسيط	A	A12
دليل	Q	Q1.3/Q4.1
طبي	B	B3
تميز	A	A5.1
إطلاق	A	A1.7
أين	M	M6
سريع	N	N3.8
مكتب	I	I2.1/H1
سنوي	N	N6
فكري	X	X2
ٱنبغى	S	S6
أبرز	A	A10
متحف	T	T1.1.1/H1
عقل	X	X1
بنك	I	I1/H1
صار	A	A2.1
شاطئ	W	W3/M4
جمع-	A	A9
شريعة	S	S9
محمود	S	S1.1.4
أمل	X	X2.6
غالب	X	X9.2+/S7.3/S2m
مبيد	A	A1.1.2
سائح	M	M1/S2
حكومي	G	G1.1
مدرس	P	P1/I3.2/S2m
ٱكتشاف	A	A10
ٱنتشار	A	A1.1.1
درس	P	P1
ٱمتد	N	N3.3
شامل	A	A1.8
ٱتخذ	A	A9
دورة	K	K5/S7.3
مسرحية	K	K4
مسؤولية	S	S6
قدر	N	N5
بدء	T	T2
رائد	S	S7.1+/S2m
طب	B	B3
حلم	X	X4.1
رياضي	K	K5.1
ها	A	A8
ظاهرة	A	A3
خبير	X	X2.2
ذهب	O	O1.1
عميل	I	I2.1/S2m
معالجة	B	B3
دائرة	I	I2.1/H1
تل	W	W3
أغنية	K	K2
غذاء	F	F1
مهما	Z	Z8
بريطاني	Z	Z2S2m
عقوبة	G	G2.1
محل	M	M7
ساحة	M	M7
تناول	F	F1/B1
أبو	Z	Z1m
شيعة	S	S5+/S9
جيش	G	G3
ذاتي	S	S5
خبرة	X	X9.1
ج	Z	Z5
فلسفة	P	P1
مباراة	S	S7.3
منح-	A	A9
عاصمة	M	M7
مواجهة	S	S1.1.1/E3
مناسب	A	A1.2
تيار	W	W3/M4
إعداد	A	A1.1.1
مهمة	A	A1.1.1
تجارة	I	I2.1
مسرح	K	K4/H1
قضاء	G	G2.1
طير	L	L2
دقيقة	T	T1.3
نجح-	X	X9.2
ضخم	N	N3.2
تعامل	A	A2.2
دفاع	S	S8
وسط	N	N4
موسم	T	T1.3
مشهد	K	K4
مطلوب	X	X7
بشر	S	S2
عرف	X	X2.2
ولد	S	S2m/T3
سليم	A	A15
حديقة	L	L3/H3
أدرك	X	X2.5
بيع	I	I2.2
تغير	A	A2.1
فضاء	N	N3.6
قتل	L	L1
بطولة	K	K5/S7.3
بقية	N	N5.2
ٱقترب	M	M1
نعم	Z	Z4
صفحة	Q	Q1.2
تقليد	A	A6.1
شك	A	A7
تحرير	A	A1.7
سلطان	Z	Z1m
تصوير	C	C1
نبات	L	L3
ثابت	M	M8
مظهر	O	O4.1
أقصى	N	N3.3
كيميائي	O	O1
حساب	N	N2
ٱمرأة	S	S2.1f
مبنى	H	H1
مصاب	B	B2
هما	Z	Z8mf
ناصر	S	S5
مهرجان	K	K1/S1.1.3
مسيحي	S	S9
نموذج	A	A4.1
ملك	S	S7.1+/S2.2m
وصف-	Q	Q2.2
سماء	W	W1
لعب-	K	K5.1
كمية	N	N5
أديب	Q	Q4.1/S2m
ٱنتشر	A	A1.1.1
صعب	A	A12
بدل	A	A2.1
إستراتيجي	X	X7
عقد-	A	A9
تضمن	A	A1.8
فئة	S	S5
تابع	S	S7.1
خوف	E	E5
مادي	A	A1.6
جدة	Z	Z2
أداة	O	O2
شهير	A	A10
أصدر	X	X4.1
نجم	W	W1
رفض-	X	X7
صدر	B	B1
ألماني	Z	Z2/S2m
دفع	M	M2
فائدة	S	S8
جوي	O	O1.3
إشارة	Q	Q2.1
أخذ	A	A9
زائر	S	S1.1.1/S2mf
وظيفة	I	I3.1
خطأ	A	A5.3
رضا	S	S7.4
أمس	T	T1.1.1
صهيوني	Z	Z2/S2m
نهار	T	T1.3
حاضر	T	T1.1.2
جو	O	O1.3
ٱرتفع	N	N5+/A2.1
سادات	S	S7.1+/S2m
قصير	T	T1.3
سلامة	G	G2.1
وعي	B	B1
فرنسا	Z	Z2
كرة	O	O2/O4.4
كشف-	A	A10
نسي-	X	X2.2
وعى-	B	B1
مستمر	T	T2
جلس-	M	M8
أخضر	O	O4.3
خروج	M	M1
مغرب	Z	Z2
رعاية	G	G2.1
مغربي	Z	Z2
فهم-	X	X2.5
شاهد	X	X3.4
زميل	I	I3.2/S2m
أزمة	A	A12
تحليل	X	X2.4
سار-	M	M1
ٱهتم	X	X5.1
ديمقراطي	G	G1.2/S2m
روى-	Q	Q2.2
ض	Z	Z5
سيطرة	S	S7.1
أشبه	A	A6.1
أجاب	Q	Q2.2
ٱلتزام	X	X5.2
إذن	Z	Z5
هند	Z	Z2
مليار	N	N1
صحراء	W	W3
سبع	N	N1
نبي	T	T1.1.3/S9/S2m
قائد	S	S7.1+/S2m
خامس	N	N1
مملك	G	G2.1/S2m
أبد	T	T2
محافظة	S	S8+/A15
ظهور	A	A10
درس-	P	P1
إعلامي	Q	Q4c
ممارسة	A	A1.1.1
خلق	S	S1.2
مشترك	S	S1.1.2
قاد-	S	S7.1
تلقى	A	A9
قضى-	L	L1
ممثل	A	A1.1.1/S2m
مفكر	X	X2
عسل	F	F1
ملمح	O	O4.1
طن	N	N3.5
تفكير	X	X2.1
رياض	Z	Z2
أجرى	S	S1.1.1
محدود	N	N5
جماعي	S	S1.1.1
ٱلتقى	A	A1.2
فقير	I	I1.1-/S2m
ٱحتلال	I	I3.1
شرط	S	S6
ز	Z	Z5
أثري	Y	Y1
أسلم	S	S7.1
نشر-	Q	Q4
تأكيد	A	A7
ٱحتمال	A	A7
أفريقيا	Z	Z2
طرح-	A	A9
موسيقي	K	K2
لبناني	Z	Z2
تعلم	P	P1
مستشفى	B	B3/H1
زراعة	F	F4
سهم	S	S1.1.2
حقيق	S	S1.1.4
ضروري	S	S6
زيت	O	O1.2
بطاقة	Q	Q1.2
إلكتروني	O	O3
لاعب	K	K6/S2m
تقليدي	S	S1.1.1
مقعد	H	H5
هائل	N	N3.2
دار-	M	M1
تفصيل	Q	Q2.2
ٱجتهاد	X	X8
لازم	S	S6
تأسيس	T	T2
جين	B	B1
متميز	S	S7.1
لذا	Z	Z5
مائي	O	O1.2
آلية	A	A1.1.1/S5
ضابط	S	S7.1+/S2m
إصلاح	A	A2.1
نظري	A	A1.6
مرتد	G	G2.1
مقاومة	S	S8
تاب-	S	S9
ٱنتهاء	T	T2
حدد	A	A2.2
رفع-	O	O2/M2
ٱحتوى	A	A1.8
طيران	M	M5/S5
توجه	X	X2.1/E1
ذكر	Q	Q2.1
مؤمن	X	X2.1/S2m
أثبت	X	X2.3
مدني	G	G3
بنى-	B	B1/O4.4
شريف	Z	Z1m
طوال	Z	Z5
جمع	S	S5
شراء	I	I2.2
وصف	Q	Q2.2
زار-	S	S1.1.1
تركي	Z	Z2/S2m
أولائك	Z	Z8mf
إما	Z	Z5
آل	Z	Z1m
تمويل	I	I1
حمد	S	S7.2
تصميم	X	X6
فرض-	S	S6
كويتي	Z	Z2
ٱلتهاب	B	B2
سعادة	E	E4.1
معركة	X	X8
ولد-	A	A1.1.1
نطاق	A	A1.7
سلبي	Z	Z6
صلة	A	A2.2
إعلان	Q	Q2.2
إجابة	Q	Q2.2
أقرب	T	T1.1.3/N3.8
صحفي	Q	Q4.2/I3.2/S2m
جملة	Q	Q3
طول	N	N3.7
أكاديمي	P	P1/S2m
نائب	S	S7.1-/S2m
فردي	N	N5
أرسل	M	M2
سينما	Q	Q4.3/H1
عما	Z	Z5
جرح	B	B2
غطى	A	A10
ضعف	S	S1.2.5
أخرج	M	M2
تلوث	W	W5
باقي	T	T2
مساعدة	S	S8
قرب	Z	Z5
ظن-	X	X2.1
شاب	S	S2m/T3
وجهة	X	X4.1
قلم	Q	Q1.2/O2
ناتج	A	A1.1.1
تبقى	N	N5.2
حجر	O	O1.1
تفسير	Q	Q2.2/A7
فقيه	S	S9/S2m
ساكن	H	H4
خليجي	Z	Z2/S2m
بنية	O	O4.1
رائع	A	A5.1
جودة	A	A5.1
ٱعتماد	S	S7.1
وفد	S	S7.4
عقاد	B	B5/S2m
معني	E	E6
حمام	L	L2
حدوث	A	A3+/X2.6
جامعي	P	P1/H1
تعليمي	P	P1
مضى-	T	T2
وكالة	I	I2.2/S5
كمبيوتر	Y	Y2
فرع	S	S5+c
شعري	Q	Q3
صعيد	O	O4.4
عبادة	S	S9
مفتوح	A	A10
أفريقي	Z	Z2
سكان	S	S5+/H4
غني	I	I1.1
خالد	L	L1+/T2
مشارك	S	S1.1.3+m
بغداد	Z	Z2
أفاد	Q	Q2.2
غاز	O	O1.3
ٱتجه	M	M1
خليفة	S	S7.1-/S2m
تصنيع	I	I4
مرور	M	M1
ربع	N	N5
ظهر-	A	A8
أدخل	M	M1
مبكر	T	T4
عملي	A	A1.6
كافة	N	N5.1
فضائي	N	N3.6
قل-	N	N5-/A2.1
كلما	Z	Z5
تأمين	I	I1/A15
معيار	A	A6.2
كنيسة	S	S9/H1c
تكنولوجيا	Y	Y1
ذاكرة	X	X2
ط	Z	Z5
مكة	Z	Z2
جريمة	G	G2.1
حاكم	S	S7.1
عم	A	A1.8
شر	G	G2.2
إيجابي	A	A5.1
حيوي	A	A11.1
قبول	S	S1.1.1
نيل	A	A9
مقبل	N	N4
قمة	W	W3
قطعة	N	N5.1
جريدة	Q	Q4.2
معارض	S	S7.3/S2m
أمني	G	G2.1
رسم-	X	X2.4
نور	W	W2
قناة	W	W3/M4
هندسة	Y	Y1
إصدار	I	I2.2/M2
غابة	W	W3/L3
توقع	X	X2.6
وقف	T	T2
إمكانية	A	A7
لسان	B	B1
ظهر	T	T1.2
رفع	M	M2
ساب	S	S1.1.2-/Q2.2
ٱنتمى	S	S1.1.3
صيف	T	T1.3
نادر	N	N6
دمشق	Z	Z2
إبراهيم	Z	Z1m
خطير	A	A15
أخلاقي	G	G2.2
كفى-	N	N5
أفق	W	W3
محكمة	G	G2.1
حداثة	T	T2
ٱحتياج	S	S6
تركيز	A	A11.1
مقبر	L	L1-/H1
قبل-	A	A9
سادس	N	N1
أسهم	S	S1.1.3
وحى-	S	S8
ملعقة	O	O2
تشجيع	S	S8
شريحة	O	O2
سجل	Q	Q1.2/G1.1
مؤسس	T	T2+/S2m
فهم	X	X2.5
صندوق	O	O2
ٱتفق	A	A6.1
لعب	X	X5.2
غرض	X	X7
سوري	Z	Z2/S2m
تلميذ	P	P1/S2m
زواج	S	S4
طيب	A	A5.1
كافر	S	S2mf
بات-	M	M8
كم	N	N3.3
أذكر	X	X4.1
ٱنتخاب	G	G1.2/X7
ثماني	N	N1
تب-	L	L1
أغلب	N	N5
ممن	Z	Z5
راحة	E	E3
سبتمبر	T	T1.3
تمتع	E	E2
نهائي	N	N4
فتاة	T	T3-/S2f
رفض	X	X7
باكستان	Z	Z2
علامة	O	O4.1
ثانوي	A	A11.1
كافي	N	N5
قبيلة	S	S5
مثقف	X	X2
ٱستعداد	A	A1.1.1
صعوبة	A	A12
بقاء	M	M8
واجب	S	S6
مصنع	I	I4/H1
أنتج	F	F1
قلق	E	E6
سوء	S	S1.2.4
أذن	B	B1
وزن	N	N3.5
نمط	A	A4.1
قصر	H	H1
صنع-	A	A1.1.1
إمارة	Z	Z2
مؤلف	A	A1.1.1
عصبي	E	E6
توزيع	A	A9
بالغ	N	N5.1
سلسلة	S	S5+/I2.1
إحساس	E	E1
مميز	S	S7.1
آلي	O	O2
غذائي	F	F1
نووي	Y	Y1
مطار	M	M5/M7
مناخ	W	W4
هجرة	M	M1/M7
وفاة	L	L1
سيدة	S	S2.1f
أبان	Q	Q2.2/A7
مطلق	A	A5.1
بيروت	Z	Z2
توجيه	M	M6
مرتبط	A	A2.2
جاز-	S	S7.4
رمز	Q	Q1.1
مستخدم	I	I3.1/S2mf
نوم	B	B1
منظم	S	S7.1+/S2m
زعيم	S	S7.1+/S2m
خسارة	I	I1.2
نهضة	A	A2.1
ثقة	E	E6
نظم	S	S7.1
ناقد	Q	Q2.2/S2m
ثمن	A	A11.1
مسافة	N	N3.3
لوح	Q	Q1.2
سائل	O	O1.2
طائر	L	L2m
ميدان	O	O4.4
مفتاح	A	A11.1
حاد	S	S8-/E2
حكم-	G	G2.1/I3.2/S2m
مساء	T	T1.3
سلوك	S	S1.1.1
عادي	A	A6.2
مهنة	I	I3.1
خارجية	G	G1.1
منتصف	N	N4
تشغيل	A	A1.1.1
ٱستعمال	A	A1.5.1
طائفة	S	S5
إله	Z	Z4
تمنى	X	X7
وشى-	O	O4.1
وثيقة	Q	Q1.2
عناية	S	S8
تبين	A	A4.2
يابان	Z	Z2
مقدس	S	S9
هندي	Z	Z2/S2m
موظف	I	I3.1/S2m
ريح	W	W4
بديل	A	A2.1
ضعيف	S	S1.2.5
شعبة	S	S5
مسافر	M	M3/S2m
قتل-	L	L1
فريد	Z	Z1m
مصطلح	Q	Q3
بال	X	X1
غياب	S	S1.1.3
تسجيل	Q	Q1.2/G1.1
تدريس	P	P1
أد-	A	A1.1.1
جذر	L	L3
تكليف	I	I1.3
متعلق	A	A1.7
حقل	F	F4
أصلي	T	T3
عكس-	A	A10
مقارنة	A	A6.1
ساهم	S	S1.1.3
عبدالله	Z	Z1m
مدرسي	P	P1
ٱرتبط	A	A1.7
تمثل	A	A1.6
قيم	I	I1.3
أشد	S	S1.2.5
ترتيب	Q	Q2.2
نسيج	B	B5
جناح	L	L2
مخطوط	Q	Q1.2
ٱنتقال	M	M6/A2.1
شعاع	W	W2
غبار	O	O1.1
أبدى	A	A4.2
نظرية	X	X4.1
ترجم	Q	Q3
معد	X	X7
إجمالي	A	A1.8
محافظ	S	S7.1+/S2m
نسبي	A	A13
إدريس	Z	Z1m
واسطة	X	X4.2
تكوين	A	A1.1.1
وقع	Q	Q1.1
متقدم	T	T3
منزلة	A	A5.1
غد	T	T1.1.3
نقدي	I	I1
حرف	Q	Q1.2
ضحية	A	A1.1.2/G2.1/S2mf
تشريع	G	G2.1
تاسع	N	N1
ثر-	Z	Z99
سائد	A	A11.1
إيجاد	A	A10
ساحل	W	W3/M4
نشأ-	N	N5+/A2.1
جندي	G	G3/S2mf
عبدالعزيز	Z	Z99
تجمع	S	S5+c
تذكر	X	X2.2
أهلي	G	G1.1
ٱنتظار	T	T1.3
أوضح	A	A7+/Q2.2
معرفي	X	X2.2
أسس	T	T2
ٱستهدف	X	X7
مقدار	N	N5
سقط-	M	M1
لقب	Q	Q4
لحم	F	F1
ثلاثون	N	N1
قاعة	H	H2
جنس	S	S2
سياق	O	O4.1/A3
ٱستهلاك	J	JJ
مكانة	M	M6
عقال	B	B5
دل-	Q	Q2.1
تحرك	M	M1
حلقة	Q	Q1.3
مضاد	Z	Z5
حاج	Q	Q2.2
توازن	O	O4.1/B1
تصور	C	C1
بد-	M	M1
ونى-	Z	Z99
صبح	Q	Q2.2/S1.2.4
أمل-	Z	Z99
خطاب	Q	Q2.1
ذهبي	O	O4.3
ٱتهام	Q	Q2.2
سير	M	M6
إقليمي	M	M7
أحاط	M	M6
نسخة	A	A5.4
ذهن	X	X1
أسيا	Z	Z2
كوبا	Z	Z2
تساؤل	A	A7
فم	B	B1
سوريا	Z	Z2
نخل	Z	Z99
دجاج	L	L2
سهل	A	A12
آلان	Z	Z1m
مرآة	O	O2
حجاب	B	B5
سجن	G	G2.1/H1
عكس	Z	Z5
ياباني	Z	Z2/S2mfnc
ٱحترام	S	S7.2
تحسين	A	A5.1+/A2.1
حينما	Z	Z5
طرح	Q	Q2.2
تفاعل	S	S1.1.2
صين	Z	Z2
متكامل	A	A5.1
لندن	Z	Z2
خمسون	Z	Z99
شعور	E	E1
أقدم	A	A1.1.1
روسيا	Z	Z2
ٱعتراف	Q	Q2.2
قياس	A	A6.1
عيد	F	F1
عل	A	A7
ٱقتضى	Q	Q2.2
أحسن	S	S7.1+/S2.2m
سعي	A	A1.1.1
ضرر	A	A1.1.2
خصوصية	A	A6.2
أوجد	A	A10
مشاهد	Q	Q4.3/S2mf
واقعي	A	A3+/A1.6
أتم	N	N5.1
صادر	J	JJ
ٱختفى	A	A10
جهاد	Z	Z99
مسيرة	M	M1
ٱعتقاد	X	X2.1
أعظم	S	S7.2+/Q2.2
فاق-	A	A5.1
بث	Q	Q4.3
سيما	A	A14
هام	A	A11.1
ٱتخاذ	A	A9
سفينة	M	M4fn
دوري	N	N6
درى-	X	X2.2
كهربائي	O	O3
صيد	X	X2.4
سمك	L	L2mfnc
سي	Z	Z5
شدة	N	N5
شاكر	S	S1.2.4
مشعر	E	E1
كلي	A	A13.2
صحافة	Q	Q4.2
صف	O	O4.4
تعريف	X	X2.2
تولى	Z	Z99
محصول	I	I1.1
خص-	E	E6
موج	W	W3/M4
وراثي	B	B1
صمت	X	X3.2
حاجب	B	B1
أمامي	M	M6
طابع	X	X2.1
بطل	Q	Q4.1/S2.2m
ريال	Z	Z99
حمل	I	I1.3
شهيد	S	S9/S2mf
ذكرى	S	S1.1.1
ٱستفادة	I	I1.1
أزرق	O	O4.3
دراس	P	P1
إيراني	Z	Z99
مهاجر	M	M1/M7/S2mf
ذاك	Z	Z5
سلعة	O	O2
وضوح	A	A10
سرطان	B	B2
حفاظ	S	S8
تساءل	Q	Q2.2
متاح	Z	Z5
ٱمتلك	A	A9
قطب	M	M1
ٱختبار	P	P1
فرض	O	O4.2
أنشأ	T	T2
شعار	Q	Q2.1
داء	B	B2
أكمل	N	N5.1
مرجع	M	M6
خلف	Z	Z5
ملبس	B	B5
تسبب	Z	Z5/A2.2
قيد	A	A1.7
تطلب	X	X7
جدير	S	S1.1.4
ربط-	B	B5
صدام	Z	Z1m
ٱستحق	S	S1.1.4
بي	Z	Z5
حكاية	Q	Q2.1
متابعة	A	A1.1.1
أصولي	S	S9
شغل-	H	H4
عصفور	L	L2mfn
قطر	Z	Z2
عنف	E	E3
إيران	Z	Z2
حج	M	M1/S9
عزيز	E	E2
سعود	Z	Z99
قاعد	M	M8
تحدي	A	A12
صلاح	A	A5.4
حكمة	X	X2.2
طه	Z	Z99
ٱتبع	M	M1
إذاعة	Q	Q4.3
واصل	T	T2
ضيق	N	N3.7
سرقة	G	G2.1-/A9
إبداعي	T	T3
مقياس	A	A6.2
عظم	B	B1
نكاح	S	S4
إداري	S	S7.1
أحس	E	E1
سماك	L	L2mfnc
بئر	B	B2
عالج	E	E4.2
بنت	S	S4f
كارثة	A	A5.1
تسع	Z	Z99
صخر	O	O2
راهن	T	T1.1.2
حظي-	E	E2
ركن	T	T2
متنوع	A	A6.3
طفولة	T	T3
نية	X	X7
ٱقتصر	N	N3.7-/A2.1
أدنى	X	X4.2
ٱتفاق	A	A6.1
ضيف	H	H4/S2mf
أرضية	T	T1.1.1
مرجاني	O	O4.3
بك	Z	Z99
لاحق	T	T4
خيري	S	S8
رئاسة	S	S7.1
دبيب	N	N3.8-/A2.1
حضر-	S	S1.1.3
ٱكتفى	Z	Z99
مبدع	T	T3-/S2mf
خريطة	Q	Q1.2/W3
غناء	K	K2
جاد	A	A5.2
قط	C	C1
حرص-	X	X7
حرص	X	X7
آمن	X	X2.1
زاوية	O	O4.4
ديوان	I	I2.1/H1c
أعد	A	A1.1.1
تهمة	Q	Q2.2
ٱستقلال	S	S5
ين	I	I1
مستقل	S	S5
ٱضطر	S	S6
شائع	N	N5.1
تعرف	S	S3.1/S2mf
ليبيا	Z	Z2
هجوم	E	E3
إرهاب	G	G2.1
تردد	Z	Z99
رئة	B	B1
ٱتصل	S	S1.1.1
عمان	Z	Z2
باريس	Z	Z2
مكون	A	A1.8
أنف	B	B1
شمالي	M	M6
وافق	A	A6.1
وإن	Z	Z99
حلول	S	S9/T1.3
غادر	K	K1/T1.3
سهولة	A	A12
مؤشر	A	A10
روحي	S	S9
مقر	M	M6
كشف	Q	Q2.2
خشب	O	O1.1
فوز	X	X9.2
تصريح	Q	Q2.2
ردد	Q	Q4.3/N6
أربعون	N	N1
قاضي	G	G2.1/I3.2/S2mf
مهندس	Y	Y1/I3.2/S2mf
أجمع	A	A6.1
قطع	Q	Q2.2
بقر	L	L2fn
تسويق	I	I2.2
بترول	O	O1.2
جاري	T	T1.1.2
سابع	N	N1
تأثر	Z	Z99
تاجر	I	I2.2/S2mf
ألخ	Z	Z4
حذر	X	X2.2+/A15
بارد	O	O4.6
ورد-	A	A8
ٱشترى	I	I2.2
موعد	T	T1.1
عملة	I	I1
أنثى	S	S2.1
ٱستقرار	A	A2.1
بصر	X	X4.1
سافر	M	M1
تلفزيون	Q	Q4.3
عولمة	Z	Z99
تبع	S	S7.1-/S2mf
مكن	S	S8
ٱحتفال	E	E4.1
بر	F	F1
مطر	W	W4
تهديد	E	E3-/Q2.2
ٱنخفاض	N	N5-/A2.1
مبارك	Z	Z4
مختبر	Y	Y1/H1c
وعد-	A	A7+/Q2.1
شبكي	N	N5
سقوط	M	M1
مركب	M	M4fn
راكب	L	L2/S2mf
هدف-	X	X7
ٱنطلاق	M	M1
ٱطلاع	P	P1
هدوء	E	E3
ترك	Z	Z99
خلا-	Z	Z99
آنذاك	Z	Z5
حافظ	S	S7.1+/S2mf
ثبت-	Z	Z99
ٱلتحق	S	S5
تنوع	A	A6.3
بريطانيا	Z	Z2
منطق	X	X2.1
ٱكتسب	A	A9
كوان	O	O2
ولي	N	N4/S2mf
ٱتسع	N	N3.2+/A2.1
جفاف	O	O1.2
وفر	A	A9
جراحي	B	B3
متطور	A	A5.1+/A2.1
هدد	E	E3-/Q2.2
راح-	T	T2
ٱستقبل	A	A9
نادى	Q	Q2.2
مساعد	S	S8
إد	O	O4.2
بارز	A	A11.1
مقدم	A	A9
يوناني	Z	Z2
خطورة	A	A11.1
متوقع	X	X2.6
شرح	Q	Q2.2/A7
مهني	I	I3.2
قدم-	M	M1
مرء	S	S2.2m
قابل	X	X9.1
ٱجتمع	A	A1.2
ولادة	B	B1
أيها	Z	Z4
خرج	A	A9
مناقشة	Q	Q2.2/E3
ضمان	A	A7+/Q2.2
ركز	X	X5.1
دكتوراة	P	P1
مجهول	X	X2.2
جوار	Z	Z5
جثة	L	L1-/S2mf
وقة	Z	Z99
نيويورك	Z	Z99
جلسة	T	T1.3
علق	Q	Q2.1
صيغة	A	A4.1
سبحان	S	S7.2+/Q2.2
رحم-	Z	Z99
أس	S	S8+/S2mf
مخرج	Y	Y2
أمان	A	A15
ٱستفاد	Z	Z99
ٱضطراب	E	E3
صيانة	A	A1.1.1
فاجأ	X	X2.6
تحويل	A	A2.1
تدخل	S	S1.1.3
مباشرة	T	T2
تخطيط	X	X7
منهجي	X	X4.2
جدل	Q	Q2.2
ديسمبر	T	T1.3
ث	Z	Z3
محكم	G	G2.1/X6/S2mf
ٱستقبال	H	H2
ذهاب	T	T1.1.2
موجة	W	W3/M4
بحيرة	W	W3/M4
موجه	M	M6
تجاه	Z	Z5
مجمع	S	S5+c
تخصص	A	A4.2
تراوح	A	A2.1
ٱستغرق	N	N4
فجر	T	T1.2
محرك	O	O3
شجع	S	S8
شقيق	S	S4m
أجمل	N	N5+/A2.1
ٱرتدى	B	B5
دماغ	B	B1
ٱحتفظ	A	A9
أسمى	Q	Q2.2
يناير	T	T1.3
هيدروجين	O	O1.3
تقنية	X	X4.2
شيعي	Z	Z99
طال-	Z	Z99
مستهلك	I	I2.2/S2mf
سلوكي	S	S1.1.1
سويس	Z	Z99
ٱحتل	H	H4
منشأة	T	T2
رائحة	B	B4
لج-	T	T2
كثرة	N	N5
مثير	S	S7.1
ملح	A	A11.1
حكيم	S	S1.2.6
تشكيلي	X	X3.4
سودان	Z	Z2
تأليف	Q	Q1.2
ضبط	A	A5.3
قانوني	G	G2.1
إسهام	S	S1.1.3
حفظ	S	S8
نتج-	A	A2.2
تبع-	M	M1
أدار	M	M6
محاضر	P	P1/S2mf
فور	Z	Z99
يمن	Z	Z2
نفط	O	O1.2
موضوعي	G	G2.2/S5
أسطورة	S	S9/Q2.2
ٱشتمل	A	A1.8
بصل	F	F1
راعي	S	S7.1+/S2mf
باكستاني	Z	Z2/S2mf
نافذة	H	H2
فاعل	A	A1.1.1/S2mf
تركيب	A	A1.1.1
فقد-	X	X9.2
خصيصة	A	A6.2
أسفل	M	M6
مضمون	E	E4.2
مرضي	A	A5.1
مسرحي	K	K4
منتخب	Q	Q4.1
عقلي	X	X2
أصغر	N	N3.2
مقصد	X	X7
حب-	S	S3.2
جذب	O	O4.2
أصفر	N	N5
ٱمتداد	H	H1
ضفة	I	I1/H1
ٱبتعد	Z	Z99
جواب	Q	Q2.2
أصيل	A	A5.4
جمعة	T	T1.3
نحيل	N	N3.5
أيديولوجي	X	X4.1
عائد	M	M1
توفر	Z	Z99
قاتل	L	L1
عطاء	S	S1.2.2
ماري	Z	Z1f
مشرف	S	S7.1+/S2mf
شهرة	I	I3.2
وضح	A	A7+/Q2.2
مسار	M	M3
صبي	T	T3-/S2mf
أكتوبر	T	T1.3
نزل-	M	M1
ٱدعى	Q	Q2.2/A5.2
أسر	A	A9
أكل-	F	F1/B1
تكون	Z	Z99
ثروة	I	I1.1
دمع	B	B1
قناع	G	G3
ثامن	N	N1
مركزي	A	A11.1
جبهة	M	M6
موافقة	A	A6.1
ٱستقر	Z	Z99
كيلومتر	N	N3.3
رياضة	K	K5.1
جنيه	N	NN1
تحكم	S	S7.1
حامل	O	O2
مهتم	X	X5.2
قمر	W	W1
مربع	O	O4.4
صياغة	Q	Q1.2
تحمل	X	X2.1
نظير	A	A6.1+/S2mf
مدار	M	M7/W1
كتلة	G	G1.1/S5+c
ولس-	A	A5.2
فحص	P	P1
ٱنضم	O	O2
ربط	A	A1.1.1
مختل	E	E6
ٱختراع	X	X2.1
ميلادي	Z	Z99
مائدة	H	H5
أرنب	L	L2mfn
شاشة	Y	Y2
جولة	M	M1
فاني	T	T1.3
خالي	N	N5
مشهور	X	X2.2
صنع	H	H1
وادي	W	W3
قارة	B	B1
جوهر	B	B5
فشل	X	X9.2
لبث-	M	M8
تشكيل	A	A2.1
عدل	G	G2.1
أعلم	Q	Q2.1
وقوف	M	M6
تعزيز	S	S8
هجمة	E	E3
هادئ	Z	Z2
تجهيز	O	O2
معل	B	B2
حزن	E	E4.1
ناقص	N	N5.1
توصل	M	M1
مؤثر	S	S7.1
ٱنتماء	S	S5+c
يورو	Z	Z2
قلة	N	N5
تصرف	S	S1.1.1
تجنب	A	A1.9
تمييز	A	A6.1
ألق	O	O4.3
بصري	X	X3.4
نقص	N	N5
شريط	K	K3
صحافي	O	O4.2
جعل	A	A1.1.1
مبادرة	A	A1.1.1
ٱستعمار	S	S7.1
نبأ	Q	Q2.2
حفل	S	S1.1.1
مراقبة	X	X2.4
غطاء	O	O2
إصبع	B	B1
دي	Z	Z5
جنسي	S	S3.2
شتى	N	N5.1
ملاحظة	X	X3.4
أقوى	S	S1.2.5
صيني	Z	Z2/Q3
رغب-	X	X7
ربح	I	I1.1
عجز	S	S1.2.5
مقتضى	S	S6
عشب	L	L3
ٱعتداء	E	E3
ألمانيا	Z	Z2
مقيم	H	H4
منحة	I	I1
قاوم	S	S8
أنزل	M	M6
وجبة	F	F1
إيقاع	K	K2
سائق	M	M3/S2mf
إلغاء	T	T2
مر	X	X3.1
ٱبتدائي	A	A12
مس-	X	X3.3
درويش	Z	Z99
ٱثنان	N	N1
أر	Z	Z99
قصد-	X	X7
طبق	Q	Q2.2
قطع-	A	A1.1.1
مخاطر	Z	Z99
توحيد	S	S5
علي	A	A5.1
أردن	Z	Z2
عقاب	G	G2.1
صح-	Z	Z99
مشرك	Z	Z99
إس	Z	Z99
خضع-	A	A9
برج	H	H1
فساد	G	G2.2
نصر	X	X9.2
صدد	S	S7.2
لجأ-	S	S6
ٱنفجار	A	A1.1.1
روضة	L	L3/H3
مقام	M	M7
إيطالي	Z	Z2
ني	F	F1
محور	M	M1
مرتفع	A	A11.1
فيلسوف	X	X2.1/S2mf
ٱفترض	X	X2.6
سرعان	Z	Z99
تحديث	T	T1.1.2
أوفر	N	N5+/A2.1
مرافق	S	S3.1/S2mf
تلبية	Z	Z99
عدسة	O	O2
تحالف	S	S5+c
بساطة	A	A5.4
كيان	O	O2
جغرافي	W	W3
تنسيق	S	S7.1
مصير	M	M3
ٱكتئاب	E	E4.1
ٱعترف	Q	Q2.2
زمني	T	T1.1
مفيد	A	A1.5.2
ٱبتسم	E	E4.1
وقوع	A	A2.1
ذاكر	Q	Q2.1
مخصص	Q	Q2.2
إعطاء	A	A9
نائم	B	B1
خفيف	W	W2
جلد	I	I2.2
تقييم	A	A5.1
نوبل	Z	Z1
صوة	M	M7/A11.2
محتمل	A	A7
عبء	N	N5
حساسية	X	X2.5+/E1
موضع	M	M7
فعالية	X	X9.2
حصان	L	L2mfn
ٱبتداء	T	T2
مفتش	G	G2.1/S2mf
ري	A	A9-/O1.2
مخالف	A	A6.1
إضافي	N	N5
مد	N	N3.3
ٱفتتاح	A	A1.1.1
بقعة	O	O4.4
أزهر	O	O4.3
بعدما	Z	Z5
جنوبي	M	M6
معلوف	I	I2.2/H5
دام	N	N4
قلل	N	N5-/A2.1
معتمد	S	S7.4
غزو	G	G3
محارب	G	G3/S2mf
رقابة	Q	Q4/S7.4
بلدة	M	M7
خيال	X	X2.1/A6.2
دراسي	P	P1
حلوى	F	F1
سيرة	Q	Q4.1
لقي-	A	A1.2
أسف	E	E4.1
حجة	A	A5.4-/A2.2
فجأة	N	N3.8
أنسى	Z	Z99
غالبية	N	N5+++c
كفر	S	S9
تخلص	A	A1.7
رمل	O	O1.1
نوعي	A	A4.1
تونس	Z	Z2
كمال	A	A5.1
تسامح	S	S7.4
متن	M	M3
عقار	Z	Z99
تبادل	A	A9/S1.1.2
منتجع	S	S6
ٱرتباط	A	A2.2
سكني	H	H1
رؤى	X	X4.1
غضب	E	E3
ٱقتراب	X	X4.2
رام	Z	Z99
تكامل	A	A1.8
لولا	Z	Z7
تعديل	A	A2.1
فرعون	S	S7.1+/S2.2m
عجيب	X	X2.6
عود	K	K2
ناقش	Q	Q2.2
فارس	S	S7.1+/G3/S2.2m
قتال	S	S8
شرف	A	A6.1
خيمة	H	H1
ضرب	I	I3.1
ألس	A	A11.1-/Q2.2
دافع	X	X5.2
بدوي	Z	Z2/S2mf
تجديد	A	A5.1+/A2.1/H1
سائر	T	T2
ٱنخفض	N	N5-/A2.1
بعثة	S	S7.4
رحيل	M	M1
متزايد	N	N5+/A2.1
نامي	A	A2.1
أولي	N	N4
برلمان	G	G1.1
ستيني	T	T1.3
تشخيص	B	B3
صداقة	S	S3.1
تمثيل	G	G1.1
رافق	S	S3.1
لغوي	Q	Q3
مقدور	N	N3.2
صاروخ	G	G3
متهم	G	G2.1/S2mf
فاز-	X	X9.2+/S7.3
هرم	H	H1
إلهي	S	S9
جدي	A	A11.1
عمالة	I	I3.1
ناعم	O	O4.5
عروس	S	S4m
صليبي	S	S8
تصنيف	A	A4.1
صرخ-	Q	Q2.2/X3.2
ثوب	B	B5
دخل	I	I1.1
ثقيل	N	N3.5
ممارس	A	A1.1.1
متعة	E	E4.2
عنصري	S	S5
صبر	E	E3
ساخن	O	O4.6
صور	A	A1.4
خلفي	M	M6
خلق-	A	A1.1.1
لية	O	O4.4
تأصيل	Z	Z99
نت	N	N5
مسلح	O	O4.1/A2.1
إشراف	S	S7.1
ملون	Z	Z99
ٱنتصار	X	X9.2
دع-	Z	Z99
تسهيل	S	S8
إخراج	A	A1.1.1
ميناء	M	M4/M7
أجد	T	T2+/A2.1
عنى	E	E6
متى	Z	Z5
خائف	E	E5
واشنطون	Z	Z2
ٱستغلال	A	A1.5.1
مصطفى	X	X7
تصحيح	A	A5.3+/A2.1
إقبال	X	X4.2
رفيع	N	N3.7
أغنى	A	A5.1+/A2.1
أبريل	Z	Z1f
كيفية	S	S1.1.1
حظ	A	A1.4
إقليم	M	M7
مختار	X	X7
مزية	O	O4.1
أنهى	N	N5.1
تبنى	A	A9
عصري	T	T3
مبلغ	N	N5
لوحة	C	C1
مالك	I	I2.1/S2mf
قلعة	G	G3/M7
إسباني	Z	Z2
فرح	E	E4.1
مثالي	A	A5.1
ده	M	M6
جاحظ	Z	Z99
موحد	S	S5
ٱلتفت	X	X5.1
مسقط	M	M7/S4
بيض	L	L2
إعجاب	S	S7.2
مقرر	S	S6
ميل	X	X7
طار-	A	A10
شرطة	G	G2.1
فسطاط	S	S2.1/A8
تام	N	N5.1
نجيب	G	G2.2
أسرع	N	N3.8
أرجع	Z	Z99
عمود	O	O2
صدق	A	A5.4
شقة	H	H1/H4
حار	O	O4.6
صلب	B	B1
مجاور	M	M6
بحرين	Z	Z2
جمهوري	G	G1.2
معاملة	B	B3
حرم	S	S7.4
بضع	N	N5
مهارة	X	X9.1
جان	Z	Z1f
مزرع	F	F4/M7
ظلام	W	W2
مستقبلي	T	T1.1.3
طراز	A	A5.1
إنفاق	I	I1.2
تراب	O	O4.2
قماش	B	B5
أسمع	Z	Z99
قاع	N	N4
تكلم	Q	Q2.1
تخفيف	N	N5-/A2.1
مشاهدة	X	X3.4
حديد	S	S1.2.5
تغطية	Q	Q4/N5
عمرة	Z	Z99
ضاع-	A	A10
تخصيص	N	N5
أسد	L	L2mfn
كأس	O	O2
مثلما	Z	Z5
سعودية	Z	Z99
محاضرة	Q	Q2.2
بطن	B	B1
ثانية	N	N4
وليد	A	A2.2
كفاءة	X	X9.1
تسليم	M	M2
مختص	X	X2.2
علماني	S	S9
توبة	E	E4.1
تكنولوجي	Y	Y1
آنا	Z	Z1f
أخت	S	S4f
قات-	S	S8
أرسطو	Z	Z1m
عجوز	Z	Z99
بعث-	M	M2
إحصائي	N	N2
زي	A	A6.1
كمن-	Z	Z99
ندوة	P	P1
آفة	Z	Z5
سيادة	S	S7.1
سورة	Z	Z99
معتقد	X	X2.1
كهرباء	O	O3
سفير	G	G1.1/S2mf
أفغانستان	Z	Z2
نشأة	N	N3.2+/A2.1
تعدى	N	N5.2
خشبي	O	O1.1
سمة	O	O4.1
تارة	Z	Z5
رجوع	M	M6
نم	Q	Q2.2/A5.2
سيء	A	A5.1
مغلق	A	A10
حفظ-	F	F1
ضحك-	E	E4.1+/X3.2
مل	X	X5.2
صالة	H	H2
تركيا	Z	Z2
يمين	Q	Q2.2
توسع	N	N3.2+/A2.1
نفذ	O	O2
خريج	P	P1/S2mf
بذل-	X	X8
فيل	L	L2mfn
منح	A	A9
أنى-	T	T3
معاناة	A	A12
عادل	G	G2.2
حرك	T	T2
فتنة	A	A6.1
ظن	X	X2.1
مواصفة	Q	Q2.2
ٱستجابة	A	A6.1
لبى	Z	Z99
ذهني	X	X2
نشيط	X	X5.2
عقاري	I	I1.2/H1
إحياء	S	S1.1.1
معقد	A	A12
تصدير	I	I2.2/M2
منطلق	X	X4.1
نسمة	S	S2/N5c
نصراني	S	S9
سباق	K	K5.1
ضربة	S	S8
نبوي	Q	Q2.2/T1.1.3/S9
تعليق	Q	Q2.1
عقب	Z	Z5
رصد	X	X3.4/S2mf
سوفيتي	Z	Z99
شتاء	T	T1.3
فعال	X	X9.2
بحثي	X	X2.4
حرام	G	G2.2-/S9
شبه	A	A6.1
عبر-	E	E3
أخفى	M	M7/A10
خيط	O	O1.1
تخزين	A	A9
مراجعة	Q	Q4
ٱستعادة	B	B2
ٱستعمل	I	I3.1
مطلب	Q	Q2.1
صنف	P	P1c
نما-	N	N3.2+/A2.1
محتوى	E	E4.2
أسقط	T	T2
فقر	I	I1.1
لفظ	Q	Q3
ٱتضح	Z	Z99
آن	T	T1
سارس	Z	Z99
عمارة	H	H1
بري	W	W3
بذل	I	I1.2
ميزانية	I	I1
سلم-	Z	Z99
متواصل	T	T2
موهبة	X	X9.1
شيطان	S	S9m
أجاد	Z	Z99
حراري	O	O4.6
ليبي	Z	Z2
دعوى	G	G2.1
وارد	M	M1
عيش	L	L1
تأمل	X	X2.1
كاهن	S	S9/S2mf
صرح	Q	Q2.2
تزوج	Z	Z99
محب	S	S3.2/S2mf
حمى-	S	S8
غصن	S	S5+c
مكتوب	Q	Q1.2
ملكي	S	S7.1+/S2mf
خشي-	E	E5
أعجب	E	E4.1
إيا	Z	Z5
بش-	Z	Z99
لص	G	G2.1-/S2mf
ساد-	X	X9.2
خصص	A	A4.2+/Q2.2
تدهور	A	A5.1-/A2.2
جار	H	H3/S2mf
ورد	L	L3
إرادة	X	X7
هاجم	E	E3
حجز	P	P1/G2.1
تكلفة	Z	Z99
نها-	S	S7.4
تراجع	M	M1
مبيع	I	I2.2
عثماني	Z	Z2
قرآني	Z	Z99
أغلق	Z	Z99
ترفيهي	K	K1
رحمة	E	E1
علا-	N	N5+/A2.1
أرجاء	A	A11.1
طالما	A	A13.3
تربة	O	O1.1
شحن	M	M2
إنجلترا	Z	Z2
موسوعة	Q	Q4.1
ٱختلاج	B	B2
شارون	Z	Z1f
دود	L	L2mfn
طقس	W	W4
نباتي	F	F1
خان	Z	Z1mf
جسر	H	H1
قوم	S	S2mfc
ٱستمع	X	X3.2
أبلغ	Q	Q2.2
إدراك	A	A9
ثمر	F	F1
راغب	X	X7
بليون	N	N1
حوض	O	O2
مطرب	K	K2/S2mf
حكى-	A	A2.2
مليء	N	N5.1
سياح	Z	Z99
قبة	H	H2
صفقة	N	N5
تن	F	F1
منظومة	O	O4.1
نصيب	S	S1.1.2
توسيع	N	N3.2+/A2.1
راقب	O	O2
ثقب	Z	Z99
شام	Z	Z2
ميز	A	A6.1
تربي	Z	Z99
أوان	T	T1
ٱمتياز	A	A6.1
وقود	O	O1
مراد	O	O2
فسر	Q	Q2.2/A7
قاسي	O	O4.2
مرتبة	O	O4.4
نصيحة	Q	Q2.2/S8
تربوي	P	P1/S2mf
حصة	S	S1.1.2
مطعم	F	F1/H1
مشير	A	A10
صادق	A	A5.2
إثارة	A	A2.2
أبعد	N	N3.3
ٱستجاب	A	A6.1
ملحوظ	X	X3.4
أخبر	Q	Q2.1
ضل	Z	Z99
أمضى	I	I1.2
تناقض	A	A6.1
تغذية	F	F1
رصيد	I	I1.1
جنب	A	A4.1
رز	F	F1
فعلي	A	A5.4
تنفس	B	B1
كامرا	C	C1
ٱتهم	Q	Q2.2
جيني	B	B1
وكيل	A	A6.2
ٱنعكس	Z	Z99
بلاستيك	O	O1.1
ظلم	G	G2.1
دمار	A	A1.1.2
رجع-	M	M6
رحم	B	B1
منتشر	A	A1.1.1
سبعون	N	N1
أفغاني	Z	Z2
أنجز	O	O2
نال-	A	A9
مواصلة	T	T2
تطلع	X	X7
إحداث	A	A1.1.1
توفيق	X	X9.2
فينيقي	Z	Z99
ملعب	K	K6/H3
حادي	N	N4
قبر	L	L1-/H1
دبي	Z	Z2
صحابة	Z	Z99
صلح-	Z	Z99
مستثمر	I	I1.1/S2mf
بيرا	F	F2
إزالة	M	M2
مدرب	P	P1/S2mf
تفتيش	X	X2.4
جواز	S	S7.4
بكر	Z	Z99
مثيل	A	A6.1
نفى	Q	Q2.2/Z6
طرأ-	A	A2.1
سكر	F	F1
لافت	X	X5.2
ميت	L	L1
صراحة	A	A5.4
أعمل	I	I3.1
معنوي	G	G2.2
نقاش	Q	Q2.2
تأسس	Z	Z99
فيضان	W	W4
غامض	A	A12
عاشق	S	S3.2/S2mf
منزلي	H	H4
مكافحة	A	A6.1
ودع-	I	I2.2/H1
عملاق	N	N3.2
تلفزيوني	Q	Q4.3
تزايد	Z	Z99
صعب-	Z	Z99
نسوي	S	S2.1f
حدة	A	A6.1
إحصاء	N	N2
مؤرخ	P	P1/T1.1.1/S2mf
مسبق	N	N4
ٱعتقال	G	G2.1
فقدان	I	I1.2
هز-	M	M2
معارضة	S	S8-/E2
خمسيني	N	N1
كيلو	N	N3.6
جزئي	N	N5.1
ٱستنساخ	A	A5.4
معدن	O	O1
نص-	S	S6
عروبة	Z	Z99
نتاج	A	A1.1.1
ربيع	O	O2
عيب	G	G2.2
طموح	X	X7
مساهمة	S	S1.1.3
غلب-	X	X9.2
مار	M	M3
مستشرق	Z	Z99
عبقري	X	X9.1+/S2mf
فلسفي	A	A1.6
مخلف	F	F1
تدريجي	T	T2
إسبانيا	Z	Z2
ليزر	W	W2
آتى	O	O4.5
ميزة	A	A6.2
مخلوق	A	A1.1.1
متطلب	X	X7
إنقاذ	S	S8
صرف	I	I1.2
حل-	T	T2
كندا	Z	Z2
موجب	X	X7
مجاهد	M	M5/G3fn
رض	B	B2
جوهري	A	A11.1
أقر	S	S7.4
سد	A	A12
لص-	G	G2.1-/A9
نام-	B	B1
مذهبي	S	S9/A6.1
عريق	N	N3.7
حصار	G	G3
صريح	A	A5.2
دهشة	X	X2.6
نصح-	Q	Q2.2/S8
فراغ	B	B4
مقوم	A	A5.1/S2mf
نخبة	A	A5.1
حلم-	Z	Z99
ورى-	T	T2
ٱقترح	Q	Q2.2/X7
أسطول	M	M4c
ملوث	W	W5
أسبوعي	N	N6
تقسيم	A	A6.1
علاجي	B	B3
زنج	O	O4.3/S2mf
متغير	A	A6.3
فارق	A	A6.1
أصر	S	S7.1+/Q2.2
رجا-	Q	Q2.1
خميس	T	T1.3
صب-	A	A1.1.1/O1.2
ٱبتكار	X	X2.1
دينار	Z	Z99
منافسة	K	K1
وهاب	Z	Z99
تغلب	X	X9.2+/S7.3
عاشر	N	N4
جرعة	N	N5
صانع	A	A1.1.1/S2mfc
قدير	X	X9.1
أوسع	N	N3.2+/A2.1
طرد	P	P1/G2.1
تعب	E	E6
دعم-	S	S8
ٱلتقط	A	A9
حصر	O	O4.2
قطري	Z	Z99
موسكو	Z	Z2
ٱنقراض	L	L1
ٱنهيار	A	A1.1.2
إجماع	A	A6.1
معر-	Z	Z99
غازي	G	G3/S2mf
مسمى	Q	Q4
مفاجأة	X	X2.6
مرئي	X	X3.4
جاف	O	O1.2
لزم-	Z	Z99
جدوى	A	A5.1
ثوم	F	F1
عذاب	B	B2
أخوة	S	S5+c
ثلث	N	N1
تحريم	F	F2
معدني	O	O1
أزال	N	N3.3
إرشاد	S	S8
شيوعي	Z	Z99
حقيبة	B	B5
حماس	S	S1.2.5
ملائم	A	A1.2
مصروف	I	I1.2
تواصل	T	T2
ٱستثناء	A	A6.1
طيلة	Z	Z5
عنيف	E	E3
إجازة	K	K1/T1.3
غيمة	W	W4
يونيو	Z	Z1f
هدي	S	S8
ٱستعاد	B	B2
عدا	Z	Z99
فراشة	L	L2mfn
مذكور	Q	Q2.1
ناجح	X	X9.2+/S7.3/S2mf
عقبة	S	S8
شرع	G	G2.1
زجاجي	O	O1.1
مفارقة	Z	Z99
ترتب	Z	Z99
سينمائي	Q	Q4.3/H1
نقص-	N	N5-/A2.1
تعقيد	A	A12
مذكرة	X	X4.1
منفى	M	M2/G1.2
سعد	Z	Z99
أمثل	A	A5.1
سمو	Z	Z99
شد-	Z	Z99
دقة	A	A5.3
قارب	A	A13.4
نثر	M	M1
إثر	Z	Z99
خالص	A	A5.4
عصب	B	B1
ٱستدعى	G	G1.1
ذراع	B	B1
رمى-	M	M2
فتوى	Z	Z99
إيطاليا	Z	Z2
قت-	A	A5.2
جدول	X	X7
حيواني	L	L2
طابق	H	H2
حبيب	E	E2
عاجز	X	X9.1
معطى	Z	Z5
مقابلة	S	S3.1
متصل	T	T2
إغلاق	A	A1.7
شفاء	B	B3
إنتاجية	I	I2.1/N5
وزع	A	A9
فندقي	H	H4/H1
غنى	I	I1.1
خليط	O	O1.1
أكتب	S	S6
خالف	A	A6.1-/Q2.2
إلقاء	M	M2
عضلة	B	B1
بائع	I	I2.2/S2mf
ٱستند	S	S8
حجرة	H	H2
راحل	M	M1
وعر-	Z	Z99
مصور	C	C1/S2mf
مفقود	X	X9.2
تخفيض	W	W4
مترجم	Q	Q3/I3.2/S2mf
عضوية	S	S5+c
خدم-	K	K5.1
عباس	Z	Z99
ضمن-	A	A7+/Q2.2
منشور	Q	Q4
تحتي	Z	Z5
ٱنضمام	A	A2.2
نضال	X	X8
دوم	T	T2
منافس	S	S7.3+/S2mf
صوفي	O	O1.1
هن	Z	Z8mfn
كسوة	B	B5
منصب	Q	Q1.2
متمثل	Q	Q1.1
مقبول	A	A6.2
رضي-	A	A6.1
حائط	H	H2
جنون	B	B2-/X1
معماري	H	H1
كادر	S	S7.1+/S2mf
جزائر	Z	Z2
بهار	F	F1
ٱستثماري	I	I1.1
نسائي	S	S2.1f
حاسب	Y	Y2/N2
لاط-	A	A1.7
لحق-	M	M1
ألباني	Z	Z2
تقليل	N	N5-/A2.1
جرام	N	N3.6
ملئ-	Z	Z99
إقناع	Q	Q2.2
مفاجئ	X	X2.6
ٱنتباه	X	X5.1
مشى-	M	M1
مماثل	A	A6.1
هاجس	X	X2.1
مغاير	Z	Z99
رحل-	M	M1
فهد	Z	Z1mf
مدهش	X	X2.6
زكاة	I	I1/S8
ٱفتتح	T	T2
سحر	T	T1.2
ستون	N	N1
قرص	O	O2
نظيف	O	O4.2
قسوة	O	O4.2
قفز-	M	M1
خصم	S	S7.3+/S2mf
ٱحتفاظ	A	A1.1.1/A15
كوني	W	W1
مصرفي	I	I1/H1
هالة	S	S9
روائي	Q	Q4.1/S2mf
ضاق	Z	Z99
سام	E	E3
تنفيذي	S	S7.1
لاتيني	Z	Z2/Q3
مسيح	J	JJ
وقيعة	A	A1.4
ٱختصار	Q	Q3
لد-	S	S8
قنبلة	G	G3
ناطق	Q	Q2.2/S2.2m
تقسيط	S	S1.1.2
حربي	G	G3
تأهيل	A	A1.2
تكرار	N	N6
رابطة	B	B5
كلف	I	I1.3
رأس-	S	S7.1
ناجم	T	T2
عدالة	G	G2.1
مؤكد	A	A7
زرع	F	F4
رحمن	Z	Z99
عبدالرحمن	Z	Z99
محتل	H	H4/S2mf
حاجز	S	S8
مصنوع	O	O2
تفوق	A	A5.1
مرسم	C	C1/H2
تلقائي	A	A1.1.1/S5
تي	Z	Z99
طالبان	Z	Z99
فاروق	E	E5
رض-	S	S5+c
تجميل	O	O4.1
تسمية	S	S7.1+/A9
مقهى	Z	Z99
كعبة	O	O4.4
حوى-	S	S5
فارسي	Z	Z2
معسكر	S	S2.1/A8
ٱشتهر	Z	Z99
بلدية	M	M7/G1.1
مت-	Z	Z99
أمانة	S	S6
بعوض	L	L2
مجم	A	A11.1
تجلى	Z	Z99
ٱستطلاع	G	G1.2
مرفأ	M	M4/M7
صغر	N	N3.2
صوتي	Q	Q2.2
ٱحتمل	E	E2
ٱتساع	N	N3.2+/A2.1
تخرج	P	P1/S2mf
خيل	L	L2mfn
جن	S	S9
دعمة	S	S8
متأخر	T	T4
أورب	Z	Z99
عطلة	K	K1/T1.3
أقصد	A	A2.2
ذرة	O	O1
كوبي	Z	Z2
عمران	S	S1.1.1
مرشح	A	A7
عماني	Z	Z99
منتظم	A	A6.2
قفز	M	M1
تأكد	X	X2.3
أنكر	Q	Q2.2/Z6
محمي	S	S8+/A15
مغادرة	M	M1
ٱستيعاب	X	X2.5
دبلوماسي	G	G1.1
حاصل	O	O2
مزمن	A	A1.1.1
إفطار	Z	Z99
إم	Z	Z5
إفراز	O	O1.2
مراجع	Q	Q2.2/S2mf
قاطع	A	A11.1
ٱنقطاع	Z	Z99
جراحة	B	B3
تسرب	S	S1.1.3
فرق	A	A6.1
تكرر	Z	Z99
شاحنة	M	M3fn
صقلي	Z	Z2
موسى	Z	Z1m
عرفات	Z	Z99
خبز	F	F1
ممتد	N	N3.6
لحي	Q	Q2.2/S1.2.4
بوابة	H	H2
موروث	A	A9+/I1.1
فلفل	F	F1
ظالم	S	S7.1+/S2mf
دراجة	M	M3fn
نفاية	N	N5.2
خاض-	I	I1.1/I3.1
عطر	B	B4
تسوق	I	I2.2
تدمير	A	A1.1.2
مسبب	Z	Z5/A2.2
يوليو	T	T1.3
لفت-	N	N4
قصد	X	X7
سمير	Z	Z99
حارس	X	X5.1
وتر-	A	A5.3
دوام	T	T1.3
صعود	M	M1
سيطر	S	S7.1
قرب-	X	X4.2
تعدد	N	N5
حشرة	L	L2mfn
ألحق	A	A1.7
صحراوي	W	W3
تبني	A	A9
ٱستناد	A	A2.2
شيراتون	Z	Z1mf
بضاعة	I	I2.2/O2
توظيف	I	I3.1
نزاع	A	A6.1
خل	O	O1.2/F1
معقول	A	A7
ٱكتمل	Z	Z99
غزة	Z	Z2
شبيه	A	A6.1
قضى	X	X9.2
أثمر	F	F1
ٱبتعاد	A	A1.9
مقصود	X	X7
ٱختلاط	A	A2.1
عينة	A	A4.1
نوفمبر	T	T1.3
متكرر	N	N6
مواجه	S	S7.3+/S2mf
مخزن	A	A9+/H1
آمل	X	X7
غداء	F	F1
أجلس	H	H5
ضار	A	A1.1.2
جنة	S	S9
مفردات	Q	Q3
شريك	S	S3.1/S2mf
أعلام	A	A11.1+/S2mf
معلق	M	M2
ملف	O	O2/Q1.2
رها-	M	M1/N3.8
حيرة	X	X2.5
نفوذ	S	S7.1
وحي	S	S8
أمر-	S	S7.1
ثبات	A	A5.1
منور	A	A5.1
سيار	Z	Z99
رقيق	S	S7.1-/S2mf
لحن	K	K2
تلا-	M	M1
باع-	I	I2.2
ذكاء	X	X9.1
تسويقي	I	I2.2
مستشار	S	S8+/S2mf
دلالة	X	X2.1
دماغي	B	B1
هدم	A	A1.1.2
لجوء	G	G1.1
حس-	E	E1
ميلاد	T	T1.2/T3
سوار	B	B5
مساهم	I	I1.1/S2mf
برر	G	G2.2
مأساة	E	E4.1
ٱرتقاء	M	M1
مخ	B	B1
إدخال	M	M1
بطالة	A	A1.5.1
ٱقتحم	E	E3
بريء	G	G2.1
هولاندي	Z	Z2
ذكي	X	X9.1
جزائري	Z	Z2
مجرى	M	M6
بشرية	S	S2
مناقش	Q	Q2.2
منفعة	S	S8
إشعاع	Y	Y1
متوفر	A	A3
محاكمة	Z	Z99
فاتح	O	O2
ودى-	Z	Z99
مشرق	Z	Z1m
مزدوج	N	N5
أبى-	Q	Q2.2/Z6
وخى-	X	X7
صادف	T	T1.1.2
مفروض	S	S6
زهر	L	L3
حفلة	E	E4.1
ود-	X	X7
جورج	Z	Z1m
قفص	H	H1/L2
إصلاحي	A	A2.1+/S2mf
ميسم	A	A4.1
بابا	S	S7.1+/S9m
سعة	N	N3.4
باطل	N	N5.1
هاجر	M	M1
إعدام	L	L1
هاتف	Q	Q1.3
مطلع	T	T2
ثعلب	L	L2mfn
فؤاد	B	B1
نظار	O	O4.4
مش	F	F1
آه-	Q	Q2.2
ذروة	N	N5.1
نسب-	A	A2.2
فيتامين	O	O1
نهج	A	A1.1.1
ٱلتزم	A	A9
كامن	A	A10
مسيحية	S	S9
ٱنتبه	Z	Z99
أخطر	Q	Q2.1
معيشة	I	I3.1
نهض-	N	N5+/A2.1
تفريق	A	A6.1
أقبل	X	X4.2
ٱنقطع	Z	Z99
سرير	H	H5
سري	A	A10
شكا-	Q	Q2.2/E2
ٱستنباط	A	A10
تمرد	G	G3
ألح	S	S7.1+/Q2.2
ٱحترم	S	S7.2
ميزان	N	N3.1
طريف	X	X5.2
منبع	T	T2
غلاف	O	O2
أسيوي	Z	Z2
أوحى	S	S8
بدين	N	N3.2
ضمير	X	X2.1/G2.2
إرسال	Q	Q4.3
قلب-	A	A6.1
ٱختراق	M	M1/E2
تجميع	S	S5+c
أشرف	S	S7.1
ٱتفاقية	G	G3
ٱختصاص	S	S7.1
إهمال	A	A1.9
غزير	A	A13.3
ثمانيني	Z	Z99
خلل	A	A5.3
تمثال	C	C1
مكعب	O	O4.4
أمي	S	S4
بريد	Q	Q1.2
رعب	E	E5
جمالي	O	O4.2+/C1
جهل	X	X9.1
مسكين	I	I1.1
محترف	I	I3.2
سب	Q	Q2.2
ٱعتاد	Z	Z99
تنشيط	X	X5.2
غاب-	Z	Z99
أيدز	B	B2
ٱستوعب	A	A1.8
باشا	Z	Z99
شفة	B	B1
خام	F	F1
جاهل	X	X9.1
صامت	X	X3.2
حيد	Z	Z99
حال-	S	S8
توزع	Z	Z99
شك-	A	A7
خليل	S	S3.1/S2mf
ٱتباع	A	A1.1.1
طاق	X	X9.1+/E4.1
أعرض	A	A1.9
عابر	T	T1.2
هلال	O	O4.4
عجلة	N	N3.8
مي	Z	Z99
أطول	Z	Z99
سقف	H	H2
طور	S	S8
ثلج	W	W4
دموي	Z	Z4
ثقل	N	N3.5
عاصفة	W	W4
أباع	E	E3
ٱنتفاضة	Z	Z99
ٱرتكب	A	A1.1.1
حان-	M	M1
سار	O	O4.2
نداء	Q	Q2.2
عش	L	L2
عثر-	A	A10
راقي	M	M1
دبلوم	P	P1
أمسك	A	A9
رومي	Z	Z2
مدافع	S	S8+/S2mf
حص	L	L3
ذوق	X	X3.1
سمفوني	K	K2
همة	X	X7
حري	N	N5
صفوف	Z	Z6
ركض-	M	M1/N3.8
سلمي	E	E3
راوي	Q	Q2.1/S2mf
سبعيني	T	T1.3
باز	L	L2mfn
زيتون	Z	Z99
دستور	G	G1.1
ٱستمتع	E	E2
هافانا	Z	Z2
شحنة	M	M2
عزم	X	X6
قف-	A	A1.1.2
كف-	K	K2
إثبات	A	A7
ثني	O	O4.4
خلاصة	Q	Q1.1
ثري	I	I1.1
خفض	W	W4
سم	E	E3-/O1
ٱضطهاد	E	E3
سيناريو	K	K4
جمهرة	S	S5+c
تجميلي	O	O4.1
ٱشترك	S	S1.1.3
خادم	S	S7.1-/S2mf
زج	G	G3
جاهز	X	X7
زرع-	L	L3
تارك	T	T2
سليمان	Z	Z1mf
زرنيخ	O	O1.1
جالس	M	M8
تزويد	A	A9
مدمر	A	A1.1.2
معتبر	Z	Z5
تنفسي	B	B1
متواضع	S	S7.1
وعد	A	A7+/Q2.1
فتى	T	T3
برز-	A	A5.1
فبراير	T	T1.3
ٱغتيال	L	L1
واجهة	H	H2
بعد-	Z	Z99
ٱتسم	Z	Z99
تولي	Z	Z99
عموم	A	A4.2
غدا-	M	M1
فشل-	X	X9.2
مواكبة	S	S3.1
وعاء	O	O2
يقين	A	A7
توقيع	Q	Q1.2
عظمي	B	B1
إعاقة	S	S8
أولوية	A	A11.1
أغار	E	E3
سكن	H	H1
عمراني	H	H1
عاطفي	E	E1
إرهابي	G	G2.1-/S2mf
ٱنطوى	A	A1.8
ٱشتغل	I	I3.1
لمس-	X	X3.3
قبيل	Z	Z99
لحظ-	X	X3
مقولة	Q	Q2.1
زن-	L	L2mn
كفيل	A	A2.2
علبة	O	O2
مخافة	E	E5
عامر	N	N5.1
فيصل	G	G2.1/S2mf
براءة	G	G2.1
ٱستغل	A	A1.1.1
مذهل	O	O4.2
شرب	F	F2/B1
بار	S	S9
ٱرتداء	B	B2
راد-	M	M1
أخص	Z	Z99
يابس	O	O4.1
دعاء	Q	Q2.2
جنرال	N	N5
آدم	Z	Z1m
سريري	H	H5
كيمياء	Y	Y1
قافلة	M	M3
وهم	A	A5.2
ٱستشاري	S	S8+/S2mf
دوائي	B	B3
فائق	A	A1.7
صحبة	I	I2.1/S5+c
تناسب	Z	Z99
أسترالي	Z	Z2/S2mf
حفرة	O	O2
ٱحتضن	S	S3.2
ثنائي	S	S5
طرابلس	Z	Z99
مايو	Z	Z1f
أيد	S	S8
ٱمتلأ	Z	Z99
حسب-	Y	Y2
كربون	O	O1.1
مؤلم	B	B2
فيزا	Q	Q1.2
خفف	N	N5-/A2.1
هيا	I	I2.2/H1
ٱزدهار	I	I1.1
صفر	N	N1
منخفض	N	N3.7
أنور	Z	Z99
تسوية	M	M7
مال-	O	O4.2
مساواة	A	A6.1
معتمر	Z	Z99
مرحوم	L	L1-/S2mfc
ٱنعكاس	X	X3.4
سويدي	Z	Z99
مطبوع	Q	Q1.2
ٱنطبق	Z	Z99
فتق	O	O4.2
عون	S	S8
تعويض	S	S8
ٱرتد	A	A2.1
قيامة	S	S9
بروفسور	P	P1/S2mf
مكاتب	Q	Q4.2/S2mf
مؤهل	A	A1.2+/I3.2
نحلة	A	A9
هندسي	Y	Y1
توتر	E	E6
نهوض	S	S7.1+/A2.1
أشعر	Q	Q2.1
عروض	Z	Z99
صدى	X	X3.2
شق	A	A5.1
حرمان	A	A9
بطيء	N	N3.8
أطل	M	M6
ختم-	N	N5.1
كتابي	Q	Q1.2
محدث	T	T3
عقيد	G	G3/S7.1+/S2mf
عي	X	X9.1
أمية	Q	Q3
يسار	M	M6
خاطب	H	H4
عزز	S	S1.2.5+/A2.1
رفقة	I	I2.1/S5+c
أظل	O	O4.3
قطار	M	M3fn
موافق	A	A6.1
خزف	C	C1
توفى	O	O2
حذاء	Z	Z5
شبهة	A	A10
بث-	O	O4.3
ٱستفتاء	G	G1.2
مبرر	A	A2.2
أرق	Z	Z99
ٱدعاء	Q	Q2.2/A5.2
أولى	A	A9
ضر	S	S4/N5
هدية	A	A9
سل	M	M2
ملاريا	B	B2
ماجستير	S	S7.1+/S2.2m
أبقى	A	A9
قرد	L	L2mfn
ٱنبعاث	X	X5.2
غنائي	K	K2
رطوبة	O	O1.2
رصاص	S	S7.1
جيب	B	B5
ديك	Z	Z1m
ٱستيراد	I	I2.2/M2
مرموق	A	A13.3
بحريني	Z	Z99
ذئب	L	L2mfn
وقاية	A	A1.3
ألبس	B	B5
خسر-	X	X9.2
متحرك	M	M1
باطن	M	M6
سحري	S	S9
توعية	Q	Q2.2
سلبية	Z	Z99
آر	M	M7
إسكندرية	Z	Z1f
ٱنفعال	E	E1
فاعلية	X	X9.2
تسلم	A	A9
محاربة	G	G3
سب-	S	S1.2.4-/Q2.2
تقوية	S	S1.2.5+/A2.1
ٱندفع	Z	Z99
هم-	X	X7
تقوى	G	G2.2
مل-	Z	Z99
فاكهة	F	F1
ملتقى	T	T1.2
رحال	M	M1
مبشر	Q	Q2.2/S2mf
مفروم	M	M6
مصحف	N	N3.4
مجان	S	S6
تشويه	A	A2.1
جليل	T	T3
كذا	Z	Z5
روماني	Z	Z2
ٱمتصاص	O	O4.1
حفر	A	A1.1.1
حفيد	S	S4m
سرق-	G	G2.1-/A9
تفجير	A	A1.1.1
عرق	L	L3
نوعية	A	A6.2
حارة	N	N1
ثدي	B	B1
إبطال	A	A10
أنفق	I	I1.2
بدر	Z	Z99
يونيسكو	Z	Z3
مستحيل	A	A7
ٱقتراح	Q	Q2.2
عثمان	Z	Z1m
نهي	F	F2
آه	Z	Z4
عقارب	A	A9
تأخر	Z	Z99
كثافة	N	N5
تعيين	S	S7.1
ساحر	S	S9/S2mf
ضئيل	N	N3.2
غاضب	E	E3
مركبة	M	M3fn
أسوأ	A	A5.1
عزف	K	K1
مفروش	H	H5
بوش	Z	Z3c
بأس	A	A5.1
ٱبتسامة	E	E4.1
لعبة	X	X5.2
ميداني	F	F4
مبني	H	H1
فصل-	A	A6.1
فصيل	B	B1
عبث	K	K4
عمرو	Z	Z99
إيقاف	T	T2
خالق	A	A1.1.1/S2mf
سيل	N	N5
أوقف	G	G2.1
فريضة	Z	Z99
مدخل	M	M7
متنبي	A	A7
أعرب	A	A4.2
ٱنتظام	S	S7.1+/Q2.2
نظافة	O	O4.2
ثمانون	N	N1
تراثي	T	T1.1.1
حبل	O	O2
ٱنفتح	Z	Z99
بذر	F	F1
متبادل	S	S1.1.2
عجز-	Z	Z99
شهري	N	N6
كلب	L	L2mfn
إنهاء	T	T2
محا-	A	A1.1.2
ليس-	Z	Z99
رقة	B	B1
خلافة	N	N4
بستان	L	L3/H3
كلا	Z	Z99
عرضة	X	X7
موطن	H	H1
مجاني	S	S6
شرح-	Q	Q2.2/A7
أثاث	H	H5
تجريبي	G	G2.1
لويس	Z	Z1m
ذوبان	T	T2
زغلول	Z	Z99
ديانة	S	S9
ساق	B	B1
ٱستعان	Z	Z99
وفي	S	S6
عظمة	O	O4.2
طاولة	H	H5
عضوي	L	L1
حافل	N	N5.1
محفوظ	S	S8
مفاوضة	Q	Q2.2
تعداد	N	N2
غوص	M	M4
سماح	S	S7.4
كبيسي	Z	Z99
تنموي	A	A2.1
بت	M	M7
أحضر	M	M2
ٱزدياد	N	N5+/A2.1
جاذبية	O	O4.2
آد-	A	A12
إي	Z	Z5
سارع	N	N3.8
ثار-	G	G2.1
ظ	Z	Z99
سويسري	Z	Z2
تحسن	A	A5.1+/A2.1
أتقن	S	S7.1+/S2.2m
تسلل	M	M1/A10
أندلس	Z	Z2
ٱختفاء	A	A10
جراء	Z	Z99
معادلة	O	O4.1/B1
سكاني	H	H4
تره-	Z	Z99
ستارة	B	B5
ٱصطدم	A	A1.1.2
داود	Z	Z1m
ٱمتحان	P	P1
مناضل	G	G3/S2mf
مريح	E	E3
خطيب	Q	Q2.2/S2mf
عارض	S	S8-/E2
برى	O	O1.1
خاطئ	A	A5.3
ممتاز	A	A5.1
عز-	Z	Z99
جائز	G	G2.1
تداعي	S	S5+c
أصعب	N	N5
حياتي	L	L1
علاوة	N	N5+/A2.1
وباء	B	B2
ٱحتياط	A	A9
مسح	X	X2.4
سمعة	I	I3.2
خطط	X	X7
أبيه	Z	Z99
كرر	Q	Q4.3/N6
بابوي	Z	Z99
عاقب	G	G2.1
شكر	S	S1.2.4
خلاص	S	S8
نفقة	I	I1.2
أنصار	S	S8+/S2mf
قمح	F	F1
أورد	T	T1.1.2
مطروح	M	M6
جانبي	A	A4.1
محسن	S	S1.2.2-/S2mf
ضوئي	W	W2
صال-	E	E3
جني	F	F4
جر	M	M2
منظور	X	X4.1
حرس	A	A15+/I3.2/S2mf
ضريبة	I	I1.1/G1.1
حصيلة	A	A2.2
جول	M	M1
حارب	S	S8
صدمة	E	E5
جلوس	M	M8
ٱستبدال	A	A2.1
ٱنقلاب	G	G1.2
علة	B	B2
صدفة	A	A1.4
معتاد	A	A6.2
عرس	S	S4
أوصى	Q	Q2.2
حساس	X	X2.5+/E1
جرأة	E	E5+/S1.2
نفي	Q	Q2.2/Z6
معوق	S	S8
قدوم	E	E5
جل	A	A5.1
قصص	A	A1.1.1
مخطط	X	X7
إمبراطور	S	S7.1+/S2mf
ربا	N	N3.2+/A2.1
شرعية	G	G2.2
مستعد	O	O4.1
شجر	L	L3
أوقع	A	A2.2/E4.1
مقارن	A	A6
فيزياء	Y	Y1
نبيل	G	G2.2
تشريعي	G	G2.1
لذة	E	E4.2
طاهر	O	O4.2
مراقب	X	X3.4/S2mf
شاق	O	O4.5
مشتق	A	A2.2
مالكوم	Z	Z1m
إنجيل	S	S9/Q4.1
رت	Z	Z99
ٱستشراق	Z	Z99
توافر	Z	Z99
مألوف	A	A6.2
خلفية	T	T1.1.1
ترميم	A	A2.1
فرعوني	Z	Z99
تدفق	A	A1.1.1
ريش	L	L2
دنيوي	X	X2.2/S1.1.1
هاري	A	A2.1
تقارب	Z	Z99
لاجئ	M	M1/S2mf
دافئ	O	O4.6
إسماعيل	Z	Z99
أهدى	Q	Q2.1
مريم	Z	Z1f
أكل	F	F1
تخلي	S	S7.1
تراكم	N	N5
كنز	I	I1.1
أرضي	W	W3
بينة	A	A15
دخان	O	O1.3
علمانية	Z	Z99
قدر-	Q	Q2.2
ٱطلع	X	X2.4
حقب	Z	Z99
نسيان	S	S2.1/X2.2
مرفق	A	A1.2
ثمين	I	I1.3
الٱثنان	Z	Z5
شورى	Q	Q2.1
ٱنفتاح	A	A10
تشوه	A	A2.1
مزارع	F	F4/S2mf
يدوي	A	A1.1.1
أكسيد	O	O1
ساحلي	W	W3/M4
ٱستيقظ	Z	Z99
دهش	X	X2.6
أخاف	E	E5
صمم	Z	Z99
زيد	Q	Q3
ترخيص	G	G1.1/Q1.2
زهور	L	L3
مردود	I	I1.1
ضحك	E	E4.1+/X3.2
موازنة	I	I1
طري	T	T3
ضجيج	X	X3.2
بشرى	Z	Z99
رفيق	S	S3.1/S2mf
تعددية	N	N5
كوكب	W	W1
ٱفتراض	X	X2.1
سوداني	Z	Z2/S2mf
صبغة	O	O4.3
تدخين	F	F3
تمسك	A	A1.7
سماد	B	B1
سالم	A	A7
عبقرية	X	X9.1+/A6.2
ماهر	X	X9.1
مصباح	O	O2/W2
تواضع	S	S1.2.3
عشاء	F	F1
عمري	T	T3
كيس	O	O2
ملم	Z	Z99
هدى-	S	S8
شيخوخة	S	S7.1
يتيم	S	S4-/S2mf
تدبير	Q	Q2.2
خيار	X	X7
شتر-	Z	Z99
وجوب	S	S6
مقاوم	S	S7.3+/S2mf
لت-	S	S5+c
قبلة	S	S3.2
طارئ	A	A11.1
زعم-	Q	Q2.2/A5.2
حنان	X	X2.5+/E1
لت	Q	Q2.1
حريص	X	X5.2
طائف	M	M1
ٱفتقد	S	S2.1f
محتاج	X	X7
ٱعترض	Z	Z99
قياسي	N	N5.2
ختام	X	X6
كاثوليكي	Z	Z99
ثر	O	O1.2
متجدد	A	A5.1+/A2.1/H1
معجزة	S	S9
بدانة	O	O4.2
خاضع	S	S7.1
وهر-	E	E5
إمامي	S	S7.1
هنالك	Z	Z5
قومية	G	G1.2/M7
نوبة	E	E3
ٱستهلاكي	I	I2.2/S2mf
توصيل	A	A2.2
قبرص	Z	Z2
جلدي	Z	Z99
بطء	N	N3.8
إنتاجي	A	A1.1.1
مد-	N	N3.3
تقويم	A	A5.1
شرب-	F	F2
ٱستمد	Z	Z99
عقلاني	S	S1.2.6
عائلي	S	S4c
خصوصي	A	A10
تحذير	X	X2.2+/A15
بيد	Z	Z5
شاهدة	A	A15
شد	N	N5+/A2.1
تدين	S	S9
ٱنتاب	E	E6
عجب	S	S7.2
هيمنة	X	X2.4
بيزنطي	Z	Z2/T1.1.1
إقرار	S	S7.4
طاغي	S	S7.1+/S2mf
ٱنفجر	A	A1.1.1
أتعب	E	E6
ركاب	O	O2
فول	F	F1
تطبيقي	A	A1.5.2
جذاب	O	O4.2
ٱنقسم	Z	Z99
قصدير	Z	Z99
جد-	Z	Z99
طاعة	S	S7.1
مجدد	T	T2+/A2.1
متتالي	N	N4
مستقر	A	A2.1
ٱعتلال	B	B2
تباين	A	A6.1
عابد	S	S9
عباسي	Z	Z99
ريف	G	G1.1c
أضاء	W	W2
ران-	A	A9
تتر	Z	Z99
ٱرتكز	Z	Z99
ركود	A	A2.1
طابور	O	O2
هدأ-	N	N5-/A2.1
قارن	A	A6
تأويل	Q	Q2.2/A7
أحل	S	S7.4
نشرة	Q	Q2.2
محقق	X	X2.4/S2mf
شوقي	Z	Z99
شوط	A	A5.1+/A2.1
حميم	S	S1.2.1
حلي	B	B5
سور	H	H2
ممر	T	T1.2
فخر	E	E4.2+/S1.2
أشاع	A	A10
أوصل	A	A2.2
درب	M	M3
مسموع	X	X3.2
دارى	O	O4.4
سامي	X	X7.2
إيصال	A	A2.2
مول	I	I1
تحصيل	N	N3.8
وقائي	S	S8+/A15
عصير	F	F2
ٱشتراك	S	S5+c
كره-	E	E2
إنجليزية	Z	Z2
كرسي	H	H5
راتب	I	I1.1/I3.1
أبجدية	Q	Q3
غرابة	A	A6.2
خارطة	Q	Q1.2/W3
أرت	Q	Q2.1
ٱستلزم	X	X7
شق-	A	A6.1
تخلف	X	X9.1
بلوغ	M	M1
عزلة	A	A1.8
خاف-	E	E5
مرح	E	E4.1
غدة	B	B1
قادسية	Z	Z99
رجع	Z	Z99
شاي	F	F2
قاس-	N	N3.1
دب	L	L2mfn
سطحي	A	A4.2
حث-	S	S8
صون	A	A1.1.1
سرق	Z	Z99
ملفة	Z	Z99
بخاري	O	O1.3
معامل	N	N1
ٱستهلك	A	A1.5.1
إحباط	X	X9.2+/G3
تنافس	K	K1
إزاء	Z	Z5
ٱستعماري	Z	Z99
جاد-	A	A5.1+/A2.1
لعنة	S	S1.2.4-/Q2.2
جيولوجي	W	W3
ٱجتاح	G	G3
لعن-	S	S1.2.4-/Q2.2
تضخم	I	I1.3
يمني	Z	Z2/S2mf
لقاح	B	B3
مستقيم	O	O4.4
سلب	G	G2.1
عنق	B	B1
ودع	Z	Z99
بند	Q	Q4.2
دفعة	M	M2
متفرق	M	M1
صعد-	N	N5+/A2.1
محادثة	Q	Q2.2
مقدمة	T	T2
مقاول	I	I2.1/S2mf
سطر	O	O4.4
خلط	O	O1.1
تفرقة	A	A6.1
تشريح	Y	Y1
هد	A	A1.1.2
ٱختلط	O	O1.1
تلخص	Z	Z99
شب-	T	T2
تسعيني	T	T1.3
ف	Z	Z5
مستدام	T	T2
لخص	Q	Q2.2
فضيلة	G	G2.2
شبح	O	O4.4
مأزق	A	A12
فاصل	A	A7
مؤقت	T	T1.3
خزان	O	O2
ٱنسحاب	M	M2
تذكرة	Q	Q1.2
واحة	W	W3/L3
ٱلتحاق	M	M1
مقترح	Q	Q2.2
قرضاوي	Z	Z99
مناعة	B	B2
غائب	S	S1.1.3
أملى	S	S6
ملكة	S	S7.1+/S2.1f
سني	S	S9/S2mf
غض	T	T3
متابع	Z	Z5
دفتر	Q	Q1.2
أرأى	A	A8
تعبئة	A	A1.5.1
سيف	G	G3
مسير	S	S7.1+/S2mf
أكسجين	O	O1.3
فرن	O	O2/F1
أسير	G	G2.1/S2mf
تخيل	X	X2.1
مغامر	M	M1/X5.2+/S2mf
يأس	E	E4.1
إستاد	K	K5.1/H1
سيناء	Z	Z2
أقصر	N	N3.7-/A2.1
جدارة	S	S1.1.4
حرق	O	O4.6
زود	A	A9
صارم	A	A5.1
مقاطعة	S	S1.1.3
وسم-	Q	Q1.2
صعد	N	N3.2+/A2.1
حس	X	X3
حاسم	A	A11.1
قطرة	O	O1.2/N5
توصية	Q	Q2.2/S8
مصب	Q	Q2.1
ٱستقالة	A	A9
منصور	X	X9.2
متاع	A	A9
تصدر	S	S7.1
فائز	X	X9.2+/S7.3/S2mf
متوازن	A	A5.3
ضر-	A	A1.1.2
تفاهم	Z	Z99
أجر	I	I1.1
نقش	C	C1
مجلد	O	O4.6
جل-	Z	Z99
جلال	Z	Z99
راعى	X	X3.4
صوب	M	M6
صلاحية	A	A1.6
رسام	C	C1/S2mf
جرثوم	B	B2
طباعة	Q	Q1.2
مطبخ	F	F1/H2
طبعة	Q	Q1.2
عائق	S	S8
نيابي	A	A6.2
تثبيت	Z	Z99
وثيق	A	A7
ٱسترجع	A	A9+/N6
كاذب	A	A5.2-/S2mf
زين	O	O4.1
عيني	B	B1
فقرة	Q	Q3
شقيقة	S	S4f
ٱخترق	A	A1.1.1
مأمون	A	A5.1
مفعول	X	X5.2
قاسم	N	N2
كرامة	S	S7.2
سامبا	K	K1
حنجر	B	B1
لمة	O	O4.4
محلة	T	T1.3
حليب	F	F2
زائد	N	N5
ثور	L	L2mn
محكوم	S	S7.1
آق-	Z	Z99
مناخي	W	W4
مرارة	X	X3.1
أشهر	Q	Q2.2
حمى	S	S8+/A15
وجدان	E	E1
مطل	M	M6
مستوطن	M	M7/S2mf
أعاش	T	T2
ٱستشهد	Q	Q2.2
منجز	X	X9.2
إصرار	S	S7.1+/Q2.2
مقاتل	G	G3/S2mf
معصية	E	E3
عصابة	S	S5+c
ٱستبعد	X	X7
هضمي	F	F1/B1
لائحة	Q	Q1.2
هولاندا	Z	Z2
بصمة	Q	Q1.1/B1
عدا-	E	E3
بيولوجي	L	L1
صاخب	X	X3.2
ناسب	Z	Z99
فك	B	B1
سماوي	O	O4.2
دهن	O	O1.2
معمل	Y	Y1/H1c
أفرز	X	X7+/A5.1
برهان	A	A15
كهف	W	W3
باكر	T	T4
سويسرا	Z	Z2
يونان	Z	Z2
عقائدي	A	A2.1-/X2.1
ٱلتقاط	H	H2
حاصر	G	G3
جنسية	G	G1.1c
تماس	Z	Z99
نجاة	S	S8
موديل	A	A5.1
بكاء	B	B1/E4.1
عذب	X	X3.1
ٱنسحب	M	M2
أصالة	A	A5.4
توج	B	B5/S7.1
إشكالي	A	A12
إخلاص	S	S6+/S1.2
سماع	X	X3.2
زقاق	H	H3
جفن	B	B1
عتيق	T	T3
جليد	A	A2.1
هاوي	I	I3.2
شهوة	X	X7
كد-	M	M3/O2
وفى-	X	X9.2
ٱختزن	I	I2.2/H1c
غربة	M	M2/G1.2
جذري	N	N5+/A2.1
شكوى	Q	Q2.2/E2
تفاوض	Q	Q2.2
ٱستعد	Z	Z99
راجع	Q	Q1.1/S8
سلالة	S	S4c
تخطى	E	E3
ثراء	I	I1.1
نواة	B	B1
إعمار	H	H1
حظر	F	F2
منشود	A	A1.1.1
جون	W	W3/M4
كف	T	T2
توضيح	Q	Q2.2/A7
سكري	B	B2
إشاعة	A	A1.1.1
مهاجم	G	G2.1-/S2mf
طلاء	Z	Z99
حافز	X	X5.2
ميثاق	G	G3
فراش	H	H5
دير	S	S9/H1
منفصل	A	A6.1
ليمون	O	O4.3
جي	Z	Z5
رباط	B	B5
أسكن	H	H1
أعان	S	S8
شابه	A	A6.1
صاح-	Q	Q2.2
مفضل	E	E2
غطس	M	M4
إبقاء	T	T2
ملموس	A	A11.2
تداول	A	A2.1
كن	H	H1/A10
عثور	A	A10
سويد	Z	Z2
ٱشتد	N	N5+/A2.1
جائر	S	S1.2
بركة	S	S8
جوفي	H	H2
رشيد	Z	Z1m
أخطأ	Z	Z99
زنجي	O	O4.3
جوع	F	F1-/B1
رفاهية	S	S8
محنة	E	E6
توقيت	X	X7+/T1
أغن	X	X3.2
متباين	A	A6.1
عجيري	Z	Z99
ٱعتدى	E	E3
برازيل	Z	Z2
دفء	O	O4.6
عناء	A	A12
ٱمتص	A	A1.1.1
ٱستضاف	S	S2mf
شغل	I	I3.1
هبط-	W	W3
حزين	E	E4.1
أشر-	Z	Z99
تمر	T	T1.2
رامز	Q	Q1.1
أسمنت	O	O1.1
حراء	Z	Z99
أذهب	N	N3.3
ناحل	N	N3.5
كري	O	O4.4
ٱكتفاء	N	N5.1
فسخ	A	A1.9
كينج	Z	Z99
عدوان	E	E3
ٱستعرض	Q	Q4
مراهق	T	T3-/S2mf
توالى	Z	Z99
طائفي	S	S9/A6.1
إبراز	A	A10
رتب	S	S7.1
بنغازي	Z	Z99
تونسي	Z	Z2/S2mf
آب	Z	Z1m
نمى-	N	N3.2+/A2.1
ٱختلاجة	B	B2
جريح	B	B2
حنين	X	X7
مراعاة	A	A6.1
قبضة	N	N5
نسب	S	S4
تفعيل	Z	Z99
أنتم	Z	Z8mf
ترسيخ	M	M4
هورمون	B	B1
ناشئ	N	N3.2+/A2.1
جرس	O	O2/X3.2
عائش	H	H4
عربية	Z	Z2/Q3
عاري	B	B5
رمزي	A	A6.2
مرونة	O	O4.5
بطاطا	Z	Z99
ٱحتكاك	M	M1
تعذيب	E	E3
متزوج	S	S4
ٱمتلاك	A	A9
إحسان	S	S8+/S5+c
قوس	O	O4.1/B1/S7.2
أباح	A	A10
خطبة	Q	Q2.1
أوركسترا	K	K2/S5c
مثابة	A	A13.4
توافق	A	A6.1
دمية	K	K6
ساوى	H	H5
تكفير	S	S9
شرفة	H	H2
وافد	Q	Q2.1/S2mf
صيدلي	B	B3/S2mf
خراب	A	A1.1.2
مسجل	Q	Q1.2/G1.1
هامش	N	N5
شهية	F	F1/B1
مئوي	N	N1
ليون	Z	Z1m
زاد	O	O2
متأثر	A	A2.2
مشوار	M	M3fn
مثمر	I	I1.1
والى	Z	Z99
ألغى	T	T2
تجاهل	X	X5.1
حضرة	M	M6
صياد	K	K5.1/S2mf
هزيم	W	W4
زاءوق	O	O1.2
كتف	B	B1
عيسى	Z	Z1m
طبع-	Q	Q1.2
نضج	O	O4.1/L3/F1
شافعي	Z	Z99
فلك	M	M7/W1
فل	O	O1.1
برازيلي	Z	Z2
نسج-	B	B5
قص-	O	O4.1
صف-	S	S7.1
زوجي	S	S4
مغطى	A	A10
ٱختص	Q	Q2.2
مغني	K	K2/S2mf
آخذ	A	A9
حماسة	E	E5
فندقة	Z	Z99
خضار	F	F1/S2mf
أذى	B	B2
ٱنتقام	E	E3
ليت	Z	Z4
مقاطع	S	S1.1.3-/S2mf
آثر	E	E2
سطا-	E	E3
هواية	B	B3
جبلي	W	W3
عاجل	A	A11.1
ناب	B	B1
حريق	O	O4.6
هيأ	A	A1.5.1
باهر	A	A5.1
كذب	M	M1
صنعاء	Z	Z1f
كردي	Z	Z2
ٱحتياطي	A	A7
توليد	A	A1.1.1
مدعو	Q	Q2.2
قائمة	S	S8
ضال	A	A5.3
حيا	S	S7.2+/Q2.2
شاسع	N	N3.7
دارس	P	P1/S2mf
إنس	S	S2mfc
نأى-	Z	Z99
مسابقة	K	K5.1
دوران	M	M1
إيه	Z	Z99
عفش	A	A9
مزيج	O	O1.1
تضامن	S	S5
سخرية	Q	Q2.2/S1.2.4
معروض	A	A10
ثبت	A	A7
منطقي	X	X2.1
صليب	E	E3
سمع	X	X3.2
قرض	I	I1.2
دق	A	A5.1
توراة	Z	Z99
ضياع	I	I1.2
تفرق	A	A6.1
رقص	K	K1
رعى-	S	S8+/A15
تألف	Z	Z99
مستلزم	Z	Z99
فوضى	A	A1.7
إغاثة	S	S8
زيات	Z	Z99
مؤدي	S	S7.1
ٱشترط	S	S6
صافي	N	N5
حيز	A	A1.7
تحرر	Z	Z99
كراهية	E	E2
وصية	Q	Q2.2/S8
ورك	O	O4.2
غرق	L	L1
حديدي	S	S1.2.5
نبوة	Z	Z99
تواجد	M	M6
متوافر	A	A3
ٱسود	Z	Z99
ورم	X	X3.2+/A2.1
خضرة	F	F1
ٱستكمال	X	X6
إخفاق	X	X9.2
طلع-	A	A8
يكون	Z	Z99
رص-	B	B3
ٱنفصال	A	A6.1
حلق	M	M1
منفرد	X	X5.2
يرموك	Z	Z99
جولان	Z	Z99
أسطوانة	O	O4.4
حليف	S	S3.1/S2mf
ٱستجواب	Q	Q2.2
جدا-	A	A9
حد-	X	X6
حلال	S	S7.4
إبعاد	M	M2/G1.1
برد	W	W4
ٱزدهر	I	I1.1
ترفيه	K	K1
تفادي	A	A1.9
فخم	A	A5.1
مصيبة	A	A1.1.2
حينئذ	Z	Z5
شرم	A	A5.1
فاطمة	Z	Z2
أساء	A	A1.1.2
ٱحتجاج	Q	Q2.2
تحفة	A	A9
كأنما	Z	Z5
اللي	Z	Z5
ود	E	E2
حرمة	S	S4f
فائض	N	N5.2
حاسة	A	A4.1
لهجة	E	E1
مسلك	M	M3
مرر	Z	Z99
ساخر	E	E4.1+/S2mf
حجي	A	A1.2
خوض	Z	Z99
رق-	Z	Z99
صيفي	T	T1.3
شرس	E	E3
فرط	N	N5.2
ناري	O	O4.6
عندئذ	Z	Z5
موهوب	Z	Z5
بقاع	O	O4.4
أدان	Q	Q2.2/E2
زكي	A	A5.4
بني	Z	Z99
جمركي	A	A6.2
تقى	G	G2.2
تعادل	B	B5
كسر	K	K1/T1.3
مضيف	N	N5+/A2.1
منبر	H	H5/S9
صرخة	Q	Q2.2/X3.2
عقدة	A	A12
مسعود	E	E4.1
تمهيد	A	A1.1.1
أغسطس	Z	Z1m
أبدأ	T	T2+/S2mf
متمرد	G	G3/S2mf
حشد	A	A1.5.1
إرجاع	M	M6
أحادي	N	N5
قريش	Z	Z99
جغرافيا	P	P1/W3
ٱنشغال	X	X5.1
محاول	X	X8
ٱبتلع	B	B1
متفق	A	A6.1
جعفر	Z	Z1m
خرافي	A	A5.2
حرفة	I	I2.2
مرعب	E	E5
معادي	S	S1.2.1
حي-	L	L1
معجم	Q	Q4.1
ٱستئصال	A	A1.1.2
عرقي	S	S5
تطرق	Q	Q2.2
قضائي	G	G2.1
أج-	B	B2-/O4.6
مرجعية	G	G1.1c
لمسة	X	X3.3
شرع-	T	T2
رافض	X	X7
مضاعفة	N	N5
مستمد	A	A9
أضعف	S	S7.1-/A2.1
لين	O	O4.5
إتقان	X	X9.1
كرم	S	S1.2.2
نقابة	I	I3.1/S5+c
سم-	E	E3-/O1
منسوب	A	A2.2/Q2.2
سند	S	S8
لظي-	Z	Z99
حصن	H	H1/G3
ٱستشارة	Q	Q2.1
عازف	K	K2/S2mf
بنجلاديش	Z	Z2
حامد	Z	Z99
مزود	I	I2.2/S2mfc
أجرة	I	I1.3
هرطقة	X	X2.1
طارئة	A	A1.4
عقدي	A	A2.1-/X2.1
طفرة	M	M1
تاه-	Z	Z99
تنظيف	B	B4
حلو	X	X3.1
شرير	A	A5.1
خفي	A	A10
معاني	E	E4.1
معبد	Z	Z99
تبرع	A	A9
مدون	N	N5.2
ذيل	L	L2
وظيفي	A	A1.5.2
طهران	Z	Z2
شدد	S	S1.2.5+/A2.1
بخار	O	O1.3
خلقي	A	A6.2
أيديولوجيا	X	X4.1
تعهد	A	A1.1.1
ٱست	B	B1
فلوريدا	Z	Z2
تحريك	X	X5.2
تحضير	A	A1.1.1
محرم	S	S7.4
ٱنحراف	A	A6.1
أحفور	W	W3
تلة	N	N5
فلاح	I	I1.1
تحريف	A	A2.1
فاضل	X	X9.1
مشابه	A	A6.1
طماطم	F	F1
شابة	Z	Z99
حط-	M	M1
رزق	I	I3.1
صحن	O	O2
سعودة	Z	Z99
ٱرتاح	E	E3
منظر	X	X4.1
فضة	O	O4.3
أوشك	A	A13.4
فرنجي	M	M6/S2mf
ليتر	Z	Z99
خوسيه	Z	Z99
ٱستوائي	W	W3
ٱصطحب	S	S3.1
أرد	N	N5
تحدد	Z	Z99
فارغ	N	N5
كاريبي	Z	Z2
وهب-	A	A9
رامي	X	X7
محظور	S	S7.4
تمكين	S	S8
عامي	E	E2
ٱستولى	S	S7.1
ماس	A	A11.1
شراكة	S	S5+c
عبدالوهاب	Z	Z99
ٱستيلاء	A	A9
مساند	S	S8
خرافة	S	S9
طغيان	S	S7.1
تجسيد	Q	Q1.1/A1.6
قلا-	F	F1
دلال	I	I2.2/S2mf
أشهد	Q	Q2.2
عارف	X	X2.2+/S2mf
مادام	Z	Z99
مأتى	T	T2
ليلى	Z	Z99
ياسر	Z	Z99
صير	A	A2.2
كندي	Z	Z2
تدريبي	P	P1
عبدالناصر	Z	Z99
مجتهد	X	X5.2+/S1.2
خريف	T	T1.3
شفافية	Q	Q1.2
أردني	Z	Z2/S2mf
ريادة	S	S7.1
ليطاني	S	S9
حائر	X	X2.5
كثيف	N	N5
بلغة	X	X9.1
سما-	Z	Z99
غواص	M	M4/S2mf
عد	N	N2
إغريقي	Z	Z2
تداخل	S	S1.1.3
مسلسل	N	N4
ثوري	T	T3
مولد	A	A2.2
واعي	X	X2.2
متناقض	A	A6.1
كثر-	Z	Z99
جنين	B	B2
ذري	Y	Y1
إنذار	X	X2.2+/A15
مح	Z	Z99
قديس	S	S9/S2mf
كرس	Q	Q2.2
منى	Z	Z99
موضح	A	A7+/Q2.2
فطر	L	L3
نحال	F	F4/L2/S2mf
ملحق	A	A1.7
إكراه	S	S7.1
فاخر	E	E4.2+/S1.2
رشد	G	G2.2
تكريم	S	S7.2
مهدد	E	E3-/Q2.2
شيد	B	B1/O4.4
شيراك	Z	Z99
تنبيه	X	X2.2+/A15
محو	A	A1.1.2
مشتري	I	I2.2/S2mf
طبقي	O	O4.4
زنك	O	O1.1
أحق	A	A1.1.1
ٱندماج	O	O4.1
شجاع	E	E5
نوى-	X	X7
بتروكيماوي	O	O1
أوكسجين	O	O1.3
خد	B	B1
سجين	G	G2.1/S2mf
مسروق	G	G2.1-/A9
نفطي	O	O1.2
ممنوع	S	S7.4
نفع	S	S8
أبه	X	X5.2
أربعمائة	N	N1
جهي-	A	A1.1.2
معالج	Y	Y2
زكريا	Z	Z99
ثلاثي	S	S5+c
ٱستنتاج	X	X6
رخصة	G	G1.1/Q1.2
لبن	Z	Z99
متبقي	N	N5.2+c
دعاية	G	G1.2
كبر	N	N3.2+/A2.1
غضون	T	T1.3
دق-	X	X3.2
فرق-	A	A6.1
تخدير	B	B3
محلل	Y	Y2/S2mf
ترأس	S	S7.1
نقي	A	A5.4
تساقط	A	A1.1.2
متعلم	P	P1
تجاعيد	O	O4.4
هوى	E	E2
إسقاط	S	S7.1
ضلع	B	B1
سالمية	Z	Z99
لاق-	Z	Z99
قلبي	B	B1
أفسد	A	A6.1
وله-	Z	Z99
غموض	A	A10
سلك	O	O2
ٱستسلم	S	S7.1
ترويج	S	S8+/X9.2
تخلى	A	A1.7
راقص	K	K1
طارد	K	K5.1
أطروحة	P	P1/Q1.2
إضاءة	W	W2
قتيل	B	B2-/S2mf
ودي	S	S1.2.1
منقذ	S	S8+/S2mf
جاهلي	S	S9/S2mf
ٱصطاد	K	K5.1
مستوي	O	O4.4
زمالك	Z	Z99
تيمية	Z	Z99
فولفو	Z	Z3c/M3
منافق	A	A6.1-/X2.1mf
سلة	O	O2
وسيط	T	T1.1.2/S2mf
أح-	B	B2
وساطة	S	S8
إمساك	A	A9
بحار	M	M4/S2.2m
نفع-	Z	Z99
عمد-	X	X7
مفصل	S	S5
بكتيريا	L	L2c
ٱمتاز	A	A5.1
ٱنحباس	A	A10
سكوت	X	X3.2
نافذ	X	X9.2
لعين	J	JJ
مطالب	A	A12
ٱعتقل	G	G2.1
سها-	M	M6
ٱستهوى	O	O4.2
جنازة	L	L1-/S1.1.1
ٱعتذر	Q	Q2.2/S1.2.4
مزروع	S	S1.2.4
نقض	A	A6.1
أدر	I	I1.1
إذاعي	Q	Q4.3
مغامرة	X	X8
حرج	A	A12
ناقل	M	M2
ملاحظ	X	X3.4/S2mf
عصا	O	O2
تقليص	N	N5-/A2.1
مجمل	I	I2.2/S2mf
أضحى	Z	Z99
أنقذ	Z	Z5
يتم	Z	Z99
تويوتا	Z	Z3c/M3
بروة	N	N5.2
وقفة	O	O4.4/B1
طغى-	S	S7.1
مزاج	O	O1.1
جمهورية	G	G1.2
كيفي	A	A1.4
ناظر	A	A8
داكن	W	W2
تضاعف	Z	Z99
أينما	M	M6
حضن	B	B1
رمة	N	N5.1
أفلح	X	X9.2
حافة	M	M7/G1.1
واعد	A	A5.1+/A8
بلعوم	Z	Z99
تأييد	S	S8
فاطمي	Z	Z99
مكسب	A	A9
نجم-	A	A8
عاتي	S	S1.2.3
عز	S	S7.1
مشغول	A	A1.1.1/N5
إعدادي	N	N4
تعصب	X	X5.2
كسب-	A	A9
غنم	L	L2mfnc
تلاءم	Z	Z99
حيوية	Z	Z99
ٱتصف	Z	Z99
أسفر	Z	Z5/A2.2
كثر	N	N5+/A2.1
ٱنكسار	B	B2
معطي	A	A9-/S2mf
دونم	Z	Z99
سبح-	M	M4
سباحة	M	M4
إشباع	N	N5.1
مارق	S	S9/S2mf
مزيف	A	A5.4
عصمة	S	S3.2/G2.2
شخير	B	B1/X3.2
حلاق	B	B4/S2mf
ريق	Z	Z99
ٱختلال	E	E3
ٱنحناء	O	O4.4
هادي	S	S7.1+/S2mf
وصل	A	A2.2
تعارف	Z	Z99
شجاعة	E	E5+/S1.2
نشد-	X	X2.4
أردى	L	L1
بلدي	M	M7
تصدى	S	S8
مقدر	A	A5.1/S2mf
مكرم	S	S7.2
أمسية	T	T1.3
ليبرالي	A	A1.7
حزبي	K	K1/S1.1.3+c
عشق	S	S3.2
شيوع	A	A1.1.1
مخالفة	G	G2.1
نحل	L	L2mfn
ٱنتخب	G	G1.2/X7
إنجليز	Z	Z2
سان	S	S2.2m
مكث-	N	N5.2
عال-	A	A6.1
معدود	N	N1
رومانسي	S	S3.2
ٱستحقاق	S	S1.1.4
ديناميكي	X	X5.2
ٱعتراض	S	S8-/E2
حفر-	A	A1.1.1
أسأل	A	A6.1
شغف	X	X5.2
غزا-	G	G3
أنضج	O	O4.1/L3/F1
مخدر	B	B3
ٱستثمر	I	I1.1
أعمق	N	N3.3+/A2.1
ٱحتفالي	S	S1.1.1
هضم	F	F1/B1
مصلي	S	S9/Q2.2
نافع	A	A1.5.2
آباد	Z	Z99
مصلح	A	A5.1+/A2.1
شاهق	S	S1.2.3
مثبت	O	O1
ٱجتهد	X	X8
ٱلتهم	A	A1.5.1
مسرع	N	N3.8
حميد	A	A5.1
تموين	O	O2
ٱنقسام	N	N5.1
أوجس	E	E6
إ	Z	Z8mf
رخيص	I	I1.3
رصاصة	G	G3
برميل	O	O2
عميد	P	P1/S7.1+/S2mf
يساري	G	G1.2/S2mf
رأسمالي	I	I1.1
قصور	A	A5.1
صواب	A	A5.3
فوه	B	B1
تجوال	M	M1
عقرب	L	L2mfn
ٱكتظاظ	N	N5.2+/N5
أوجب	S	S6
عباية	B	B5
كبد	B	B1
موكب	K	K1/M1/S5
هضبة	N	N5.1
مستعمر	M	M7/S7.1+/S2mf
زر	B	B5
وطء	E	E4.1
حقد	E	E3
ستار	B	B5
جيه	Z	Z1mf
متجر	I	I2.2/H1c
قاصر	N	N5
ٱستراح	E	E3
هزيمة	X	X9.2
راشد	T	T3+/S2
ٱقتنع	Z	Z99
بلاستيكي	O	O1.1
قرنية	Z	Z99
عبدالحليم	Z	Z99
قرني	O	O2/X3.2
مستعمرة	M	M7/S7.1
علوي	Z	Z99
نهى-	S	S7.4
كهانة	Z	Z99
أسمر	O	O4.3
مدروس	X	X7
تفقد	X	X2.4
دان-	Q	Q2.2/E2
معضلة	A	A12
ذاب-	N	N5-/A2.1
ضاهى	A	A6.1
بشرة	Z	Z99
بادي	A	A8
سحب-	M	M2
خارق	A	A6.2
أضفى	I	I1
تحية	Q	Q2.2/S1.2.4
حيدر	Z	Z99
أصلة	L	L2
منجم	I	I4/H1c
يورانيوم	O	O1.1
هوائي	B	B1/L2
أجدى	N	N5
وحشي	E	E3
منحى	F	F4
فر-	A	A1.7
طحلب	L	L3
وفرة	N	N5
غاص-	M	M1
مانع	S	S8
فرحة	E	E4.1
شعيرة	O	O2
جزيء	O	O1
مجرم	G	G2.1
قاطن	H	H4
تخريب	A	A1.1.2
نمل	M	M1
لوز	L	L3
ٱستقطب	S	S5
ملكية	A	A9
فات-	T	T2
عالية	M	M6
تعين	Z	Z99
هداية	S	S8
غراب	L	L2
تنازل	S	S7.4
كاظمة	Z	Z99
مبالغة	N	N5.2+/Q2.2
رصيف	M	M3/H3
سحب	W	W4
أغلى	N	N5+/A2.1
ضاحك	E	E4.1+/X3.2
مفارق	A	A6.1-/X2.6
تضحية	S	S9
محمل	N	N5
ألذ	E	E4.2
مضطر	S	S7.1
قلد	A	A6.1
جب-	Z	Z99
ٱنقضاء	T	T2
سيجار	F	F3
مهيمن	S	S7.1
تقلب	A	A2.1
محاط	M	M6
عتبة	M	M1
بدلة	B	B5
توالي	N	N4
دراما	K	K4
مارتن	Z	Z1mf
در	O	O1.1
أدوارد	Z	Z1m
إسكندري	Z	Z2
تبدل	Z	Z99
نزعة	X	X7
ٱكتساب	A	A9
مس	Z	Z5
معتقل	G	G2.1/S2mf
كفاح	X	X8
تحدى	A	A2.2
زجاج	H	H1/S2mf
فرات	Z	Z2
أطاق	E	E2
عاود	Q	Q2.1/N6
أنبوب	O	O2
حريري	O	O4.5
حات	A	A1.1.2
صارخ	X	X3.2
صدارة	S	S7.1
ٱستدار	M	M1
تحسس	E	E1
طاف-	M	M2
مكافأة	S	S8
ألا-	A	A1.9
تصفية	M	M7
ٱعتيادي	A	A6.2
ٱطمئنان	E	E3
لطف	E	E3
قياء	W	W3
هشام	Z	Z99
أيسر	M	M6
مخيف	O	O4.2
وسام	O	O2
إتمام	T	T2
مستفيد	A	A9+/S2mf
خلط-	O	O1.1
خال	B	B1
ماس-	Z	Z99
مصاحب	S	S3.1
معاهدة	G	G3
عريض	N	N3.7
متحدث	Q	Q2.2/S2.2m
تشابه	A	A6.1
كفاية	N	N5.1
حزام	B	B5
هلام	O	O1.1/A2.1
نجار	I	I3.2/H1/S2mf
وداع	M	M1
بلاغة	Q	Q3/X9.1
راضي	E	E4.2
روما	Z	Z2
كفار	Z	Z99
مفدي	E	E2
مهدي	A	A9
ٱنتزع	N	N3.3
أرفع	N	N3.7
حشف	Z	Z99
ثابتة	X	X4.1
زلزال	W	W3
تعطيل	S	S8
رائي	Q	Q4.3/S2mf
آنف	N	N4
سفح	M	M2
تمدد	Z	Z99
أقال	A	A11.1
مزدحم	S	S5
مأكول	F	F1
قمير	Z	Z99
قصف	N	N5.2+/Q2.2
بغية	X	X7
مرصد	Z	Z99
عبده	Z	Z99
الٱثنا	Z	Z5
ومس-	B	B4
راهب	S	S9/S2.2m
صحاري	Z	Z99
متداول	M	M2
غمر-	M	M2
موصل	Z	Z99
إيراد	G	G1.1/I1
عامة	S	S2/N5c
ضبط-	A	A1.7+/G1.1
تنقيب	A	A1.1.1
غروب	M	M2
حاشية	N	N5
مبتكر	Y	Y1/S2mf
تكاثر	N	N5+/A2.1
راية	O	O2
ترافق	Z	Z99
منتظر	X	X2.6
خلاب	A	A5.2
رجاء	X	X2.6
زاهي	O	O4.2
وفاء	E	E4.2
ثنية	B	B1
كنيس	S	S9/H1c
حيلة	X	X4.2
قدسي	S	S9
زحف	M	M1
فاسد	G	G2.2
ٱختتم	X	X6
دراية	X	X2.2
طوكيو	Z	Z2
نحاس	C	C1/S2mf
مهد	H	H1
فريسة	A	A1.1.2/G2.1/S2mf
أن-	Q	Q2.2/E2
نم-	Q	Q2.2/A5.2
إدانة	Q	Q2.2/E2
رقمي	N	N1
سلطنة	Z	Z99
ٱستمتاع	E	E2
ٱشتراكي	G	G1.2
جذب-	M	M2
خدمي	S	S8
روى	A	A9-/O1.2
غول	S	S9
بولي	B	B1
تصدي	S	S8
مصداقية	A	A5.2+/A8
حرم-	Z	Z99
رويد	N	N3.8
ولف	A	A4.1
تنامى	Z	Z99
مثل-	A	A8
ذنب	A	A5.3
مهر	L	L2mfn
إخباري	X	X2.2+/T3
ٱختصر	N	N3.7-/A2.1
ترجع	Z	Z99
سمعي	K	K3
تهريب	G	G2.1
كهربي	O	O3/S2mf
عدنان	Z	Z99
مصادر	Z	Z99
أجبر	E	E3
تنقل	M	M2
سفارة	G	G1.1/S7.1+/S5
ٱنقلب	Z	Z99
رهبة	E	E5
إنسانية	S	S1.2.1
ٱحتواء	A	A1.8
بق	L	L2
مقتل	L	L1
هتف-	Q	Q2.2
ضيع	X	X9.2
تعود	Z	Z99
أضاع	X	X9.2
زجاجة	O	O2
بعير	L	L2mfn
عاتق	B	B1
لاع-	E	E3
ٱخترع	X	X2.1
شفى	B	B3
مستمع	X	X3.2/S2mf
مشي	T	T1.1.2
قمع	S	S8
حقاني	A	A5.4
ٱستكشاف	G	G3
وطأة	N	N3.5
قبض-	G	G2.1
نشوء	N	N3.2+/A2.1
عقلية	X	X2.1
أبتر	B	B3/S2mf
ٱنفرد	Z	Z99
حتمي	A	A4.1
مؤخر	T	T4
إكس	Z	Z99
أربعيني	N	N1
تركيبة	O	O4.1
جيولوجيا	Y	Y1
عريضة	Q	Q1.2
متظاهر	G	G1.2/S2mf
تظاهر	A	A11.2
منشأ	T	T2
كفاءات	P	P1
قرمة	Z	Z99
تأبه	Z	Z99
فيديو	Q	Q4.3
نابع	M	M1
موازي	A	A6.1
نبع-	M	M1
خضع	S	S7.1
ٱستنتج	X	X6
أعرابي	Z	Z99
كبر-	N	N5+/A2.1
حلب	F	F2
طليعة	S	S7.1+/S2mf
ركز-	B	B3
أنشودة	K	K2
رحيم	X	X2.5+/S1.2
أصم	X	X3.2
دائر	T	T1.1.2
قهر	S	S7.1
مختصر	N	N3.7-/A2.1
طل-	N	N5
موزع	A	A3
شيكاغو	Z	Z2
عر-	S	S7.2
مظاهرة	G	G1.2
ٱبتكر	X	X2.1
متبع	M	M1
توثيق	Q	Q1.2
مميزة	A	A6.2
جر-	M	M2
تركز	O	O1.2
بول	Z	Z1m
مظلم	W	W2
إمداد	A	A9
روجر	Z	Z1m
ٱستقطاب	A	A6.1
عدوى	B	B2
مجيء	M	M1
أسعد	E	E4.1
كرش	B	B1
ثغرة	N	N3.3
جرؤ-	E	E5
دمج	A	A1.8
بصير	Z	Z5
تقطيع	N	N5.1
إيجاب	A	A7
موسمي	T	T1.3
مخيم	S	S2.1/A8
ٱنصرف	Z	Z99
متلقي	A	A9
أنشر	T	T2+/N6
تعاوني	S	S8
ينبوع	O	O2
رباني	S	S9
نات-	S	S7.1
تثقيف	P	P1
سلحفاة	L	L2mfn
مرار	Z	Z5
أفضى	X	X2.2
غات	Z	Z3
جذع	B	B5
متطرف	G	G1.2/S2mf
رهيب	A	A5.1
طيار	M	M5/S2mf
مزج	A	A2.1
جلالة	Z	Z99
دفن-	A	A10
مفاعل	Y	Y1
أودع	O	O1.1
تطرف	G	G1.2
جبران	Z	Z99
جبار	N	N3.2
متخلف	X	X9.1
قر-	N	N5.2
تحريض	A	A2.2
ٱستضافة	Z	Z99
زحف-	M	M4
تخريج	P	P1/S4
لاقى	A	A1.2
حتم	S	S6
قرابة	A	A13.4
حفز-	E	E3
حبس-	S	S8
تمساح	L	L2mfn
مشع	Y	Y1
إسماعيلي	Z	Z5
حفل-	S	S5
بيانو	K	K2
صدقة	I	I1/S8
محفور	A	A1.1.1
أطال	N	N3.7+/A2.1
فأر	L	L2mfn
ديار	S	S9/S2.2m
دمر	A	A1.1.2
ساق-	M	M3
نعمة	S	S8
ٱقتناع	X	X2.1
نمر	L	L2mfn
متجه	M	M6
قر	O	O4.6
عيادة	B	B3
راغ-	A	A1.9
منتمي	A	A9
جزاء	S	S1.1.4
أصدق	A	A5.2
مغشوش	G	G2.2-/A5.2
رنين	X	X3.2
حزم	X	X6
رمز-	A	A11.1
ٱستشراقي	Z	Z99
بكى-	E	E4.1
خبيث	E	E3
لئن	A	A13.3
تفاؤل	X	X2.6+/A5.1
ضيافة	S	S1.2.1
فطرة	A	A6.2
بصرة	Z	Z99
ٱنسجام	Q	Q3/X9.1
بناية	H	H1
بكلوريوس	Z	Z99
مطمئن	E	E3
تبشير	S	S9
ألب	Z	Z2
مخلص	A	A5.4
شمول	A	A1.8
ممتلك	A	A9
عصي	G	G3/S2mf
ٱنتصر	Z	Z99
زوال	A	A10
هامشي	A	A11.1
ٱستثنى	Z	Z5
نسبية	Y	Y1
ثلاثاء	T	T1.3
تزامن	A	A1.4
أسامة	Z	Z99
مذيع	Q	Q4.3/S2mf
بادر	T	T2+/S2mf
تنوير	W	W2
سرادق	H	H1
طعم	B	B3
مبدئي	A	A11.1
ناقة	Z	Z8f
مطالبة	X	X7
ٱعترى	E	E6
مسكن	H	H1
جاب-	M	M1
تعايش	S	S5
راديكالي	N	N5+/A2.1
تعاطي	A	A1.1.1
ٱنحصر	Z	Z99
ٱكتتاب	Q	Q1.2/G1.1
غيار	A	A9/S1.1.2
حالم	X	X5.1-/S2mf
كتيب	Q	Q4.1
مكلف	Z	Z99
تابعي	Z	Z99
إعصار	W	W4
مشار	Q	Q2.1/N4
كلفة	I	I1.3
تلاشى	A	A10
متعب	A	A12
لف-	B	B5
عذراء	S	S9
زيف	A	A5.4
أنجب	Z	Z99
أحدق	M	M6
زخرف	C	C1/H1
ٱستغراب	X	X2.6
تعميم	A	A4.2
لندني	Z	Z2
تأخير	T	T4
متداخل	A	A6.1
طلبة	Z	Z99
عربة	M	M3fn
تهيأ	Z	Z99
زينة	O	O4.1
خزانة	G	G1.1/I1.1c
أبدع	T	T3
أعمى	X	X3.4-/B2
عي-	Z	Z99
مملوك	A	A9
حوت	L	L2mfn
ٱسترجاع	A	A9+/N6
سجادة	H	H5
شامخ	S	S1.2.3
بروتين	O	O1
تمرين	K	K5.1
كحول	F	F2
إخفاء	A	A10
حواري	P	P1/S2mf
منصة	M	M3/M7
شرطي	Z	Z99
سهرة	Z	Z99
ٱنسجم	M	M4
قامة	N	N3.7
حت-	A	A1.1.2
أحمق	S	S1.2.6
حسني	Z	Z99
مغزى	A	A11.1
أقنع	Q	Q2.2
ٱستماع	X	X3.2
غرار	S	S1.1.1
موسيقار	K	K2/S2mf
كابوس	X	X4.1/A5.1
ميراث	A	A9+/S4
إناء	M	M4fn
عذر	A	A2.2
نقاد	Q	Q2.2/S2mf
أوج	X	X5.2
نابلس	Z	Z99
خجل	G	G2.2
مستوطنة	M	M7
ٱغتصاب	G	G2.1-/S3.2
سباح	M	M4/S2mf
لي	O	O4.4
ممرض	B	B3/S2mf
تبديل	A	A2.1
توسعة	N	N3.2+/A2.1
مفسدة	G	G2.2
كلسيوم	O	O1
محرر	Q	Q4/I3.2/S2mf
خيانة	G	G2.1
فتش	X	X2.4
مطابقة	A	A6.1
مستغرب	Z	Z99
تقبل	A	A9
بهاء	O	O4.2
أحرى	N	N5
جائع	F	F1-/B1
عزيمة	X	X6
أمبير	O	O3
صيحة	Q	Q2.2/X3.2
مؤيد	S	S8+/S2mf
ٱستعانة	A	A1.5.1
مجهز	A	A9
كلبي	L	L2
ٱنطباع	X	X2.1
أهمل	A	A1.9
تحلل	A	A1.1.1
إحاطة	M	M6
سلمان	Z	Z1m
مضاف	N	N5+/A2.1
رحب	Q	Q2.2
غسيل	B	B5
مسبوق	Z	Z99
عرش	H	H5/S7.1
ناشط	G	G1.2/S2mf
نموذجي	A	A5.1
زايد	Z	Z99
غش	G	G2.2-/A5.2
زائدة	B	B1
أرسى	Z	Z99
مديد	T	T1.3
حفري	A	A1.1.1
رضيع	B	B1
مجد	X	X2.2
صنوبر	Z	Z99
قابع	S	S5
ميدالية	O	O2
قلما	N	N6
مصرف	I	I1/H1
صراف	I	I1/S2mf
مختلط	A	A6.3
حيال	Z	Z5
ليف	O	O1.1
ألزم	S	S6
منكر	N	N3.5
مشروب	F	F2
شفت	O	O2
مقدسي	Z	Z5
ٱختناق	A	A1.7
مفرد	N	N5
متشابه	A	A6.1
معلومة	Z	Z99
حجاز	Z	Z99
متفاوت	A	A6.1
كلوة	B	B1
رابط	A	A1.1.1
يحيى	Z	Z1m
كلاسيكي	A	A4.1
جوز	Z	Z99
بدني	B	B1
جف-	O	O1.2
ٱستهل	T	T2
آي	Z	Z8mf
تشكل	Z	Z99
تفاوت	A	A6.1
صداع	B	B2
نزل	H	H4
شقاء	E	E4.1
مخزون	A	A9
سواد	O	O4.3
تفاقم	Z	Z99
ٱستخلاص	B	B3
حسي	Z	Z99
معمور	S	S2
إلكتريك	Z	Z99
جزر	F	F1
همس-	Q	Q2.1/X3.2
مجنون	S	S1.2.6-/S2.2m
فتحي	Z	Z99
إكمال	T	T2
مندوب	G	G1.1/S2mf
بائس	E	E4.1
ٱستخراج	B	B3
تجول	M	M1
صاغ-	X	X2.1
عشية	Z	Z99
تزلج	K	K5.1
زن	X	X3.2
أكثرية	N	N5+++c
جسدي	B	B1
حذف	N	N3.7-/A2.1
خلي	S	S6
قبطي	S	S9/S2mf
جلب-	M	M2
شمل	I	I3.1/S5+c
إجمال	Z	Z99
زعم	Q	Q2.2/A5.2
ناشر	Q	Q4.1/S2mf
فخار	C	C1
ٱنشغل	Z	Z99
لاس-	X	X3.1
أضخم	N	N3.2
تبرير	G	G2.2
تشكيلة	A	A6.3
غزال	L	L2mfn
جماهيري	N	N5
خاطر	X	X1
مكمل	T	T2
ٱطرح	X	X7
قباني	Z	Z99
سخر-	Q	Q2.2/S1.2.4
سكة	M	M3
إبان	T	T1
طمأنينة	E	E3
رقيب	G	G3/S7.1+/S2mf
ظلمة	W	W2
إلمام	X	X2.2
مضي	T	T2
ٱنتهاك	B	B2
عاقل	S	S1.2.6
قطيعة	A	A1.1.2
ثلاثمائة	Z	Z99
رقي	A	A5.1+/A2.1
سكون	E	E3
ٱلتقاء	S	S1.1.3
سعلة	B	B2
سلف	S	S4/T1.1.1
مفاد	X	X2.1
هول	E	E5
متاعب	Q	Q2.2/E2
قسط	G	G2.2
ساد	S	S8
هرب-	M	M1
وهي-	Z	Z99
تدقيق	A	A5.3
ثعبان	L	L2mfn
ياسين	Z	Z99
هبة	A	A9
هبوط	H	H2
تعاظم	Z	Z99
مسطح	O	O4.4
ساري	X	X9.2
إفادة	S	S8
أبسط	A	A12
فجوة	N	N3.3
طي	A	A10
ٱنطلاقة	T	T2
توت	Z	Z99
كوميدي	E	E4.1
مدفوع	I	I1.1
أناء	S	S5+c
تلمس	X	X3.3
نيابة	S	S1.1.1
جبيل	Z	Z99
ٱثنا	Z	Z99
ذمة	S	S8+/A15
سطوة	E	E3
ٱهتدى	Z	Z99
ثلاثيني	T	T3
عطل	S	S8
ٱستبعاد	Z	Z99
مسعى	X	X8
سر-	E	E4.1
غ	Z	Z99
نيو	Z	Z99
هب-	S	S8
مشبوه	X	X2.1/A5.1
إضفاء	A	A9
تحطيم	A	A1.1.2
باهظ	A	A1.7
متراكم	A	A9
معلوماتي	Y	Y2/X2.2
دفاعي	A	A10
ريفي	G	G1.1c
ممتحن	X	X2.4
ٱنغلاق	A	A1.1.1
صلابة	O	O4.5
ٱندفاع	N	N3.8
سيلة	W	W3/M4
جولف	K	K5.1
حشري	Z	Z99
مطرد	T	T2
دأب-	T	T2
أط	Z	Z99
سبت	O	O2
شن-	I	I1.1/I3.1
ٱنصراف	M	M1
ضاغط	J	JJ
أطلع	Q	Q2.2
غرناطة	Z	Z3c
شن	M	M4
عبور	M	M1
جنيف	Z	Z2
خر-	Q	Q2.2/X3.2
نعى-	E	E4.1
منهاج	X	X4.2
ٱنحياز	O	O4.4
مكثف	N	N5
صلح	E	E3
تيسير	Z	Z99
باء-	M	M6
قطبي	W	W3
طالع	X	X2.4
تاج	Z	Z2
جحر	O	O2
كلينتون	Z	Z1mf
هروب	A	A1.7
حرر	A	A1.7
مراسل	Q	Q4.2/S2mf
جرار	M	M2
غاندي	Z	Z99
شكلي	S	S1.2.1
أسل	N	N3.8
ربوي	X	X5.2
ٱحتج	Q	Q2.2
شكر-	S	S1.2.4
وراق	Z	Z99
فضي	O	O4.3
صوري	S	S1.2.1
لباس	B	B5
مولى	S	S7.1+/S2.2m
رواج	I	I2.2/N5
جزية	I	I1.1/G1.1
شراع	M	M4
إلحاح	S	S7.1+/Q2.2
طمأن	A	A1.1.1/E3
حسم	M	M7
حرباء	L	L2
لقمة	F	F1/N3.2
غلبة	X	X9.2
مكنة	O	O2
ترعرع	Z	Z99
إيذاء	A	A1.1.2
مولود	Z	Z99
ٱسترخاء	A	A1.7
كر	E	E3
فرملة	M	M3
عوض	Z	Z99
تقرر	Z	Z99
أنطاكية	Z	Z2
أغلبية	N	N5+++c
عاطفة	E	E1
بروز	A	A11.1
ملتزم	X	X5.2
فوتوغرافي	C	C1
قيصر	Z	Z1m/T1.1.1
ٱنتسب	Z	Z99
مقنع	A	A7
سارق	G	G2.1-/S2mf
رافع	M	M2
ٱستمرارية	T	T2
منفذ	M	M1
معتدل	N	N5
جموع	N	N5
خطر-	A	A2.1
شوق	X	X7
هادف	X	X7
شاليه	H	H1
معلن	Q	Q2.2/S2mf
تحري	X	X2.4
واقي	S	S8
تحرى	X	X2.4
ٱصطدام	A	A1.1.2
غارق	L	L1
جمر	O	O2
عسى	A	A7
أجاز	S	S7.4
إسترليني	I	I1
زنزانة	Z	Z99
مرشد	S	S8
واقف	M	M6
متين	O	O4.5
مدمج	N	N3.2
قت	Z	Z5
بهر-	X	X3.4-/B2
رشح	X	X7+/Q2.2
صدق-	Z	Z99
منسي	X	X2.2
نسوة	S	S2.1f
همام	S	S1.2.2
منقار	L	L2
شحم	N	N3.2
قناعة	E	E4.2
أودى	A	A1.1.2
ألفي	Z	Z99
مسن	S	S7.1
مصمم	X	X6
باني	H	H1
تحفيز	Z	Z99
قهر-	X	X9.2
تفصيلي	A	A4.2
شين	M	M1
حبس	A	A1.7
مرق	F	F1
واثق	A	A4.2
متشدد	G	G1.2/S2mf
حمض	O	O1
مورثة	B	B1
أديم	B	B1
إنجاب	Z	Z99
تزييف	A	A5.4
ضاعف	N	N5
طمح-	S	S1.2.2
مستند	Z	Z5/A2.2
صلصة	F	F1
حسد-	S	S1.2.2
شاذ	Z	Z99
نقلة	M	M6/A2.1
مستنقع	W	W3
مرجو	Q	Q2.2
لب	A	A11.1
ملأك	S	S9mf
أتبع	M	M1
ٱستوطن	H	H5
لطيف	O	O4.2
صميم	N	N3.3
جم	N	N5
خاصية	A	A4.2
ٱحمر	E	E1/B1
جاك	Z	Z1mf
ٱلتصق	A	A1.7
أبوظبي	Z	Z99
ضريح	L	L1-/H1
عاقبة	A	A2.2
بديعة	A	A5.1
إظهار	Q	Q1.1
خيبة	E	E4.2
عطار	B	B3/S2mf
سرد	N	N1/N4
زبيدة	Z	Z99
تلقاء	Z	Z5
إفتاء	Z	Z99
حجب	A	A10
قصار	K	K5.1/H2
سالف	N	N4
ناصري	Z	Z5
صومعة	Z	Z99
ختل-	N	N5
وسع-	Z	Z99
إفساد	G	G2.2
أنذر	X	X2.2+/A15
أثقل	A	A12
راسخ	A	A1.8
تبريد	O	O4.6
نجا-	A	A1.7
ٱزدحام	S	S5+c
أسهل	M	M2
أليم	B	B2
جدر-	A	A1.2
صويا	F	F1
آني	A	A5.4
غزالي	Z	Z99
دبابة	O	O2
مستورد	I	I2.2/S2mf
أندريه	Z	Z1m
رقي-	M	M1
قذف-	G	G3
مجيب	S	S1.1.2
ظر	O	O1.1
أجير	I	I3.1/S2mf
سلفي	Z	Z99
دوحة	Z	Z99
تسمم	E	E3
متدين	S	S9
صحب-	S	S1.2.1
مجر	W	W1
فوري	N	N3.8
كرتون	O	O1.1
عنب	F	F1
بربري	Z	Z2
جحيم	S	S9
شبابي	T	T3
سياج	H	H2
متناول	F	F1/B1
ملأ-	H	H4
منظف	O	O4.2
طمع	S	S1.2.2
خبر-	Z	Z99
فيدرالي	Z	Z99
حضر	A	A1.1.1
بشار	Z	Z99
وثق-	E	E6
هكتار	N	N3.6
تصحر	W	W5
ٱسترداد	A	A9+/N6
أنس	Z	Z99
أحيى	X	X5.2+/A2.2
إتاحة	A	A9
تتبع	A	A1.1.1
وافي	S	S6
مقلى	Z	Z99
تعاطى	Q	Q4.3
ٱنتحاري	L	L1
جلي	A	A7
ٱحتفل	E	E4.1
دش-	S	S5+c
آذى	B	B2
تخصصي	A	A4.2
تعميق	N	N3.3+/A2.1
إباحة	S	S7.4
تعارض	E	E3
حدق-	A	A1.8
نبرة	A	A11.1
تنبؤ	Q	Q2.2/T1.1.3
مصغر	N	N5-/A2.1
محسوب	X	X7
أبدي	T	T2
تشغيلي	A	A1.1.1
قطن-	H	H4
ٱستعراض	Q	Q4
حمص	Z	Z99
تطهير	Z	Z99
نبوءة	Q	Q2.2/T1.1.3/S9
فيتنام	Z	Z2
عجب-	Z	Z99
تمايز	Z	Z99
جبر	S	S7.1
صقر	L	L2mfn
كاليفورنيا	Z	Z2
جريء	O	O4.1
تنبه	Z	Z99
مصحوب	S	S3.1
صراط	X	X4.2
ٱجتاز	X	X9.2+/S7.3
أحفظ	E	E3
خصيص	A	A14
مساندة	S	S8
صالون	Z	Z99
معترف	X	X2.2
أصلى	B	B2-/O4.6
صلى-	F	F1
حصاد	F	F4/O2
إسناد	Z	Z99
تكافل	Z	Z99
شيك	X	X2.4/A5.3
تحفظ	Z	Z99
بح-	Z	Z99
سكرتير	I	I3.2/S2mf
خلص-	X	X6
آدمي	S	S2
دعوي	Z	Z99
فطري	L	L3
هونج	Z	Z1m
تقي	S	S9
تجويد	K	K2
هوى-	M	M1
عم-	Z	Z99
نشأ	N	N5+/A2.1
ألمع	W	W3/M4
سرى-	M	M4
بوسطن	Z	Z2
أرييل	Z	Z1mf
مستدير	Z	Z5
قاتم	O	O4.3
ٱمتنع	S	S1.1.3
أوسلو	Z	Z2
غرور	A	A5.2
مرتب	S	S7.1
وجع	B	B2
بدائي	T	T3
برمجي	Y	Y2
مأخوذ	A	A9
شيبة	Z	Z99
ترشيح	X	X7
إستنبول	Z	Z2
بنيان	O	O4.1
توسط	T	T1.1.2
تعظيم	S	S7.2+/Q2.2
أثير	E	E2
أغفل	A	A1.9
تلفاز	Z	Z99
إرث	A	A9+/S4
توافد	Z	Z99
سميث	Z	Z1mf
معاوية	L	L2mfn
ٱستثنائي	A	A6.2
إنشائي	H	H1
ٱنتفض	X	X2.2
تجريب	G	G2.1
رحل	P	P1/G2.1
تحليق	M	M5
رئوي	B	B1
حق-	Z	Z99
ٱنتقد	Q	Q2.2/E2
باح-	Q	Q2.2
كميت	O	O4.3
ذاع-	F	F1
بؤس	E	E4.1
قهوة	F	F2
إماراتي	Z	Z99
أنار	W	W2
حافلة	M	M3fn
ٱختصاصي	X	X2.2
بنكي	I	I1/H1
ظاهري	A	A8
طازج	T	T3
مالح	X	X3.1
جندب	L	L2mfn
طيبة	A	A5.1
وازى-	Z	Z99
ترحيب	S	S1.2.1
غسل-	B	B4
طلاق	S	S4
هين	W	W2
وليمة	F	F1
رش	N	NN1
برتغالي	Z	Z2
جمود	O	O4.6
شاع-	M	M2
تحلى	T	T2
قبض	G	G2.1
بتة	X	X6
أذاع	Q	Q4.3
بنفسجي	O	O4.3
متاهة	M	M7
ٱنعدام	Z	Z99
حجري	O	O4.1
رماد	O	O1.1
تقطع	Z	Z99
تلحين	Z	Z99
إثم	G	G2.1
ٱعتزال	I	I3.1
صاعد	M	M1
حاور	Z	Z99
عكف-	A	A1.7
مفسد	G	G2.2
طنجة	Z	Z99
ٱنخرط	O	O2
اللهم	A	A5.2
نكح-	S	S4
معبر	Q	Q1.1
مجيد	O	O4.2
نكبة	A	A5.1
تعبيري	Q	Q1.1
منكوب	A	A1.1.2/G2.1/S2mf
حينذاك	Z	Z5
أزور	O	O4.4
تعدين	I	I4
رومان	Z	Z99
ماشي	T	T1.1.2
تجسد	A	A3
إساءة	Q	Q2.2/S1.2.4
مستحدث	A	A1.1.1
مجهود	X	X8
قشر	B	B1
مفتي	B	B5
كونج	Z	Z2
ربو	B	B2
منتهى	N	N5.1
صفاء	A	A5.4
بغى-	X	X7
أحصى	N	N2
مجهري	N	N3.2
هام-	M	M1
هرب	G	G2.1
قصصي	A	A5.2
أنفي	B	B1
تسنى	Z	Z99
مستحضر	A	A1.1.1
تنويع	A	A6.3
درع	G	G3
ورقي	Q	Q4.2c
عشق-	S	S3.2
ضم	A	A2.2
نصب-	Z	Z99
أمد	A	A9
لامس	X	X3.3
أحال	Q	Q2.2
مصيري	A	A11.1
مغمور	A	A10
فقد	I	I1.2
حداد	C	C1/S2mf
مصادرة	G	G2.1/A9
ممزق	Z	Z99
شكولاتة	F	F1
إنعاش	X	X5.2
تصاعد	M	M1
زحام	S	S5
مسموح	S	S7.4
ٱستغرب	Z	Z99
محصور	A	A10
ٱعتنق	S	S3.2
حامي	O	O4.6
مجري	Z	Z2
روعة	E	E5
ٱندرج	Z	Z99
نحت	O	O4.4
فسيح	N	N3.7
سوقي	I	I2.2
بص-	A	A8
صائم	A	A9-/G2.2
أرجح	N	N5
إبلاغ	Q	Q2.2
سعد-	Z	Z99
ملابسة	Z	Z99
أح	B	B2
دمام	Z	Z99
أعقب	M	M1
فولكلوري	Z	Z99
مثلث	O	O4.4
سكن-	Z	Z99
ٱختبأ	M	M7/A10
متنقل	M	M1/N3.8
قرش	L	L2mfn
تفكيك	A	A1.1.1
مأمول	X	X2.6
فقري	B	B1
أفقي	O	O4.4
تكيف	A	A2.1
ٱفتقر	A	A9
لازمة	A	A1.7
زبد	F	F1
عدي	Z	Z99
بؤرة	M	M6
حراسة	A	A15+/I3.2/S2mf
قالب	A	A4.1
تنقية	B	B4
ملحن	Z	Z99
جاهد	Z	Z99
فرانس	Z	Z2
سبعين	T	T1.3
ٱمتل	Z	Z99
فيروسي	L	L2
تفرد	Z	Z99
بالي	Z	Z99
ريتشارد	Z	Z1m
دفن	L	L1
تبليغ	G	G2.1
جواد	S	S1.2.2
متفوق	A	A5.1
أنشد	X	X2.4
وجيز	T	T1.3
ضاحية	H	H4/M7
ٱندلع	Z	Z99
لاهث	Z	Z99
صحوة	N	N6+/N3.2+/A2.1
رمي	M	M2
طيف	A	A6.3
تشييد	H	H1
تلف	A	A1.1.2
حقنة	B	B3
باخرة	M	M4fn
عبث-	A	A2.1+/G2.2
ألمنيوم	O	O1.1
ثناء	E	E2
فهرس	Q	Q4.1
خلود	L	L1+/T2
عفوي	X	X7
بارع	X	X9.1
تدوير	M	M1
وجودي	X	X4.1
ركوب	Z	Z99
تخطي	M	M1
تقصير	N	N5
ترهل	Z	Z99
تجاوب	Q	Q2.1
أعاق	S	S8
دا	Z	Z99
إبحار	M	M4
تماسك	O	O4.5
بحارة	M	M4/S5+c
راديو	Q	Q4.3
إزاحة	M	M2
برلماني	G	G1.1/S2mf
حاسوب	Y	Y2
ٱختل	S	S7.1-/A2.1
ضباب	W	W4
قسم-	A	A6.1-/E3
سهم-	Z	Z99
لم-	S	S9/Q1.1
ٱعتزم	Z	Z99
تأسيسي	A	A11.1
باهت	O	O4.3
صب	A	A1.1.1/O1.2
إسكان	H	H1
زيتي	O	O4.1
ٱعتذار	Q	Q2.2
نفر	G	G3/S2mf
أهان	Q	Q2.2/S1.2.4
تقانة	A	A5.1
زبدة	Z	Z99
سهر-	Z	Z99
تفاح	L	L3
طين	O	O1.1
تنافسي	S	S7.3
تأريخ	T	T3
وراثة	A	A9+/S4
ورود	A	A10
صد	S	S8
جهراء	Z	Z99
كبت	S	S7.4
ٱنتقاد	Q	Q2.2/E2
شيرين	Z	Z99
صيدلة	Y	Y1
صيدلية	B	B3/H1
قروي	F	F4/M7
مناصر	S	S8+/S2mf
وضعي	A	A5.1
صيت	X	X3.2
لغز	X	X2.2
تسعون	N	N1
ساند	S	S8
ٱنحسار	A	A10
مقصور	N	N5
حطم	X	X3.2
نبض	X	X9.2+/S7.3
شجيرة	L	L3
معمار	H	H1/I3.2/S2mf
عق	S	S8
فضول	X	X5.2
عائل	I	I3.1/S2mf
عمومي	N	N5
بترولي	O	O1.2
ضيعة	I	I1.2
تعاقد	I	I2.1
ٱستوقف	A	A9
مجزرة	L	L1
منظار	Q	Q4.3/S2mf
أموي	Z	Z99
معمول	A	A1.5.2
إزعاج	E	E3
فحم	O	O1.1
تجسس	G	G3
بياض	O	O4.3
سمح	Z	Z99
مربى	P	P1
فرس	L	L2mfn
ٱلتباس	Q	Q3
مرعى	W	W3/L3
ماد	T	T4
كلامي	Q	Q2.2
ناجي	A	A3+/S2mf
سادة	O	O4.1
مستجد	T	T3
ماليزيا	Z	Z2
تنظير	Z	Z99
ملحمة	L	L1
قوام	S	S8
رزق-	A	A9
أنطاكي	Z	Z99
ٱستحوذ	X	X9.2+/S7.3
أفتى	Z	Z99
تربى	Z	Z99
ٱقتحام	E	E3
بيني	Z	Z99
أحرز	A	A9
شمسية	B	B5
بدن	B	B1
ٱنحنى	O	O4.4
ٱستقلالي	S	S5
إحراز	X	X9.2
خياط	B	B5/S2mf
شل-	Z	Z99
موعود	A	A7+/Q2.2
ٱنعقاد	A	A9
لمح	Q	Q2.2
جاسر	Z	Z99
ماشية	F	F4
تزيين	C	C1
عبوة	O	O2
كلثوم	Z	Z99
إنكار	Q	Q2.2/Z6
نزع	M	M2
أنعام	Z	Z99
زاهد	S	S1.1.3-/S2mf
بطون	H	H2
تسلية	S	S8
رسوبي	Z	Z99
بوينغ	Z	Z3c/M5
تغليف	A	A1.1.1
تغذى	Z	Z99
فرعي	K	K5.1/S2mf
زخرفة	C	C1/H1
جرب	P	P1
كوري	Z	Z2
مأساوي	E	E4.1
خ	Z	Z99
نهب	G	G2.1
خنزير	L	L2mf
شطر	N	N5
شريان	B	B1
عجل	N	N3.8
خر	A	A1.1.2
ممتلئ	N	N5.1
تدعيم	S	S8
ٱستحدث	T	T2+/A2.1
متساوي	A	A6.1
متقطع	S	S8
ديناميت	G	G3/O1.1
ختم	Q	Q1.1
فوزي	X	X9.2
شفاف	O	O4.3
حدوة	O	O2/L2
مزعج	E	E3
ٱرتاد	M	M1
زاخر	N	N5.2
تأكل	A	A1.1.2
وفاق	A	A6.1
ترويجي	I	I2.2
ٱتزان	O	O4.1/B1
دس-	O	O2
حجز-	A	A9
دستوري	G	G1.1
رجح	A	A11.1
زخر-	N	N5.2
قطن	Z	Z99
فناء	A	A1.1.2
إسوار	B	B5
سيتي	M	M7/I2.1c
مقص	O	O2
وحش	L	L1
متقارب	N	N4
مخبر	G	G2.1/S2mf
أفقد	A	A9
طبري	Z	Z99
دموع	E	E4.1
طر	A	A1.1.1
أمات	E	E5
ذخيرة	G	G3
فضيحة	G	G2.2
أمازيغي	Z	Z2
متسارع	N	N3.8
شوال	O	O2
مصدق	A	A5.2+/A8
بادئ	T	T2
ٱستغناء	Z	Z99
رحاب	M	M7/P1
مبسط	A	A12+/A2.1
حركي	Y	Y1
مستهدف	S	S8
ٱقتناء	I	I2.2
ٱستشهاد	S	S9
حرقة	O	O4.6
مكشوف	A	A10
طارق	X	X3.2
والي	S	S7.1+/S2mf
خشى	E	E5
معزول	A	A9
نسخ-	A	A5.4
دخيل	M	M7
غليون	M	M4
صمام	O	O3
كتيبة	G	G3/S5+c
معصوم	A	A5.1
نثر-	M	M1
ٱبتدع	X	X7
مخصب	F	F4/O1
تبعة	A	A2.2
ويليام	Z	Z1m
قنفذ	L	L2mfn
جمبري	L	L2mfnc
منار	W	W2/H1/M4
حماد	Z	Z99
غل	G	G2.1
مانشستر	Z	Z2
موجع	B	B2
آمر	S	S7.1+/S2mf
أيقظ	X	X2.2
تناثر	Z	Z99
ٱستدر	W	W3/M4
أربعاء	T	T1.3
لاهاي	Z	Z99
ٱستيطان	M	M7
مضاعف	N	N5
ٱرتياح	E	E3
جابر	Z	Z99
رطب	O	O4.1/O1.2
أقسى	O	O4.5/A2.1
بساط	M	M3/M7
هاشم	Z	Z1m
محامي	G	G2.1/I3.2/S2mf
خضوع	S	S7.1
معكرونة	F	F1
تابوت	O	O2
ضخامة	Z	Z99
تهيئة	A	A1.1.1
جماهيرية	Z	Z99
فيليبين	Z	Z2
عاشور	Z	Z99
شراب	Z	Z99
مطاف	A	A2.2
أرتوازي	Z	Z99
مشوه	O	O4.4
متفجر	A	A15
دمر-	L	L1
ثائر	E	E3
كسل	X	X5.2
نائي	N	N3.3
ٱحترق	Z	Z99
قاصد	M	M6
حرفي	I	I4
مارك	Z	Z1m
منيرة	Z	Z99
بكي-	E	E4.1
يافع	T	T3-/S2mf
ذعر	E	E5
ميكروب	Y	Y1
ترشيد	S	S8
رأسمال	I	I1.1
ميكانيكي	O	O2
زربية	H	H5
ألمح	Q	Q2.1
مستطيل	O	O4.4
أجندة	Q	Q1.2/X7
سكين	O	O2
وسع	X	X9.1
ٱعتدال	Z	Z99
طية	O	O4.4
ترقق	Z	Z99
تقييد	A	A1.7
طوى-	O	O4.4
مفترض	S	S6
حازم	A	A7
ٱستوى	Z	Z99
منحدر	W	W3
كينيا	Z	Z2
ٱنحدر	M	M1
نفحة	X	X3.5
واكب	S	S3.1
ٱنتظم	Z	Z99
متلاحق	N	N4
زبون	E	E3
رسا	M	M1
قدوة	A	A4.1
زاحف	N	N3.8-/A2.1
ٱمتزج	A	A4.1
غسان	Z	Z99
ٱنعقد	Z	Z99
بالم	Z	Z99
ماع-	A	A1.1.1
مخيلة	X	X2.1/A6.2
مقتنى	A	A9
خمسمائة	N	N1
رشاد	G	G2.2
متطوع	I	I3.1/I1.1-/S2mf
مرسوم	Q	Q2.2
غشاء	A	A10
سيولة	I	I1
تفريغ	N	N5
وزاري	G	G1.1c
نطق-	Q	Q2.1
ٱستطاعة	X	X9.1
سوبر	A	A5.1
أصعد	Z	Z99
نعيم	S	S8
معادل	A	A6.1
غمرة	W	W4
سكب-	A	A1.1.1/O1.2
نفيس	E	E2
منظرة	Z	Z99
تآكل	A	A1.1.2
دهر	S	S9
ذباب	A	A10
مكي	Z	Z99
مجاعة	F	F1
صر-	X	X3.2
إطالة	N	N3.7+/A2.1
رن-	Q	Q1.3
ٱستخلص	N	N5
صفا	O	O1.1
لح-	Z	Z99
دمعي	B	B1
ألزهايمر	Z	Z1mf
ملاحة	M	M4
صفية	L	L2mfn
تكييف	B	B4
قصب	L	L3
ٱنتعاش	N	N6+/N3.2+/A2.1
مسحوق	M	M6
عقب-	M	M1
متكلم	Q	Q2.1
وشك	Z	Z99
محبب	E	E2
أزهري	Z	Z5
ليلي	T	T1.3
رطل	Z	Z99
منقول	Q	Q2.1
إنكليزي	Z	Z2
شمع	O	O1.1
معدي	B	B2
إلهام	S	S8
معابد	Z	Z99
تماشى	Z	Z99
جب	O	O2
قلادة	B	B5
تايمز	Z	Z3c
عباد	L	L3
جليدي	O	O4.6
تحميل	A	A12
حمولة	N	N3.5
ٱنتساب	A	A2.2
متأمل	Z	Z5
مبين	A	A10
ٱستنزاف	B	B4
ٱرتجف	M	M1
شارد	A	A1.7-/S2mf
شراسة	E	E3
عادى	Z	Z99
حوزة	A	A9
مطاردة	P	P1/G2.1
راود	X	X5.2
أنيق	O	O4.2
أبصار	X	X2.1
ضفاف	I	I1.1
نزول	M	M1
سميع	X	X3.2/S2mf
كجم	N	N3.5
جبين	B	B1
شمسي	W	W1
معاكس	A	A6.1
منتسب	S	S5
مناقصة	X	X6
سمنة	N	N3.2
خصب	O	O4.1
ساجد	S	S9/S2mf
بدعة	X	X2.1
حمدي	Z	Z99
شاب-	G	G2.2
باطني	H	H2
مشى	A	A2.1
رحيق	L	L3
برع-	A	A5.1
داخلة	Z	Z99
تولد	Z	Z99
بادرة	Q	Q1.1/B1
خصر	B	B1
ضارب	A	A11.2
تقلص	B	B3/S2mf
تأتى	A	A2.1
عقيق	W	W3
تغريب	Z	Z99
جاه	N	N5.2
فرج	E	E4.1
تعرية	A	A15
مدر	N	N5.1
بصوة	Z	Z99
رينو	Z	Z3c
نقيض	Z	Z5
مغترب	Z	Z2/S2mf
هيكلية	O	O4.1
أوب	M	M6
مرير	A	A2.1-/X2.1
بوصة	N	N3.7
والدي	S	S4
أرغم	S	S6
أعج	O	O4.4
ندر-	Z	Z99
عدواني	S	S1.2.1
إبل	L	L2mfn
نحر	L	L1
مذبحة	L	L1
كوخ	H	H1
تضييق	N	N3.7
لذيذ	O	O4.2
رمادي	O	O4.3
ناموس	G	G2.1
رملي	W	W3
لواء	O	O2
خرسان	A	A15
برود	O	O4.6
ٱشتعل	Z	Z99
شع	W	W2
داعم	S	S8+/S2mf
غذى	F	F1
ٱنتخابي	G	G1.2/X7
غيب	N	N3.3
بال-	B	B1
تقاطع	M	M3
وفير	N	N5
مقتدر	X	X9.1
مبشور	O	O4.1
مروي	Q	Q2.1
خاتم	Q	Q1.3
ند	S	S7.1+/S2mf
خاتمة	X	X6
مقطع	N	N5.1
عداوة	S	S1.2.1
بهي	O	O4.2
شعبان	Z	Z99
مناهض	S	S7.3/S2mf
نرويج	Z	Z2
تماثل	A	A6.1
طرد-	P	P1/G2.1
مخترق	H	H2
رافدة	S	S8
مفسر	Q	Q2.2/S2mf
ملزم	S	S6
ضاء-	W	W2
عالمية	G	G1.2
متلازمة	B	B2
براز	B	B1
أنوف	E	E4.2+/S1.2
سبانخ	F	F1
إقفال	A	A1.7
لبس	Q	Q3
سامر	Q	Q2.1/S2mf
مضمار	K	K5.1/H1
لوس	Z	Z99
أنيس	S	S1.2.1
أرشيف	Q	Q1.2/A9
ريب	A	A7
مشروعية	G	G2.2
ٱنخراط	A	A2.2
جدية	A	A11.1
ريا	X	X3.5
رعية	S	S7.1
مهرج	E	E4.1+/S2mf
جدد	T	T2+/A2.1
هارب	A	A1.7-/S2mf
مضيء	A	A5.1
موعظة	Q	Q2.2
محتوي	A	A1.8
متوافق	Z	Z99
ملازم	G	G3/S7.1+/S2mf
ولاء	S	S6
سلجوقي	Z	Z99
خشية	E	E5
عشا-	Z	Z99
سعير	O	O4.6
تلاحق	Z	Z99
لغم	I	I4
إبريق	O	O2
تمويلي	I	I1
ٱجتياح	G	G3
هجر	M	M1
خف-	N	N5-/A2.1
خطوبة	S	S4
مخاطي	S	S1.2.3
تحكيم	G	G2.1/X6
جار-	Z	Z99
مبعوث	Q	Q2.1/S2mf
معرى	A	A10
غنيمة	I	I1.1
ٱستغنى	Z	Z99
تأجير	I	I2.2
لؤلؤ	O	O1.1
دب-	M	M4
حكة	O	O2
نبع	M	M1
إخلال	A	A1.9
تظاهرة	S	S1.1.1
مرابحة	Z	Z99
ترف	I	I1.1
قم	O	O4.4
ٱثنتان	N	N1
سبق	A	A11.1
محاصر	A	A1.7
هوة	W	W3
فيض	N	N5
أسند	S	S8
ٱستدل	X	X2.5
ٱكتمال	T	T2
متجانس	A	A6.1
فلج	W	W3/M4
دابة	Z	Z99
بلير	Z	Z1
عشريني	T	T3
محض	A	A11.1
مبلل	O	O1.2
أوه	Q	Q2.2
ركيزة	S	S8
نشيد	K	K2
فتحة	A	A1.1.1
براعة	X	X9.1
غزل	S	S3.2
ترقية	S	S7.1+/A2.1
إحضار	M	M2
وصى	Q	Q2.2
عس	Z	Z99
تخ-	E	E3
سل-	M	M2
تربص	Z	Z99
بجدة	B	B1
ٱسمي	S	S7.1
يمام	L	L2mfn
ترحال	M	M1
مدلول	X	X2.1
ملاحقة	E	E3
ولج-	M	M1
ٱستبداد	Z	Z99
إغراء	A	A2.2/Q2.2
تافه	A	A11.1
إلحاق	A	A2.2
عدل-	Z	Z99
يسير	A	A12
رصد-	X	X3.4
ركب-	S	S7.1+/S5+c
دكان	I	I2.2/H1c
سباعي	N	N1
حكمت	Z	Z99
نفق	O	O2
فلس	Z	Z99
ورث-	A	A9+/S4
حصاة	O	O2
ٱقترن	Z	Z99
تيسر	Z	Z99
حضري	M	M8
تلفت	Z	Z99
مربي	P	P1/S2mf
زورق	M	M4fn
تألم	E	E4.1
عدس	F	F1
عثر	Z	Z99
خرطوم	Z	Z99
حسام	G	G3
موصول	A	A2.2
حاوي	K	K4/S2mf
وهج	O	O4.6
بلاطة	Z	Z99
ريبة	A	A7
لاث-	W	W5
ٱستشفاء	Z	Z99
متعصب	X	X5.2
واصف	Q	Q2.2
باذنجان	Z	Z99
فيرجينيا	Z	Z2
تحصين	H	H1/G3
ويندوز	Z	Z99
ٱستقام	Z	Z99
بلسان	B	B3/O1.1
ملء	N	N5.1+/F1
أكفر	Z	Z99
خلدون	Z	Z99
خنجر	G	G3/O2
عص	O	O4.5/A2.1
مهيأ	X	X7
أبات	Z	Z99
مرن	O	O4.5
أسبق	N	N4
شعاعي	Y	Y1
راسب	X	X9.2
تعجيل	Z	Z99
إنترناشيونال	Z	Z99
قاص	Q	Q4.1/S2mf
مغذي	F	F1/A5.1
رود	M	M1
ناخب	G	G1.2/S2mf
متسائل	I	I1.3
مرتقب	X	X2.6
إعجاز	Z	Z99
سياب	Z	Z99
أشبع	E	E4.2
غارة	G	G3
ٱشتغال	X	X5.1
ندرة	A	A6.2
تعجب	Z	Z99
نادرة	Q	Q2.1
هجري	Z	Z99
قشرة	B	B2
موسع	N	N3.2+/A2.1
شفيق	X	X2.5+/S1.2
ٱرتداد	M	M1
مشغل	I	I4/H1
مشتعل	O	O4.6
شعلة	O	O4.6
ٱستخرج	N	N5
مزاولة	A	A1.1.1
مقرب	N	N3.3
منتصر	X	X9.2
ٱستخبار	X	X9.1
ديان	S	S9
ٱستراحة	E	E3
تقديري	X	X6/A7
ألان	O	O4.5
داس-	Z	Z99
أهدأ	A	A1.1.1/E3
حساسي	X	X2.5+/E1
خلف-	X	X9.2
إمعان	X	X2.4
دني	S	S1.2.2
حمار	Z	Z99
قرينة	S	S4f
مؤامرة	G	G2.1
إحكام	A	A5.3
ٱحتراق	O	O4.6
أحرق	B	B2-/O4.6
أشاد	S	S7.2+/Q2.2
أنجح	N	N5
زائف	A	A5.4
خلوي	S	S5
راض-	A	A1.1.1/E3
قرط	B	B5
سابقة	A	A3
محمول	M	M1/N3.8
مشجع	S	S8+/S2mf
تنبأ	Q	Q2.2/T1.1.3
تكتل	G	G1.1/S5+c
لادن	Z	Z99
قابلية	X	X9.1
خلاق	X	X2.1/A6.2
مقيد	A	A1.7
حلاوة	X	X3.1
مطول	O	O4.1
موئل	A	A15+/M7
بلقنة	Z	Z99
ربوع	M	M7
عبدالكريم	Z	Z99
تهميش	A	A1.8
معدة	B	B1
عار	G	G2.2
سحيق	N	N3.3
نسق	S	S7.1
رقعة	O	O2
صدقي	Z	Z99
فاتيكان	Z	Z2c
عبدالحميد	Z	Z99
مرحب	Q	Q2.2
حزمة	O	O2
إيفا	Z	Z1f
أوبك	Z	Z3
مكتشف	A	A10
ترابط	S	S5
تو	Z	Z5/N3.8
ركبة	B	B1
سخي	S	S1.2.2
عرضي	A	A1.4
تطاير	M	M1
ٱستقامة	A	A5.3
بم	Z	Z5
سيستاني	Z	Z99
عشرة	S	S5+c
منعطف	T	T1.2
صبري	Z	Z99
ناجع	A	A1.5.2
ٱنحطاط	N	N5-/A2.1
محال	S	S1.2.6
تسيير	M	M2
عنخ	Z	Z99
لاصقة	Q	Q3
عنيد	A	A2.1-/X2.1
بلجيكا	Z	Z2
ٱئتماني	I	I1.1
ٱحول	Z	Z99
سيراميك	O	O1.1
باشر	I	I1.1
شتوي	T	T1.3
محاور	Q	Q2.2
حسبان	N	N2
أقسم	Q	Q2.2/S1.2.4
معاق	B	B2
مبتسم	E	E4.1
خلع-	Z	Z99
شرجي	B	B1
حنيف	S	S9
إهانة	Q	Q2.2/S1.2.4
بلاء	A	A12
عبرة	B	B1
مصادفة	A	A1.4
منحني	G	G2.1
أنأى	N	N3.3
شان-	A	A1.1.2
هاتفي	Q	Q1.3
تحاور	Q	Q2.2
فينيسيا	Z	Z2
بس	Z	Z5
ساطع	O	O4.3
تسخير	A	A1.5.1
ٱختزل	N	N3.7-/A2.1
يسر	A	A12
تطوعي	X	X7+/S6
فخامة	Z	Z99
دنمارك	Z	Z2
تخوف	E	E5
طبخ	F	F1
مستضعف	E	E2
رازي	Z	Z99
إذلال	G	G2.2
رقبة	X	X3.4
ٱنساق	Z	Z99
دفة	A	A4.1
نمطي	S	S1.2.1
عسير	S	S1.2.5
ثبوت	A	A6.1
سنوسي	Z	Z99
جامد	O	O4.6
ضياء	W	W2
عضلي	B	B1
غلطة	A	A5.3
مودة	B	B5
تسمى	Z	Z99
حبيبة	O	O2
سماحة	Z	Z99
بهج	A	A5.1
ماثل	X	X3.4
حثيث	N	N3.8
رائعة	C	C1
علو	N	N3.7
جوف	B	B1
صقع	M	M7
مزج-	O	O1.1
ٱطمأن	Z	Z99
خيرة	A	A9
حث	S	S8
أفهم	Z	Z99
مومياء	S	S4f
بقل	L	L3
ممتع	E	E4.2
أدرج	O	O2
ٱنبثق	M	M2
مضني	B	B2
ٱضطهد	E	E3
تدرج	A	A5.1+/A2.1
راج-	M	M2
موجز	N	N3.8
تجزأ	Z	Z99
وديع	E	E3
ٱنبهار	Z	Z99
لز-	S	S5
برية	W	W3
سميك	N	N3.7
أكسجة	Z	Z99
صوم	A	A9-/G2.2
طلال	Z	Z1m
نغمة	K	K2
تسليط	X	X5.2
تقاضى	G	G2.1
ٱقتبس	Q	Q2.2
عالق	A	A2.2
خائن	G	G2.2-/S2mf
عكسي	Z	Z5
عماد	O	O2
تقاعد	I	I3.1
آسف	Z	Z4
عقول	S	S1.2.6
ذهنية	X	X2.1
جالية	M	M7/S7.1
متدرب	P	P1/S2mf
مرغوب	X	X7
مضر	A	A1.1.2
جاهلية	Z	Z99
تناقص	Z	Z99
خالة	Z	Z99
كوفة	Z	Z99
أب-	X	X7
غالي	I	I1.3
ستر	B	B5
ٱستفسار	Q	Q2.2
تورط	A	A1.8
ٱنبنى	Z	Z99
ٱضطرب	Z	Z99
إسهال	Z	Z99
سكينة	E	E3
تأشير	Q	Q1.2
مضايقة	A	A12
مسوغ	Z	Z99
وكى-	Z	Z99
لحاق	S	S5+c
تساوى	Z	Z99
لقطة	C	C1
عداء	M	M1/N3.8+/S2mf
مايسترو	K	K2/S2mf
عزاء	S	S8
ٱلتف	N	N4
تغيب	Z	Z99
ضخ	M	M2
طبل	X	X3.2
لف	L	L3
ضجة	X	X3.2
غفلة	A	A1.9
مستعمل	A	A1.5.1
رقيقة	A	A4.2
تلاحم	Z	Z99
إقصاء	M	M2
وسطي	W	W5
مها	Z	Z99
رئاسي	G	G1.1/S7.1
ٱجتذب	O	O4.2
ٱندمج	Z	Z99
مروج	Q	Q2.2/S2mf
جاذب	O	O4.2
أضحك	E	E4.1
رياح	Z	Z99
إثراء	A	A5.1+/A2.1
قص	A	A1.1.1
ملاحق	S	S7.1-/S2mf
ناهيك	Z	Z99
أثنى	S	S7.2+/Q2.2
أميل	N	N5
ٱنفصل	Z	Z99
صفيح	Z	Z99
طاغوت	S	S7.2+/S2mf
ٱضطلع	X	X2.1
ضحى	T	T1.3
ٱستواء	O	O4.4
توجب	Z	Z99
تين	F	F1
صنعة	C	C1
عزا-	A	A2.2
أكيد	A	A4.2
متنامي	Z	Z99
توخى	X	X7
عقيم	X	X9.2
غيرة	E	E4.1-/S3.2
جسيم	A	A5.1
جنى-	F	F4
سماعة	K	K3
مدرج	A	A1.1.1
مليح	X	X3.1
روج	S	S8
كلم	B	B2
قم-	B	B4
خوذة	B	B5
بسمة	E	E4.1
مرجان	L	L3
دلو	O	O2
تعمير	A	A5.1+/A2.1/H1
شمعة	O	O2/W2
مخلب	L	L2
زرزر	L	L2mfn
رعد	W	W4
كسر-	K	K1/T1.3
حشا	H	H2
تسارع	N	N3.8
ؤخر	T	T4
فرجة	E	E4.2
نزيل	G	G2.1/S2mf
ساهر	B	B1
دأب	S	S1.1.1
حامض	O	O1
ضراوة	E	E3
حسنة	A	A5.1
مواطنة	G	G1.1
ٱنزعج	Z	Z99
وصلة	Z	Z99
نزاهة	G	G2.2+/E2
منازل	S	S7.3+/S2mf
تطير	X	X2.6/A5.1
ٱستعار	A	A9
ٱنتقى	X	X7+/A5.1
دءوب	T	T2
حص-	Z	Z99
إدراج	Q	Q1.2/G1.1
متناثر	M	M1
مكتسب	A	A9
محوري	A	A11.1
أستاذي	Z	Z99
يونايتد	S	S5
زرقة	Z	Z99
مطارد	K	K5.1/S2mf
قبرصي	Z	Z2
جلود	E	E3
وجداني	E	E1
جبن	Z	Z99
رمان	Z	Z99
تشرد	H	H4-/S2c
إرشادي	P	P1
تشنج	E	E3
جاوز	K	K5.1
عاطل	A	A1.5.1
كمل	N	N5.1
جبور	Z	Z99
امرؤ	S	S2.2m
أرفض	T	T2
نوبي	Z	Z99
تجفيف	O	O1.2
تسمع	B	B3
تنصير	Z	Z99
إفراط	N	N5.2
نقال	M	M2
زعتر	Z	Z99
مدريد	Z	Z2
زول	N	N3.3
مصنف	A	A10
مزار	S	S9
لائق	A	A1.2
ملتصق	A	A1.7
بورصة	I	I1/I2.2
ماركة	Q	Q1.1
حماقة	S	S1.2.6
أمطر	W	W4
تهاون	S	S7.2
متأني	A	A1.3
بريماكوف	Z	Z99
ضحكة	E	E4.1+/X3.2
لامع	A	A5.1
صنم	S	S7.2+/S2mf
نوتة	Z	Z99
صات-	Q	Q2.2/X3.2
رونق	W	W2
مكتبي	I	I2.1/H1c
لصق	O	O1
منفي	Q	Q2.2/Z6
بطرس	Z	Z1m
أقلق	E	E3
بلورة	A	A1.1.1
مجاملة	S	S1.2.4
إمامة	S	S7.1
تحليلي	X	X2.4
حلل	X	X2.4
واضع	M	M2
أسن	T	T3
تركة	A	A9+/I1.1
وارث	S	S4mf
موضعي	M	M7
خضم	N	N3.2
تجانس	A	A6.1
محلول	X	X4.2
إسراء	Z	Z99
كاريكاتور	C	C1
أعيى	S	S8
ٱستورد	I	I2.2/M2
سمي	X	X7.2
زيى	B	B5/A5.1
رباع	K	K5.1/S2mf
لائكية	Z	Z99
مجتمعي	S	S5
حلبة	K	K5.1/H1
كوميديا	E	E4.1
بدد	N	N5.2
مثار	X	X5.2
ٱعتزاز	E	E4.2+/S1.2
تحفيظ	Z	Z99
قبع-	M	M2
حقن	A	A9
تمحيص	A	A7+/Q2.2
بالى	S	S8
تبخر	O	O1.3
ترعة	W	W3/M4
مفر	A	A1.7
هد-	A	A1.1.2
ٱحتقار	S	S7.2
لج	W	W3
إيضاح	Q	Q2.2/A7
راء	Z	Z99
سنتمتر	N	N3.7
ملخص	N	N3.7-/A2.1
خاطبة	S	S3.2/S2mf
حقير	O	O4.2
نشط-	Z	Z99
متباعد	A	A6.1
خطف	G	G2.1
عبد-	S	S9
نبيه	X	X9.1
عصف-	Z	Z99
أغرق	M	M2
لأم	B	B3/O2
حفاوة	Q	Q2.2
أعال	S	S8
لوني	O	O4.3
أمعن	Z	Z99
نشط	X	X5.2
مسة	X	X3.3
خطف-	G	G2.1
نتر	Z	Z99
ربيعي	O	O2
عطية	A	A9
ٱرتضى	A	A6.1
ناقض	A	A6.1-/Q2.2
ٱشتهى	X	X7
أصحب	S	S3.1/S2mf
تجلية	A	A7+/Q2.2
تخلل	Q	Q3
مغنطيسي	O	O4.1
قذف	M	M4/O2
مسح-	X	X2.4
أرضى	E	E4.2
تناسق	S	S7.1+/Q2.2
أضرب	T	T2
تعري	B	B5
تستر	A	A10
زبير	Z	Z99
نثري	Q	Q3
ماركسي	Z	Z99
عقلانية	Z	Z99
حصد-	F	F4
ٱنقضى	T	T2
إرضاء	E	E4.2
زل-	A	A5.3
تفهم	X	X2.5
قميص	B	B5
سرف	N	N5.2
ٱقتلع	M	M2
أرمني	Z	Z2
مستنسخ	A	A6.1
تشديد	S	S1.2.5+/A2.1
ٱبتغى	X	X7
خفى-	M	M7/A10
إنقاص	N	N5-/A2.1
علاء	N	N3.7
مبتدئ	T	T2
مشحون	N	N5
أروع	N	N5
لاصق	O	O4.1
صبا	T	T3-/S2mf
سعاد	Z	Z99
ٱنكشف	Z	Z99
فحيحيل	Z	Z99
تحطم	K	K1/T1.3
عبدالقادر	Z	Z99
حطام	O	O1.1
سنغافورة	Z	Z2
خافت	O	O4.3
أضر	A	A1.1.2
إمبراطورية	G	G1.1
عفو	G	G2.1
مفاوض	Q	Q2.2/S2mf
خفق-	M	M1
مجمد	O	O4.6
إجهاض	B	B3
حلية	O	O2
ٱسترد	B	B2
رباعي	N	N1
سد-	O	O2
حلو-	Z	Z99
ملصق	A	A1.7
تناسلي	S	S3.2
إمبريالي	G	G1.1/S2mf
دلتا	Z	Z99
روم	Z	Z99
تابل	F	F1
أجج	T	T2
بلغ	Q	Q2.1
بردي	Z	Z99
نطق	Q	Q3
تكريس	X	X5.2
شروق	T	T1.2
شفط	Z	Z99
تصلب	O	O4.5
نحت-	C	C1
رغوث	Z	Z99
زهيد	N	N5
منصرم	T	T1.3
أسري	H	H4
أصلح	A	A5.1+/A2.1
أدرى	X	X2.2
أفرح	Z	Z99
بارودي	Z	Z99
مسيطر	S	S7.1+/S2mf
ٱنتحار	L	L1
ميشيل	Z	Z1m
حتمية	S	S6
مرسل	M	M2
رجب	Z	Z99
يرقة	Z	Z99
أيمن	A	A5.3
متحرر	Z	Z99
تتويج	S	S7.1
ٱستسلام	S	S7.1
أطاع	S	S7.1
أيوب	Z	Z99
ٱستلام	Q	Q1.2/I1
أقطع	A	A1.1.1
تأدية	X	X9.2
منتدى	S	S1.1.3
ٱحتباس	A	A9
إسحاق	Z	Z1m
معجون	O	O1.1
ٱنحرف	A	A6.1
ٱحتار	A	A7
صرع	B	B2
ٱحتراف	I	I3.2
مثبط	S	S8
ٱنهار	A	A1.1.2
ٱزدواجية	Z	Z99
آمون	Z	Z99
صارع	Z	Z99
كزبرة	F	F1
مارد	G	G3/S2mf
تجدد	T	T1.1.2/A2.1
توأم	S	S5
بندقية	G	G3
مشفى	B	B3
أسطوري	S	S9/Q2.2
ٱصطلاح	A	A6.2
ٱدخار	A	A9
بعث	A	A9
خان-	G	G2.2
درهم	Z	Z99
متوجه	M	M6
أعصم	E	E2
سرب	M	M5/S5+c
ديكتاتوري	S	S7.1
ٱستذكر	X	X2.2
مطور	A	A2.1
إشعاعي	Y	Y1
أسمنتي	O	O1.1
سذاجة	Z	Z99
لحن-	Z	Z99
ٱهتزاز	W	W3
ساذج	S	S1.2.6
سقى-	A	A9-/O1.2
فنجان	Z	Z99
مخرب	G	G2.1-/S2mf
ألعوبة	K	K6
تطابق	Z	Z99
ٱستأذن	Z	Z99
شعبية	E	E2
كريه	O	O4.2
نيوتن	Z	Z1mf
فادح	A	A12
ويل	E	E4.1
عمى	X	X3.4
لاذقية	Z	Z99
مملوء	N	N5.1
ترقب	X	X2.6
دعي	S	S4/S2mf
عنان	W	W4
تنهد	Q	Q2.2/X3.2
مقطوع	A	A1.1.1
خندق	O	O2
لبنة	Z	Z99
خنق-	M	M3/O2
تباهى	S	S1.2.3+/Q2.2
غلف	B	B5
جدال	Z	Z99
بردية	Z	Z99
ملل	X	X5.2
برتقال	Z	Z99
حجب-	M	M7/A10
أشعل	O	O4.6
رج-	M	M2
تجريد	B	B5
سبل	Z	Z99
مأثور	Q	Q4.3
حرير	O	O1.1
إبرة	A	A10
مغار	W	W3
توغل	M	M1/E2
متوحش	E	E3
فوسفات	Z	Z99
سوم	S	S6
مطبع	Z	Z99
كوريا	Z	Z2
قيمي	Z	Z6
أنجلس	Z	Z2
حجازي	Z	Z5
لاح-	A	A8
ملا	S	S9/S2.2m
مقاربة	X	X2.1/A7
أنب	Q	Q1.2/E2
مسقوف	A	A10
تراءى	A	A8
ممل	X	X5.2
مبهم	A	A1.6
تعاطف	Z	Z99
مصالحة	S	S1.2.1
فوج	G	G3/S5+c
ساط-	E	E3-/O2
عهد-	X	X2.2
كيلوجرام	N	N3.5
ٱرتياد	M	M1
لمع-	W	W2
أثينا	Z	Z2
متطلع	A	A8
ٱستنكر	Q	Q2.2/Z6
منعزل	N	N3.3
محبة	S	S3.2
تمثيلي	T	T1.2
مفرق	M	M3
مزين	O	O4.1
بنيوي	O	O4.1
نزار	Z	Z99
لعن	Q	Q2.2
مشروط	A	A2.2
سرح-	Z	Z99
إشكال	Q	Q3
طلق	B	B4
معتزلي	Z	Z99
لبس-	B	B5
ٱنتزاع	M	M2
قير	Z	Z99
ٱنقرض	Z	Z99
حام-	M	M1
كر-	N	N6
مجسم	B	B1
مفرط	N	N5.2
كسب	A	A9
هنري	Z	Z1mf
جاسم	Z	Z99
فرحان	E	E4.1
بيطري	L	L2
نيكل	O	O1.1
قتالي	S	S8
أعدى	B	B2
عض	O	O4.6
أحيائي	L	L1
ماز-	A	A6.1
إستروجين	B	B1
نكسة	S	S8
حاز-	Z	Z99
نكر-	Q	Q2.2/Z6
ٱعتنى	Z	Z99
تحيز	E	E2
راش	Z	Z99
أزاد	A	A9
تصديق	X	X2.1
أذاب	A	A1.1.1
وشر-	Z	Z99
مغلوب	X	X9.2-/S2mf
بصيرة	X	X2.5
غسل	B	B4
ذريعة	X	X4.2
جرح-	B	B2
مشكل	E	E3
مايكل	Z	Z1m
جسمي	B	B1
تخم	M	M7
مستنير	O	O3/W2
وطئ-	Z	Z99
ألفت	N	N4
ٱستشعار	E	E5
أهدر	A	A1.7
رواق	H	H2
ذاق-	X	X3.1
أشرك	S	S5
كاشف	P	P1/S2mf
دشن	T	T1.1.2
غرس	B	B3
ك	Z	Z5
جادل	E	E3
حنفي	Z	Z99
يقظ	B	B1
بيولوجيا	Y	Y1/L1
فسد-	A	A6.1
إهداء	A	A9
زراع	F	F4/S2mf
ٱنتداب	S	S7.1
ترحيل	M	M2/G1.1
مجدول	O	O4.4
برثن	L	L2
جمل	L	L2mfn
تقرب	X	X4.2
مطحنة	Z	Z99
شعير	L	L3
نجل	S	S4m
جارحة	L	L2/F1
مشعل	O	O3/W2
أغر	S	S7.2
تنشأ	N	N3.2+/A2.1
ٱنتقاء	X	X7
إخضاع	S	S7.1
تكثيف	N	N3.4
أورث	O	O4.3
نحى	A	A9
عمة	Z	Z99
إشادة	S	S7.2+/Q2.2
أوزون	O	O1.3
تعذر	Z	Z99
كنسي	S	S9
واهن	S	S1.2.5
تبدى	A	A8
أروى	A	A9-/O1.2
شريطة	O	O4.1
إنشاد	Q	Q2.2
جنبة	A	A4.1
بوليس	G	G2.1
خدم	S	S7.1-/S2mf
أزعج	E	E6
مضحك	S	S1.2.6
باحة	H	H2
ٱستدعاء	G	G2.1
ٱنقض	I	I3.1
متناهي	N	N5.1
ميعاد	A	A7+/Q2.1
ضحا-	A	A8
باس-	S	S3.2
لسع	O	O4.6
ٱعتد	X	X2.1
ٱستقل	Z	Z99
شظية	O	O2
هزة	W	W3
غرق-	B	B4/H5
مغرض	E	E2
ٱشتراكية	G	G1.2
فرز-	X	X7+/A5.1
شارح	Q	Q2.2/S2mf
قبلي	M	M6
مايكروسوفت	Z	Z3c
ستيفن	Z	Z1m
بيوت	T	T3
مجدي	A	A1.5.2
تهذيب	A	A5.1+/A2.1
وضعية	S	S7.1
أفرج	A	A1.7
أباطيل	A	A5.2
خطب-	H	H4
ٱهتز	M	M1
مئذنة	Z	Z99
مناوئ	S	S7.3/S2mf
تهدئة	E	E3
طحين	F	F1
تدريسي	X	X9.1
قفل	O	O2
مرجعي	S	S7.1
أسوة	A	A5.1
مهدئ	S	S7.1+/S2mf
شاحب	O	O4.3
شحمي	O	O1
شافي	B	B3
إلزامي	S	S6
أطلانطي	Z	Z2
رضوان	S	S7.4
إقلاع	M	M1
ٱستوحى	Q	Q1.1/S8
ٱبتداع	T	T3
إيحاء	Q	Q2.2
ندى	O	O1.2/W4
تضريس	Y	Y1/W3
قرعة	G	G1.2
ديكتاتورية	S	S7.1
أدق	N	N5
قلع	M	M4
متعارف	A	A6.2
ٱنتقالي	A	A2.1
إلزام	S	S7.1
إجبار	S	S6
هدنة	G	G3
بلاط	G	G2.1
ديكور	Z	Z99
ضايق	A	A12
سبأ	Z	Z99
بديع	A	A5.1
رحابة	Z	Z99
فرديناند	Z	Z1m
تجلي	A	A10
جاز	O	O1.2
نجمة	A	A11.1
عصار	F	F2
تدوين	Q	Q1.2
إياب	M	M6
درء	S	S8
ٱستيطاني	M	M7
أنزيم	O	O1
تعيش	A	A3
عتمة	W	W2
أرعى	T	T1/O2
تنجيم	P	P1/W1
تهنئة	Q	Q2.2
تناقل	A	A9/S1.1.2
ديفيد	Z	Z1m
تهوين	S	S7.2
تأهب	X	X5.1
نكهة	X	X3.5
هناء	O	O1.2
تسريب	A	A1.7
زيوريخ	Z	Z2
منهك	B	B2
عبيد	Z	Z99
زينب	Z	Z99
طرق-	X	X3.2
واعظ	S	S9/S2mf
تدافع	M	M2
ولع	X	X5.2
تشكيك	A	A7
سابح	M	M4/S2mf
نهم-	Z	Z99
تفرع	Z	Z99
تسديد	I	I1.1
نذر-	Q	Q2.2
بيشاور	Z	Z2
عبادي	Z	Z99
درامي	K	K4
توطين	G	G1.1/S5
محايد	S	S5
دفيء	O	O4.6
وظف	I	I2.2
جلب	A	A9
دسم	N	N3.2
تناسل	A	A6.1
أغلبي	N	N5+++c
منتزه	M	M7/L3
عيال	S	S7.1-/S2mf
زعفران	L	L3
خبأ	M	M7/A10
منوي	A	A11.1
جرافة	O	O2
تسليح	G	G3
ٱرتباك	A	A1.8
مرحاض	B	B4/H5
أشرب	Z	Z99
أنهض	N	N5+/A2.1
زعامة	S	S7.1
معتدي	G	G3/S2mf
ٱستحال	Z	Z99
مشرب	F	F2
حلف	G	G3
قلوب	X	X9.1
قطعي	A	A7
غور	E	E4.1
سرور	E	E4.1
ٱعتلى	N	N5+/A2.1
إسراع	N	N3.8+/A2.1
علا	Z	Z99
كسا-	B	B5
ٱزدراء	S	S7.2
فعالي	X	X9.2
أشكل	Z	Z99
جمجمة	B	B1
ٱفتقار	S	S6
مكسرات	Z	Z99
نادل	I	I3.1/F1/S2.2m
هيبة	E	E5
در-	W	W3/M4
مشكور	S	S1.1.4
كثب	N	N3.3
مضيق	W	W3/M4
أوفى	X	X9.2
شكل-	Z	Z99
مهمل	O	O4.1
متوفى	L	L1-/S2mfc
خصوبة	B	B1/S4
حم-	Z	Z99
إبليس	S	S9
درج	Z	Z99
تجميد	O	O4.6
تفتح	Z	Z99
لام-	G	G2.1
خاسر	X	X9.2-/S2mf
خانة	O	O2
مدقوق	A	A1.1.2
تخصيب	B	B1/S3.2
عرقل	S	S8
أمنية	X	X7
جماد	O	O1.1
نمى	T	T4
معونة	S	S8
قات	Z	Z99
ٱلتمس	Q	Q2.2
تتلمذ	Z	Z99
كين	Z	Z1m
سال-	M	M4
ذكري	S	S2.2
صخري	O	O2
صابون	B	B4
تطويع	I	I3.1/A9
إعراض	A	A1.9
أنصاري	Z	Z99
مداد	O	O1.2
متأكد	A	A4.2
وزن-	N	N3.5
تمحور	M	M1
خفض-	N	N5-/A2.1
باول	Z	Z1mf
ساعي	Q	Q2.1/S2mf
طافي	M	M1
منفتح	A	A10
رقب-	O	O2
برق	W	W2/W4
ٱتقى	A	A1.3
طفا-	O	O2
ٱنفراد	A	A10
أفرغ	N	N5
متحضر	A	A5.1+/A2.1
نصرة	S	S8
متورط	A	A1.8
متعمد	X	X7
وصاية	S	S7.1
توسل	Q	Q1.2
غفر	A	A15+/I3.2/S2mf
بابل	Z	Z1m
خفة	W	W2
مصيف	Z	Z99
فموي	B	B1
جوزيف	Z	Z99
بكين	Z	Z2
ملة	Z	Z99
خطا-	M	M1
عمامة	Z	Z99
مكيفات	F	F3
عريس	S	S4m
ٱتكأ	O	O4.2
غرو	A	A5.1
لمح-	X	X3.4
مصعد	O	O3
لاشيء	A	A3
أيوبي	Z	Z99
نضج-	T	T3
مخي	B	B1
نعم-	E	E2
عافية	Z	Z99
تقدمي	G	G1.2
واقعية	A	A3+/A1.6
دنماركي	Z	Z2
ٱنكفاء	M	M1
ظفر	O	O2
محروم	A	A5.1
ٱنهال	B	B4
رك-	A	A9
ورش-	S	S1.1.3
حارق	G	G2.1-/O4.6+/S2mf
ٱشتباك	S	S8
طاقم	M	M4/S5+c
حصانة	B	B2
إستوكهولم	Z	Z2
سعري	I	I1.3
تعمق	N	N5/X9.1
تعب-	Z	Z99
متردد	A	A7
عمد	X	X7
متواتر	T	T2
تفرغ	A	A1.7
طليق	S	S6
أفشل	S	S8
سفيان	Z	Z99
عهدة	S	S6
مسكون	S	S2
فلكي	P	P1/W1/S2mf
قسيس	S	S9/S2.2m
تلو	Z	Z5
نبضة	B	B1
صحا-	Z	Z99
كفر-	Q	Q2.2/S7.2-/S9
رقصة	K	K1
محرض	A	A2.2/S2mf
صياح	Q	Q2.2/X3.2
رداءة	G	G2.2
خلو	A	A1.7
خلوة	A	A10
مكسيكي	Z	Z2
بندق	F	F1
روبرت	Z	Z1m
ماكياج	O	O2
مصالح	Z	Z99
ركب	A	A1.1.1
دنا-	X	X4.2
فضيل	S	S7.1
عامية	Q	Q3
مزق	N	N5
تهجير	M	M2/G1.1
مترامي	N	N3.7
نغم	K	K2
أصح	N	N5
مسائي	T	T1.3
مثابرة	T	T2
تعريض	A	A15
تفضيل	E	E2
حض	A	A2.2/Q2.2
حض-	A	A2.2
هان-	Z	Z99
بالون	M	M5
أفاض	A	A1.1.1
أكلة	F	F1
ألق-	W	W2
حسيني	Z	Z99
موضة	B	B5
تشاؤم	X	X2.6/A5.1
أدلى	A	A9
نظم-	S	S7.1
معاودة	Q	Q2.1/N6
برلين	Z	Z2
ٱستوجب	X	X7
ٱفتراضي	X	X4.1
تفادى	A	A1.9
قوقعة	L	L2
بخاخ	O	O2
حدا-	T	T2
آ	Z	Z99
عزل	M	M2
تنويه	A	A10-/Q2.2
نوه	Q	Q2.2
لجام	O	O2
أجوف	O	O4.1
غاشم	S	S7.1
تقصي	X	X2.4
خواجة	M	M6/S2mf
موفاز	Z	Z99
خانق	B	B2
تذكير	X	X4.1
خلطة	O	O1.1
جناحي	G	G2.1-/S2mf
عب	F	F2/B1
تلخيص	N	N3.8
نافس	Z	Z99
كفالة	G	G2.1/I1
ٱنساب	M	M4
باكي	E	E4.1
ٱنكمش	B	B3/S2mf
رشدي	Z	Z99
حسم-	T	T2
إغماء	N	NN1
عزت	Z	Z99
حقوقي	G	G2.1/S2mf
ٱستفز	A	A2.2
تكساس	Z	Z2
غيري	S	S8+/S2mf
ٱحتفاء	H	H2
شامي	Z	Z2/S2mf
حسبما	Z	Z99
فتك-	A	A1.1.2
وضح-	A	A8
تفضل	Z	Z4
يائس	X	X2.6
تيه	A	A5.2
نظامي	X	X4.2
سوي	O	O4.4
ٱصطناعي	A	A5.4
دوار	B	B1
ٱنكماش	N	N3.2-/A2.1
تأجيل	T	T1.1.3
باراك	Z	Z99
ٱغتفر	G	G2.2
يونس	Z	Z1m
رفيقة	S	S7.1+/S2.1f
مأخذ	T	T2
مبعث	Z	Z5/A2.2
رامسفيلد	Z	Z99
هلاك	A	A5.1
صيوان	H	H1
مغرم	X	X5.2+/N5.2
باثولوجيا	B	B2
هلامي	O	O1.1/A2.1
تعقيم	Z	Z99
ميخائيل	Z	Z99
ٱحتذى	A	A6.1
تضاءل	N	N5-/A2.1
أزاح	N	N3.3
مدد	N	N3.3
بركان	W	W3
مناظر	A	A6.1
نبتة	F	F1
متفرج	X	X3.4/S2mf
غابر	T	T1.1.1
تلاوة	Z	Z99
ٱستئناف	T	T2+/N6
فضلة	N	N5.2+c
أذكى	T	T2
منازعة	A	A6.1
مأمن	H	H1/A10
قحلاء	O	O4.5
إحالة	M	M6/A2.1
مجوهر	O	O4.2
زفاف	S	S4
ملي	Z	Z99
إدماج	A	A1.8
معمر	S	S7.1
طلقة	G	G3
صرة	O	O2
مهذب	S	S1.2.4
غيظ	E	E3
تقيد	Z	Z99
فرز	X	X7
غبي	X	X9.1
نكتة	E	E4.1
شرعة	G	G2.1
ملهى	Z	Z99
تقاسم	Z	Z99
لقوة	Z	Z99
جبان	E	E5-/S2mf
منام	B	B1
صهريج	O	O2
نافورة	H	H1
تعدي	M	M1
رافد	Z	Z2
ديسك	O	O2
نهم	S	S1.2.2
أبكى	Z	Z99
أبر	X	X9.2
عيان	B	B1
توالد	A	A6.1
تلفون	Q	Q1.3
جاسوس	G	G3/S2mf
بيل	O	O1.1
وتر	O	O1.1
كوكبة	A	A11.1
خلافي	A	A6.2
وتيرة	X	X4.2
مطرز	C	C1
حورية	S	S9
جيمس	Z	Z1m
ألفة	X	X2.2
ملاذ	H	H1/A10
سداد	I	I1.1
صمد-	S	S8
نزف	B	B2
خزفي	O	O1.1
شلل	B	B2
آصرة	O	O2
ريفالدو	Z	Z99
رداء	B	B5
إرهاق	N	N3.5
خيالي	A	A5.2
أنطون	Z	Z1m
نزع-	N	N3.3
ستر-	O	O2
فصلي	T	T1.3
إتلاف	A	A1.1.2
عراقة	Z	Z99
ٱئتمان	E	E6
كدى	Q	Q2.2/E6
ضمني	A	A10
نزوع	X	X7
أدهش	X	X2.6
إرساء	M	M7/M4
لهو	K	K1
ٱرتعش	M	M1
صمود	X	X6
لحية	B	B1
حالما	Z	Z99
ٱمتدح	S	S7.2+/Q2.2
رجعة	M	M6
مهل	N	N3.8
فاحص	P	P1/S2mf
ٱشتكى	Q	Q2.2/E2
طائلة	E	E3-/Q2.2
مطالع	Q	Q4.1/S2mf
ٱدخر	I	I2.2/H1c
موالاة	S	S3.1
متشائم	X	X2.6/A5.1
أربكان	Z	Z99
تردي	A	A5.1-/A2.2
تسلط	S	S7.1
مترتب	S	S7.1
ٱستلقى	Z	Z99
جرثومي	B	B2
مقشر	B	B1
مفعم	O	O4.1
صفى	A	A7+/Q2.2
تلاعب	X	X5.2
متسع	N	N5
تنامي	Z	Z99
أريكة	H	H5
شعوري	X	X2.2
تخريبي	A	A1.1.2
كرنيش	Z	Z99
تمخض	F	F1
عليل	B	B2
صفق	E	E2
تطبيع	Z	Z99
هائم	X	X2.5
محتدم	O	O4.6
تأنيب	Q	Q1.2/E2
فخذ	B	B1
ثأر	E	E3
قراب	Z	Z99
شغب	E	E3-/S2mf
بغل	L	L2mfn
أشغل	H	H4
مخابرة	Q	Q1.2
طباع	S	S1.2
أكرم	Q	Q2.2
مص	B	B1
مكالمة	Q	Q2.1
إسطانبول	Z	Z2
زهري	B	B1
عجمي	Z	Z6
تحجب	A	A10
تأرجح	M	M1
هيروغليفي	Q	Q1.2
حدس	X	X2.1/A7
ٱستحداث	A	A1.1.1
أنثوي	S	S2.1
مقطوعة	N	N5.1
توحيدي	S	S5
تلقي	A	A9
مشترى	I	I2.2
رتى	A	A5.1+/A2.1
بولونيا	Z	Z2
خداع	G	G2.1-/S2mf
طنجرة	F	F1
بقدونس	F	F1
ٱنعطف	N	N4
روحاني	Z	Z99
عسكر	G	G3c
دعائي	Z	Z99
غلق-	Z	Z99
مشط	N	N5.2
لزوجة	O	O4.5
مدعوم	S	S8
ٱفترق	A	A6.1
لمحة	X	X3.4
منقطع	J	JJ
أذان	Z	Z99
متزن	A	A5.3
ٱنفعالي	E	E1
مقطعي	E	E3
بو	Z	Z99
نخب	X	X7
تفريع	A	A2.2
بارحة	T	T1.1.1
روي	B	B1/F2
شع-	M	M1
أصغى	X	X5.1
ميسر	B	B2
حران	B	B1/F2
ديمقراطية	G	G1.2
نط-	M	M1
مكسيك	Z	Z2
حيثية	X	X2.1
تدنى	Z	Z99
ضائع	X	X9.2
ربة	S	S2.1f
محروق	O	O4.6
حبر	Z	Z99
بطال	E	E5
فاقد	Z	Z99
متعاقب	N	N4
أيم	S	S4
تذبذب	A	A2.1
مقوي	S	S1.2.5+/A2.1
أنبأ	X	X2.2
مشرع	G	G2.1/S2mf
أخاذ	X	X5.2
حبيس	A	A10
تثبيط	Z	Z99
حياء	S	S1.2.3
بواب	I	I3.2/H2/S2.2m
أرقط	O	O4.1
أماز	A	A6.1
أكسب	Z	Z99
عاطف	X	X2.5+/E1
تعاقب	N	N4
يئس-	E	E4.1
ناضل	Z	Z99
أقعى	O	O4.1/B1
برونزي	O	O4.3
خليق	A	A1.2+/I3.2
خار-	X	X7
عض-	B	B1
غم	E	E6
هوس	B	B2-/X1
بويض	Z	Z99
لاذ-	Z	Z99
تمتم	Q	Q2.2/B2
حراك	M	M1
باي	Z	Z99
فاصلة	Q	Q3
بارود	G	G3/O1.1
منشغل	A	A1.1.1/N5
بشير	Q	Q2.2/S2mf
ميسور	A	A7
ٱنسداد	A	A12
عاصي	S	S8
بور	F	F4
مشتغل	I	I3.1/S2mf
عج-	Q	Q2.2/X3.2
رغيف	F	F1
محراب	Z	Z99
بكرة	O	O2
إشغال	H	H4
معلب	O	O2/F1
مطب	W	W3
كيلا	Z	Z99
سويف	Z	Z99
أندلسي	Z	Z99
برنارد	Z	Z1mf
لمس	E	E1
وسن	B	B1
بندقي	Z	Z2
إندونيسيا	Z	Z2
ٱغتال	L	L1
صرف-	M	M2
إميل	Z	Z99
قوى	S	S1.2.5+/A2.1
مستعصي	A	A12
عنصرية	S	S5+/Z2
مسلي	K	K1
ٱستتاب	A	A2.1+/S2mf
ٱستشراف	X	X3.4
ٱنتهك	A	A1.1.2
زهد	A	A9-/G2.2
طرب	E	E4.1
تدني	N	N5-/A2.1
أرشد	S	S8
مؤسف	E	E4.1
سهر	Z	Z99
محصل	I	I1/S2mf
حاكى	A	A6.1
أفلاطون	Z	Z1m
حمد-	S	S7.2+/Q2.2
مقتبل	A	A11.1
قرنة	O	O4.4
أملس	O	O4.5
دورية	X	X2.4/S5+c
ٱعتصم	F	F1
أسقف	S	S9/S7.1+/S2mf
طلل	N	N5.2+/A1.5.1
فطر-	Z	Z99
صام-	S	S1.1.3
صيام	A	A9-/G2.2
جلاء	A	A7+/Q2.2
ساتر	Y	Y2
منقوص	N	N5-/A2.1
بسط	A	A1.1.1
أطلسي	Z	Z2
أطلس	Q	Q4.1/W3
قاموس	Q	Q4.1
سخونة	O	O4.6
مأرب	X	X7
قمامة	A	A5.1
تدبر	X	X2/S9
متوارث	A	A9+/S4
حصى	O	O2
رينيه	Z	Z99
يهودية	S	S9
تكبير	N	N5+/A2.1
ٱلتهب	Z	Z99
مصون	S	S8
ٱنتقاص	B	B2
منبعث	M	M2
مضطرب	E	E6
مشدود	N	N3.2
نسخ	Q	Q1.2
بوتين	Z	Z99
رشيق	O	O4.2
هجين	N	N5
أفرط	Z	Z99
تعمد	Z	Z99
رشاقة	Z	Z99
ٱستشهادي	S	S9
فتن-	X	X5.2
روتيني	A	A6.2
ظبي	Z	Z2
عبدالهادي	Z	Z99
مميت	A	A5.1
نقاب	B	B5
نش-	X	X3.2
تأهل	P	P1
حصير	H	H5
فتاك	L	L1
ٱستغفر	Q	Q2.2/S1.2.4
ألهم	S	S8
مناقض	A	A6.1
مفوض	G	G1.1/S2mf
آري	Z	Z99
سمكي	L	L2mfnc
حصر-	M	M6
ٱثنين	T	T1.3
تعاسة	E	E4.1
ملجأ	H	H1/A10
متصوف	Z	Z99
نسر	L	L2mfn
زماني	T	T1.1
أنقص	N	N5-/A2.1
مهاجمة	G	G3
شوكة	O	O2
تكشف	Z	Z99
رخاء	Z	Z99
لهفة	E	E6
تبسيط	A	A12+/A2.1
جماع	A	A6.3
صبغية	B	B1
قمري	W	W1
هدر	N	N5.2
خصي	Z	Z99
فلل	O	O4.4
ٱنتفى	Z	Z99
طفيلي	L	L2
مرتكز	X	X5.1
طفولي	T	T3-/S2mf
غريزة	Z	Z99
تعريفة	Q	Q2.2
صبغ	O	O4.3
لد	Z	Z99
أعرف	N	N5
هش	E	E4.1
دك	A	A1.1.2
شي	O	O4.6
متقن	E	E6
ٱستنشاق	B	B1
أخوي	S	S5
كبريت	O	O2
مخفف	N	N5
بطرسبورغ	M	M3/H3
غرس-	B	B3
كفة	Z	Z99
تملك	A	A9
إحلال	A	A9
كعك	F	F1
أخضع	S	S7.1
مغري	A	A1.1.1
مخفض	N	N5-/A2.1
متتابع	N	N4
نسل	S	S4
أومأ	A	A11.1
عبدالجبار	Z	Z99
نوري	W	W2
مكبر	K	K3
تغطى	Z	Z99
سخر	A	A1.1.1
وهمي	X	X2.1
محضر	S	S1.1.3
ظلم-	E	E3
براق	A	A5.1
بلة	O	O1.2
حليم	Z	Z1m
مرفوع	O	O4.4
وهلة	T	T1.2
ٱنهمر	A	A1.1.1/O1.2
عبداللطيف	Z	Z99
نشوة	F	F2
خفاش	K	K5.1/O2
مجهر	O	O2/Y1
نفل	G	G2.1-/A9
غلام	S	S2.2m
شورب	Z	Z99
ثواب	Z	Z99
صيداء	Z	Z2
تشخيصي	B	B3
لافتة	Q	Q1.2
تقصى	X	X2.4
مناورة	M	M1
مرمى	K	K5.1
بطارية	O	O3
بغدادي	Z	Z5
محاماة	S	S8
نوال	S	S8
إرباك	X	X2.5
توصيف	A	A4.1
بسام	E	E4.1
ساء-	B	B2
فخ	A	A1.7
مائت	L	L1
هادى	Z	Z99
صدري	B	B1
عوام	M	M4/S2mf
مجاز	G	G1.1/Q1.2
معاء	B	B1
متخذ	A	A9
ٱحتشد	S	S5
تغنى	Q	Q2.2
حافي	B	B1
صد-	G	G3
ضحل	N	N3.7
تخليد	Z	Z99
ترسانة	G	G3
ٱحتمى	Z	Z99
مثقل	A	A12
دقق	Z	Z99
قحطاني	Z	Z99
عيل	Z	Z99
تقية	S	S1.2.6
مخاطرة	X	X8
سبات	B	B2
شمولي	W	W3
بليغ	Q	Q2.2/S2mf
ٱنسلاخ	M	M1
قيصري	Z	Z99
بوتو	Z	Z99
كفل-	S	S8
غوث	S	S8
مخاطبة	Q	Q2.1
معى	B	B1
تخليص	A	A1.1.1
عطش	B	B1/F2
تهوية	O	O2
شجن	E	E6
غيلم	L	L2mfn
متح	Z	Z99
ترجمان	Q	Q3/I3.2/S2mf
تقليب	A	A2.1
حناء	L	L3
إخاء	S	S5+c
عزف-	K	K4
تكسر	A	A1.1.2
عبري	Z	Z2/Q3
برعم	L	L3
مدفن	M	M7/L1
مجازي	Q	Q3
حموي	Z	Z5
قب	O	O2
داهم	G	G3
نصرانية	S	S9
عمادة	Z	Z99
سطوع	O	O4.3
محفل	S	S5+c
قران	S	S4
متناسب	A	A2.2
بودرة	O	O1.1
ملفوف	O	O4.1
ٱستكمل	N	N5.1
شذ	A	A6.1
مخطئ	A	A5.3
لدن	O	O4.5
سرداب	H	H2
خطيئة	A	A5.3
فهمي	Z	Z99
تايلند	Z	Z2
ٱنضباط	G	G2.1
ناس-	M	M2
مستحق	I	I1.1
بارك	S	S9
رفاه	B	B2
دومينيك	Z	Z1
أنسب	N	N5
أوكراني	Z	Z2
تذوق	E	E2
بطاطس	Z	Z99
زكام	Z	Z99
تزمت	O	O4.1
وجهي	B	B1
عاصف	E	E3
منتقى	X	X7
مخاطب	Z	Z99
مدخر	I	I1.1/S2mf
ٱنسلخ	A	A1.7
علني	S	S5
ٱستلهام	S	S8
مواتي	E	E4.2
أطفأ	O	O4.6
هلع	X	X5.2+/S1.2
ردع	S	S8
لبيب	S	S1.2.6
فضولي	X	X5.2
رفق	S	S1.2.1
مدور	O	O4.4
ٱندثر	Z	Z99
غليظ	N	N3.7
أفاق	S	S2mf
فاسق	S	S4/G2.2-/S2mf
فزيولوجي	B	B1
سدر	Z	Z99
مستبعد	A	A7
أنة	Q	Q2.2
مري	Z	Z2
تربع	M	M8
روحانية	S	S9
سخط	E	E3
ٱستئذان	Z	Z99
سحاب	W	W4
ترويحة	X	X5.1
سنح-	A	A2.1
مكيفة	Z	Z99
كنعاني	Z	Z99
أز-	K	K2
متوكل	Z	Z99
إغفال	X	X5.1
مؤسسي	S	S5
مائل	X	X7
ماهو	Z	Z8
هورموني	B	B1
ٱنفسخ	Z	Z99
سلب-	A	A9
تذكاري	N	NN1
ٱعتز	Z	Z99
مدعى	G	G2.1/S2mf
خط-	A	A1.4
سخن-	Z	Z99
ٱلتحام	S	S5
مغفرة	G	G2.1
سحق	A	A1.1.2
كنيست	Z	Z99
إيذان	Q	Q2.2
مترابط	Z	Z99
غفران	G	G2.2
مؤذن	Z	Z99
غفير	N	N5
خوان	Z	Z99
مسحور	X	X5.2
مانح	A	A9-/S2mf
آسي	B	B2
خطي	Q	Q1.2
مأكل	F	F1/B1
أعز	S	S1.2.5+/A2.1
غرف-	Z	Z99
كشمير	Z	Z2
ميكروسكوبي	N	N3.2
شاري	I	I2.2/S2mf
لبني	F	F2
سطو	E	E3
آكل	F	F1/S2mf
سخان	O	O4.6+/O3
منيع	B	B2
شرك	Z	Z99
منهار	A	A1.1.2
داعب	K	K4
تخاذل	S	S1.2.5
مدعي	G	G2.1/S2mf
لبون	L	L2
نبه	X	X2.2+/A15
غفل-	A	A1.9
شح	S	S1.2.2
ٱكتظ	Z	Z99
أعزل	A	A9
نابليون	Z	Z1m
لأمة	G	G3/B5
ذي	Z	Z99
إريتريا	Z	Z2
مهيئ	A	A1.1.1/N4
نتن	X	X3.5
أشوري	Z	Z2/S2mf
ساس-	S	S7.1
عري	Z	Z99
ٱندهش	Z	Z99
فاضح	G	G2.2
سمرة	Z	Z99
أخلد	T	T2
شبر	B	B1
خالدي	Z	Z99
أفزع	E	E5
فصحى	A	A5.4
ذقن	B	B1
سلط	S	S6
سيجارة	F	F3
تباعد	Z	Z99
شارل	Z	Z1m
مكواة	Z	Z99
خشونة	O	O4.5
عشوائي	A	A1.4
درقي	B	B1
مشبع	O	O1.2
نبت-	N	N3.2+/A2.1
غص	Z	Z99
ٱغتراب	M	M1/M7
مشدد	S	S1.2.5+/A2.1
تفشي	A	A1.1.1
باعث	M	M2/S2mf
عراء	Z	Z99
أمشى	A	A2.1
مؤذي	A	A1.1.2
ٱغتصب	G	G2.1-/S3.2
تكهن	Q	Q2.2/T1.1.3
إلكترون	Y	Y1
ذائب	A	A1.1.1
تشبث	A	A1.7
عصبية	S	S5+/Z2
متخيل	X	X2.1
سلاسة	O	O4.5
سفرة	Z	Z99
شرج	Q	Q1.3
مسمع	Z	Z99
مار-	S	S8
ٱختزال	N	N3.7-/A2.1
مطير	W	W4
غضب-	Z	Z99
عرا-	E	E6
إلحاد	S	S9
مطران	S	S9/S7.1+/S2mf
خيم	S	S2.1/A8
وهين	S	S7.1+/I3.1/S2.2m
أغضب	E	E3
مستغل	S	S1.2.4
خلعة	Z	Z99
خياطة	C	C1
ريحاني	Z	Z99
ٱئتلاف	S	S5+c
سراح	A	A11.1
غامق	Z	Z99
نجد-	S	S8
نباتين	F	F1
سمرقند	Z	Z99
أخسر	N	N3.7-/A2.1
تفريط	A	A1.9
تشرب	O	O4.1
دواية	O	O3
أقلمة	A	A6.2+/A2.1
تسلسل	T	T2
لدائن	O	O1.1
مساءة	Z	Z99
روب	F	F1
سحلية	L	L2mfn
ذبل-	T	T1.1.3
مسرة	Q	Q1.3
ولوج	M	M1
خمر	F	F2
كوم	N	N5
كاد	Z	Z99
أسيوط	Z	Z99
مذكر	Q	Q2.1
سكت-	Z	Z99
مسر	E	E4.2
سحت	S	S7.4
منغلق	Z	Z99
ذبذبة	A	A2.1
مدخول	G	G1.1/I1
فظ	S	S1.2.4
بكلة	O	O2
إغواء	S	S3.2
ملذة	E	E4.2
أسال	Z	Z99
منحوتة	Z	Z99
متربص	A	A7
كومة	N	N5
مروحة	E	E2+/S2mf
سيرك	K	K1
دال	J	JJ
ٱستلاب	G	G2.1-/A9
سالب	Z	Z6
مسطرة	A	A4.1
مكنك	Z	Z99
فسيفساء	C	C1
خمار	B	B5
لاتسيو	Z	Z3
خمير	O	O4.1/L3/F1
نبوغ	M	M1
متمكن	X	X9.1
ذهول	B	B1
ناي	Z	Z4
توهم	Z	Z99
أخل	S	S1.2.4
لاح	N	N3.3
مدرك	T	T3
ياسمين	Z	Z1f
ملحد	S	S9/S2mf
فزع	E	E5
سقراط	Z	Z1m
سراب	X	X3.4/W4
سوط	E	E3-/O2
تسابق	S	S7.3
تهويل	E	E5
نجومية	A	A11.1
مخل	G	G2.2
تمسح	O	O4.3
تلوين	Z	Z99
أذية	A	A1.1.2
مسخ	A	A2.1
غلاة	Z	Z99
كفء	N	N5
كمون	L	L3
لب-	Z	Z99
كوفي	Z	Z5
خليوي	Z	Z99
غلو	N	N5.2
لدود	S	S7.1
مروان	Z	Z99
موالي	S	S5
مش-	A	A1.1.2
هوادة	S	S7.4
موجي	W	W3/M4
تمزق	Z	Z99
فضح	Z	Z99
ألبرت	Z	Z1m
أخفق	X	X9.2
عارم	E	E3
متسابق	S	S7.3+/S2mf
كارتر	Z	Z1
ٱستعارة	A	A9
وحشة	S	S5
معيشي	I	I3.1
أوغندا	Z	Z2
تائه	X	X9.2
ورشة	I	I4/H1
ٱستجار	Z	Z99
وصب-	N	N4
صوغ	O	O4.4
تفحص	X	X2.4
آض-	M	M6
لسانيات	Q	Q3
عمودي	O	O4.4
رجم	X	X2.1
تصويت	G	G1.2
ٱمتحن	X	X2.4
جارح	B	B2
حمي	O	O4.2
منال	A	A9
عاج	O	O1.1
طمس	A	A1.1.2
إيجار	I	I2.2
كتان	L	L3
محق	G	G2.2
إنمائي	A	A2.1
معيد	P	P1/S2mf
حمر	O	O4.3
متجمد	O	O4.6
قيس	Z	Z99
تحسب	X	X2.6
أنام	B	B3
ٱلتم	S	S5
جهل-	X	X5.1
عذوبة	X	X3.1
أفلت	A	A1.7
إيداع	Z	Z99
إشهار	Q	Q2.2
أطبق	A	A10
تعليل	Q	Q2.2/A7
ثرثرة	Q	Q2.1
تصوف	Z	Z99
مشهود	Q	Q2.2/A5.2
موثق	A	A4.2
حمزة	Z	Z99
محمر	F	F1
ٱنهض	Z	Z99
أفرد	A	A6.1
فحص-	X	X2.4
متجاوز	N	N5.2
أبطأ	T	T4
أنشط	A	A2.2
أنقرة	Z	Z2
متعارض	Z	Z99
طوق	O	O4.4
رجولة	S	S2.2
نازل	M	M8
مستعرب	Z	Z99
صهيونية	Z	Z99
توب	Z	Z99
أهلك	A	A1.1.2
حنفية	O	O2
قنديل	O	O2/W2
أنمولة	B	B1
أزل	Z	Z99
معاقبة	G	G2.1
قطان	Z	Z99
نضالي	S	S8
تلفزة	Q	Q4.3
قطني	O	O1.1
يوفنتوس	Z	Z99
مبتدع	T	T3-/S2mf
تواتر	N	N6
أهب	X	X2.2
تزاحم	Z	Z99
نزوي	X	X2.6
تورونتو	Z	Z2
صائب	A	A5.3
تجويف	O	O2
مصادقة	S	S7.4
برتغال	Z	Z2
حصري	O	O4.2
هارفرد	Z	Z1mf
زحمة	S	S5
جاع-	F	F1
تصادم	A	A1.1.2
عاهل	S	S7.1+/S2mf
متضرر	A	A1.1.2
تنزه	Z	Z99
شمولية	N	N5.1
نزهة	F	F1
معهود	Q	Q2.2
جال-	M	M1
مروة	G	G2.2
حنبلي	Z	Z99
حانوت	F	F2/H1c
علل	Q	Q2.2/A7
شاهين	Z	Z99
طرز	B	B5
ٱطراد	T	T2
نصر-	S	S8
تطريز	Z	Z99
جذ-	G	G1.1/I1c
رادع	S	S8
إيان	Z	Z1m
ٱطرد	Z	Z99
حشر-	S	S5
ٱنحلال	T	T2
ٱنزلاق	K	K5.1
تنشيء	P	P1/S4
جند	I	I3.1/S2mf
صدأ	O	O1.1
شوه	A	A5.2-/Q2.2
لكم	O	O4.4
جام	O	O2
ناشد	X	X7
رحالة	M	M1/S2mf
ناهز	X	X4.2
مرفوض	X	X7
أيقن	X	X2.3
إفراج	A	A1.7
صدح-	K	K2
رفرف	O	O2
إبصار	X	X3
جدر	Z	Z99
مضخة	O	O2
أطرب	Z	Z4
عصامي	S	S7.1
مجوس	Z	Z99
نصرالله	Z	Z99
ٱستقال	A	A9
ٱتحد	A	A6.1
توحد	Z	Z99
ٱستقدم	Q	Q2.2
ترسب	H	H5
فردوس	S	S9
لياقة	X	X9.1
بخور	O	O1.1
نهل-	F	F2
فتاح	X	X9.2+/S7.3/S2mf
حكواتي	Z	Z99
موضوعية	G	G2.2/S5
ٱستجد	Z	Z99
يوميات	Q	Q1.2
لوينسكي	Z	Z99
جهادي	Z	Z99
فرانك	Z	Z1m
حلى	X	X3.1
إجهاد	X	X8
منسك	Z	Z99
بلقيس	Z	Z99
رف	O	O4.3
مشيخة	Z	Z99
أبصر	S	S9/M7
وصفة	Q	Q2.2
جمعي	S	S5
مقصورة	H	H1/S7.1
إيجاز	T	T1.3
تفجر	A	A1.1.1
عيار	N	N3.1/O2
رهان	I	I1/A1.4
جمرك	A	A6.2
ٱتحادي	G	G1.2
ثلاجة	O	O4.6-/O3
أوس	L	L2mfn
ماهية	W	W5
منسق	S	S7.1+/S2mf
إنصاف	G	G2.2+/E2
أوتوماتيكي	A	A1.1.1/S5
تبادر	Z	Z99
مرصاد	G	G3
زمرة	S	S5+c
تلاقي	S	S1.1.3
منير	A	A5.1
ناصح	Q	Q2.2/S8
قلى	O	O1
حش-	F	F4
حساء	F	F1
ٱرتحل	M	M1
شوك	Z	Z99
قضيب	O	O2
كبل	A	A1.7
توجس	E	E6
حسنين	Z	Z99
ٱستأجر	I	I2.2
ٱستزادة	Z	Z99
مزمار	K	K2
صحو	E	E3
صدور	A	A10
محاسن	Z	Z99
ٱنطفأ	Z	Z99
متانة	O	O4.5
عضل	B	B1
عوق	S	S8
وسم	A	A6.2
منطوق	A	A11.2
عبدالملك	Z	Z99
نعت	Q	Q2.2
باليه	K	K4
تنكر	Z	Z99
هرا-	E	E3-/O2
تنحي	M	M2
لزوم	X	X7
حصين	M	M6
ٱستحضار	A	A1.1.1
قيادي	S	S7.1
معجب	S	S7.2+/S2mf
مقود	O	O2
أضل	A	A5.2
شاغل	I	I3.1
حج-	A	A10+/A5.2
شفرة	O	O2
فذ	N	N5
ريموند	Z	Z99
هدم-	A	A1.1.2
ٱستهداف	X	X7
أنعم	O	O4.5
ندي	O	O4.1/O1.2
محير	E	E4.1
ترجيح	A	A7
عبدالسلام	Z	Z99
متاجرة	I	I2.1
إبداء	Q	Q3
أبا	Z	Z99
رتا-	A	A5.1+/A2.1
نعناع	F	F1
حطم-	X	X3.2
إهدار	M	M1
مصارحة	A	A5.2
يمنى	A	A1.4
قرفة	F	F1
ٱقتراع	G	G1.2
صحح	A	A5.3
نديم	S	S1.2.1+/S2mf
ملازمة	A	A1.1.1/N4
بنزين	O	O1.2
حبا-	M	M4
مصاعب	Z	Z99
تخبر	Q	Q2.2
ٱعتصام	A	A15+/M7
هرع-	N	N3.8
قرح	Z	Z99
مثانة	B	B1
مهرب	G	G2.1-/S2mf
مساءلة	Q	Q2.2
مقروء	X	X5.2
ترسخ	Z	Z99
كاراتشي	Z	Z2
أهرب	G	G2.1
رمال	Z	Z99
قرداحي	Z	Z99
قراد	Q	Q1.2
كرام	Z	Z99
متشعب	A	A6.3
أعثر	Z	Z99
ٱستشعر	X	X2.5
خاتمي	Z	Z99
ٱستنكار	X	X9.1
عثرة	M	M1
بيريس	Z	Z99
ندد	Q	Q2.2/E2
قرصان	G	G2.1-/S2mf
مشاغب	A	A2.2/S2mf
صبغي	B	B1
صفوان	O	O1.1
فروسي	E	E5
صافح	Z	Z99
إخبار	Q	Q2.2
ماجد	Z	Z99
نعر-	X	X3.2
عبودي	S	S7.1
عددي	N	N1
هيمن	A	A15+/I3.2/S2mf
تمجيد	S	S7.2+/Q2.2
رم-	O	O4.2-/A2.1
هلا	Z	Z99
كآبة	E	E4.1
ٱتسق	Z	Z99
معطل	A	A1.5.1
عليم	X	X2.2
بابلي	Z	Z2
محط	M	M3/H1c
هانئ	E	E4.1
أوسطي	Z	Z99
مهجر	M	M6
فخر-	S	S1.2.3+/Q2.2
تنازع	Z	Z99
قزح	W	W2/W4
قنع	A	A7+/Q2.2
عافي	A	A1.1.2
عجالة	Z	Z99
صن	O	O2
أتعس	Z	Z99
زبادي	F	F1
لهب	O	O4.6
تزكية	B	B4
راسي	M	M8
ٱستحالة	A	A2.1
قافل	M	M1
صباحي	T	T1.3
رز-	O	O2
مصراع	Z	Z99
وعر	Z	Z99
تشرين	Z	Z99
مقتنع	E	E4.2
ألهب	T	T2
تبلور	Z	Z99
شم-	X	X3.5
تكتيكي	X	X4.2
إنفلونزا	B	B2
مؤخرة	M	M6
جارف	N	N5
تالف	A	A1.1.2
أنفذ	O	O2
صراخ	Q	Q2.2/X3.2
مآل	X	X9.2
تكدس	A	A9
مقسط	G	G2.2
قابض	A	A1.7
صنبور	O	O2
مدية	O	O2
ترديد	N	N6
لسع-	B	B2
مظلمة	G	G2.1
تسعين	T	T1.3
حظر-	S	S7.4
ٱسترعى	O	O4.2
قوي-	Z	Z99
لهث-	B	B1
تهدد	E	E3-/Q2.2
كاره	X	X5.2
كاسيت	K	K3
حظيرة	Q	Q1.2
تناغم	S	S1.2.1
قاني	A	A9+/S2mf
عابئ	Z	Z99
نظف	O	O4.2
كارلوس	Z	Z99
وخز	Z	Z99
جزار	F	F1/S2mf
مرهف	N	N3.7
عداد	N	N1
صرامة	A	A5.1
لزج	O	O4.5
مقلاد	A	A11.1
ٱلتصاق	S	S5
منذر	O	O2
بيار	Z	Z1m
باريسي	Z	Z2
ليمونة	O	O4.3
هجومي	S	S1.2.4
صبيحة	Z	Z99
صمة	O	O3
ظني	X	X4.1
مريد	J	JJ
حولي	N	N6
مقلد	Z	Z99
هجم-	E	E3
أنوثة	S	S2.1
وافر	N	N5
حية	L	L2mfn
جز-	A	A1.1.1
ٱكترث	Z	Z99
منظوم	S	S7.1
ٱستبدل	A	A2.1
حبذ	E	E2
فاض-	N	N5.2
منادي	Q	Q1.3/S2mf
دردشة	Q	Q2.1
عذر-	A	A2.2
بديهي	A	A11.2
جلباب	B	B5
مبهور	Z	Z99
مذاق	X	X3.1
نقصان	O	O4.2
لفظ-	Q	Q3
منقوش	C	C1
كنيف	B	B4/H5
سمن	L	L2
تلافى	A	A5.3
جليس	S	S1.1.3+mfn
بادل	A	A9/S1.1.2
نقض-	A	A1.1.2
لفظة	Q	Q1.1
تبدد	Z	Z99
لفظي	Q	Q3
علانية	A	A5.2
لدة	B	B1/S4
سماق	Z	Z99
قلص	B	B5
فاتن	O	O4.2
إضرار	A	A1.1.2
تلقيح	B	B3
نقاء	A	A5.4
مداخلة	S	S1.1.3
ٱنتقائي	X	X7
تضرر	Q	Q2.2/E2
تضافر	N	N2
ضفدع	L	L2mfn
علن	A	A10
ملقب	Q	Q2.2
ولادي	B	B1
أط-	X	X3.2
أجلب	A	A9+/I1
ٱنتقم	E	E3
ٱكتنف	M	M6
غلة	I	I1.1
مستودع	M	M2
عمادي	Z	Z99
سويعة	Z	Z99
رؤوف	S	S8
رسى	I	I1
معمق	Z	Z5
خيب	S	S8
خاب-	X	X9.2
تمييزي	G	G2.1/I3.1/S2mf
صلصال	Z	Z99
باوتشر	Z	Z99
ترسم	C	C1
صليبخات	Z	Z99
ٱصطلاحي	A	A6.2
ٱستصلاح	A	A9+/N6
حبط-	X	X9.2
محبط	X	X9.2
صلي-	Z	Z99
خائب	E	E4.2
ٱنتفاخ	I	I1.3
بات	A	A7
جيم	Z	Z1m
نفد-	N	N5-/A2.1
متكئ	M	M6
نفذ-	M	M1
توارى	A	A10
ٱختياري	X	X7
صامد	A	A2.1
ٱقتنى	A	A9
ببغاء	L	L2
ستالين	Z	Z1
إرهاص	T	T2
ملاعب	K	K6/S2mf
حتف	L	L1
تساوي	A	A6.1
وسخ	O	O4.2
ٱختنق	Z	Z99
ٱنبعث	X	X5.2
تصفح	P	P1
عمانوئيل	Z	Z1m
رسخ-	Z	Z99
ميلان	Z	Z2
هالك	L	L1
تنظيمي	S	S5+c
وسطية	H	H3
ٱصطف	Z	Z99
ميلانو	Z	Z2
وسادة	H	H5
نعرة	S	S8-/S2mf
باص	M	M3fn
قدا-	Z	Z99
ٱنفصام	A	A6.1
لحمة	S	S4
معزل	M	M1
باميا	Z	Z99
محجوب	A	A10
صفوة	A	A5.1
مخاض	Z	Z99
ميكانيكا	Y	Y1
تقويض	A	A1.1.2
تصفيق	E	E2+/X3.2
متعامل	I	I2.2/S2mf
صفو	A	A10
ٱقتباس	Q	Q2.2
نفاذ	X	X3.2
وريد	B	B1
بحرية	G	G3/M4c
مكنون	A	A10
أرصد	X	X7
ترصد	X	X3.4
جناية	G	G2.1
جنائي	G	G2.1
مون	A	A9
كنانة	Z	Z99
كمي	G	G3
إفك	A	A5.2
كن-	A	A10
صيدلاني	B	B3/S2mf
ٱبتهج	E	E4.1
أبحر	Z	Z99
صينية	O	O1.1
مالية	I	I1
سنن	Z	Z99
قلقلة	E	E3
توارث	Z	Z99
ورث	O	O4.3
فوت	S	S2.1f
جن-	A	A10
زمام	O	O2
دجا-	A	A11.1
نق	X	X3.2
معذرة	A	A2.2
دجلة	Z	Z99
قلي-	E	E2
ضج-	Z	Z99
أفل-	A	A10
مباحثة	Q	Q2.2
صهر	S	S4m
خيام	Z	Z99
ٱستياء	E	E4.2
داغستاني	Z	Z99
بثر	Z	Z99
ٱنصهر	Z	Z99
جوهانسبورج	Z	Z2
عمار	Z	Z99
خيالة	S	S9
قاذورة	A	A5.1
قندهار	Z	Z99
رأسي	A	A11.1
لغي-	Z	Z99
أماه	Z	Z99
غطا-	O	O2
تمزيق	Z	Z99
مكمن	G	G3
جوت	Z	Z99
فاشل	X	X9.2
منبثق	A	A2.2
أنفض	N	N5-/A2.1
جورة	O	O2
عمدة	Z	Z99
تضليل	A	A5.2
جمالية	O	O4.2+/X2.1
طحينة	Z	Z99
تكية	S	S9/H1
يونيه	Z	Z1f
أدهم	O	O4.3
ٱرتقى	M	M1
قسر	E	E3
ترقي	M	M1
لملم	S	S5
ٱقتسم	Z	Z99
عقبى	A	A2.2
تبارى	A	A12
أغمض	A	A10
برى-	A	A1.1.1
طائل	N	N3.2
لمع	B	B4
قسمة	O	O4.1
مندهش	X	X2.6
زجر	S	S8
تأبى	N	N5-/A2.1
أسعف	S	S8
عفان	Z	Z99
مفرقع	A	A15
مظلوم	S	S7.1
بس-	S	S5+c
وبائي	B	B2
تركيبي	O	O4.1
فيزيائي	Y	Y1/S2mf
ٱغتنم	A	A9
تشيكي	Z	Z2
ألجأ	H	H1/A10
ظرفي	O	O4.1
مهجور	M	M1
مظل	G	G2.2
دودي	L	L2mfn
ٱستهان	S	S7.2
سخري	Q	Q2.2/S1.2.4
تميم	Z	Z99
عقيدي	O	O4.1
إسطبل	A	A2.1
تهاوى	A	A1.1.2
طاهي	F	F1/S2mf
غمر	W	W4
بروتون	Z	Z99
ٱزدحم	Z	Z99
دامي	Z	Z4
وثر	O	O4.5
أكيس	O	O4.2
مطمح	K	K5.1
دمشقي	Z	Z5
ٱستفزاز	A	A2.2
دمعة	Z	Z99
زخم	X	X3.1
زخرفي	O	O4.1
مرقب	O	O2/Y1
ملاوي	Z	Z2
بص	Z	Z99
توراتي	Z	Z99
مهب	Z	Z99
قسا-	Z	Z99
لتو-	Z	Z99
فيثاغورس	Z	Z99
زواحف	Z	Z99
هشيم	S	S1.2.5-/O4.1
مقسم	A	A6.1
دانق	Z	Z99
أبغض	E	E2
مالطا	Z	Z2
بغضاء	E	E2
طوع	G	G3
غامر	N	N5.2
هامة	S	S7.1
تعقد	Z	Z99
وثب-	M	M1
مترع	N	N5.1
رام-	X	X7
غار-	M	M1
رم	A	A5.1+/A2.1
تمشي	Z	Z99
مضى	I	I1.2
ريثما	Z	Z5
ٱستقراء	X	X2.4
بشاش	E	E4.1
سدد	S	S8
أهوى	X	X7
بائن	O	O4.1
سرد-	T	T2
قارض	A	A1.1.2
مشية	N	N3.8
بشارة	Z	Z99
بوية	C	C1
فئوي	S	S5+c
أريحا	Z	Z99
بوليسي	G	G2.1
إف	Z	Z5
وائل	Z	Z2/S2mf
بشع	O	O4.2
مقراب	O	O2/Y1
تقريبي	A	A13.4
وول	Z	Z99
سرة	B	B1
أعجوبة	S	S9
بوفيه	F	F1
دائن	I	I1.1/S2mf
بيتر	Z	Z1m
مدان	G	G2.1
مقارب	Z	Z99
عبود	Z	Z99
وأد	Z	Z99
لام	Z	Z99
بوسني	Z	Z2
فيكتوري	Z	Z99
لاءم	Z	Z99
تعبد	Z	Z99
ٱتجار	I	I2.2
أبوي	S	S4
قرين	S	S5
عطاس	Z	Z99
ترابي	O	O4.1
أسي	N	N3.2+/A2.1
مقرون	A	A2.2
ٱرتكاب	A	A1.1.1
فار	M	M1
آس	K	K5.2
مديرية	S	S7.1+c
فيكتور	Z	Z1m
مستفيض	O	O4.1
ٱرتكاز	S	S8
دوامة	B	B2
باسل	F	F1
تايوان	Z	Z2
ركل	E	E3
ديمومة	T	T1.3
بسم-	E	E4.1
تبيع	N	N5
معية	I	I2.1/S5+c
وهم-	Z	Z99
معار	Z	Z99
معز	Z	Z99
فرار	A	A1.7-/S2mf
تبغ	F	F3
تراكض	S	S7.3
راكض	K	K5.1
متبوع	M	M1
تثبت	X	X2.3
طلياني	Z	Z2
طابعة	Q	Q1.2/S2mf
دعارة	S	S1.2.4
مغلف	O	O4.1
أسى	O	O3
دعامة	S	S8
منسجم	K	K2
راق-	Z	Z4
بهي-	Z	Z99
ٱمتناع	S	S1.1.3
هفا-	Z	Z99
تدشين	S	S9/A1.1.1
جرد	L	L3-/F4
مهوى	Z	Z99
إنماء	S	S7.1+/A2.1
كواري	Z	Z99
إرغام	S	S6
متقاطع	Z	Z99
جذوة	Z	Z99
جدلي	A	A6.2
رفات	N	N5.2+/A1.5.1
كوس	Z	Z99
وحدانية	S	S3.2
ملقى	J	JJ
طرة	Z	Z99
أسلف	Z	Z99
سجن-	G	G2.1
تسلق	M	M1
منديل	B	B5
نهد	B	B1
فسحة	Z	Z99
سلك-	I	I1.1
نهر-	M	M4
تبوأ	A	A9
ٱستأثر	S	S7.1
موحش	X	X5.2
مقتطف	X	X7
تزعم	S	S7.1
ٱبتهال	S	S9/Q2.2
سمر-	A	A6.1
جس	X	X3.3
جازى	S	S7.4
ٱنضوى	M	M1
جزم-	S	S6
جزى-	S	S1.1.4
مروع	A	A5.1
رعيل	L	L2/S5+c
قفى	M	M2
بذ	O	O4.2
ٱرتعد	M	M1
قفا-	M	M1
ضماد	B	B3/O2
قبالة	M	M6
مزعوم	Q	Q2.2/A5.2
هاف-	Z	Z99
متقاعد	I	I3.1
مفخرة	A	A6.1
تسجيلي	Q	Q1.2
دسيسة	G	G2.2
زعق-	E	E4.1
نمسا	Z	Z2
سجال	K	K1
كور	W	W4
مسلمي	Z	Z99
تجريم	Z	Z99
قعدة	H	H5
مستوحى	S	S8
برئ-	B	B2
مهيري	Z	Z99
تبرئة	S	S6
فتي	T	T3
إجرامي	G	G2.1
داري	X	X2.2
جداري	C	C1
أجدر	S	S1.1.4
متواجد	T	T1.1.2
هيكلة	A	A1.1.1
إطلال	M	M6
طلابي	Z	Z99
منوال	S	S1.1.1
هضم-	Q	Q4.1
تثاقل	N	N3.8
ثلجي	W	W4
مساكن	H	H3/S2mf
يافا	Z	Z99
أتلانتا	Z	Z2
ٱندلاع	Z	Z99
دلف-	X	X4.2
فولاذ	O	O1.1
ممسك	A	A9
معقل	G	G3/H1
ثاقب	X	X3.2
عشبي	L	L3
ثديي	L	L2
مبرمج	Y	Y2/S2mf
ملاحي	M	M6/M4
ملاح	M	M4/S2mf
وثائقي	Q	Q1.2
ملحة	Q	Q2.1
موثوق	X	X2.1
برمجة	Y	Y2
سكرية	Z	Z99
ٱستطلع	Q	Q2.2
إذكاء	O	O1.1
كوة	O	O2
دمج-	M	M1
أثرى	A	A5.1+/A2.1
طليعي	S	S7.1+/S2mf
طق	X	X3.2
أبرق	O	O4.2
قطة	Z	Z99
برس	Z	Z99
دفين	A	A10
إجباري	S	S6
مالكي	Z	Z99
جالون	N	N3.4
جبر-	B	B3/O2
ٱرفض	O	O1.2/N5
برزاني	Z	Z99
مسك	A	A9
فسح-	Z	Z99
ناهض	X	X5.2
برز	A	A10
تناهى	Z	Z99
أمتع	H	H5
روق	H	H2
ٱستطرد	I	I1.1
تفرج	X	X3.4
تدليل	A	A15
برغوثي	Z	Z99
ٱستباحة	A	A9
مرافقة	K	K2
ٱستدلال	A	A1.1.1/X4.2
تذليل	G	G2.2
أملك	Z	Z99
مباح	S	S7.4
قصي	N	N3.3
ثنى-	O	O4.4
كوليرا	B	B2
متنور	O	O3/W2
ٱستباح	S	S7.4
فرانكفورت	Z	Z2
متوالي	N	N4
زفير	Q	Q2.2/X3.2
ٱنتفاع	A	A1.5.1
ٱستباق	N	N3.8
فرشاة	B	B4/O2
صبغ-	O	O4.3
رثة	Z	Z99
موفد	Q	Q2.1/S2mf
شيق	X	X7
فضل-	Z	Z99
شائق	X	X5.2
حاسوبي	Y	Y2
كفيف	X	X3.4-/B2
مكفهر	W	W4
فضفاض	O	O4.4
محزن	E	E4.1
تباطأ	Z	Z99
ردي-	L	L1
كسور	Z	Z99
كارل	Z	Z1m
غريزي	A	A6.2
شال	B	B5
بنادورة	Z	Z99
خسر	A	A1.1.2
وصاة	B	B3/Q1.2
خلاط	O	O3
مشرقي	M	M6
نجد	M	M7
خالط	O	O1.1
ردم	N	N5.1+/F1
شرارة	O	O4.6
تخبط	I	I3.1
حسر	E	E4.1
رتبة	O	O4.4
حسد	S	S1.2.2
نحيف	S	S1.2.5
محاسب	I	I3.2/I1.1/S2mf
متنزه	M	M1
شاه	S	S7.1+/S2.2m
زور	C	C1/M7
حنون	E	E2
تكفل	A	A7+/Q2.2
كثيب	W	W3
خبيئة	A	A10
مرج	W	W3/L3
إنزال	W	W4
مذ	Z	Z5
مهمش	A	A1.8
خزن	I	I2.2/H1c
رث-	Z	Z99
رث	O	O4.2
خزينة	G	G1.1/I1.1c
محترم	S	S7.2
سبار	O	O2
أناقة	O	O4.2
أحوج	S	S6
حف-	M	M6
غرى	O	O1
مرح-	E	E4.1
شتم	E	E3
شتيمة	Q	Q2.2/S1.2.4
حاجي	S	S6
عاهد	Z	Z99
موطأ	S	S8
تناسى	A	A1.9
ٱغتسل	B	B4
معترك	Z	Z99
أغرى	A	A2.2
شراهة	S	S1.2.2
رائح	T	T1.1.2
أليف	S	S3.1/S2mf
مرس	X	X9.1
بلاغ	Z	Z99
ردى	A	A1.1.2
حزن-	E	E4.1
تشتيت	M	M1
منحنى	O	O4.4
ٱستكشف	M	M1
صدامي	A	A1.1.2
ٱستنشق	B	B1
كركم	Z	Z99
متردي	A	A5.1-/A2.1
زان-	O	O4.2
شرخ	B	B2
أخصائي	X	X2.2
يقظة	X	X5.1
فليفل	F	F1
تعوذ	Z	Z99
حمية	X	X5.2
تحمس	Z	Z99
أفعى	Z	Z99
إشراك	S	S1.1.3
عصام	Z	Z99
أوى-	I	I3.1
إيلام	B	B2
خافي	A	A10
ربحي	I	I1.1
قدح-	Q	Q2.2
نصح	Q	Q2.2/S8
متحمس	X	X5.2
مفكرة	Z	Z99
نحاسي	O	O4.3
كتبي	Q	Q4.1
ختامي	X	X6
خبا-	Z	Z99
تحاشي	A	A1.9
بلل	O	O1.2
تحاشى	S	S1.1.3
مفتعل	A	A5.4
مردد	N	N6
مسبح	Z	Z99
خل-	A	A5.1
همهم	S	S7.1
وفد-	M	M1
عرقلة	Z	Z99
بلون	M	M5
نصب	A	A1.1.1
آلم	E	E6
ٱفتخر	S	S1.2.3+/Q2.2
ٱستحمام	B	B4/M4
تشدد	G	G1.2
أنصت	X	X3.2
نبض-	M	M4
أهلية	X	X9.1
إفلاس	I	I1.2
متشابك	A	A2.2
ٱختبر	P	P1
ٱستنبط	A	A10
منصوص	S	S6
ردح	Z	Z99
صبية	S	S2.1f
ٱستحسان	S	S7.4
همل-	Z	Z99
كابل	Z	Z2
مدوي	Z	Z99
هيدروجيني	O	O1.3
تغريد	Z	Z99
مكفوف	X	X3.4-/B2
أخلص	Q	Q2.2
محلق	B	B4
ناصع	A	A7
حضانة	S	S1.1.1
منهمك	X	X5.2
مرتاد	Z	Z99
عصم-	A	A15
خافض	W	W4
نبذ	X	X7
منصر	Z	Z99
عويس	Z	Z99
متقد	O	O4.6
نبطي	Z	Z99
لوم	Q	Q2.2/G2.1
تخلخل	Z	Z99
كافأ	S	S1.1.4
آيت	Z	Z99
أصحاح	Q	Q4.1
خلد	X	X1
تألق	O	O4.3
مستوصف	B	B3
أولمبي	Z	Z3c
أناة	E	E3
معصرة	Q	Q4.2c
شيباني	T	T3
أخروي	Z	Z99
ٱستحضر	G	G1.1
معايشة	S	S5
ند-	A	A1.7
نسي	S	S2.1/X2.2
ناضج	O	O4.1/L3/F1
ندم-	E	E4.1
نازي	G	G1.2
مغرق	M	M2
إلزامية	Z	Z99
سبيكة	O	O2
نز-	A	A1.7
ٱحتال	A	A5.2
أنطق	Z	Z99
حائل	S	S8
حياد	S	S5
هياج	E	E3
متفائل	X	X2.6+/A5.1+mf
وسيم	O	O4.2
وعظ	Q	Q2.2
متحول	A	A2.1
تمديد	H	H1
شيع	S	S3.1/S2mf
مكرر	N	N6
ٱنتجى	Z	Z99
شجي	E	E6
أرخص	S	S7.2-/A2.1
راجح	A	A7
كذبة	A	A5.2
سانت	Z	Z99
مشقة	A	A12
مفترس	L	L2/F1
أنجى	S	S8
مرهم	B	B4
ناجى	Z	Z99
نزح-	M	M1
منشئ	X	X2.1/A6.2
متعاون	S	S8
ٱتفاقي	A	A6.2
شيقل	Z	Z99
خروف	L	L2mfnc
ٱحتقان	B	B2
تحرري	A	A1.7
عزة	S	S7.1
كليب	B	B2
فطور	F	F1
رحى	Z	Z99
محاكاة	A	A6.1
حيدة	A	A6.1
قبعة	B	B5
حيثما	M	M6
ٱتساق	S	S1.2.1
عناد	S	S8
متصاعد	M	M1
فعلة	A	A1.1.1
أوسكار	Z	Z1m
ٱبتلى	P	P1
إليزيه	Z	Z99
مخبز	F	F1/H1
مراكش	Z	Z2
كبح	A	A1.7
ألصق	A	A1.7
كلس	F	F1
منحل	H	H1/L2
تحايل	X	X9.1
تكبر	S	S1.2.3
حرث-	Z	Z5
نحا-	Z	Z99
أنسي	S	S9/S2mf
حاقد	E	E3
صعيدي	Z	Z99
إيهود	Z	Z99
رتل	N	N4
مستكبر	S	S1.2.3
إكساب	Z	Z99
شطط	N	N5.2
فخور	E	E4.2+/S1.2
توسعي	G	G1.2
تحوير	A	A2.1
كعب	O	O2
حرق-	B	B2-/O4.6
ألبير	Z	Z1m
خامل	X	X2.2
همس	Q	Q2.1
فضح-	A	A10
حلاج	Z	Z99
أوكرانيا	Z	Z2
إيقاظ	B	B1
أخلى	S	S7.4
ناسي	X	X2.2
تزاوج	S	S4
كروان	Z	Z99
مرجح	A	A7
توعوي	X	X2.2
ٱختطف	G	G2.1
ٱحترف	Z	Z99
ترأى	X	X2.1
ٱكتسح	G	G2.1-/A9
محذور	A	A15
إحراق	O	O4.6
عاون	S	S8
زاح-	M	M1
تزويج	Z	Z99
موقت	T	T1.3
عنبر	L	L2mfn
هور	W	W3/M4
كذب-	A	A5.2
لوى-	O	O4.4
عنون	H	H4
ٱحتكار	S	S7.1
كبيرة	Z	Z99
رزمة	O	O2
محذر	X	X2.2+/A15
عصيب	Q	Q2.2
منتوج	O	O2
هيدروليكي	O	O2
حيازة	A	A9
شواة	B	B1
ٱستغلى	Z	Z99
طاحونة	H	H1
كوستاريكا	Z	Z99
تسرع	N	N3.8
مفزع	E	E5
مغرور	A	A5.2
معايرة	Z	Z99
معيب	N	N5
مهادنة	Z	Z99
شهم	E	E5
ٱنحدار	N	N5-/A2.1
روز	N	N3.5
مشورة	Q	Q2.1
فرانسيسكو	Z	Z1m
كركوك	Z	Z99
فكاهة	E	E4.1
ماي	Z	Z1f
شائبة	A	A5.1
يسوع	Z	Z1m
تنويعات	A	A6.3
فظيع	O	O4.2
مغالاة	N	N5.2+/Q2.2
شدائد	A	A12
متمسك	A	A1.7
عديم	Z	Z5
تفكر	X	X2.1
نشوب	B	B2
مناص	A	A1.7
وحدوي	G	G1.2
هزم-	X	X9.2
نهش-	B	B1
أغوى	A	A5.2
معبود	S	S9
تجديف	M	M4
زياد	Z	Z99
محم	O	O2
إزار	B	B5
مربوط	A	A2.2
توطيد	J	JJ
مكاني	M	M7
سليل	G	G3
عطشان	B	B1/F2
لحج	Z	Z99
سلع	A	A5.1
عاث	A	A1.1.2
محموم	B	B2
سباب	Z	Z99
رنا-	X	X3.4
مقصر	A	A1.9
بلهارسيا	Z	Z99
طاقية	Z	Z99
جدلية	X	X2.1
فاكس	Q	Q1.3
مزاد	I	I2.2
كونت	Z	Z99
طفيف	A	A11.1
زارع	F	F4/S2mf
وجيه	A	A11.1
أناني	S	S1.2.3
عكرمة	Z	Z99
مدقق	A	A4.2
منتهي	T	T2
جابه	A	A1.1.1
مزروعة	F	F4/M7
زعج-	E	E6
كوليج	Z	Z99
ذم-	G	G2.1
جثمان	L	L1-/S2mf
مسجى	A	A10
نير	O	O4.3
مدفع	G	G3
تطعيم	F	F1
ٱستيقاظ	B	B1
فاجع	B	B2
تحلق	Z	Z99
رهن	I	I1.2/H1
نورا	Z	Z99
أطعم	F	F1
مقتضب	N	N5
زرافة	S	S5+c
غينيا	Z	Z2
متدفق	Q	Q2.1/N5
طريفي	Z	Z99
متأتي	A	A2.2
سلس	S	S7.1
مزري	G	G2.2
مجبر	Z	Z99
تفويض	S	S7.4
تأميم	G	G1.1
كوليس	M	M6
مدفون	A	A10
هدى	S	S8
رفعة	O	O2/M2
نشء	T	T3-/S2mf
مملوكي	Z	Z99
أممي	Z	Z5
مطرق	O	O4.4
خضر	O	O4.3
هاج-	Z	Z99
أطرش	X	X3.2
هطل-	Z	Z99
وجل	E	E5
مستكشف	A	A10+/S2mf
ربيعة	Z	Z99
ذمي	Z	Z99
عاكف	X	X5.1+/S1.2
إباحي	G	G2.2
مدفأ	O	O2
شحات	I	I1.1-/S2mf
نورمان	T	T3
دفتريا	B	B2
خصومة	E	E3
سحابة	W	W4
إمبراطوري	Z	Z99
ٱستقصاء	X	X2.4
شحيح	N	N5
أند	Z	Z99
إعياء	B	B2
مايا	Z	Z3
طفيلية	L	L2
ٱنزعاج	E	E3
ٱستعدى	Q	Q2.1
إباحية	G	G2.2
مليمتر	Z	Z99
ناتئة	N	N3.7
غردقة	Z	Z99
مهدى	A	A9
أفسح	Z	Z99
تمركز	Z	Z99
مشتاق	X	X7
ملكوت	G	G1.1
أمومة	S	S4
ٱستثار	A	A2.2
ذر	N	NN1
ترحل	M	M1
غواية	A	A5.3
تبرز	Z	Z99
سرع-	N	N3.8
حلة	B	B5
نشب-	Z	Z99
ٱنقضاض	E	E3
إنهاك	B	B2
مالم	Z	Z99
ٱستهدى	Z	Z99
توجيهي	M	M6
طاعون	B	B2
مولوي	Z	Z99
فاترينة	Z	Z99
معاون	S	S8+/S2mf
طعن	N	NN1
إدريسي	Z	Z99
كتم-	A	A10
متقي	S	S9
مقدوني	Z	Z2
دواليك	N	N4
دهني	O	O4.1
ريو	Z	Z2
دهان	C	C1/S2mf
مذعور	Z	Z99
شرقاوي	Z	Z99
أربى	N	N5+/A2.1
رقى	S	S8
كراس	Q	Q4.1
كدس	N	N5
أستاذية	P	P1/I3.2
شلة	S	S5+c
قزحية	L	L3
دو	Z	Z99
إعفاء	S	S6
ٱشتراط	O	O4.1
منزع	G	G3
تكرير	N	N6
مفرزات	Z	Z99
عصر-	B	B3
خزرج	Z	Z99
طيني	O	O1.1
ٱنحاز	Z	Z99
فحل	L	L2m
سعف	Z	Z99
أشل	A	A1.1.1
شموخ	A	A5.1
أقرأ	Z	Z99
بطانة	B	B5
متوتر	A	A12
ٱنبرى	Z	Z99
ٱستكان	A	A9
قسيمة	Q	Q1.2
ماكر	A	A10
ملمس	X	X3.3
هابط	H	H2
وافى	M	M1
ملامسة	Z	Z5
متدني	N	N5-/A2.1
تتابع	Z	Z99
هيل	F	F1
قسطنطيني	Z	Z99
ٱستتبع	Z	Z99
مكوك	M	M3fn
زج-	M	M2
بريمر	Z	Z99
شمر	A	A1.1.1
أتلف	A	A1.1.2
وعيد	E	E3-/Q2.2
ٱندهاش	X	X2.6
لمعان	W	W2
ساحق	X	X9.2+/S7.3
ربى	N	N5+/A2.1
دوبو	Z	Z99
عبدالمحسن	Z	Z99
حيادي	S	S5
متلألئ	O	O4.3
لثام	O	O2
بسط-	Z	Z99
ٱقترف	A	A1.1.1
ٱشتقاق	Z	Z99
نذير	X	X2.2+/A15
ٱعتداد	E	E6
ملتهب	O	O4.6
تبل-	A	A1.5.1
دائري	O	O4.4
مخترع	X	X2.1
بستاني	F	F4/S2mf
سخم	O	O4.3
متاخم	M	M6
فيلا	H	H1
لائكي	S	S9
ٱفتقاد	A	A3
لاهور	Z	Z2
شفهي	B	B1
لزام	S	S6
حاق-	M	M3
ندم	E	E4.1
قرم	F	F1
مخروطي	O	O4.4
متخم	O	O4.4
حير	X	X2.5
فرفور	L	L2
مناجاة	Z	Z99
قب-	L	L2
عصبة	S	S4c
عبأ-	Z	Z99
ظمأ	B	B1/F2
شفقة	E	E1
أعفى	A	A2.2
فقار	B	B1
ٱنتحب	E	E4.1
شكري	Z	Z99
نرويجي	Z	Z2
سعدي	Z	Z99
تبعية	S	S7.1
ذرية	S	S4mf
غنة	Z	Z99
مظلة	B	B5
بلجيكي	Z	Z2
بلح	T	T1.2
ظهران	Z	Z99
أدونيس	Z	Z1
مقترن	M	M6
نجيم	Z	Z99
مداري	Z	Z99
أشقر	S	S2.2/O4.3m
شقي	E	E4.1
شكك	Z	Z99
تحين	T	T1/O2
موبوء	B	B2
غني-	Z	Z99
تعفن	O	O4.2-/A2.1
ظهري	Z	Z99
فخري	S	S7.2
هبط	N	N5-/A2.1
لاشى	A	A1.1.2
نيسان	Z	Z1f
طلى-	C	C1
منعقد	M	M2
هوليوود	Z	Z2
شدا-	K	K2
رابغ	O	O4.2
نيجر	Z	Z2
ٱستلهم	Z	Z99
طلي	C	C1
رتيب	X	X3.2
أربك	X	X2.5
حمال	I	I3.1/S2mf
طمس-	A	A1.1.2
ساقية	I	I3.1/F2/S2.1f
شنغهاي	Z	Z2
مستديم	T	T2
كير	I	I4
أسطواني	O	O4.4
برنس	Z	Z99
مبالغ	N	N5.2+/Q2.2
إشراق	T	T1.2
كيد	X	X4.2
خاشع	S	S7.1
سبابة	Z	Z99
راجي	X	X7
خشن	X	X3.3
طلسم	S	S9
بطريرك	S	S4m
ثقاب	K	K5.1
كونجرس	G	G1.1
منوم	B	B1
كوى-	Q	Q4.2c
تمشى	Z	Z99
ترنح	Z	Z99
منسوخ	Z	Z99
تكاتف	Z	Z99
رحبة	H	H2
مزايد	I	I2.2/S2mf
طلح	F	F1
ٱحمرار	E	E1/B1
متماسك	S	S5
حماسي	X	X5.2
منسوج	B	B5
مهيب	O	O4.2
فزع-	Z	Z99
عقر	B	B4
وثني	S	S9/S2mf
رق	Z	Z99
ألام	G	G2.1
ٱشتداد	N	N5+/A2.1
باغت	X	X2.6
تسريع	N	N3.8+/A2.1
ٱستطلاعي	G	G3
ون	X	X3.2
هاشمي	Z	Z99
لسن	Q	Q3/X9.1
تكسير	N	N5.1
بغض	E	E2
هاوائي	Z	Z2
تائب	E	E4.1
شارب	F	F2/B1
نزه	G	G2.2
متوج	J	JJ
زاحم	M	M2
قش	L	L3
حنا	Z	Z1mf
ذكرة	I	I3.2
مكيف	B	B4
نجران	Z	Z99
أرقص	Z	Z99
معاينة	P	P1
قريع	A	A5.1
أمن-	Z	Z99
بروكسل	F	F1
عشري	N	N1/N2
فتات	O	O2
ٱنغمس	Z	Z99
طوفان	W	W4
أسر-	A	A9
مفترق	M	M3
أذكار	Z	Z99
بورجوازي	G	G1.2
تكثف	Z	Z99
حنيفة	Z	Z99
كث	N	N3.7
ٱستقى	Z	Z99
إنجاح	X	X9.2
طهر-	Z	Z99
أروح	X	X3.5
نيوكاسل	Z	Z2
ركعة	Z	Z99
مطمع	X	X7
رجمة	O	O2
قاري	W	W3
قبيح	O	O4.2
مزخرف	Z	Z99
تعرى	B	B5
تملأ	Z	Z99
وثر-	Z	Z99
قشر-	F	F1/L3
هارون	Z	Z1m
توق	X	X7
بلبلة	X	X2.5
إطاحة	S	S7.1
ٱستنجد	Z	Z99
توماس	Z	Z1mf
مخبأ	M	M7/A10
مأن	Z	Z7
مهشم	F	F3
يونيسف	Z	Z3
طوب	O	O2/H1
قشريات	Z	Z99
قصارى	N	N5.1
فصيح	Q	Q3/X9.1
أحزن	E	E4.1
أصاخ	X	X3.2
قنينة	O	O2
إفصاح	Z	Z99
ٱجتياز	M	M1
عراب	A	A9-/I1.1/S2mf
تلون	Z	Z99
جاس-	Z	Z99
تبشيري	Z	Z99
أنضب	N	N5-/A2.1
متجاور	M	M6
شره	S	S1.2.2
مديح	S	S7.2+/Q2.2
غطاس	M	M4/S2mf
منبت	F	F4/M7
صوف	O	O1.1
معتم	Z	Z99
بحة	Z	Z99
باد-	L	L1
ٱرتشف	F	F2
خدر	B	B1
قد-	Z	Z99
ميتافيزيقي	X	X4.1
عاجي	O	O1.1
تجاور	Z	Z99
داي	Z	Z99
إنضاج	O	O4.1/L3/F1
تقنين	G	G2.1
مترشح	A	A7
قنص	M	M7/I4
مخيل	A	A7
مسابق	S	S7.3+/S2mf
يخت	M	M4
خلقة	W	W5
أيل	L	L2mn
مكتفي	E	E4.2
جير	F	F1
آئل	A	A2.1+/A6.1
بكالوريا	P	P1
نفور	E	E5
أخلق	N	N5
صدم-	E	E5
صدم	S	S8-/E2
أنبت	F	F4
جوعان	F	F1-/B1
أرخ	Q	Q2.2
مقنن	G	G2.1/S2mf
فراق	A	A6.1
رذاذ	W	W4
كره	Z	Z99
وشيك	T	T1.1.3
نافر	E	E5
متجول	J	JJ
عزوف	S	S1.1.3
معمم	Z	Z99
خرابة	A	A1.1.2
مورث	Z	Z99
تشعب	A	A6.1
مضبوط	S	S7.1
غفور	G	G2.2+/S1.2
موشيه	Z	Z99
أضبط	B	B1
ديميتري	Z	Z99
شباب	Z	Z99
ٱستحسن	S	S7.4
مرادف	Q	Q3
عجيبة	O	O4.2
ٱندثار	L	L1
منضبط	A	A1.7
دجال	A	A5.2
إعانة	S	S8
وفدي	Z	Z99
متعثر	X	X9.2
بمباي	Z	Z2
حشد-	S	S5
مرسي	Z	Z99
قحط	W	W4
بيرق	O	O2
مستنصرية	Z	Z99
خلص	B	B4
مسند	O	O2
مبتهج	E	E4.1
ربت	B	B2
معجمي	Q	Q3
ممول	I	I1
مترادف	Q	Q3
خديج	Z	Z99
مبحث	X	X2.4
رادار	O	O3
مونديال	Z	Z99
خجول	E	E5
أجهض	T	T2
إبادة	L	L1
محاسبة	I	I2.1/I1
خلع	S	S4
عائدة	I	I1.1
بحت	A	A5.4
جهني	Z	Z99
إسهاب	A	A4.2
قذيفة	L	L2
كمان	K	K2
مدغشقر	Z	Z2
بهجة	E	E4.1
جهر	X	X2.2+/G2.2
تزوير	A	A5.4
ربان	G	G3/S7.1+/S2mf
متعذر	A	A12
جهد-	X	X8
مبكى	Q	Q2.2
نافى	A	A1.1.1
ٱصطياد	X	X2.4
مصيدة	A	A1.7
دبس	Z	Z99
كفل	S	S8
إبطاء	T	T4
أكن	A	A10
خال-	X	X2.1
جيزان	Z	Z99
ٱصطفى	X	X7
يماني	Z	Z2/S2mf
مقامة	Z	Z99
حجار	Z	Z99
ملحمي	E	E5
تحريري	A	A1.7
ٱستقدام	Q	Q2.2
ٱحتجز	G	G2.1/A9
ليث	L	L2mfn
رازق	Z	Z99
سوي-	A	A6.1
صفع-	E	E3
رانا	Z	Z99
رزاق	Z	Z99
صفق-	Z	Z99
صفي	A	A5.4
سبور	K	K5.1
أرجنتين	Z	Z2
بكير	T	T4
فرضية	X	X4.1
ٱنعزال	A	A6.1
تعمل	S	S1.2
حارثي	Z	Z99
قود	E	E3
ٱستحث	S	S8
فاتورة	Q	Q1.2/I1.3
مصفى	B	B4
زهرة	Z	Z1/W1
تصعيد	N	N5+/A2.1
ٱقتداء	A	A6.1
آجل	T	T1.1.3
راسل	Q	Q1.2
لعاب	B	B1
ملتحمة	Z	Z99
سيخ	M	M1
ٱنفض	Z	Z99
قيوم	Z	Z99
مزدهر	Z	Z99
صعلوك	H	H4-/S2mf
عمه	X	X3.4-/B2
أري	F	F1
سياتل	Z	Z2
زها-	M	M1
تنظم	Z	Z99
فند	Q	Q2.2/Z6
ٱنسيابي	W	W3/M4
ٱحتدم	O	O4.6
مهلك	A	A1.1.2
موقوف	A	A1.7
أرثودكسي	Z	Z99
صاعقة	W	W2/W4
ٱعتزل	Z	Z99
قربة	K	K2
توازي	A	A6.1
بذا	Z	Z5
قولة	Q	Q2.2
تقول	Z	Z99
عصيان	Z	Z99
باكورة	Z	Z99
لاذع	O	O4.6
نادية	Z	Z99
مرأى	X	X3.4
إكلينيكي	B	B3
إقدام	E	E5+/S1.2
كلل	B	B2
هز	M	M1
أرهق	A	A12
خادع	G	G2.2
ستمائة	N	N1
رمسيس	Z	Z1m
محبوب	E	E2
مواساة	S	S8+/S5+c
إخلاء	N	N5
إباضي	Z	Z99
حرض	B	B1
رب-	S	S7.1
بكتيري	L	L2
بت-	A	A2.2
صاروخي	G	G3
تقيأ	B	B2
رأسمالية	G	G1.2/I2.1
ترشح	Z	Z99
خديع	A	A5.2
فتور	B	B2
صنيع	A	A1.1.1
ٱزدواج	Z	Z99
رش-	A	A1.1.1
عنكبوتي	Z	Z99
صريع	A	A1.1.2
زيجة	S	S4
ٱرتوى	Z	Z99
مخول	S	S7.4
نطفة	O	O1.2/N5
تفاني	Z	Z99
أبشع	Z	Z99
بط	L	L2mfnc
أقات	S	S8
أكسدة	Y	Y1
وازن	N	N3.5
ٱرتسم	Z	Z99
أعرج	B	B2-/S2mf
نعومة	X	X3.3
تحات	X	X5.2
باور	Z	Z99
وسن-	B	B1
لائم	Q	Q2.2/S2mf
عانق	S	S3.2
محبوس	G	G2.1
إكليل	S	S9
سيمون	Z	Z1m
ذبح	L	L1
كمبرج	Z	Z2
ٱنفرادي	S	S1.1.2
عازل	A	A10
زنى	G	G2.2-/S3.2
زاني	S	S4/G2.2-/S2mf
ٱحترازي	Z	Z99
وزر	G	G2.2-/S9
حرس-	A	A15
كلارك	Z	Z1mf
متلبس	G	G2.1-/S2mf
رثى	E	E4.1
مولع	J	JJ
جارية	I	I3.1/B4/S2.1f
تخفف	Z	Z99
تقاتل	Z	Z99
زعيق	Q	Q2.2/X3.2
فرح-	E	E4.1
مذهول	X	X2.5
لصيق	A	A1.7
شتلة	L	L3
ٱسترخى	E	E3
ممهد	X	X7
تجزئة	A	A6.1
أخف	W	W2
قراضة	Z	Z99
تسلى	Z	Z99
مهاتما	Z	Z99
نمساوي	Z	Z2
رخام	O	O1.1
طاس	O	O2
مابين	Z	Z99
عاق-	S	S8
مرخص	G	G1.1/Q1.2
منشفة	B	B5
مستسلم	Z	Z99
سلوى	S	S8
منيا	Z	Z99
كاسترو	Z	Z1mf
ٱرتج	M	M2
وحل	O	O1.1
مسام	B	B1
رخو	A	A1.7
مبذول	I	I1.2
فتوي	T	T3
ربض-	A	A10
هر-	E	E4.1
ٱصطبغ	Z	Z99
مشتبه	X	X2.1/A5.1
هذى-	Z	Z99
ضن-	Z	Z99
متضامن	S	S8
هر	L	L2
ضمانة	A	A7+/Q2.2
مدرعة	Z	Z99
ريع	I	I1.1
ضحي-	Z	Z99
صباغ	Z	Z99
غيبة	Q	Q2.2/A5.2
درك	A	A9
شت	M	M1
جزع	O	O2
إضاعة	N	N5.2
ألوهي	S	S9
ٱنتشال	S	S8
مهرة	L	L2/T3
ضوضاء	E	E3
مضاء	O	O4.3
مدارك	P	P1
شبيغل	Z	Z99
رنى	O	O4.2
مثلي	A	A6.1
علف	F	F1/L2
ٱعتباري	X	X2.1
هامس	Q	Q2.1/X3.2
قطف-	F	F4
ولول	Q	Q2.2
أثارة	Q	Q2.2
تجذر	Z	Z99
جذعي	B	B1
مطبق	A	A10
تمذهب	Z	Z5
منش	Z	Z99
بهو	H	H2
أبهى	N	N5
معول	Z	Z99
إغراق	L	L1
منشد	K	K2/S2mf
تيقن	X	X2.3
دغدغ	X	X3.3
ولى	A	A9
بلازا	Z	Z2
أحكم	S	S1.2.5+/A2.1
عائم	M	M1
حكر	S	S7.1
مدعاة	A	A2.2
إقطاعي	G	G1.2
ممنوح	A	A9
تجاذب	Z	Z99
ليفي	Z	Z3c
لقى	Z	Z99
إلياس	Z	Z99
ٱنطبع	Z	Z99
سليماني	Z	Z99
تعليب	A	A1.8
أوقية	N	N3.5
تجرد	A	A1.7
معترض	S	S8-/E2
تجريدي	A	A1.6
هيوستن	Z	Z2
ماعز	L	L2mfn
رخص	O	O4.5
مغالطة	A	A5.2
بهيمة	L	L2
ٱحتفى	E	E4.1
شيطاني	G	G2.2
ٱحقاق	A	A1.1.1
منبه	E	E5
تغلغل	M	M1
ٱفتراس	L	L2/F1
بقري	L	L2
مأثرة	A	A1.1.1
معتل	B	B2
توضيب	Q	Q2.2
تجريح	B	B3
مغلظ	S	S6
شجار	E	E3
إعالة	F	F1
حط	N	N5-/A2.1
تغييب	M	M2
رضى	E	E4.2
فاس	B	B5
تموج	A	A2.1
جمد	O	O4.6
منصوب	M	M2
نقيصة	A	A5.1
محاصرة	S	S8
تشابك	Z	Z99
أوفد	Q	Q1.2
زلزلة	W	W3
راضع	B	B1
تناقش	Z	Z99
زائل	T	T1.3
كفتة	Z	Z99
أدخن	O	O1.3
إعلاني	Q	Q2.2
مستهل	T	T2
أقلع	Z	Z99
زلة	A	A5.1-/A2.1
جلطة	B	B1
تكافؤ	A	A6.1
منقوع	O	O1.2
نصاب	Z	Z99
مربح	I	I1.1
بدع	T	T3
نابض	X	X9.2+/S7.3
ٱقتلاع	L	L1
رضي	E	E4.2
ناقوس	O	O2/X3.2
مفردة	A	A7
حشر	S	S5+/S9c
مهموم	E	E6
خلد-	N	N5.2
قرحة	B	B2
موريس	Z	Z1m
متمرس	A	A1.1.1
موز	F	F1
تعثر	M	M4
أعذر	A	A2.2
كافور	Z	Z99
فرخ	E	E5
نقرة	X	X3.2
تلبس	Z	Z99
ٱرتياب	A	A7
دية	I	I1/A15
إيواء	H	H4
ٱستجمع	S	S5
قلاف	Z	Z99
كافح	Z	Z99
تمور	A	A2.1
تبديد	N	N5.2
قلق-	Z	Z99
إقالة	A	A11.1
مجنيزيوم	O	O1
صاحي	O	O4.3
رديء	A	A5.1
ٱستبد	S	S7.1
وداعة	E	E3
مواء	Z	Z99
يو	Z	Z1
مجيدي	Z	Z99
معتز	E	E4.2+/S1.2
عويص	A	A12
تعلمن	Z	Z99
ٱنهل	E	E3
شعراوي	Z	Z99
أرملة	S	S4f
قدح	O	O2
غزارة	N	N5
نصي	Q	Q3/Q1.2
ديزني	Z	Z3c
هريرة	L	L2mfn
كهل	N	N4
مسامر	Z	Z99
زعنفة	S	S5+c
مسمار	O	O2
كاهل	B	B1
أقفل	O	O2
قفا	B	B1
بلوشيستان	Z	Z2
قرصنة	G	G2.1-/M4
كئيب	E	E4.1
توخي	X	X7
جص	Z	Z99
تصحيحي	A	A5.3+/A2.1
ميتة	L	L1
ٱستدرج	S	S8
إشعار	Q	Q1.2
لاهي	X	X2.2
قارس	O	O4.6
تعذب	Z	Z99
تدرب	A	A1.1.1
ٱنتصب	N	N5+/A2.1
نقاهة	B	B2
سمعان	Z	Z1m
مبيض	B	B1
تدريج	N	N3.1
واهي	S	S1.2.5
غداة	T	T1.3
متأصل	N	N3.7
تقلد	X	X2.1
دعة	X	X5.2
ناقلة	M	M3
سببي	A	A2.2
ٱستروح	B	B1
ٱلتهام	F	F1
مسدود	A	A10
لها-	K	K4
ذبابة	A	A10
تراكمي	S	S5
رتوش	A	A2.1
ركام	N	N5
ريم	O	O1.2
رال-	B	B1
ذخر	A	A9
رمق	Z	Z99
لوث	W	W5
فحام	I	I4/S2mf
مريب	X	X2.1/A5.1
رجح-	Z	Z99
ركن-	Z	Z99
أبن	Z	Z99
ذابل	O	O4.3
أديس	Z	Z99
رمضاني	S	S9/T1.3
ملهوف	E	E6
تراتبي	S	S7.1
لوث-	A	A7
رفت	A	A11.1
ردع-	S	S8
ٱلتفاف	N	N4
أفرخ	H	H5
رصين	O	O4.5
لفت	M	M6
مجوسي	Z	Z99
مفاتن	Z	Z99
ٱلتفاتة	N	N4
ٱلتفات	M	M1
سجد-	M	M6
ليش	A	A2.2
مرصوف	H	H1
لوقا	Z	Z1m
ليسانس	G	G1.1/Q1.2
لطف-	Z	Z99
مدن	Z	Z99
زمجر	X	X3.2
ربح-	A	A9
لفة	O	O3
مرصع	O	O4.1
رضاعة	B	B1
مفخخ	Z	Z99
يمم	Z	Z99
ماجدة	Z	Z99
ٱرتطام	A	A1.1.2
أمجد	S	S7.2+/Q2.2
أرز	L	L3
ٱنزواء	A	A10
تلقين	Q	Q2.2
مغيب	Z	Z99
تلقف	A	A9
أسبغ	Z	Z99
مفتون	X	X5.2
تمادى	T	T2
ربحية	I	I1.1
سجاد	Z	Z99
مرد	X	X7
زكى	Q	Q3
مرطب	B	B2
مساح	Z	Z99
ملفق	Z	Z99
متراص	N	N3.4
ٱزور	A	A6.1
رزح-	E	E4.1
رالف	Z	Z1m
مخر-	M	M1
أحادية	S	S3.2
مستأجر	I	I2.2/S2mf
أرجنتيني	Z	Z2/S2mf
رأفة	G	G2.2
ٱلتحى	Z	Z99
رسل	N	N3.8
يمنة	Z	Z99
مروحي	M	M4/O2
متلاطم	A	A1.1.2
مروحية	M	M5
مرتزق	G	G2.2-/I1
زاهر	O	O4.2
مرزوق	Z	Z4
رسوخ	O	O4.5
مرساة	M	M7/M4
ٱستئجار	I	I2.2
تزود	Z	Z99
مزر	F	F2
متزامن	T	T1.1.2
أزار	Z	Z99
مستور	A	A10
لز	O	O2
مأجور	I	I1.1/I3.1
روع	B	B1
أريحية	S	S1.2.2
رشاشة	Z	Z99
رسو	M	M4
أرجوان	O	O4.3
ٱمحى	Z	Z99
تمحى	Z	Z99
مدح	S	S7.2+/Q2.2
ريس	G	G3/S7.1+/S2mf
مدح-	S	S7.2+/Q2.2
محى	A	A1.1.2
أرستقراطي	S	S7.1
أريب	X	X9.1
تذاكر	Q	Q2.2
لسعة	B	B2
مرجل	O	O2
غولد	Z	Z3
لذ-	Z	Z99
ترقيع	A	A5.1+/A2.1
ربوة	W	W3
ترقى	A	A5.1+/A2.1
تلذذ	Z	Z99
أبيب	Z	Z99
غولف	K	K5.1
مرتجل	N	N3.8
لوي	Z	Z1m
زيز	Z	Z99
زر-	Z	Z99
لشبونة	Z	Z2
تفتت	Z	Z99
ربك	X	X2.5
مذاكرة	Q	Q2.2
متراجع	Z	Z99
زوبعة	W	W4
لهاث	B	B1
سخيف	S	S1.2.6
ملثم	A	A10
سات	Z	Z99
رابية	W	W3
ذريع	N	N3.8
ذرع-	N	N3.1
مرابي	I	I1/S2mf
سخو-	A	A9
أبهة	Z	Z99
زبيب	F	F1
فداء	S	S5
فراز	Z	Z99
ياء	Z	Z8
ٱستفحل	Z	Z99
أركب	Z	Z99
مريخ	Z	Z3c
يصب	O	O1.1
فان	M	M3fn
تركب	A	A1.8
رحب-	Z	Z99
مذنب	G	G2.1
تزعزع	M	M2
يسرة	Z	Z99
يقيني	A	A5.2
ماسورة	O	O2
يان	Z	Z1mf
تذمر	E	E2-/Q2.2
مأدبة	F	F1
مسك-	A	A9
رغى	O	O1.2
ذاهب	T	T1.1.2
رعي	S	S8
تمثيلية	Z	Z99
مراوغة	G	G2.1
فجائي	X	X2.6
ذهل-	M	M6
إيثار	E	E2
ٱستئثار	A	A9
رهينة	A	A1.7+/S2mf
سحر-	X	X5.2
ترحيبي	S	S1.2.1
لورا	Z	Z99
ياقوت	O	O4.3
مرتاح	E	E3
روك	O	O2
رفل-	Z	Z99
فحوى	X	X2.1
مؤاتي	A	A5.1
أزرى	Q	Q2.2/S1.2.4
ٱنفراج	E	E3
رفعت	Z	Z99
مايرز	Z	Z99
سبر-	O	O2
غي	G	G2.1
فرش-	F	F1
سخاء	S	S1.2.2
تحامل	A	A6.1-/E2
تبجيل	S	S7.2
إجادة	X	X9.1
ورش	X	X5.2
جور	G	G2.1
مبجل	S	S7.2
أجاح	A	A1.1.2
ٱنتفع	A	A1.5.1
ٱستجوب	Q	Q2.2
جارالله	Z	Z99
جوزي	F	F1
وريقة	Q	Q4.1
تنفيس	O	O2
جوسلين	Z	Z99
ورع	G	G2.2
ٱنبثاق	A	A1.1.1
صومال	Z	Z2
وردي	A	A5.1
نقب	O	O2
نق-	X	X3.2
منافي	A	A6.1
ضآلة	A	A9
ضابطة	Z	Z99
ضجر	E	E3
أضجر	E	E3
مقلي	F	F1
ٱنتفاء	S	S1.1.3
جاني	G	G2.1-/S2mf
جهنمي	O	O4.2
صان-	A	A9
مصيد	A	A1.7
تنفل	Z	Z99
جاهر	Q	Q2.2/A10
نافلة	Z	Z99
نفس-	Z	Z99
ٱنصهار	A	A1.8
أقاد	Z	Z99
صقل	B	B4
ٱنتعل	Z	Z99
صك	A	A1.1.1
نعيمة	Z	Z99
حتة	F	F1/N3.2
صلب-	G	G2.1
عاملي	A	A2.2
حجلة	A	A10-/O2
موازن	N	N3.5
أحجم	S	S1.1.3
نعاس	B	B2
صفن	Z	Z99
منعش	X	X5.2+/A2.2
أصفى	X	X7
معملي	Y	Y1/H1
تصنع	A	A6.1
قنطرة	H	H1
بتات	A	A13.2
صنعي	A	A5.4
ٱستنفد	A	A1.5.1
جونسون	Z	Z1mf
نفر-	M	M1
جيزة	Z	Z2
قناعي	Z	Z99
عمق-	Z	Z99
باولو	Z	Z1m
منعى	L	L1
ٱصطلح	A	A6.1
صالحة	Z	Z99
وز-	A	A2.2
حبب	Z	Z99
صمت-	Z	Z99
نفاثة	B	B1
قلى-	F	F1
قلنسوة	B	B5
مقفل	A	A1.7
ٱضمحلال	A	A10
جشع	S	S1.2.2
باذخ	O	O4.2
متضمن	A	A1.8
تنكس	A	A5.1-/A2.1
بذرة	L	L3
ٱقتفى	M	M1
ٱقتفاء	Z	Z5
إقلال	N	N5-/A2.1
مقل	I	I1.1
جفوة	B	B2
مجفف	O	O1.2
ضلال	A	A5.3
مضلل	A	A5.2
بادى	A	A10
جفف	O	O1.2
مجسد	Q	Q1.1/A1.6
فاح-	M	M2
جزيئي	O	O1
موحي	S	S8
نميري	Z	Z99
تضايق	Z	Z99
مجاراة	A	A6.1
أضيق	N	N3.7
جرينتش	Z	Z2
نميمة	Q	Q2.2/A5.2
فواح	X	X3.5
تجسسي	G	G3
مبتذل	O	O4.2
قفاز	B	B5
إقفار	A	A1.1.2
جزم	A	A1.1.1
أجزى	N	N5
نكوص	Z	Z99
أنقى	B	B4
مقلب	Z	Z99
ٱبتدأ	T	T2
تضاد	A	A7
بخيل	S	S1.2.2+/S2mf
ٱستعلاء	A	A5.1
فوات	T	T1.2
بدران	Z	Z99
بدار	N	N3.8
مواربة	Q	Q3
وريث	S	S4mf
مضجع	H	H5
تجنيب	Z	Z99
متعالي	N	N3.7
جنيني	B	B1
أضحية	S	S9
ٱضطرار	S	S6
جمايكا	Z	Z2
نقمة	E	E3
ٱستقلابي	B	B1
إضعاف	B	B2
متقلب	A	A7
مضغوط	N	N3.4
مقلوب	A	A6.1
جلبى	Z	Z99
مبادلة	A	A9/S1.1.2
جلون	N	N3.4
أنقض	N	N5.2
ٱستجمام	E	E3
ٱستجلاء	A	A7+/Q2.2
مضارب	X	X2.6
فائت	Z	Z5
بدل-	A	A9/S1.1.2
ضرى	A	A2.2
موازاة	A	A6.1
تحجيم	S	S7.1
تحفز	X	X7
منشط	B	B3
ٱنفلات	A	A1.9
حفيظة	S	S1.2.2
كامب	Z	Z99
صاغ	A	A6.2
محفوف	M	M6
ٱستعاضة	A	A2.1
تشيع	E	E2
شيراز	Z	Z99
حك-	A	A1.1.1
ٱحتكر	S	S7.1
كابد	A	A1.1.1
منشار	O	O2
مكبوت	J	JJ
شيشان	Z	Z99
كبد-	E	E6
صبر-	A	A1.1.1
فلح-	F	F4
مصحح	J	JJ
آنئذ	Z	Z5
عوز	I	I1.1
أون	M	M1
تحصل	A	A2.2
ٱصطحاب	S	S3.1
مستعير	A	A9-/S2mf
صحابي	Z	Z99
مكتئب	E	E4.1
حضن-	S	S3.2
صابر	E	E3
حطين	Z	Z99
صبور	E	E3
ٱنتشل	S	S8
صبع-	Z	Z99
نشا	X	X3.5
ٱحتضان	S	S3.2
حطب	O	O1.1
أورو	Z	Z2
أوردي	Z	Z2/Q3
شهى	X	X5.2
حمود	Z	Z99
شهيق	Q	Q2.2/X3.2
ٱستشار	Q	Q1.1/S8
شارة	O	O2
أنسل	Z	Z99
تشاور	X	X2.1/A1.3
أحلى	X	X3.1
نسغ	L	L3
نسج	B	B5
شهود	X	X3.4
حمضي	Z	Z99
عايش	I	I2.1/S5c
مكتوف	O	O4.1
ٱستنسخ	A	A5.4
حلمي	L	L2
وطيد	S	S1.2.5
شاة	L	L2mfnc
أوجين	Z	Z99
حلف-	Q	Q2.2/S1.2.4
حالف	Z	Z99
أود	I	I1.1/M1
معاونة	S	S8
أشيب	O	O4.3
حكي	Q	Q2.1
نشب	A	A1.7
شائك	O	O4.1
تشويش	E	E3
عاب-	Q	Q2.2/E2
حالك	W	W2
تشويق	E	E6
تواطؤ	S	S8+/G2.2
شوكي	A	A12
نسيم	W	W4
موصلي	Z	Z5
محر	Z	Z99
باء	Z	Z99
حربة	G	G3
حرث	F	F4
عند-	Z	Z99
نظيرة	S	S7.1
حذو	A	A4.1
محاذاة	Z	Z5
صعداء	Z	Z99
ياأيها	Z	Z4
مصارع	M	M5/G3fn
عنوة	E	E3
تصارع	S	S8
تحرش	A	A2.2
تصريف	I	I2.2
تصعد	N	N3.2+/A2.1
أعنف	Z	Z99
فلان	Z	Z5
قويم	O	O4.4
تناظر	E	E3
مصف	N	N5.2
محدودية	Z	Z99
عمن	Z	Z5
حديبية	Z	Z99
قولون	Q	Q3
فنلندا	Z	Z2
مقول	Q	Q1.1
حجا	X	X9.1
متوازي	A	A6.1
وسيطة	X	X4.2
موسوعي	N	N5.1
ذب-	S	S8
حذف-	Q	Q1.2
تصغير	N	N5-/A2.1
محدق	T	T1.1.3
ناظم	S	S7.1+/S2mf
تحدر	M	M1
باركر	Z	Z1mf
تحرق	Z	Z99
آيل	Z	Z99
معاذ	S	S8+/A15
قيض	S	S7.1
أحساء	Z	Z99
مقايضة	I	I2.2
عياذ	S	S8+/A15
نصفي	A	A13.4
ٱستعاذ	Z	Z99
نصير	S	S5
أيما	N	N5
أعور	N	N1
تنصت	Z	Z99
آوى	Z	Z99
صحاف	Z	Z99
ٱستنصر	Z	Z99
حشى	O	O2
إير	Z	Z99
حسرة	E	E4.1
صدوق	A	A5.2
ناضب	L	L3-/F4
إيف	Z	Z1mf
نضوج	O	O4.1/L3/F1
إيفان	Z	Z1m
صارح	Q	Q2.2
حرى	Z	Z99
حز	B	B3
ناصية	O	O4.4
صدع	W	W3
متصدر	S	S7.1
ٱنحسر	A	A10
تصدع	A	A1.9
منصف	G	G2.2
محسوس	X	X3.4
صدف	O	O1.1
إيرلندي	Z	Z2/S2mf
جريان	M	M4
جارى	Z	Z99
بشاعة	O	O4.2
عطف	X	X2.5+/E1
هزاز	M	M1
أعجف	N	N3.7
بوكر	O	O2
عجول	N	N3.8
بوهيمي	C	C1
مبشرة	O	O2
بيروقراطي	G	G1.1
عث	L	L2mfn
أعتى	N	N5
بيرل	Z	Z99
هرع	Z	Z99
بيتي	H	H4
بائد	T	T1.1.1
بوق	K	K2
باع	N	N3.7
ٱنعدم	Z	Z99
أعدم	A	A9
بوذي	S	S9
بصر-	X	X3
معدوم	S	S1.1.3
مهضوم	S	S7.1
عضوم	Z	Z99
عدى	M	M1
قبح	G	G2.2
بصيص	O	O4.3
متعطش	B	B1/F2
هزلي	E	E4.1
بوصلة	O	O2/M6
ٱنهزم	Z	Z99
هشاش	O	O4.5
هس	Q	Q2.1
عطارة	Z	Z99
هرس-	S	S5+c
تبعي	A	A11.1
تباع	N	N5
باسق	S	S1.2.3
متتبع	A	A1.1.1
قرع-	X	X3.2
تهدم	A	A1.1.2
تاون	Z	Z99
عبدو	Z	Z99
أهدف	X	X4.2
هدأ	A	A1.1.1/E3
عف	G	G2.2
تواءم	A	A6.1
عابث	S	S7.2
ترانزستر	O	O3
هادر	N	N5
بسطة	H	H1
تراجيدي	E	E4.1
تهادى	A	A9/S1.1.2
تاء	Z	Z99
قرصة	Z	Z99
عبقر	S	S9
عبق	X	X3.5
عبق-	Z	Z99
عتب	Q	Q2.2/G2.1
قرشي	Z	Z99
عتاب	Q	Q1.2/E2
بشر-	F	F1/L3
ٱقتراض	I	I1.2
بان-	A	A8
مهتدي	S	S8
وات	N	N3.1/O3
ٱستبيان	G	G1.2
تبيين	A	A10
بياني	Q	Q2.2/A7
تبيان	A	A10
عضال	T	T1.3
عدائي	S	S1.2.1
معزز	J	JJ
تعزز	Z	Z99
بلاش	Z	Z99
عروة	S	S5
أبل	B	B2
بكى	Z	Z99
إقحام	A	A1.8
معزوفة	K	K1
عرينة	L	L3
ٱقتدار	X	X9.1
هني	O	O4.2
تقديس	S	S9/A1.1.1
تقابل	Z	Z99
قداسة	A	A11.1
عراك	S	S8
ٱستبطن	X	X2.4
بليد	S	S1.2.6
ٱبتعث	M	M2
ٱستبقى	A	A9
قبو	X	X9.1+/E4.1
عشترة	Z	Z99
عشيرة	S	S4c
معاشرة	S	S5+c
تعشق	Z	Z99
بعل	S	S4m
متقابل	A	A6.1
بغي	G	G2.1
باقر	Z	Z99
ٱقتتل	Z	Z99
مبعثر	M	M1
هوي	M	M1
عسلي	F	F1
قتادة	Z	Z99
هنأ	Q	Q2.2
هن-	E	E4.1
قذافي	Z	Z99
مبهجة	E	E4.1
عذري	S	S3.2
أبهر	O	O4.2
قبس	Z	Z99
تعريب	Q	Q3
متعرج	M	M2
عرج-	O	O4.5
ٱنبهر	Z	Z99
أعذب	X	X3.1
بهلوان	K	K1/S2mf
بهلواني	K	K5.1
قرة	O	O4.6
معاداة	S	S1.2.1
بصق-	B	B1
هلل	E	E4.1
متهالك	B	B2
بنسلفانيا	Z	Z2
بلقان	Z	Z2
ٱنهمك	Z	Z99
بطريق	L	L2mfn
عرفان	X	X2.2
بلفور	Z	Z1mf
بطش	E	E3
ٱبتلاء	E	E6
بطيخ	Z	Z99
بنجاب	Z	Z2
هير	A	A1.3
معتصم	Z	Z99
مقبض	Z	Z99
بنان	Z	Z99
عريضي	Z	Z99
تباطؤ	T	T4
تقارن	A	A2.2
أطرق	O	O4.1/B1/S7.2
طرق	O	O2
تجبر	Z	Z99
برشلونة	Z	Z2
طرقة	M	M3
نوح	E	E4.1
ناد-	S	S7.1
أناخ	M	M8
جانيرو	Z	Z99
طريفة	A	A6.2
جابري	Z	Z99
جبنة	F	F1
مجابهة	A	A6.1
ناء-	Z	Z99
عكاشة	O	O4.2
قاطبة	Z	Z99
طرفاء	Z	Z99
وجنة	B	B1
تواجه	Z	Z99
جأش	E	E3
مفوضية	S	S7.4
ثمانمائة	Z	Z99
ثمانين	Z	Z99
برفيز	Z	Z99
قصف-	G	G3
منوع	A	A6.3
طالباني	Z	Z99
ثالوث	Z	Z99
ٱقتصار	Q	Q3
ثنى	O	O4.4
أثاب	M	M6
ثيب	S	S4/S2.1f
طعم-	X	X3.1
وجف-	Z	Z99
إنارة	W	W2
بروعة	Z	Z99
ثائرة	E	E3
إطعام	F	F1
ناهي	S	S7.4
جريد	K	K5.1
جرذ	L	L2mfn
منمنمة	N	N3.2
مقطم	Z	Z99
نماء	N	N3.2+/A2.1
برتقالي	O	O4.3
نهب-	G	G2.1-/A9
طبيعية	W	W5
معلل	A	A2.2
طبخ-	F	F1/S2mf
ضام-	B	B2
ضائقة	A	A12
فورة	E	E3
طاب	Z	Z99
جرم	G	G2.1
جرف-	N	N3.3
ٱنجرف	Z	Z99
أقعد	Z	Z99
برح	T	T2
ٱقتطع	Z	Z99
فوسفور	Z	Z99
وحداني	N	N5
بريدي	Q	Q1.2
أنهك	M	M3/O2
فوسفوري	Z	Z99
مطرح	M	M7
طرحة	B	B5
مجادلة	Q	Q2.2
بردة	Z	Z99
ٱقتطاع	N	N5
نهاد	Z	Z99
ٱنتهاج	A	A1.1.1
برد-	Z	Z99
فايز	Z	Z99
ٱنجذب	M	M1
ٱنجذاب	O	O4.2
فايزة	Z	Z99
نول	A	A9
تفوه	Q	Q3
تعقيب	Q	Q2.2/E2
تلفوني	Z	Z99
طوى	F	F1-/B1
أتلى	Z	Z99
ٱستهتار	A	A1.9
هتاف	Q	Q2.2/X3.2
أطيب	A	A5.1
تمم	N	N5.1
بارى	A	A12
يعقوب	Z	Z1m
تطوع	X	X7+/S6
توتاليتاري	G	G1.2/S7.1
طواعية	Z	Z99
مستطاع	A	A7
تنورة	B	B5
فيحاء	Z	Z2
طائفية	S	S5+c
تنور	O	O2/F1
هتلر	Z	Z1mf
هتمي	Z	Z99
وبر	O	O4.5
فيروز	O	O4.3
تريليون	N	N1
أظلم	W	W2
أهجم	E	E3
قرا-	A	A1.1.1
هجن	L	L2mfn
ظهير	S	S8
وبيء	B	B2
بزوغ	N	N5+/A2.1
بزغ-	N	N5+/A2.1
طاش-	Z	Z99
هج-	B	B2-/O4.6
تكتيك	X	X4.2
تفاهة	Z	Z99
ظلل	O	O4.3
تعيس	O	O4.2
طينة	C	C1/S2mf
وثبة	M	M1
قشتالة	Z	Z99
نيتروجين	O	O1.3
طلق-	Z	Z99
قصر-	Z	Z99
برنت	Z	Z2
طم	Z	Z99
معقود	A	A6.1
قصيد	A	A11.1
فياغرا	Z	Z99
ثقبة	O	O2
أبرم	X	X6
فوهة	B	B1
إبرام	S	S7.4
ثغر	M	M6
منامة	H	H2
توثق	Z	Z99
برهة	T	T1.1.2
تقشير	F	F1/L3
طهى	F	F1
طها-	F	F1/S2mf
مطهر	A	A5.4
توم	Z	Z1m
تولوز	Z	Z2
تاق-	X	X7
طوباس	Z	Z99
تواق	X	X7
طهارة	A	A5.4
طهر	B	B4
قصاص	A	A1.1.2/E3
ثاء	T	T1.3
تطهر	B	B4
نيودلهي	Z	Z99
عقائدية	A	A2.1-/X2.1
بؤري	A	A11.1
تداعى	Z	Z99
كليفلاند	Z	Z2
كيل	Z	Z99
فصام	B	B2-/X1
دانى	X	X4.2
تسقط	S	S5
كسارة	O	O2
غمس	M	M2
نجز-	X	X9.2
سقارة	F	F3
أكسسوار	N	N5
كورتيزون	Z	Z99
شروع	X	X8
دهش-	Z	Z99
مغمض	A	A10
داني	N	N3.7
خارقة	S	S9
خزاف	C	C1/S2mf
نجف	W	W3
ٱدعم	Z	Z99
أسا-	B	B3/S2mf
ٱفتراء	M	M1
ميكروسكوب	O	O2/Y1
شدق	B	B1
كسكسي	Z	Z99
شذ-	A	A6.1
إدمان	B	B2
كسول	X	X5.2-/S1.2
تغرب	M	M1/M7
مشادة	E	E3
خص	F	F1
كيفما	Z	Z5
سومري	Z	Z99
دمياط	Z	Z99
ساقط	X	X9.2
متسول	I	I1.1-/S2mf
خش-	M	M1
مكين	S	S1.2.5
خوري	S	S9/S2mf
متساقط	A	A1.1.2
شذا	B	B4
أمال	Z	Z3
متداعي	N	N5-/A2.1
ٱستشرف	X	X3.4
سائغ	X	X3.1
مكري	H	H4/S2mf
دسوقي	Z	Z99
ميرة	O	O2
شرائي	I	I2.2
مسودة	Z	Z99
خربة	O	O2
نحس	A	A1.4
دسى	S	S1.1.1
نحافة	Z	Z99
غض-	M	M6
ولغ-	B	B1
كروي	K	K5.1
كرية	O	O2
كوت	Z	Z5
كمل-	Z	Z99
تمهيدي	A	A1.1.1/N4
سواح	M	M1/S2
غضاضة	T	T3
خذل-	A	A1.7
شرياني	B	B1
شزر-	Z	Z99
لامبالاة	X	X5.2
دهليز	H	H2
سفلي	M	M6
شهاب	Z	Z99
كريستوفر	Z	Z1m
ٱنتحر	Z	Z99
غرب-	M	M1
خوى-	Z	Z99
أميرال	G	G3/S7.1+/S2mf
مكر-	A	A5.2
ٱستساغ	Q	Q2.2
أغرب	N	N5.2+/Q2.2
مداعبة	E	E4.1
أنان	Q	Q2.2/E2
أسوان	Z	Z2
سوسة	Z	Z99
أناناس	L	L3
أفعل	N	N5
أنين	Q	Q2.2/E2
لاإرادي	X	X7
ميريل	Z	Z1f
مستخرج	N	N5
أستراليا	Z	Z2
دمن-	F	F4
ٱستمالة	O	O4.2
متسلل	M	M1/A10-/S2mf
خفق	B	B2
تملى	M	M1
مدلل	O	O4.2
خفاء	A	A10
ٱختلق	X	X2.1
ومد	O	O4.6
تخفي	A	A10
واقعة	A	A1.4
ينبع	Z	Z99
غلى-	B	B2
منأى	S	S1.2.1
غليان	O	O4.6
تدليك	B	B3
سليط	S	S1.2.5
ٱستخفاف	S	S7.2
ٱستل	M	M2
خفير	A	A15+/I3.2/S2mf
شتات	M	M1
سلسل	A	A2.2
تخلق	Z	Z99
تسلح	G	G3
ٱنخلع	Z	Z99
تمليك	Z	Z99
دك-	O	O4.4
مستخلص	N	N5
كولومبيا	Z	Z2
نبذة	X	X2.5
خلسة	A	A10
إسكندرونة	Z	Z99
مشؤوم	A	A5.1
مخلوع	A	A9
شاتيلا	Z	Z99
متكافئ	A	A6.1
مكافئ	A	A6.1
دلالي	Q	Q3
كولسترول	O	O1
غلا-	N	N5.2
نابذ	Z	Z99
دلل	A	A5.2
أدل	N	N5
خلخل	M	M2
كونكورد	Z	Z3fn
غريم	I	I1.2/S2mf
فض	M	M1
تشحيم	O	O4.5
شخب-	M	M4
خصلة	N	N5
فظع-	Z	Z99
ٱمتلاء	Z	Z99
ساقي	Z	Z99
ٱنكشاف	A	A10
كشفي	X	X2.4
شاخص	A	A1.7
إملاء	N	N5.1+/F1
ٱستيفاء	E	E4.2
مينا	C	C1
سلق-	B	B2
دمل	B	B2
ميليشيا	G	G3/S5
دغل	L	L3
إخصائي	X	X2.2
كوسا	Z	Z99
ميونيخ	Z	Z2
سمان	Z	Z99
أميري	Z	Z2
ٱستكشافي	G	G3
سلعي	O	O2
سكران	F	F2
مندمج	O	O4.5
تدميري	A	A1.1.2
إخماد	Z	Z99
مملح	F	F1
شجع-	Z	Z99
غرام	X	X5.2+/N5.2
شجير	Z	Z99
نبهاني	Z	Z99
خاطرة	X	X4.1
خضير	O	O4.3
ملحي	X	X3.1
سكتة	X	X3.2
مسايرة	A	A2.1
مخضرم	S	S7.1
ألاسكا	Z	Z2
ألب-	S	S1.1.1
كشميري	Z	Z5
ٱختط	N	N5
توهج	O	O4.3
لاسلكي	Q	Q4.3
ديترويت	Z	Z2
سند-	S	S8
مطاطي	O	O1.1
غارودي	Z	Z99
تسريح	S	S7.4
غب	A	A2.2
تحويلي	A	A1.1.1
مدجن	E	E3+/L2
نز	A	A1.7
فقه-	X	X2.5
ٱستأنف	Q	Q1.2
مشلول	S	S7.1
سنت	I	I1
متحيز	E	E2
مهين	E	E2
مطاط	O	O4.5
أكذوبة	A	A5.2
أكذب	A	A10+/A5.2
نازعة	A	A6.2
توكيل	S	S7.1
موال	I	I1/S2mf
ٱستأنس	Z	Z99
لبب	B	B1
نذر	Q	Q2.2
دولاب	O	O2
سندباد	Z	Z99
أزلي	T	T2
ٱنشقاق	A	A6.1-/A2.1
معاليه	Z	Z99
محيي	Z	Z99
سرطاني	B	B2
داوى	E	E4.2
سمر	Z	Z99
دوي	O	O4.1
غضروف	B	B1
أوكل	A	A9
كربلاء	Z	Z99
تشكك	A	A7
كربة	E	E6
ٱفتراق	A	A6.1
متدرج	P	P1/I3.1
مضض	E	E4.1
أشن	I	I1.1/I3.1
سرية	A	A10
حمي-	O	O4.3
سماكة	N	N3.7
ماج-	N	N5+/A2.1
عاين	X	X3.4
إنكشاري	Z	Z99
حنطة	F	F1
شملية	Z	Z99
إكثار	N	N5+/A2.1
درة	L	L2
غوريون	Z	Z99
كنف	L	L2
غلالة	B	B5
تأني	S	S1.2.6
مدخن	F	F3/S2mf
مسدس	G	G3
سدل-	Z	Z99
كنى	Q	Q2.2
حم	S	S4m
كنه	A	A11.1
غافل	A	A1.9
دارج	E	E2
فسيولوجي	B	B1
نزف-	B	B4/H2
حوران	Z	Z99
سرج	B	B5/L2
محار	F	F1
غفل	Z	Z99
وليدة	A	A2.2
شمي	Z	Z99
تنزيل	N	N5-/A2.1
حني	O	O4.4
شمعون	Z	Z99
حنق	E	E3
كثف	O	O1.2
شماتة	Z	Z99
فك-	A	A6.1
ٱستغلالي	G	G2.2
سمفونية	K	K2
شقاق	S	S5
متفاعل	S	S1.1.2
دبر	S	S7.1
تمعن	X	X2.4
تدارك	A	A5.3
مكتمل	T	T2
دوسري	Z	Z99
سرياني	Z	Z99
سريان	Z	Z99
تكمن	Z	Z99
ٱستدارة	Z	Z99
معوي	B	B1
أكره	S	S7.1
شفع-	S	S1.1.3
أسهب	O	O4.1
تخثر	Z	Z99
إفشال	Z	Z99
دوس	A	A1.1.1
ٱستفسر	Q	Q2.2
متفشي	F	F1
ٱشتعال	O	O4.6
ٱلتأم	Z	Z99
دواسة	O	O2
مندد	Q	Q2.2/E2
ختر-	G	G2.2
خباز	F	F1/S2mf
موغل	N	N3.7
كرمل	Z	Z99
تمويه	A	A5.2
معمعة	X	X2.5
منتدب	S	S7.4
مختبري	Y	Y1/H1c
أفصح	N	N5
تسرى	Z	Z99
ملاءمة	A	A6.1
ندا-	Q	Q2.2
إسعاد	Z	Z99
كانون	O	O2
دبوس	O	O2
نحوي	Q	Q3
فصاحة	Q	Q3/X9.1
شفا	T	T1.2
كرز	Q	Q2.2
حيف	G	G2.1
تمويني	A	A9
مشفق	X	X2.5+/S1.2
وكف-	A	A1.7
تشفي	E	E4.2
مداولة	Q	Q2.2
غثيان	E	E2
درن	O	O4.2
والس	N	N5
سطع-	W	W2
ميتشل	Z	Z1mf
سعر-	T	T2
دراغمة	Z	Z99
شفاعة	S	S8
ٱشتق	A	A2.2
أشفق	E	E1
تغليب	E	E2
فونوغراف	Z	Z99
كوكايين	O	O1
لهيب	O	O4.6
طوافة	Z	Z99
فياض	Q	Q2.1/N5
مغل	X	X9.2
سجية	Z	Z99
زاروب	Z	Z99
مسلماني	Z	Z99
مطيع	S	S7.1
مغلوط	A	A5.2
منقسم	A	A6.1
سمم	E	E3-/O1
مزاحمة	K	K1
عافى	B	B3
كولن	Z	Z1m
ٱستقرى	X	X2.4
قشدة	O	O4.3
فرانسوا	Z	Z99
طوعي	X	X7+/S6
عفا-	G	G2.2
طاع-	S	S7.1
ظهيرة	T	T1.2
سمكة	S	S9
مظنة	X	X2.1
عب-	F	F2
مسم	E	E3
تطاول	Z	Z99
إفساح	Z	Z99
سلفية	Z	Z99
مسامرة	Q	Q2.1
لملمة	S	S5+c
كوسوفا	Z	Z99
مطيري	Z	Z99
تطوى	O	O4.4
قسام	Z	Z99
تسامر	A	A6.1
أطمع	X	X5.2
لماع	A	A5.1
قسطنطين	Z	Z99
مسلوق	F	F1
طما-	Z	Z99
سلوقي	L	L2mfn
ٱقشعر	M	M1
لامعة	O	O4.5
زجر-	A	A1.7
ٱنطواء	M	M2
قشعريرة	E	E1/B1
طائش	A	A1.3
طاول	Z	Z99
ٱستظل	Z	Z99
فسح	Z	Z99
طم-	N	N5
سلطاني	Z	Z1m
مقاصد	Z	Z99
متسلط	S	S7.1
ملحوظة	X	X3.4
قشطة	O	O4.3
مظلل	G	G2.2
مسلط	S	S7.1
قواسمي	Z	Z99
مظفر	X	X9.2
عاقد	Z	Z99
ٱنغلق	Z	Z99
تعقب	A	A1.1.1
سلمة	Z	Z99
معافى	B	B2
قس	S	S9/S2.2m
سميح	S	S7.4
قزم	S	S8
مسجون	G	G2.1/S2mf
طولي	N	N4
قس-	A	A1.1.1
عفي	X	X5.2
ٱرتاب	Z	Z99
لواط	S	S3.2
قدموس	E	E5
لتوانيا	Z	Z2
قدو	Z	Z99
مفرغ	Z	Z99
قاذفة	M	M5/G3fn
لثة	Z	Z99
معرب	Q	Q1.1
قذر	A	A5.4
معصم	B	B1
مستعرض	Z	Z99
لاهوت	S	S9
لوكربي	Z	Z2
عرفي	A	A6.2
عرفة	Z	Z99
سرى	X	X5.1
أسرى	Z	Z99
سريالي	A	A5.2
تفخر	Z	Z99
لوعة	E	E6
روشتة	Z	Z99
تلألأ	W	W2
معذب	Z	Z99
سعفة	Z	Z99
تعديني	I	I4
مسعور	B	B2-/X1
راق	O	O2
لامتناهي	T	T2
إراقة	M	M2
رائق	A	A7
عوادم	X	X7-/O2
قار	M	M8
تساعى	Z	Z99
إسعاف	S	S8
عدن	Z	Z2
قارورة	O	O2
عذب-	S	S8
تعاضد	S	S8
فرم	X	X5.2
غانم	X	X9.2
لاوعي	B	B1
مغن	X	X3.2
سحنة	A	A10
عدوية	Z	Z99
قرارة	N	N4
لجأ	S	S7.1
فرنجة	Z	Z99
لاهوتي	S	S9/S2mf
سدادة	Z	Z99
تعسف	S	S7.1
سدود	N	N3.2
غار	W	W3
عشى	X	X3.4
ٱقتتال	S	S8
عزام	Z	Z99
عزمي	Z	Z1m
لبسة	Z	Z99
ريحان	Z	Z99
عازم	X	X6
لوموند	Z	Z99
سديري	Z	Z99
ٱنسدل	M	M1
سداسي	N	N1
فداحة	S	S7.1
عشيق	S	S3.2/S2mf
سدى	Q	Q2.2
فخم-	Z	Z99
ملتبس	O	O4.1
سراييفو	Z	Z2
سراء	E	E4.1
مغير	G	G2.1-/S2mf
لبق	X	X9.1
معتزل	N	N3.3
قدوس	Z	Z99
غواصة	M	M4fn
عصابي	B	B2-/X1
سردين	L	L2mfn
سردي	O	O4.1
ٱستغاث	Z	Z99
مغنى	K	K2
تعريفي	I	I1.3
لولبي	O	O4.4
عصارة	Q	Q4.2c
أعرق	N	N5
فدائي	S	S5
أقدر	N	N5
ٱستغاثة	Z	Z99
تعزير	Q	Q2.2/G2.1
عزل-	A	A9
سراج	O	O2/W2
متلبد	A	A10
إغاثي	S	S8
عريان	B	B5
قدري	S	S7.1-/E1
عزيزي	E	E2
عطب	A	A1.1.2
عدم-	A	A9
أسكر	F	F2
عطل-	Z	Z99
متعاطف	X	X2.5+/E1
عابس	S	S1.2.1
غوي-	S	S1.2.2
ٱكتوى	Z	Z99
لهم	S	S1.2.2
قرطبة	Z	Z2
كونغو	Z	Z2
فينة	T	T1
ريعان	Z	Z99
غمام	W	W4
عتاد	G	G3
سك-	O	O2
عتيد	X	X7
قريشي	Z	Z99
ٱنعتاق	S	S5
سكب	L	L3
كيب	Z	Z2
عبل	O	O4.4
لهاة	Z	Z99
سكت	X	X3.2
تكويني	A	A2.2
عبيدلي	Z	Z99
أقرن	S	S5+c
غالى	N	N5.2
قرن-	A	A2.2
عبدالرشيد	Z	Z99
عفاف	A	A9-/G2.2
عبأ	N	N5
عفريت	G	G2.2
ٱقتران	A	A2.2
عفيف	G	G2.2
معبأ	O	O4.1
عبدالعظيم	Z	Z99
عبدالفتاح	Z	Z99
ٱقترع	Z	Z99
قرع	X	X3.2
غلاء	Z	Z99
غلوبل	Z	Z3c
سلال	Z	Z99
عبدالمنعم	Z	Z99
لحد	L	L1-/H1
عظم-	Z	Z99
فيلق	Z	Z99
عطا	Z	Z99
ٱفتر	W	W2
معتق	T	T3+/A2.1
عجينة	F	F1
عجن	Q	Q2.2
مقرأ	H	H2
ألاح	A	A8
فراء	Z	Z99
فرى	Z	Z99
ٱستعجال	N	N3.8
قربي	Z	Z99
رومانتيكي	S	S3.2
رومنطيقي	S	S3.2
معجل	A	A11.1
تعطش	Z	Z99
غامضة	X	X2.2
عدول	G	G1.2
تلويح	Q	Q1.1
إفرنجي	M	M6/S2mf
ملوحة	Q	Q1.1
متعادل	A	A5.3
لجم	A	A1.7
معتد	E	E6
ألجم	A	A1.7
فاحم	O	O1.1
عطس	Z	Z99
ٱستعدادي	A	A1.1.1/N4
ٱستعجل	N	N3.8
ساقى	Z	Z99
تقرح	Z	Z99
سقم	B	B2
عطوف	X	X2.5+/E1
عته-	Z	Z99
راب-	Q	Q2.2
قردوح	L	L2mfn
لاب-	M	M1
تعتيم	O	O4.3
رويتر	Z	Z3c
معجز	S	S9
تروية	X	X2.1/A1.3
سقطة	M	M1
أعجل	N	N3.8
تلويث	W	W5
عطاف	B	B5
أعجز	S	S1.2.5
أفر	Z	Z99
تروي	X	X2.1/A1.3
ٱلتهابي	B	B2
طبشورة	O	O1.1
غرة	X	X5.1
عنترة	E	E5
تشارك	Z	Z99
زهو	S	S1.2.3
زهاء	N	N5
زاوج	O	O2
فرساي	Z	Z2
معاند	A	A2.1-/X2.1
ٱغتر	Z	Z99
عنجهية	E	E4.2+/S1.2
أزهى	M	M1
تفنيد	Q	Q2.2/Z6
فني-	L	L1
شرق-	N	N5+/A2.1
تشريف	G	G2.1
كريستيان	S	S9
كريستي	Z	Z99
إشراقة	O	O4.2
صاغي	X	X5.1
فنزولا	Z	Z2
كارى	I	I2.2
كري-	B	B1
قيثار	K	K2
تقيء	B	B2
شطرنج	K	K5.2
تكره	E	E2
صرصور	L	L2
ٱستصرخ	Z	Z99
سئم-	Z	Z99
صادم	A	A5.1
فالق	B	B2
صربي	Z	Z2
صرح-	A	A7+/Q2.2
مصارعة	K	K5.1
عنكبوت	Z	Z99
تصعب	Z	Z99
شط-	Z	Z99
عنزي	Z	Z99
كروموسوم	B	B1
عندليب	L	L2
مصطبة	Z	Z99
فلا	Z	Z99
كرا-	A	A1.1.1
مكروه	E	E2
ٱعتناق	A	A9
عناق	S	S3.2
كرو	A	A1.1.1
صفار	B	B2
قنال	W	W3/M4
شادية	K	K2/S2mf
قنطار	Z	Z99
متكاسل	X	X5.2-/S1.2
زنر	E	E3-/X3.4
شذرة	O	O2
شرر	O	O4.6
مقهور	X	X9.2
زنى-	Z	Z99
قهري	S	S7.1
قها	Z	Z99
صم-	O	O3
صناع	X	X9.1
عامري	Z	Z99
سبخة	W	W3
متغرب	Z	Z99
عمر-	X	X9.2
مشد	B	B5
قانئ	O	O4.3
مصاهرة	E	E2
لدغ-	B	B2
ٱقتناص	Z	Z99
قنصل	G	G1.1/S2mf
ٱقتنص	Z	Z99
مفهرس	Q	Q4.1
مصهور	O	O4.6
تلعثم	A	A7
تصالح	S	S1.2.1+/E3
ٱقتار	A	A1.1.2
مصفاة	I	I4/H1
عمالي	A	A1.1.1
شرشف	Z	Z99
صقيع	O	O4.6-/W4
فريدة	Z	Z99
شراعي	M	M4
صفعة	E	E3
تشرف	Z	Z99
قوط	Z	Z99
تشرذم	Z	Z99
صقيل	O	O4.1
تشريحي	B	B1
كساد	Z	Z99
صلت-	Z	Z99
كاسر	A	A1.1.2
شرد-	M	M1
كاسح	A	A1.1.2
شرذمة	S	S5+c
تفتق	Z	Z99
مشرد	H	H4
تشريد	H	H4/G2.1
منفعل	E	E3
أشاح	Z	Z99
شلال	M	M1
فلاش	Z	Z3
أكدى	A	A1.5.1/N5
مشيد	S	S1.2.3
متفرد	N	N5
كبرياء	S	S1.2.3
كبريتي	Z	Z99
عيي-	Z	Z99
كدمة	B	B1
مشيئ	X	X7
إكبار	S	S7.2
تكبد	E	E4.1
عام-	O	O2
فقم	Q	Q1.1
إفلات	A	A1.7
شكلة	Z	Z99
أغبر	O	O1.1
ٱفتتاحية	S	S7.1
تشييع	L	L1
عويل	Q	Q2.2
ٱستشاط	Z	Z99
ٱنفلت	A	A1.7
شلو	B	B1
شم	X	X3.5
أكتف	A	A4.2
أعيس	O	O4.3
تفكك	N	N5.1
شهقة	B	B1
مكتوم	A	A10
معاش	T	T1.3
لساني	Q	Q2.2
شنيع	O	O4.2
فتئ	T	T2
تلاشي	A	A10
كتف-	E	E2
كبسول	O	O2
تزين	Z	Z99
ٱشمئزاز	E	E2
شاه-	Z	Z99
فتوح	Z	Z99
كحولي	F	F2
كحل	O	O1.1
شو	Z	Z1mf
ٱنفك	Z	Z99
كبوة	M	M1
شوف	Z	Z99
تزييت	O	O4.5
شف	O	O1.1
غدير	W	W3/M4
أعار	A	A9
ٱستشف	X	X3
فاغر	X	X3.4
تعويذ	B	B5/A10-/S9
صدئ-	Z	Z99
أصد	Z	Z99
قيل	S	S7.1
تكرس	S	S5
مكرس	S	S9
زاول	A	A1.1.1
قيقب	L	L3
مزور	G	G2.1-/S2mf
فرسان	Z	Z99
عيادي	B	B3
غادي	T	T1.1.3
فأس	O	O2
صداق	Z	Z99
صدغ	S	S9/H1
معاد	N	N6
ساءل	Q	Q2.2
شغوف	J	JJ
كارم	Z	Z99
أفتر	A	A5.1+/A2.1
إشعال	O	O4.6
ملطخ	O	O4.3
ساساني	Z	Z99
ٱنزوى	I	I3.1
كادميوم	O	O1.1
فالنسيا	Z	Z2
كاتدرائية	S	S9/H1
تفرس	Z	Z99
صباغي	Z	Z99
إلصاق	Q	Q1.2
صبحي	Z	Z99
غباء	X	X9.1
شكسبير	Z	Z1mf
كرب	E	E6
كاريكاتوري	C	C1
كابرال	Z	Z99
ٱستعاض	A	A9/S1.1.2
صحائف	B	B5
شفوي	B	B1
غدر	G	G2.1
عورة	O	O4.2
إشفاق	E	E1
كردستان	Z	Z99
ٱستصحب	S	S3.1
فالح	A	A1.4
عاض-	S	S8
غدد	Z	Z99
عاز-	X	X7
غرد	X	X3.2
فتك	A	A1.1.2
سوغ	Q	Q1.2
مفصلي	A	A11.1
فجر-	Z	Z99
فيصلي	Z	Z99
ستين	T	T1.3
طأطأ	O	O4.4
قعد-	N	N5.2
تفاجأ	Z	Z99
فج	M	M3
قعد	K	K5.1
غاصب	Z	Z99
إقطاع	Z	Z99
سيئة	G	G2.1
غضبان	E	E3
طحن-	X	X5.2
سود	O	O4.3
متطابق	Q	Q1.2
مغتصب	A	A9+/S7.1
ٱنطباعي	C	C1
تعلة	A	A5.4-/A2.2
قعود	Z	Z99
غشي-	O	O2
أسار	Q	Q1.2
زاعم	Q	Q2.2
ساير	Z	Z99
سيدني	Z	Z2
تضمين	A	A1.8
ضامر	B	B2
لقن	P	P1
غاض-	N	N5-/A2.1
غش-	A	A5.2
سيث	Z	Z99
فار-	B	B2
كلوي	B	B1
سبى-	A	A9
كلود	Z	Z99
سول	Z	Z2
سومر	Z	Z99
ضير	A	A1.1.2
قفة	O	O2
ٱنضواء	Z	Z99
مساوي	A	A6.1
سوني	Z	Z3c
فوسفاتي	Z	Z99
غيور	X	X5.2
طغا-	N	N5.2
طاعن	T	T3
طغى	S	S7.1
ٱستفاق	B	B2
أقض	Z	Z99
ٱستن	M	M1
عكر	E	E6
ٱكتنز	A	A9
سانح	A	A5.1
سنبل	O	O2
مفجع	E	E4.1
فوقي	M	M6
قض-	A	A1.1.1
فسق	G	G2.2-/S9
متطفل	L	L2
مقتصر	N	N3.7-/A2.1
غفا-	Z	Z99
عقم	B	B4
طفح	W	W3
إطفاء	Z	Z99
فاقة	I	I1.1
كنعان	Z	Z99
طشقند	Z	Z2
طروادة	Z	Z99
سهول	B	B3
فص	F	F1/L3
عكاظ	Z	Z99
فوض	S	S7.4
معكوس	Z	Z5
طراحة	H	H5
قاطرة	M	M1
إطراء	S	S7.2+/Q2.2
تغاضى	X	X5.1
طرب-	Z	Z99
تطرح	Z	Z99
تساهل	S	S7.4
فوضوي	G	G2.2
كمين	A	A10
مطروق	N	N5
سترو	Z	Z99
ستريت	Z	Z2
مطري	O	O4.2
متعاكس	A	A6.1
مزركش	O	O4.2+/A2.1
سنونو	B	B1
طرفة	T	T3
منعكس	A	A10
طرافة	T	T3
كنت	Z	Z2
لقن-	X	X2.5
زغردة	Z	Z99
متزمت	S	S1.2.4
سبعمائة	N	N1
مشتل	L	L3/M7
عمومة	S	S1.2.1
ٱستفهام	Q	Q2.2
تقليم	A	A1.1.1
شتم-	E	E2
ٱستغراق	I	I1.2
ضاد	Z	Z2/Q3
فرش	Z	Z99
ضبع	Z	Z99
لفافة	O	O2
مضاجع	S	S3.2
سبيعي	Z	Z99
تشبيه	A	A6.1
أفتن	N	N5
شبل	G	G3/P1/S2mf
لفتة	T	T1.3
ضخم-	Z	Z99
مفرش	H	H5
تشبه	A	A6.1
مقلق	E	E6
تلفيف	M	M2
ضخ-	B	B3
تشجع	Z	Z99
ٱصطياف	Z	Z99
فطن-	Z	Z99
ٱنصياع	S	S7.1
قمعي	S	S8
تقمص	Z	Z99
أغرس	B	B3
تصويري	C	C1
لغط	X	X3.2
كساء	B	B5
قن	S	S7.1-/S2mf
صول	G	G3/S7.1+/S2mf
سبط	S	S4m
مصاد	X	X2.4
مزمور	S	S9/K2
قمرية	H	H2
شح-	Z	Z99
مزمع	X	X6
شحذ	Q	Q2.2
ٱفترش	Z	Z99
زميلة	S	S4f
شحذ-	Q	Q2.2/E6
زامل	S	S3.1
إعلاء	M	M2
متضاد	A	A6.1
تكلل	Z	Z99
لقح	B	B3
ضغينة	E	E2
مغسول	B	B4
ضلل	A	A5.2
كلة	B	B5
فتي-	Z	Z99
ألفى	A	A10
مغزاة	T	T2+/A1.1.1
ٱنضغط	Z	Z99
علمنة	Z	Z99
سين	G	G2.2-/S9
تكالب	M	M1
زفر	Z	Z99
كلاب	O	O2
ضمور	Z	Z99
لقيمة	F	F1
قافية	Q	Q3
ٱستعلام	Q	Q2.2
زفرة	Q	Q2.2/X3.2
لحا-	Q	Q2.2/S1.2.4
ضلوع	A	A1.8
تقال	E	E2
ٱضطلاع	X	X2.1
ٱستضعف	E	E2
شبيبة	T	T3-/S2mf
فضلى	S	S7.2
أفضلية	A	A11.1
ٱضطراري	S	S6
غائم	O	O4.3
ضراء	A	A12
ملتفت	X	X5.1
شباك	H	H2
علاوي	Z	Z99
أغزر	N	N5
تضارب	E	E3
ضرع	A	A6.1
تضرع	Q	Q2.2
ضراعة	S	S1.2.3
ضرس	N	N3
متضارب	A	A6.1
مضروب	N	N5+/A2.1
ضروب	A	A4.1
مضاربة	X	X2.6
مشبوب	O	O4.6
إضراب	I	I3.1
فولكلور	Q	Q2.2
حفيظ	X	X5.1
حفنة	N	N5
حقة	O	O2
حقانية	G	G2.1
حفيرة	A	A1.1.1
حفيف	X	X3.2
حاضرة	M	M7
ٱنتشى	Z	Z99
محظوظ	A	A1.4
ناشف	O	O1.2
ٱحتقر	E	E2
حقن-	B	B3
ٱحتلالي	H	H4
ٱستحل	Z	Z99
حلبي	Z	Z5
متحالف	S	S3.1/S2mf
حلقي	N	N4
ٱستحكام	N	N5+/A2.1
ٱحتكم	G	G2.1/I3.2/S2mf
تنشر	Z	Z99
حك	A	A1.1.1
محك	A	A5.1
مناشدة	Z	Z99
ٱحتضار	T	T2
تحضيري	A	A1.1.1/N4
تنصل	X	X2.1
حسابي	N	N2
حسود	S	S1.2.2
مناصفة	Z	Z99
ناصيف	Z	Z99
ٱحتسب	Z	Z99
نضوب	A	A1.5.2
تحرم	Z	Z99
حز-	O	O2
تحزب	S	S5+c
حزيران	Z	Z1f
تحسر	E	E4.1
مستحسن	O	O4.2
نصت-	X	X3.2
أنصب	M	M3/O2
تحصن	Z	Z99
محصن	O	O4.1
تنصر	Z	Z99
محتشم	S	S1.2.3
مستنصر	Z	Z99
محتشد	S	S5
حشمة	E	E5
محلى	X	X3.1
مندور	Z	Z99
نادم	Z	Z99
مخبأة	A	A10
تندر	E	E4.1
خبث	E	E3
محتار	X	X2.5
منادى	Q	Q2.2
نرد	K	K5.2
حيل	S	S1.2.5
نرجسي	S	S1.2.3
تحييد	Z	Z99
أخبار	Z	Z1m
خابور	O	O2
نخر-	B	B1
أخجل	E	E4.1
خدعة	A	A5.2
خجل-	Z	Z99
نخاع	B	B1
ٱستخباري	A	A10
تنديد	Q	Q2.2/E2
نخلة	Z	Z99
حولية	T	T1.3/Q1.2
أنزح	B	B4/H2
ناسخ	Q	Q2.2
نسف-	M	M1
حمصي	Z	Z5
أحمى	T	T2
منزه	A	A5.3
نسق-	S	S7.1
حمدان	Z	Z1m
أحم	O	O4.3
ٱستحم	B	B4/M4
حمأ	O	O1.1
حنبل	Z	Z99
حنظل	Z	Z99
محاورة	Q	Q2.1
ٱستنزف	B	B4/H2
منتزع	S	S1.2.1
نازع	Z	Z99
نزر	A	A11.1
نزيف	Z	Z4
ٱستحواذ	X	X9.2+/S7.3
حنك	B	B1
حواء	Z	Z1f
تنزل	S	S1.2.3
حرفية	Z	Z99
نفق-	O	O2
متجهم	B	B1
جهنم	S	S9
نفعي	A	A1.5.2
تجهيل	Z	Z99
نفاق	I	I1.2
تنافى	Z	Z99
جهر-	A	A8
جهز-	Z	Z99
أجهز	Z	Z99
جواتيمالا	Z	Z2
جاوب	A	A6.1
منفس	O	O2
جوزف	Z	Z1m
نفساني	X	X2
جوال	M	M1/N3.8
ٱستنفار	Z	Z99
متنافس	S	S7.3+/S2mf
مستجيب	S	S1.1.2
أجار	S	S8+/A15
نفض-	M	M2
جورنال	Z	Z99
مجهد	A	A12
جانى	Q	Q2.2
جم-	O	O1.2
جلوكوز	O	O1
جماح	S	S8
جامح	S	S8
مجالي	Z	Z99
ٱنجلى	Z	Z99
جلاد	X	X8
أنقع	O	O1.2
جلمود	W	W3
نقش-	C	C1
نقر-	Z	Z99
نقد-	Q	Q2.2/E2
تجنيد	I	I3.1/A9
مناقب	Z	Z99
نقيب	G	G3/S7.1+/S2mf
نقابي	I	I3.1/S5+c
جندية	G	G3
جنوح	X	X7
جنوني	J	JJ
ٱجتنب	A	A1.9
ٱجتناب	A	A1.9
جنح-	O	O4.4
جونز	Z	Z1mf
جونية	Z	Z99
تنظف	Z	Z99
أنظف	O	O4.2
حاذر	Z	Z99
حذار	A	A1.3
حدقة	P	P1/S2mf
حدق	A	A8
حاجى	Z	Z99
ٱحتد	Z	Z99
نعجة	L	L2mfnc
حدج	X	X3.4
مناظرة	S	S7.3
حاذق	X	X9.1
حرش	W	W3/L3
ناطحة	H	H1
حرض-	X	X9.2
تحريضي	X	X5.2
تنطق	Z	Z99
ٱستنطاق	Q	Q2.2
محاذي	Z	Z5
حريرة	N	N3/F1
أحر	Z	Z99
حارث	Z	Z99
حجا-	X	X2.1
أنعش	N	N5+/A2.1
ٱستحب	E	E2
حاخام	S	S9/S2mf
نفاث	M	M5fn
تحبب	S	S4
مستحب	O	O4.2
جيهان	Z	Z99
ٱنتفخ	A	A5.1
جيئة	T	T1.1.3
جيت	Z	Z3c
جيتكس	Z	Z99
جيفري	Z	Z1m
نفث-	B	B1
نعل-	N	N5
حجية	G	G1.1c
محتج	G	G1.2/S2mf
ٱحتجاب	A	A10
تحتم	Z	Z99
نعمان	B	B1
حبوش	Z	Z99
أحبط	O	O1.1
حابى	S	S8
نعيمي	Z	Z99
خذلان	X	X9.2
مضغ-	F	F1/B1
مضغ	F	F1/B1
ديكتاتور	S	S7.1+/S2mf
ديل	Z	Z99
مصل	F	F1
مضغة	F	F1/N3.2
تمضية	I	I1.2
دوى-	X	X3.2
معاريف	Z	Z99
دواة	O	O3
مداواة	B	B3
ديب	Z	Z99
دينيس	Z	Z1m
ٱستمسك	Z	Z99
تذلل	S	S5
أذنب	Z	Z99
أذل	S	S7.2
إذعان	A	A6.1
ذر-	M	M1
مسى	Z	Z99
دوغلاس	Z	Z1m
دوش	B	B4
دلفين	L	L2mfn
دل	S	S3.2
دلهي	Z	Z2
تدلى	Z	Z99
دميم	O	O4.2
دقهلية	Z	Z99
مدقع	E	E4.1
مدفعي	G	G3
مدفعية	G	G3
ٱندفاعة	B	B2
دافق	N	N5
مدمس	F	F1
أدهى	Z	Z99
دهاء	X	X9.1
دوخة	B	B1
دارة	Z	Z99
أمعط	B	B1
دهلي	Z	Z2
مكوث	H	H4
دميع	E	E4.1
ملأ	S	S5+c
مدمن	X	X5.2++/S2mf
دنمركي	Z	Z2
أذهل	O	O2
أذاق	Z	Z99
رجي-	Z	Z99
ترجي	X	X2.6
رحيب	N	N3.2+/N3.6
مرحلي	E	E5
ٱرتخاء	A	A1.7
ٱرتجى	X	X2.6
ٱرتجال	A	A1.4
رجعي	G	G1.2
مرجانيات	Z	Z99
مسترد	B	B2
مدائن	Z	Z99
مرزوقي	Z	Z99
مرز	Z	Z99
رزين	A	A11.1
رسوب	O	O1.1
رسخ	Z	Z99
رزاز	Z	Z99
رذيلة	Z	Z5
أردف	N	N5.1
ردن-	M	M1
مداح	S	S7.2+/Q2.2
تردى	N	N5-/A2.1
أرجوحة	K	K6
رجحان	N	N5
رئاء	A	A6.1-/X2.1
ٱرتأى	X	X2.1
رباطة	S	S5
مربط	Z	Z99
راوند	L	L3
ٱمتزاج	O	O1.1
ماسح	Q	Q2.2
مذياع	O	O2/Q1.3
مساس	G	G2.1
مزقة	N	N5.1
مرابط	Q	Q1.2
أربعين	N	N1
مرثية	Z	Z99
مرسيليا	Z	Z99
رج	M	M1
أرجأ	T	T1.1.3
إرجاء	T	T1.1.3
رتابة	X	X5.2-/A2.1
مربعة	N	N5.1
ٱرتبك	Z	Z99
مرتبك	A	A1.8
تدفئة	O	O4.6
دف	A	A4.1
خفيض	N	N3.7
خفوت	O	O4.3
مستنبط	A	A10+/S2mf
تخفى	M	M7/A10
متخفي	A	A10
نبل-	Z	Z99
نبل	G	G3
تخاطف	A	A9
خطاف	G	G2.1-/S2mf
خاطف	S	S1.2.2
مختفي	A	A10
ٱختلج	M	M1
أخلف	K	K1/T1.3
خلاء	E	E4.1
أنبوبي	O	O2
ٱختلاء	A	A10
نبذ-	X	X7
منبوذ	T	T2
نبيذ	F	F2
ٱختلس	G	G2.1-/A9
متنبه	X	X5.1
تناجى	Z	Z99
نجا	S	S8
خرق	G	G2.1
نجل-	A	A2.2
خز	O	O1.1
خراط	I	I4/S2mf
نحب	E	E4.1
خرب	A	A1.1.2
تخرب	Z	Z99
منحت	O	O2
أخرس	X	X3.2
تخزيني	A	A9
خازن	I	I1.1/S2mf
خض-	E	E5
تخاصم	E	E3
نتر-	A	A9
ٱخضر	Z	Z99
مخضرة	W	W3/L3
خصخصة	G	G1.1
إخصاب	B	B1/S3.2
خزي-	Z	Z99
خس	F	F1
خيشوم	B	B1
منثور	M	M1
خامر	N	N5.1
أخمص	N	N5
دواجن	L	L2
ديجور	O	O4.3
موساد	Z	Z99
ممات	L	L1
مونة	O	O2
دبغ-	O	O4.3
دابر	T	T1.1.1
مدبر	S	S7.1+/S2mf
مونتريال	Z	Z2
درج-	O	O2
ٱمتهن	S	S7.2
ممانعة	S	S8-/E2
تمنع	X	X7
دعك-	A	A1.1.1
مدعم	S	S8
منغولي	Z	Z2
ٱستدرك	A	A5.3
مداراة	S	S7.2+/Q2.2
متمني	X	X7
منية	A	A7+++/S7.1
ماه-و	O	O1.1
مدبب	O	O4.4
إخاف	E	E5
خول	I	I1
خواء	E	E4.1
خاوي	N	N5
مختنق	L	L1
ميكنة	O	O3
تخمين	A	A5.1
ميال	M	M6
خنفس	Z	Z99
خنق	B	B2
أخاب	S	S8
ميدو	Z	Z99
مختال	S	S1.2.3
دارفور	Z	Z99
دافيد	Z	Z1m
ماح-	O	O2
أخيل	S	S1.2.3
ٱختال	Z	Z99
تخير	X	X7
تخيير	Z	Z99
خيش	O	O1.1
منتقل	M	M1/N3.8
ناقم	S	S1.2.1
موشح	O	O4.1
أيلول	T	T1.3
وشاح	B	B5
أوسى	B	B4
واسى	S	S8
وشم-	C	C1/B1
إيسلاندا	Z	Z2
إيرباص	M	M5
وصيفة	I	I3.1/B4/S2.1f
إيرلندا	Z	Z2
أيرلاينز	Z	Z99
أيروايز	Z	Z99
أينشتاين	Z	Z1mf
إيوان	H	H1/S7.1
ٱتسخ	Z	Z99
توسد	K	K1
بالة	O	O2
بالستي	G	G3
وزر-	X	X2.1
بئس-	Z	Z99
متوسطي	N	N4
متسق	B	B2
باتريك	Z	Z1mf
باتريوت	Z	Z99
باثولوجي	B	B2
أوهايو	Z	Z2
وصولي	I	I1.1+/T3---/S2mf
إنكلترا	Z	Z2
توعد	E	E3-/Q2.2
واظب	T	T2
أهبة	A	A1.1.1
ٱتعد	A	A6.1
أنف-	S	S7.2
آنسة	S	S2.1f
أوعز	Q	Q2.2/S8
وعورة	Z	Z99
أنطوان	Z	Z99
ٱستأهل	A	A5.1
آب-	M	M6
ألو	Z	Z5
توضأ	Z	Z99
وصي	I	I1.1/S2mf
أوليفر	Z	Z1m
أونيل	Z	Z99
توضح	Z	Z99
تواطأ	S	S8
أور	Z	Z99
ضعة	S	S1.2.3
بتي	A	A7
برق-	O	O4.2
وجاق	Z	Z99
بارق	X	X3.4
أوجز	Q	Q2.2
تبارك	Z	Z99
وجوم	X	X3.2
جهوي	M	M7
تبارز	Z	Z99
مبارزة	S	S7.3
مبارز	S	S7.3+/S2mf
برزخ	A	A6.1
مباركة	S	S8
تبرم	X	X5.2
وبال	Z	Z99
منبسط	O	O4.4
وأر	E	E5
بز	B	B1
بريتيش	Z	Z99
برهنة	J	JJ
بروسي	Z	Z2
بروفة	P	P1
وثأ-	B	B2
مبرد	O	O2/Q1.2
بحلق	X	X3.4
توارد	M	M1
بخل-	A	A1.5.1/N5
بدري	Z	Z99
تبحر	P	P1
مبحوح	Z	Z99
بتر-	B	B3
مبتور	A	A1.1.2
ورطة	A	A12
وادع	E	E3
وديعة	O	O1.1
بر-	Z	Z99
براون	Z	Z1mf
متوحد	S	S5
برجل	O	O2/M6
باذل	I	I1.2/S2mf
وخيم	B	B2
أبدل	A	A2.1
ٱستودع	Z	Z99
بداهة	X	X7
وداد	S	S3.1
إنجيلي	Z	Z99
وفر-	Z	Z99
إرب	B	B1
أرث	O	O4.6
أريج	X	X3.5
تأريخي	T	T1.1.1
آرامي	Z	Z99
أرامكو	Z	Z99
مؤدى	A	A1.1.1
يفاع	W	W3
أذن-	S	S7.4
آذن	H	H2
ميسرة	S	S8
أردي	Z	Z2/Q3
أرستقراطية	S	S7.1+c
أوهب	T	T1.1.2
إستوديو	C	C1/H2
توانى	X	X5.2
ونى	Z	Z99
وني-	Z	Z99
إستراتيجية	X	X7
آزى	B	B1
أرسلان	Z	Z99
يباب	E	E4.1
ويليامس	Z	Z1mf
أزح-	I	I2.1
مؤاخاة	Z	Z99
تيمن	Z	Z99
تأبين	L	L1-/S1.1.1
تأبط	M	M2
إباء	Q	Q2.2/Z6
يونغ	Z	Z1mf
أتلانتيك	Z	Z2
إتش	Z	Z5
أبجد	Q	Q3
أبجدي	Q	Q3
أبد-	T	T2
إبراهيمي	Z	Z99
أتان	Z	Z8f
تأثيث	H	H5
أثيوبيا	Z	Z2
يوجين	Z	Z99
تأجج	Z	Z99
مؤجل	T	T1.1.3
يود	O	O1
آثم	G	G2.2
أثر-	Q	Q2.2
يوكوهاما	Z	Z99
يوغوسلافي	Z	Z2
أثم-	Z	Z99
أومض	O	O4.3
أسفلت	O	O1
وقد	T	T2
موقد	H	H5
ميقات	Z	Z99
أممية	G	G1.2
ألكسندر	Z	Z1m
متألق	A	A5.1
تآليف	Z	Z99
ٱئتلافي	S	S5+c
وقار	S	S7.2
وقتي	T	T1.1
تأميني	I	I1/A15
أمينة	Z	Z99
موفق	X	X9.2
وفق-	Z	Z99
ٱستوفى	B	B2
إمبريالية	G	G1.1/X2.1
أمار	A	A2.2/S2mf
مأمور	G	G3/S7.1+/S2mf
أمستردام	Z	Z2
تآلف	Z	Z99
آلف	S	S1.2.1
ولع-	B	B2-/O4.6
والف	Z	Z99
أشكروفت	Z	Z99
أشور	Z	Z99
موكل	Z	Z99
مأسوي	E	E4.1
أسي-	E	E4.1
أسفلتي	O	O1
إيماء	Q	Q1.1/B1
إسكتلندا	Z	Z2
إسكواش	S	S2/N5
تأقلم	A	A2.1
تواكب	K	K5.1
متوقف	A	A2.2
إكسير	Z	Z99
توقيف	P	P1/G2.1
وقفية	Z	Z99
ألبوم	K	K2
أكسفورد	B	B5
إكزيما	B	B2
ٱتكاء	E	E3
أكر-	F	F4
ٱتقاء	A	A1.3
أكرة	Z	Z99
بسالة	E	E5+/S1.2
ٱبتسام	E	E4.1
أثخن	L	L1
نيجيريا	Z	Z2
ثري-	Z	Z99
نون	S	S9/S2.1f
مناولة	M	M2
ثابر	T	T2
نيستلروي	Z	Z99
أتاه	A	A5.2
تاه	L	L1
تثاءب	B	B1
ثأر-	S	S7.3+/E3
ثكلان	A	A9
ثكنة	G	G3/H1c
مناور	M	M1
نواس	O	O2
جارديان	Z	Z3c
جاكت	B	B5
نواح	Z	Z99
منوط	A	A2.2
مناط	A	A9
نيف	N	N5
ثلمة	N	N3.3
ثمر-	Z	Z99
نيلي	Z	Z99
نيوزيلاندا	Z	Z99
تشارلز	Z	Z1m
تشاد	Z	Z2
تشرشل	Z	Z1mf
تف-	B	B1
تف	Z	Z4
متروك	A	A9+/I1.1
هدب	B	B1
تخت	H	H5
هدر-	X	X3.2
هودج	Z	Z99
تقى-	Z	Z99
تليد	A	A9+/S4
هاون	O	O1.1
تهامي	Z	Z99
هانوي	Z	Z2
هاس	Z	Z99
توني	Z	Z1mf
تنس	K	K5.1
تنين	S	S9
تلم	F	F4
هباء	Z	Z99
أهبط	M	M6
جبري	S	S6
مجز	Z	Z99
إجرائي	A	A1.1.1
جزع-	M	M1
نكى-	A	A1.1.2
أجزل	Z	Z99
جري	M	M6
جرف	Z	Z99
تجريف	Z	Z99
ٱنجراف	A	A1.1.2
جزل	A	A13.3
نكس	A	A5.1-/A2.1
نك	Z	Z1m
نقى	B	B4
نكران	Q	Q2.2/Z6
ٱنتكس	Z	Z99
جسارة	E	E5
جسماني	B	B1
نمل-	X	X5.2
أنمى	T	T4
جحا	Z	Z99
جدري	B	B2
تجادل	E	E3
ٱنتهازي	A	A1.4
منهل	F	F2/B1
جحود	Q	Q2.2/Z6
جبارة	Z	Z99
جبرئيل	Z	Z1mf
نوء	W	W4
جابي	A	A9+/S2mf
مجادل	S	S7.3/S2mf
ٱستجدى	Q	Q2.2
تجرأ	E	E5
مجرب	X	X2.4
أجرد	L	L3-/F4
ٱنتهج	M	M1
جرة	O	O2
ٱستجداء	Q	Q2.2
نهري	W	W3/M4
ٱنجر	Z	Z99
هدير	N	N5
تبار	A	A1.1.2
مبتغى	X	X7
ٱبتغاء	X	X7
مهول	A	A5.1
بقال	O	O4.3
بغال	Z	Z99
مبعدة	N	N3.3
مبعد	M	M2/G1.1
هوي-	S	S3.2
بعلبك	Z	Z99
بعلبكي	Z	Z5
بكارة	Z	Z99
تهور	A	A1.3
همش	Z	Z99
هملايا	Z	Z2
بله	S	S1.2.6
همسة	Q	Q2.1/X3.2
بلغم	B	B1
هاني	Z	Z99
هود	S	S9/S2mf
مبتل	O	O1.2
بلال	Z	Z99
بلاد	S	S1.2.6
تهوى	Z	Z99
تبعثر	Z	Z99
تبصر	X	X3.4
هيكتور	Z	Z1m
بض	K	K2
هيروشيما	Z	Z2
بط-	N	N3.3
هيلان	Z	Z99
هيوز	Z	Z1mf
باش	E	E4.1
أبشر	E	E4.1
هيلينية	Z	Z99
مهيج	A	A2.2/S2mf
تهيج	E	E3
أهاب	Q	Q2.1
بطليموس	Z	Z99
هاب-	E	E5
بطني	B	B1
بعثي	Z	Z99
مبطل	A	A5.2-/S2mf
بطلان	Z	Z99
هيجان	E	E3
هيثرو	Z	Z2
أبطل	A	A1.1.1
بلى	A	A13.3
بلية	A	A12
بيريز	Z	Z99
بيروني	Z	Z99
تهرب	A	A1.9
ٱبيضاض	B	B2
بايع	Z	Z99
بيروتي	Z	Z99
أهرع	Z	Z99
بون	T	T1.3
مبيت	G	G2.1-/S2mf
هراوة	O	O2
هرقل	Z	Z1m
مباع	I	I2.2
تاكسي	M	M3fn
تأتأ	Q	Q2.2/B2
هدام	A	A1.1.2
ٱستتب	A	A2.1
هاذي	B	B2-/S1.2.6
بيعة	S	S9/H1c
بيكار	O	O2/M6
بيكاسو	Z	Z1nf
بيكو	Z	Z99
ٱهتزازة	W	W3
بوم	L	L2mfn
بنيوية	Z	Z99
بنكرياس	B	B1
بنين	Z	Z2
بهت-	Q	Q2.2
أبهت	X	X2.6
بنشر	A	A1.1.2
بنتاغون	N	NN1
بلور	C	C1/M7
هامد	E	E3
بلوز	B	B5
بلوشي	Z	Z99
بهر	A	A5.2
هل-	T	T2
مهزلة	E	E4.1
هزم	X	X9.2
باقة	L	L3
بولندي	Z	Z2
مهتز	M	M1
هستيري	E	E1
هشاشة	E	E4.1
باهى	S	S7.3
تهافت	X	X5.2+/N5.2
بورتو	Z	Z99
ٱسترسل	Z	Z99
تنفذ	Z	Z99
رشفة	B	B1
رقية	S	S9
رائج	M	M2
رشف-	F	F2
رشة	N	N5
رصاصي	S	S7.1
ركون	S	S7.1
مرعي	Z	Z99
مانويل	Z	Z99
رشح-	O	O2
ماريا	Z	Z1f
مراسلة	Q	Q1.2
لويزة	Z	Z1f
رعا-	T	T2
مرتضى	Z	Z99
مرتكب	G	G2.1-/S2mf
مج	A	A9
رعشة	W	W3
ليرة	N	NN1
مرغب	Z	Z99
ماليزي	Z	Z2/S2mf
روبن	Z	Z1mf
مالطي	Z	Z2
أمتن	S	S1.2.5
ماركس	Z	Z1mf
راكع	O	O4.1/B1
ترضى	E	E3
رفد	S	S8
إمتاع	E	E4.2
مأمأ	L	L2/X3.2
مرمي	M	M2
مرهق	A	A1.7
رقأ-	Z	Z99
ترسية	Z	Z99
رشوة	G	G2.2-/I1.1
ليفربول	Z	Z2
مرقص	Z	Z99
أرضع	B	B1
رقابي	Q	Q4/S7.4
مانديلا	Z	Z1mf
أراح	Z	Z99
رمضاء	W	W1
محاق	W	W2/W1
رشاوي	G	G2.2-/I1.1
ماراثون	K	K5.1
مرافعة	Z	Z99
مافيا	G	G2.1-c
رمق-	X	X4.1
رصانة	E	E3
ترفع	S	S7.2
رفاعي	Z	Z99
كرم-	Z	Z99
مشعوذ	L	L2/Q2.1
وتد	I	I1/A1.4
شاغب	Z	Z99
واتر	Z	Z99
ندبة	K	K2
أندب	Z	Z99
ندب	B	B2
عاكسة	O	O2
ٱبتزاز	A	A9+/G2.1
شاغر	H	H4
وابل	W	W4
وبه-	X	X5.1
وبه	E	E6
رويال	S	S7.1
خرم	N	N3.3
ندب-	Z	Z99
أشعث	O	O4.2
زقزقة	X	X3.2
يعقوبي	Z	Z99
تكريمي	Z	Z99
متوثب	X	X5.2
عقيدية	A	A2.1-/X2.1
برهن	A	A5.2
تفاوضي	Q	Q2.2
بروتستانتي	S	S9/S2mf
نخيل	Z	Z99
بروكلي	F	F1
أوحد	N	N5
شعل	O	O4.6
رمزية	Q	Q1.1
شعشع	N	N5
شعراني	Z	Z99
مخبول	B	B2-/X1
رمس	E	E4.1
وتري	Z	Z99
كردستاني	Z	Z99
مشافهة	Q	Q2.2
مبرح	A	A12
تروى	X	X2.1
حان	Z	Z5
متعفف	G	G2.2
كروز	Z	Z99
مواءم	A	A6.1
بسر	Z	Z99
بارح	Z	Z99
شقق	A	A6.1
تشقق	Z	Z99
لينكولن	Z	Z2
فيلي	Z	Z99
تنادى	Z	Z99
شرفي	S	S7.2
كردنال	A	A11.1
رونالدو	Z	Z99
حيض	Z	Z99
شفق	T	T1.3
لقيط	T	T2
أشرع	Z	Z99
مختبئ	A	A10
خابئة	O	O2
أندر	Z	Z99
خرقة	N	N5
شغال	I	I3.1/S2mf
عفوية	X	X7
أبرد	Q	Q1.2
شفيف	O	O4.3
خامنئي	Z	Z99
خاكي	O	O4.3
وام	Z	Z99
مشفوع	S	S3.1
شفر	A	A10-/Q1.2
خب	M	M2
ٱستشفاف	A	A10
ندس	Q	Q2.2/A5.2
وبخ	Q	Q2.2/G2.1
كرشة	F	F1
فيدرين	Z	Z99
كرملين	Z	Z2
برقية	Q	Q1.3
تعقل	S	S1.2.6
ٱستشرى	A	A5.1-/A2.1
عقيلي	Z	Z99
برقي	Q	Q1.3
عكازة	L	L3
عكاز	L	L3
منجي	S	S8+/S2mf
بروق	W	W2/W4
مبرز	X	X9.2+/S7.3/S2mf
شرى	I	I2.2
كرواتي	Z	Z2
خديوي	Z	Z99
خرف	Z	Z99
شطة	Z	Z99
رمش	B	B1
منتحل	A	A5.4
عقيل	Z	Z99
خرف-	A	A5.2
متخاذل	S	S1.2.5
عقلة	O	O2
فاوض	Z	Z99
خردة	Z	Z99
خرطوش	G	G3
خراساني	Z	Z5
رطيب	O	O4.1/O1.2
كريستوف	Z	Z99
شارقة	Z	Z99
متبرع	A	A9-/S2mf
معقم	Z	Z99
ٱرتطم	A	A1.1.2
برغوث	L	L2mfn
عك	Z	Z99
تناحر	S	S8-/S5
شرك-	S	S5
خوارج	Z	Z99
تخارج	Z	Z99
أفاويه	Z	Z99
لوثة	B	B2
أشع	Z	Z99
خديجة	Z	Z99
أخدود	O	O2
مخجل	G	G2.2
وثن	S	S7.2+/S2mf
أخرق	A	A10
شظف	A	A12
وثنية	Z	Z99
تشظى	Z	Z99
كرنيه	Z	Z99
كرنك	Z	Z99
وثاق	S	S5+/I2.1c
تعاقدي	Q	Q2.2
أوثق	A	A1.7
ٱعتقادي	A	A2.1-/X2.1
تلافي	M	M2
تكسب	A	A9+/I1
نخر	O	O4.2-/A2.1
متعاقد	Z	Z99
إشرافي	S	S7.1
وجب	S	S6
خدش	B	B2
ٱعتكف	Z	Z99
ٱنتحى	Z	Z99
شاطر	S	S1.1.3
شطحة	Z	Z99
مكره	S	S7.1
منجمي	I	I4
مفوه	Q	Q3/X9.1
تعكف	Z	Z99
برم	B	B2
تلاقح	E	E3
خدع	A	A5.2
خرق-	B	B1
وجاهة	S	S7.2
برمة	Z	Z99
ٱنبسط	N	N3.6
خدع-	A	A5.2
بردج	H	H1
تفيأ	Z	Z99
أشرق	N	N5+/A2.1
كارثي	A	A5.1
شهامة	E	E5
معشوق	S	S3.2/S2mf
هوندوراس	Z	Z2
شهواني	S	S1.2.2
حمداني	Z	Z99
نسف	Z	Z99
أنسف	M	M1
تشهير	G	G2.1-/Q2.2
كتاف	A	A1.7
أعشى	X	X3.4-/B2
عشي-	Z	Z99
متهاون	X	X5.2
عاشوراء	Z	Z99
نسك-	Z	Z99
ملقم	F	F1
شاور	Z	Z99
معاشر	S	S3.1/S2mf
تحلية	C	C1/H1
زغرد	Z	Z99
متناسق	S	S7.1
لقيم	A	A9
تنسيقي	S	S7.1
معشر	Z	Z99
محمدي	Z	Z99
متكاتف	Z	Z99
معصوب	B	B3
عصيدة	F	F1
كتم	A	A10
نسيبة	Z	Z99
أحمل	N	N5
شنق-	E	E6
هيبي	A	A6.2-/S2mf
شنطة	B	B5
حمة	B	B2
رميثي	Z	Z5
نسيب	A	A13
ملهي	E	E4.1
ٱستبطان	X	X2.4/S5
أحمس	E	E5
هاوية	Z	Z99
بظر	B	B1
تنسخ	Z	Z99
مبطن	O	O4.1
نسيجي	B	B5
باطنة	M	M6
زغل	A	A5.4-/A1.1.1
محمصة	Z	Z99
ٱستحلى	Z	Z99
نسك	G	G2.2
حلق-	B	B4
أشاك	B	B2
كبش	L	L2mfn
عشش	Z	Z99
نسم	B	B1
حلاقة	B	B4
عشة	H	H1
ٱشتياق	X	X7
تقتير	I	I1.3
مكبس	Q	Q4.2c
عساف	S	S7.1+/S2mf
تعسفي	S	S7.1
شوي	F	F1
عسف	G	G2.1
حلب-	F	F2
هال-	E	E5
راع-	N	N3.2+/A2.1
كبس	N	N3.5
بغاء	S	S3.2/G2.2
شاق-	Z	Z4
حلوة	Z	Z99
نسل-	A	A2.2
هون	S	S8
ٱنكتب	X	X2.1/A6.1
حلوان	I	I1.1
هوان	A	A11.1
شوري	S	S8
ٱستكتب	S	S6
هوميروس	Z	Z1m
تشوش	Z	Z99
كابينة	H	H5
شاف	A	A8
تباغض	Z	Z99
كابي	X	X5.2
تهويم	B	B1
شوشة	N	N5
بغيض	O	O4.2
أنسأ	T	T1.1.3
شنايدر	Z	Z99
محول	A	A2.1+/Y2
محولة	O	O3
حيلولة	S	S8
حياكة	B	B5
شاكلة	S	S1.1.1
محتال	G	G2.2
معطف	B	B5
هيو	Z	Z1m
شكيب	Z	Z99
هيهات	Z	Z5
عواطف	Z	Z99
ٱستبشر	E	E4.1
نزوح	M	M1/M7
شاكي	Q	Q2.2/E2
حوش	S	S5+c
مشكو	G	G2.1/S2mf
حوسني	Z	Z99
منزوع	S	S1.1.3
كذاب	A	A5.2-/S2mf
تكذيب	Q	Q2.2/Z6
نازح	N	N3.3
هيلتون	Z	Z3c
ٱحتاط	M	M6
قافكو	Z	Z99
شكو	Q	Q2.2/E2
مشكك	A	A7-/S2mf
حوم	O	O4.4
مشقوق	S	S3.1
منشق	G	G1.2/S2mf
كراج	M	M3/H1
مكترث	X	X5.1
أرعد	E	E1/B1
باسط	Z	Z99
ٱنبساط	E	E4.1
مناداة	Q	Q2.1
حيدري	Z	Z99
مشرط	B	B3
فيلكة	Z	Z99
ٱستحيى	Z	Z99
شقا-	E	E4.1
تحوى	Z	Z99
بسم	Z	Z5
تعطل	Q	Q2.2
كربلائي	Z	Z5
فيليب	Z	Z1m
ٱكتراث	E	E6
متعاطي	X	X5.2++/S2mf
منذرة	Z	Z99
وئيد	T	T2
مشكاة	Z	Z99
ٱنقباضي	Q	Q2.2
تشميع	A	A1.1.1
شمعي	O	O1.1
كثف-	Z	Z99
تكاثف	Z	Z99
ٱنقباض	B	B1
ٱنحناءة	O	O4.1/B1/S7.2
مبضع	B	B3
ٱستعصى	A	A9
حنكة	X	X9.1
بطؤ-	Z	Z99
نازلة	A	A3+/A11.1
نزا-	M	M1
حنة	X	X2.5+/E1
نزوة	E	E3
شناوي	Z	Z99
قبع	L	L2mfn
عاصم	S	S8+/A15+/S2mf
نزيه	G	G2.2
هائج	E	E3
قبطان	G	G3/S7.1+/S2mf
ٱستعصاء	A	A2.1-/X2.1
أحار	Q	Q2.2
معطوب	A	A1.1.2
رميحي	Z	Z99
تقبيح	Z	Z99
تعطر	Z	Z99
أهال	A	A1.1.1/O1.2
حائز	O	O2
منحاز	S	S5
ٱنشل	Z	Z99
متنازع	A	A6.1
معطر	X	X3.5
شلهوب	Z	Z99
تشمم	X	X3.5
مقتبس	A	A9
عضد-	S	S8
نزق	N	N3.8
تقبض	B	B3/S2mf
كحلي	Z	Z99
كاحل	Z	Z99
كد	A	A1.1.1
رمح	G	G3
متبصر	X	X2.5
كدح-	A	A1.1.1
بصاق	B	B1
والت	Z	Z1m
رومانسية	S	S1.2.6
ليق	Z	Z99
ملفت	O	O4.2
تمايل	S	S7.1
وشي	Z	Z99
ميكروفيلم	Z	Z99
إيساف	Z	Z99
سون	Z	Z3c
تعويد	B	B4
عياد	Q	Q2.1/N6
أيس-	E	E4.1
ٱعوجاج	O	O4.4
ميلودراما	K	K4
أراق	A	A1.1.1/O1.2
سيح	Z	Z99
خمن	X	X2.1/A7
مخملي	O	O4.5
نابلي	Z	Z2
ساح-	M	M4
مينيسوتا	Z	Z2
تسيب	A	A1.9
سيب	Z	Z99
مين	A	A5.2
كلف-	Z	Z99
سيج	M	M6
خوخة	H	H3
وصيد	H	H2
ماط-	N	N3.3
عوار	A	A1.1.2
ٱعتور	Q	Q2.2
موصوف	Q	Q2.2
وصال	I	I3.1/S5+c
تخويف	E	E5
معوز	I	I1.1
رضع-	Z	Z99
مخوف	E	E5
تعويذة	S	S9
ساك-	A	A1.1.1
عواد	S	S1.1.1/S2mf
خور	S	S1.2.5
مساومة	Q	Q2.2
سام-	S	S6
إيرل	Z	Z99
تسول	Q	Q2.2/E6
عوذ	S	S8+/A15
متعود	A	A6.2
خمول	A	A10
ٱعتناء	X	X5.1
عاند	S	S8
سيوطي	Z	Z99
لورانس	Z	Z1m
خلى	A	A1.7
ٱختلى	M	M2
كال	B	B1
مكلل	J	JJ
لورد	S	S7.1+/S2.2m
سيناتور	G	G1.2/S2mf
خلا	Z	Z99
تنبئي	X	X2.6
باجه	Z	Z99
ٱستخلف	Z	Z99
ٱستنبات	F	F4
ٱكفهر	Z	Z99
ٱفتن	Z	Z99
شاس	Z	Z99
تفنن	Z	Z99
نبت	L	L3
تخالف	A	A6.1
كفي	N	N5
خم	Z	Z99
خمة	X	X3.1
عنقودي	S	S5
إيميل	Z	Z99
تعانق	Z	Z99
نانسي	Z	Z1f
عنا-	A	A9
كالح	S	S1.2.1
توشيح	Z	Z99
تعنى	A	A1.1.1
إيليا	Z	Z99
وسواس	O	O4.2
وسوسة	Q	Q2.1
سيول	O	O1.2
موسوم	A	A11.2
خامد	L	L1
أيندهوفن	Z	Z99
نأي	N	N3.3
فلوري	O	O4.3
سيكولوجيا	Y	Y1/X1
فلاني	Z	Z5
خمرة	F	F2
كلاوس	Z	Z1m
كمامة	O	O2
مفلح	A	A1.4
أوتو	Z	Z99
أوتاوا	Z	Z2
فكاهي	E	E4.1
مسهب	O	O4.1
توطد	Z	Z99
سانية	Z	Z99
سنى	S	S8
سنغالي	Z	Z2/S2mf
أوبرا	K	K2
سنام	O	O4.4
دبش	A	A5.1
أدبر	M	M1
مونولوج	Q	Q2.1
تكملة	N	N5
ميامي	Z	Z2
أوار	O	O4.6
سهيل	Z	Z99
رضخ-	A	A1.1.2
دبج	O	O4.1
وطب	Z	Z99
سهير	Z	Z99
موطئ	T	T2+/S2mf
سنغال	Z	Z2
كناري	O	O4.3
داجن	E	E3
زم	A	A1.7
تساند	Z	Z99
تدجيل	A	A5.2
موشي	Z	Z99
آنام	S	S2
إنكليزية	Z	Z2
وعب-	Z	Z99
موسوي	Z	Z1m
سانحة	A	A1.4
تأنى	Z	Z99
تمول	Z	Z99
مأهول	S	S2
سنارة	Z	Z99
وطنية	G	G1.2/M7
أواي	Z	Z99
أرهب	E	E5
متأهب	X	X7
عيشة	L	L1
إعاشة	F	F1
وطى	M	M6
أنيميا	B	B2
ميتسوبيشي	Z	Z3c/M3
رضوخ	S	S7.1
وضوء	Z	Z99
خاط-	C	C1
سودنة	Z	Z99
مير	G	G1.1/S7.1+/S2mf
تسويد	Z	Z99
محص	A	A7+/Q2.2
سوداوي	Z	Z99
أخال	Z	Z99
أوكلاهوما	Z	Z2
ميرزا	Z	Z99
ميري	G	G1.1c
كمبيوتري	Y	Y2
أولمبياد	Z	Z99
أميز	E	E2
فلاحي	F	F4/S2mf
أولبرايت	Z	Z99
أولو	Z	Z8mfn
موصي	Z	Z99
سوزان	Z	Z1f
تعويضي	Z	Z99
سوس	L	L2c
أوز	Q	Q2.2/S1.2.4
منكمش	O	O4.1
ميد	M	M1
إوزة	L	L2mfn
تعويم	M	M1
أوضع	Z	Z99
دانوب	Z	Z99
دانيال	Z	Z1m
عاهة	B	B2
فلاديمير	Z	Z99
أورجواي	Z	Z2
سوأة	S	S7.2
مائد	B	B2-/M4
أوغسطين	Z	Z1m
عول	S	S7.4
ٱنزلق	M	M1
أوستن	Z	Z1mf
دائب	S	S7.1
فلامنغو	L	L2mfn
دارا	Z	Z99
مسيء	Q	Q2.2/S1.2.4
عوم	M	M4fn
كفن	B	B5/L1
تعنت	A	A2.1-/X2.1
تزكى	Z	Z99
علاة	O	O2
بدر-	X	X2.6
خصيب	O	O4.1
أخصب	N	N5
شاد	Q	Q2.2
أكسى	B	B5
علية	Z	Z99
مشخص	K	K4/S2.2m
مستبد	S	S7.1
بدرة	Z	Z99
تشدق	S	S1.2.3+/Q2.2
توديع	M	M1
تكاسل	Z	Z99
شده-	X	X2.5
كسلان	X	X5.2-/S1.2
خصاص	W	W3
نثار	O	O2
ليونة	O	O4.5
علان	Z	Z5
علياء	Z	Z99
توريد	A	A9
خصى-	B	B2-/S3.2
ٱرتمى	Z	Z99
شحن-	M	M4fn
بخيت	A	A1.4
بحاث	P	P1/S2mf
مرام	X	X7
رمية	G	G3
عامود	O	O2
كشافة	X	X2.4
خضب-	O	O4.3
وردية	Z	Z99
مشاحنة	E	E3
شاحن	N	N5
ورب	O	O4.4
بخس-	I	I1.3-/A2.1
أشخص	Q	Q1.2
تشخص	A	A8
خصم-	X	X9.2
عمم	A	A4.2
خصام	A	A6.1
مبخرة	Z	Z99
تبخير	Z	Z99
ٱعتم	Z	Z99
ألين	O	O4.5
لوجستي	A	A1.1.1
علقة	O	O4.5
شريد	A	A9
ٱكتساح	A	A9
شواية	O	O2
لينا	Z	Z1f
شرد	A	A9
شرخ-	A	A5.1
مخزي	G	G2.2
ٱنشرح	Z	Z99
علقمة	Z	Z99
أبرأ	G	G2.2
برايتون	Z	Z2
فوران	G	G3
توحش	E	E3
خزعبل	Q	Q2.1
وحشية	E	E3
أنجع	N	N5
علب	O	O2
بربط	X	X3.2/O1.2
شرس-	Z	Z99
نجس	O	O1
بربارا	Z	Z1f
بربرية	G	G2.2
ٱنكسر	Z	Z99
شاذلي	Z	Z99
بديهية	A	A6.2
خشخاش	Z	Z99
بداوة	Z	Z99
شر-	Z	Z99
علمن	Z	Z99
تودد	S	S3.2
شادي	P	P1
شدو	K	K2
خشوع	S	S1.2.3
نجاب	M	M2/S2mf
بده-	X	X2.6
نجح	Z	Z99
وخى	X	X7
مبرة	S	S8+/S5+c
علام	X	X2.2
تبريري	G	G2.2
نجارة	Z	Z99
بذلة	B	B5
خسران	I	I1.2
مكسر	S	S5
تبذير	N	N5.2
مشرئب	Z	Z99
نجدة	S	S8
شحاذ	I	I1.1-/S2mf
خفية	A	A10
كفاء	A	A6.1
ٱستخفى	M	M7/A10
عمولة	A	A1.1.1
وازع	A	A12
وزان	Z	Z99
مرضاة	E	E4.2
خليلي	Z	Z5
باكو	O	O2
وزين	A	A11.1
ٱسترضى	S	S1.2.1
تلفظ	Q	Q3
خفر	A	A15+/I3.2/S2mf
وازرة	G	G2.2-/S9
ٱشتباه	X	X2.1/A5.1
أوزر	S	S8
نابغ	X	X9.1
تخفض	Z	Z99
عميلة	Z	Z99
ٱشتبه	A	A5.1
خفقان	B	B2
بانكوك	Z	Z99
خلب-	Q	Q2.2
ٱشتبك	S	S8
بئس	A	A1.4
مجون	S	S1.2.4
كفكف	Z	Z99
أنبذ	Q	Q4.2c
بازلت	O	O1.1
مخلط	X	X2.5
مخلوط	O	O1.1
وسعة	N	N5
شاوول	Z	Z99
راضى	S	S1.2.1
زلزل	M	M2
خلابة	O	O4.2
تشبع	Z	Z99
شبعا	Z	Z99
موزون	N	N3.5
باك	Z	Z1m
نبس-	N	N5.1
تراضى	Z	Z99
متشبث	S	S1.2.5
خالدية	Z	Z99
شبرا	Z	Z99
كفارة	S	S9
نابغة	X	X9.1+/S2mf
رنان	X	X3.2
ٱعتمر	Z	Z99
أشجع	E	E5+/S1.2
خطابي	Z	Z99
تبجح	Q	Q2.2
شجاعية	Z	Z99
منتبه	X	X5.1
مورق	L	L3
متبتل	S	S1.1.3-/S2mf
لفق	A	A5.2
تخطر	N	N3.3
شجيع	E	E5
نابي	G	G2.2
خطاط	Z	Z99
تعميد	S	S9
نتانياهو	Z	Z99
تراضي	A	A6.1+/S1.1.2
شحت-	Z	Z99
نتانيا	Z	Z99
عامد	Z	Z99
نتوء	X	X3.2+/A2.1
ٱعتمادي	I	I1
كشك	Z	Z99
كظم-	A	A10
مشجر	L	L3
نابل	K	K5.1/S2mf
أعمش	O	O4.5
ٱنبت	Z	Z99
بتر	B	B3
نبه-	Z	Z99
رنة	X	X3.2
ببر	L	L2mfn
أشت	M	M1
شتت	M	M1
كفاف	N	N5.1
أخفت	X	X3.2
باتر	O	O4.4
ليموناد	F	F2
زلل	A	A5.3
تورم	X	X3.2+/A2.1
إخطار	Q	Q2.2
تشجير	Z	Z99
مشاجرة	E	E3
متورم	O	O4.4
شجب	A	A1.1.2
أورى	T	T2
أنبه	X	X2.2
ورن	Z	Z99
كعبي	O	O4.4
مستوحد	S	S5
شيخة	B	B3/S2.1f
تهاجم	Z	Z99
قلص-	B	B3/S2mf
ٱستقرائي	X	X2.4
أضرم	T	T2
ٱضطرم	Z	Z99
ترمذي	Z	Z99
نقع	O	O1.2
قرنفل	L	L3
تركمان	Z	Z2
ضارع	A	A6.1
ظمآن	B	B1/F2
قرى	S	S1.2.1
مأن-	T	T2
نقول	Z	Z99
نقم-	Z	Z99
ٱستقلاب	B	B1
منقلب	T	T1.1.3
نقلي	M	M2
جليدة	B	B1
أرقد	Z	Z99
جلاس	Z	Z99
تريزيغيه	Z	Z99
مجلدة	E	E3-/O2
مترف	I	I1.1
ظهاري	B	B1
هدء	E	E3
ترانزيت	M	M1
ترب	S	S3.1/S2mf
متربة	I	I1.1
منقاش	O	O2
تدمر	Z	Z99
تضخيم	N	N5.2+/Q2.2
نقر	X	X2.4
تجمل	Z	Z99
جمل-	Q	Q2.2
ٱنتقص	N	N5-/A2.1
مانجو	F	F1
ٱستجلى	A	A10
جلى	A	A10
هجى	T	T1.3
جلا-	W	W2
متراس	O	O2
ترح	E	E4.1
عباب	W	W4
ترس	S	S8+/A15
مجلي	X	X9.2+/S7.3/S2mf
جلاب	O	O4.2
ضغث	L	L3
هجر-	M	M1
تفل-	B	B1
تجشأ	S	S1.2.4-/B1
أجش	X	X3.2
ضمر-	B	B3/S2mf
مرقد	H	H5
ٱضمحل	A	A10
ضمة	S	S3.2
نكر	A	A10
ضمام	O	O2
تجشم	E	E4.1
منضم	S	S5
أضمر	Z	Z99
تجسيم	Q	Q1.1/A1.6
تافهة	Z	Z99
أتقى	N	N5
تقو	G	G2.2
جسور	O	O4.1
راقد	B	B1
قسري	Z	Z99
مضمر	A	A10
متنكر	A	A10
تعس	E	E4.1
تعتع	Q	Q2.2/B2
مهاجرة	M	M1/M7
جفا-	S	S1.2.1
مهجري	M	M2/G1.2
تشيلي	Z	Z2
ضفيرة	B	B5
جافى	A	A1.9
ٱظلم	Z	Z99
ظلامي	Z	Z99
جلل	A	A11.1
ظليل	O	O4.3
جفاء	O	O4.2
جفل-	Z	Z99
متضافر	A	A6.1
مظروف	O	O2
قل	A	A9
تظرف	X	X9.1
ضالع	S	S8
ظريف	X	X9.1
ظفر-	X	X9.2
جفت	O	O2/B3
نكات	X	X9.1
ضالة	X	X7
جاعل	Z	Z99
عبراني	Z	Z2/Q3
عبار	Z	Z99
جوخ	Z	Z99
صايغ	Z	Z99
قمقم	O	O2
ٱستبانة	A	A7+/Q2.2
نفض	M	M2
تهذب	P	P1/S4
أبين	A	A7
هذب	L	L3
صوص	L	L2mfn
تابلوه	K	K4
أقمع	S	S8
جواني	M	M6
مهدم	A	A1.1.2
نفعية	A	A1.5.2
صوان	H	H5
منتفع	A	A9+/S2mf
قرطاج	Z	Z99
قرطبي	Z	Z99
لهث	B	B1
هدهد	Z	Z99
متجاوب	K	K2
جوابي	Q	Q2.2
تنفض	Z	Z99
جورجيا	Z	Z2
صهيون	Z	Z2
جائل	M	M1
ألهج	S	S7.2+/Q2.2
تصويب	A	A5.3+/A2.1
قنبر	L	L2mfn
عبا-	Z	Z99
مهترئ	O	O4.1
مارينا	Z	Z1f
عاتب	Q	Q1.2/E2
منفر	O	O4.2
نفيسة	O	O1.1
عبس	B	B1
قنة	W	W3
قمن	S	S1.1.4
صودا	O	O1.1
صوديوم	O	O1.1
جورشي	Z	Z99
بيلاروسي	Z	Z2
مارينز	G	G3
متنفس	A	A1.7
أرفق	A	A1.7
هذيان	S	S1.2.6
قرطاس	Q	Q4.2c
جهالة	X	X9.1
عبدالرسول	Z	Z99
ضاجع	Z	Z99
تجند	Z	Z99
قلمي	Q	Q1.2
مجنح	L	L2
أنقد	I	I1.1/I3.1
منقب	Z	Z99
مجنزر	M	M3
قرفصاء	Z	Z99
مهدور	Z	Z99
عبدالصبور	Z	Z99
عبدالرزاق	Z	Z99
جنبي	M	M6
متهدج	M	M1
جنب-	A	A1.9
منتقد	Q	Q2.2/S2mf
ٱنتقادي	Q	Q2.2
تضاحك	Z	Z99
جنح	W	W2
عبدالقدوس	Z	Z99
جهرة	A	A10
جهار	X	X2.2+/G2.2
ٱسترق	S	S7.1
تبريز	Z	Z99
تبت	Z	Z2
مركوب	Z	Z99
عبدالوكيل	Z	Z99
منفق	I	I1.2
تايم	Z	Z99
تايواني	Z	Z2/S2mf
جهيد	X	X2.4
أجهد	B	B2
هداف	K	K5.1/S2mf
نافي	Q	Q2.2/Z6
متبل	O	O4.1
تتري	Z	Z3
ضبابي	W	W4
جنوا	Z	Z2
قارع	X	X3.2
أقمر	W	W2/W1
تبل	F	F1
تجني	Z	Z99
عبدالمطلب	Z	Z99
مضمن	A	A1.8
ضنين	S	S1.2.2
أطرف	N	N5
جبير	Z	Z99
قصبي	Z	Z99
ماكدونالدز	Z	Z1mf
مجبور	S	S7.1
نيكي	Z	Z99
جبس	Z	Z99
طرف-	O	O4.1
نوتي	M	M4/S2mf
قصاب	F	F1/S2mf
طرى	B	B2
مزبلة	Z	Z99
جازان	Z	Z99
ماك	Z	Z99
قضم	F	F1
تقصد	X	X7
ٱستثأر	Z	Z99
مقاضاة	X	X3.2
ٱزدجر	Z	Z99
زبالة	A	A5.1
نائحة	Z	Z99
لمفاوي	B	B1
طرطور	Z	Z99
ناهية	S	S7.4
ٱجتثاث	Z	Z99
منهي	S	S7.4
جت	Z	Z3c
جابية	W	W3/M4
جاثي	O	O4.1/B1
ٱنقشاع	A	A10
طنطا	Z	Z99
جحفل	N	N5
نهل	F	F2/B1
نيوز	Z	Z99
جبى	O	O4.1/B1
نيلسون	Z	Z1mf
أنال	I	I2.2/H1
تيم	Z	Z1m
طمع-	S	S1.2.2
طماع	S	S1.2.2
تقاطر	N	N5
ناب-	Q	Q1.1
طامع	S	S1.2.2
تناوب	A	A6.1
قضم-	B	B1/L2
ثقف	Q	Q2.2
تثاقف	Z	Z99
طفو	M	M1
أناط	A	A9
مثمن	X	X7
نومي	B	B1
للٱثنين	Z	Z5
مطالعة	Q	Q1.2
طلوع	M	M1
قصم-	K	K1/T1.3
تنويم	B	B3
نوط	O	O2
طق-	A	A5.1
مأق	Z	Z99
طالبي	P	P1/S2mf
طل	O	O1.2/W4
منوفية	Z	Z99
طقم	O	O2
نيق	E	E2
ثكل-	Z	Z99
ٱستقصى	M	M1
ناوش	A	A12
تطلق	E	E4.1
ثبنة	B	B1
مستثنى	A	A1.8
مطعون	B	B2
طلاقة	H	H1
طعن-	E	E3
مثوبة	S	S1.1.4
ثبط	S	S8
مثوى	H	H1
ٱنثال	N	N5
ٱستنارة	W	W2
نيجيري	Z	Z2
قض	O	O1.1
نوروز	Z	Z99
رقمية	Z	Z99
ٱستقصائي	X	X3.2
طفح-	H	H2
الٱثنتان	Z	Z5
ناووس	O	O2
قاصي	N	N3.3
ٱنتوى	X	X7
ٱنثناء	A	A1.1.1
ٱنثنى	O	O4.4
ثرثر	Q	Q2.1
مطفأة	Z	Z99
طربوش	Z	Z99
نيوزويك	Z	Z99
ٱقتسام	A	A6.1
تيمور	Z	Z99
متضايق	E	E3
تموز	T	T1.3
تطويق	G	G3
تمتمة	Q	Q2.1
ٱجتز	A	A1.1.1
تتالى	Z	Z99
ٱنضاف	Z	Z99
جزئية	A	A4.2
جزأ	A	A6.1-/E3
أنمر	O	O4.1
إجرام	G	G2.1
مقسوم	A	A6.1
هبوب	A	A1.1.1
هبت-	Z	Z99
لانمطي	A	A6.2
تجرع	B	B1
منمق	O	O4.2+/A2.1
زحل	Z	Z1/W1
رقص-	K	K1
هبيت	E	E4.1
طواف	O	O3
طولكرم	Z	Z99
قفر	O	O4.2
جس-	X	X3.3
زبر	B	B1
طيح	Z	Z99
مضطهد	E	E3
أهتم	Z	Z99
ضنك	I	I1.1
تقفز	Z	Z99
مقفر	O	O4.2
جازم	A	A11.1
جزاف	A	A1.4
منضوي	Z	Z99
تنكيل	A	A1.7
تلمذة	P	P1/I3.1
لهب-	B	B2-/O4.6
منطوي	S	S1.2.1
تلفريك	Z	Z99
زحم	M	M2
قعر	N	N4
تراقص	M	M1
طوف	M	M2
جذل	K	K5.1
ٱستقطاع	N	N5
طاجن	F	F1
طوح	A	A5.2
أطاح	S	S7.1
جرير	Z	Z99
جريرة	G	G2.2
قطف	F	F4
تزحزح	Z	Z99
ٱجتر	X	X2.1
تولستوي	Z	Z99
نهاري	T	T1.3
مجدب	L	L3-/F4
إنهاض	S	S7.1+/A2.1
جدب	W	W4
نهك-	A	A1.5.1
ٱستنهض	X	X2.2
قشور	O	O4.2
هآرتس	Z	Z99
قطعية	A	A7
ٱنطباق	A	A1.4
طابوق	Z	Z99
طبرية	Z	Z99
جرش	X	X3.2
إطاعة	S	S7.1
هايتي	Z	Z2
طيع	A	A6.1
مطوع	Z	Z99
مطبوخ	F	F1
تهامة	Z	Z99
طباخ	F	F1/S2mf
مطاع	I	I3.1/I1.1-/S2mf
تواليت	Z	Z99
قاسى	E	E4.1
تطبع	Z	Z99
متجرد	G	G2.2+/E2
جراب	O	O2
رقط	O	O4.4
جرب-	Q	Q4.3
نهج-	A	A1.1.1
طاؤوس	L	L2
قطوف	N	N3.8
جراد	Z	Z99
هانز	Z	Z1m
تنفير	A	A6.1
صهر-	C	C1/M7
ناصرة	Z	Z2
تحشد	X	X5.1
صديد	X	X4.1
مصد	M	M3
قيظ	O	O4.6
حاشد	S	S5
ألقية	Q	Q3
همهمة	Q	Q2.1
مقيل	Z	Z99
لهى	E	E4.1
تعرفة	I	I1.3
ٱنهماك	X	X5.2
بلان	H	H5/B4
ناصرية	Z	Z99
متنصر	Z	Z99
منصوري	Z	Z5
ٱحتسى	F	F2
تمتين	S	S1.2.5+/A2.1
حسا-	F	F2
حشيش	L	L3
حشاش	Z	Z99
عرافة	Z	Z99
ٱنقاض	Z	Z99
عريف	X	X2.2
صخب	A	A11.2
ٱكتأب	Z	Z99
ناصب	B	B1
حصد	F	F4
منتصب	F	F4
رغا-	O	O1.2
ٱنتصاب	Z	Z99
صويحب	Z	Z99
إحصان	G	G2.2
تلاقى	Z	Z99
بلشفي	Z	Z99
ٱمتثل	A	A6.1
مصاحبة	S	S3.1/S2mf
معروق	O	O4.2
حصب	N	N3.5/O2
بلغاريا	Z	Z2
محشو	O	O4.1
حشو	F	F1
صخب-	Q	Q2.2/X3.2
محشي	O	O4.1
عرقية	S	S5+/Z2
هنيء	S	S8
بلع-	B	B1
بلع	B	B1
هنئ	E	E2
تحسيني	O	O4.1
أنصع	X	X2.2
بندر	M	M7/M4
بنجلاديشي	Z	Z2
حزب-	A	A2.1
تقدمة	A	A9
بنجر	Z	Z99
نضح-	A	A1.1.1
مصداق	A	A7
تقادم	M	M6
صرير	X	X3.2
مصرح	G	G1.1/Q1.2
راكم	A	A9
قدي-	Z	Z99
محرق	Z	Z99
معرج	O	O2
محركة	O	O3
عرجون	Z	Z99
تقيح	B	B2
حريم	S	S4c
عروضي	Q	Q3
همجي	S	S1.2.4
زعزعة	B	B2
همز	A	A1.1.1
منهمر	Z	Z99
نصل-	O	O1.2/N5
همزة	Z	Z99
أبلى	X	X5.2
بلا-	E	E6
أنصف	Z	Z99
مبالاة	E	E6
زعزع	M	M2
تحزن	E	E4.1
همد	E	E3
بلياردو	K	K5.2
صدقية	A	A5.2
صدف-	A	A1.9
رف-	X	X5.2
صدفي	S	S4f
مارشال	K	K5.1/S2mf
قدسية	A	A11.1
تحضر	Z	Z99
عزى-	A	A2.2
كبت-	S	S8
متحقق	A	A4.2
عازمي	Z	Z99
ماثلة	H	H5
بقلاوة	Z	Z99
عزو	A	A2.2/Q2.2
مزعمة	Q	Q2.2/A5.2
شيرازي	Z	Z5
عس-	Z	Z99
تعزية	Q	Q2.2/E4.1
شيشاني	Z	Z2/S2mf
حاق	G	G2.1
هوسي	X	X5.2
ٱنكب	M	M1
شيلا	Z	Z1f
ٱبتكاري	T	T3
بكت	Q	Q1.2/E2
عزم-	Z	Z99
رعونة	E	E4.1+/S1.2.6
بكيء	Z	Z99
مشيع	Z	Z99
مشاع	N	N5.1
قح	A	A5.4
شيرة	B	B2
أنشب	A	A1.7
حاكي	Q	Q2.1/S2mf
حكمدار	G	G3/S7.1+/S2mf
حاكمية	S	S7.1
شيت	B	B5
شيب	Z	Z99
محكي	Q	Q2.1
ٱرتعاشة	E	E5
كبري	H	H1
مقاتلة	G	G3
ٱنحل	Z	Z99
عسر	A	A12
متماثل	A	A6.1
زغب	O	O1.1
تحاك	A	A1.1.1
أحك	B	B2
رعاف	Z	Z99
سنجاب	Z	Z99
تعسر	Z	Z99
شاخ-	Z	Z99
نشيج	E	E4.1
شيمة	S	S1.2
كانتون	Z	Z99
كارت	Q	Q1.2
أحط	M	M6
بلبل	L	L2
كار	I	I3.1
كأداء	E	E4.1
هانم	S	S2.1f
نيشان	X	X7
حطمة	O	O2
هنة	A	A11.1
ٱنصبغ	Z	Z99
تحطيب	Z	Z99
ٱحتطب	Z	Z99
صبا-	Z	Z99
صبي-	Z	Z99
نشوي	Z	Z99
مثول	A	A10
تصحح	Z	Z99
ترغيب	Q	Q2.2
زعل	E	E3
صبى	T	T3-/A2.1
كاترين	Z	Z1f
محضن	P	P1/H1c
هندوسي	S	S9
كارلو	Z	Z1m
تنشق	B	B1
كالفن	Z	Z99
ٱنصب	M	M4
تبلل	Z	Z99
ٱنصباب	Z	Z99
صاد	Z	Z99
كامبوديا	Z	Z2
شيمون	Z	Z99
متهور	A	A1.3
متحفز	X	X7
أبكم	X	X3.2
كاف	Z	Z99
تهويد	Z	Z99
حظوة	S	S8
ألهى	K	K1
بلي	Z	Z99
ٱرتعى	B	B2
كازينو	K	K1/S5+c
حاف	O	O4.1
إعزاز	S	S1.2.5+/A2.1
صبيح	O	O4.2
عرج	B	B2
بنور	O	O1.1
حبن	B	B2
بوفون	Z	Z99
منعم	A	A9-/S2mf
أعجم	A	A7+/Q2.2
عجن-	A	A2.1
رفاع	Z	Z99
عجين	F	F1
نعماني	Z	Z99
قوت	F	F1
هزيع	Z	Z99
متعجل	N	N3.8
ٱستهزاء	Q	Q2.2/S1.2.4
إعجازي	A	A6.1
ٱرتكاس	N	N5-/A2.1
قهقه	E	E4.1+/X3.2
تقهقر	A	A5.1-/A2.1
ملاكمة	K	K5.1
عجل-	N	N3.8
بوليصة	X	X7
مصلحي	Z	Z99
بولندا	Z	Z2
متلهف	X	X7
بولو	K	K5.1
معجن	Z	Z99
تقوس	Z	Z99
بورسودان	Z	Z99
ٱعتدل	Z	Z99
قوس-	Z	Z99
بورغ	Z	Z99
بورسعيد	Z	Z99
صفوت	Z	Z99
لهم-	A	A1.5.1
بورتوريكو	Z	Z99
محجب	A	A10
تهشم	Z	Z99
بورما	Z	Z2
بورنو	Q	Q4/S3.2
نعل	N	N5
صقل-	O	O4.5
بوسنة	Z	Z2
مصقول	O	O4.1
هزيل	O	O4.2
قروء	Z	Z99
بوز	V	VV0
ماركوس	Z	Z99
هستيريا	E	E1/A1.7
محجة	M	M6
قور	A	A1.1.2
بيبلوس	Z	Z99
قاهري	Z	Z99
قنصلي	G	G1.1
ٱصطناع	A	A1.1.1
جيروم	Z	Z99
بيضة	Z	Z99
جياش	E	E3
قنصلية	G	G1.1/H1c
جيلاني	Z	Z99
هرج	E	E3
نفاد	B	B2
صنيعة	Z	Z99
جيري	F	F1
مزروعي	Z	Z99
تنافر	E	E3
عتق-	Z	Z99
لهد	Z	Z99
بيطار	Z	Z99
أعتد	A	A1.1.1
أعتق	A	A1.7
جوى	X	X5.2
ترفيع	S	S7.1+/A2.1
بيضاوي	O	O4.4
قناص	G	G3/S2mf
معتوه	B	B2-/X1
هرسك	Z	Z2
تصلى	Z	Z99
مقترب	M	M1
متعجب	X	X2.6
نف-	F	F3
قربان	Z	Z99
حبور	E	E4.1
هرول	N	N3.8
بيات	A	A1.1.1
حبشي	Z	Z2
بياتي	Z	Z99
هري	F	F4/H1
مهرول	Z	Z99
أباد	Z	Z99
عجاب	A	A5.1
نفخ-	N	N3.4
جيوفاني	Z	Z99
نفخ	I	I1.3
نفاخ	B	B2
قروج	Z	Z99
حبيبي	O	O4.1
حاييم	Z	Z99
صموت	X	X3.2
ٱنتعش	B	B2
ريمون	Z	Z99
متحارب	S	S8
تصاعدي	N	N3.2+/A2.1
تنظر	T	T1/O2
نطل-	B	B4/M4
أحرج	E	E4.1
ٱستنطق	Q	Q2.2
ٱبتهاج	E	E4.1
حرد	E	E3
تحرج	A	A1.7
إحراج	E	E4.1
ٱستعذب	Z	Z99
أقوم	O	O4.4
تنظيري	A	A1.6
حذق	X	X9.1
بهزة	X	X7
حذفار	A	A4.1
تحذر	A	A1.3
معدى	B	B2
صعق-	E	E5
ٱستهلال	T	T2
نظارة	X	X3.4/O2
حذا-	A	A6.1
معذار	A	A2.2
مترو	M	M3
مصرع	L	L1
ناطح	O	O4.4
بنيامين	Z	Z1mf
عربدة	X	X3.2
ٱصطرع	S	S8
ركل-	E	E3
قيء	B	B2
حراق	O	O4.6
منحرف	A	A2.1
محرف	O	O4.4
ٱحترافي	I	I3.2
متع	H	H5
هلك	A	A1.1.2
صيرفي	I	I1/S2mf
معتر	E	E4.1
قذفة	G	G3
صاري	H	H2/M4
عذق	S	S5
منصرف	M	M1
ٱحتراس	S	S8+/A15
بهتان	Q	Q2.2/A5.2
عرب	Z	Z99
صغيرة	Z	Z99
حدي	N	N5.2
منعدم	S	S1.1.3
قوقاز	Z	Z2
بوح	Q	Q2.2/A10
عادم	A	A9
بوتقة	O	O2
صفارة	O	O2
صفير	X	X3.2
هطل	L	L2mfn
تقوقع	Z	Z99
بوتسوانا	Z	Z2
باخ-	N	N5-/A2.1
تحجر	Z	Z99
متحجر	E	E5
مقوس	O	O4.4
محجر	Z	Z99
صفاقة	S	S1.2.4
صفاق	Z	Z99
قوطي	Z	Z99
حجل-	M	M1
ٱحتجاز	P	P1/G2.1
بار-	L	L1
صفرة	O	O2
نعت-	Q	Q2.2
حدب	E	E2
حدادة	Z	Z99
قولبة	K	K4
حدودي	M	M7/G1.1
حدبة	O	O4.4
تحادث	Q	Q2.2
متهكم	Q	Q2.2/S1.2.4
نظف-	Z	Z99
صاغر	S	S7.2
تهكم	A	A5.4
إحداثي	N	N2
تباهي	E	E4.2+/S1.2
بوأ	H	H4
بوبلين	Z	Z99
تبويب	A	A4.1
هطول	W	W4
حجمي	Z	Z99
حجم-	O	O2
ركع-	O	O4.1/B1
صفيحة	O	O2
حجاية	Q	Q3
مشوي	F	F1
برك	Z	Z99
ٱنفضاض	T	T2
مسكر	X	X3.1
ليثي	Z	Z99
روبية	I	I1
دماثة	E	E3
أناضول	Z	Z99
ويب	Z	Z1mf
أنبة	Z	Z99
تمني	X	X7
غورباتشوف	Z	Z1mf
أناضولي	Z	Z2
تأثيري	Z	Z99
لأم-	A	A5.1+/A2.1
مغسل	H	H5
غلظة	N	N3.7
دهم-	X	X2.6
راجم	M	M5/G3fn
مفضض	O	O4.3
أنانية	S	S1.2.3
ترجى	X	X2.6
مأساوية	Z	Z99
آثاري	Y	Y1
غرير	A	A5.2
ٱمتعاض	E	E3
تسبيح	S	S7.2+/Q2.2
ٱفتعال	Z	Z99
زاغ-	M	M1
إيقاعي	Z	Z99
أنتما	A	A3
سلوان	S	S8
سكير	Z	Z99
وفضة	Z	Z99
وكس	I	I1.3/A2.1
واله	X	X2.5
فرقان	A	A15
زائغ	A	A6.1
مزح	E	E4.1
رصع	O	O4.1
أزيز	X	X3.2
غائر	W	W3
يصف	O	O1.1
فجور	G	G2.2
أريحي	S	S1.2.2
أنبار	A	A9+/H1
أميني	B	B1
سبحة	Z	Z99
أفول	A	A10
سحق-	A	A1.1.2
تسكع	M	M8
مداعب	E	E4.1
زيمبابوي	Z	Z2
أشب	O	O1.1
تأملي	X	X2.4
أمنع	A	A12-/N5.1
مؤمل	X	X2.6
سكاف	B	B5/S2mf
ٱزدان	Z	Z99
فايس	Z	Z99
ٱستذكار	Z	Z99
ٱفتعل	A	A2.2
أمركة	Z	Z2/A6.1
أشر	A	A10
غلط	A	A5.3
لسن-	Z	Z99
أمسى	A	A2.1
فرط-	N	N4
ستاندرد	Z	Z99
تفارق	Z	Z99
ٱنسحاق	E	E4.1
آمين	Z	Z4
مغلطة	Z	Z99
مؤتمن	A	A5.1
غريبة	A	A6.2
مزاح	E	E4.1+/S2mf
آفل	T	T1.2
وفى	E	E4.2
ماسى	Z	Z99
أسيتات	O	O1
ٱنسحق	Z	Z99
منغوليا	Z	Z99
آمنة	Z	Z99
وفض-	N	N3.8
رجيم	F	F1
سرمد	T	T2
غدي-	Z	Z99
سامح	Z	Z99
تغدى	Z	Z99
ٱفترس	G	G2.1-/E3
أوغل	M	M1
روبرتو	Z	Z99
أديسون	Z	Z99
فستان	B	B5/A5.1
فض-	M	M1
أفشى	A	A10
فجيعة	A	A1.4
لادغ	O	O4.6
دوق	S	S7.1+/S2.2m
متآكل	Z	Z99
ترتيلة	S	S9/K2
رخ	L	L2mfn
غاطس	F	F4/A1.1.1
سحاية	Z	Z99
دميري	Z	Z99
إتاوة	I	I1.1/G1.1
فاجعة	A	A1.4
ذرا-	M	M1
مسخر	S	S7.1+/S2mf
رخامي	O	O1.1
درقة	Z	Z99
وهن	S	S1.2.5
فراسة	X	X3
إسكات	X	X3.2
فجل	Z	Z99
آزر	S	S8
فستق	Z	Z99
مشطي	O	O4.4
إتني	S	S5
زيتوني	O	O4.3
تفشى	Z	Z99
سبر	X	X2.4
رشاش	F	F4/O2
متولي	A	A2.2
تفاءل	Z	Z99
متلصص	G	G2.1
زويد	Z	Z99
أسلمة	Z	Z99
أنجلو	Z	Z2
مهاد	B	B1
تمهد	Z	Z99
فاليري	Z	Z1f
أراب	E	E3
مازح	Z	Z99
سموم	Z	Z99
سمية	Z	Z99
درنة	B	B2
يومئذ	Z	Z99
إيفاد	S	S5+c
مربوع	N	N3.2
ٱنفجاري	A	A15
أرخبيل	W	W3
سراية	H	H1/S7.1
موفور	N	N5
رحباني	Z	Z99
أسن-	A	A2.1
تسري	Z	Z99
وكس-	I	I1.3-/A2.1
تفسح	Z	Z99
لاأدري	A	A5.1-/X2.1
فجع	E	E3
تراحم	Z	Z99
أزيد	N	N3.7
أوزبكي	Z	Z2
سروة	Z	Z99
مغلاق	O	O2
ٱستدراك	A	A5.1+/A2.1
كوبر	Z	Z1mf
كوبرا	Z	Z99
ٱسترحم	Z	Z99
ترحم	Z	Z99
مستدرك	A	A7+/Q2.2
كوبون	Q	Q1.2
غلق	A	A12
تلصص	G	G3/S2mf
ٱرتحال	M	M1
مروري	M	M3
كوبنهاغن	Z	Z2
ٱلتجاء	G	G1.1
دوف	Z	Z99
تآمر	G	G2.1
سطل	O	O2
كولا	Z	Z99
إلياذة	Z	Z99
ملق	S	S7.2+/Q2.2/S2mf
يميني	G	G1.2/S2mf
آجلة	T	T1.1.3
وقد-	O	O4.6
أذال	E	E3
وقاحة	S	S1.2.4
سعار	Z	Z99
تراص	Z	Z99
فطرية	X	X1/A6.2
مسلخ	L	L1-/F1/H1c
لامحدود	A	A1.7
تألى	Z	Z99
سلخ	Z	Z99
تساب	Z	Z99
ياي	O	O2
تألي	A	A1.1.1/S5
تفردية	Z	Z99
مستغرق	M	M2
لاعنف	Z	Z6
متأفف	E	E3
مغرورق	L	L1
تأجل	Z	Z99
فردية	S	S5
تأديبي	G	G2.1
فرغ-	Z	Z99
تدفع	M	M1
لاغي	N	N1
ياقة	B	B5
أولج	O	O2
أسعر	T	T2
مغفور	L	L1-/S2mfc
رجة	E	E5
مؤجر	H	H4/S2mf
ممسوس	A	A11.2
غافي	B	B1
تذويب	T	T2
ترويح	O	O2
فطيرة	F	F1
مرسيدس	Z	Z3c/M3
رتج-	Z	Z99
متفرع	A	A2.2
ممسوخ	A	A2.1
ذاهل	X	X2.5
ٱستغفار	Z	Z99
رتاج	H	H2
رتق-	A	A5.1+/A2.1
تمالك	S	S7.1
لحاف	O	O2
متيقن	A	A7
إفضاء	Q	Q2.1
سلأ-	A	A7+/Q2.2
سانتوس	Z	Z99
أيبس	O	O1.2-/A2.1
مسلوب	A	A5.1
مغولي	Z	Z99
فاضي	N	N5
سليب	G	G2.1-/A9
فش-	Z	Z99
ذائع	N	N5.1
فاتحة	A	A1.1.1
فسيولوجيا	Y	Y1
أله	S	S7.2
ذيوع	A	A1.1.1
إيقاد	O	O3
يالله	I	I2.2/H1
ملاك	T	T2
مقت	E	E2
مدل	S	S1.2.3
مغفل	X	X5.2
مسحة	N	N5
سامرائي	Z	Z5
رتل-	Z	Z99
أفطر	Z	Z99
أحرونوت	Z	Z99
ذود	S	S8
رتق	A	A5.1+/A2.1
كولونيل	G	G3/S7.1+/S2mf
ذواق	X	X2.2+/S2mf
مسلول	Z	Z99
سايكس	Z	Z99
أرشي	X	X9.1+/E4.1
أمرض	Z	Z99
مؤاخذ	A	A2.2
فتر	Z	Z99
لغو	A	A5.2
مرض-	Z	Z99
رتم-	L	L3
دهى-	A	A1.1.1
ألماس	O	O1.1
فرغ	N	N5
دهن-	C	C1
وقظ	A	A2.2
لوفر	Z	Z3c
تغزل	S	S3.2
رادي	Z	Z99
فطين	X	X9.1
أصيص	Z	Z99
ذليل	E	E2
سكنة	H	H1
لاتفي	Z	Z2
تسكين	Z	Z99
وقور	S	S7.2
كاس	O	O2
فاتنة	Z	Z99
ليبرمان	Z	Z99
أمازون	S	S2.1f
غيث	W	W4
سلفادور	Z	Z2/S2mf
رجس	O	O4.2
إسكاني	H	H1
ٱستأصل	M	M2
وكل-	E	E6
منجنيق	O	O2
إلف	S	S3.1/S2mf
أرنبة	N	N5.1
سحور	Z	Z99
يفطة	Q	Q1.2
داعى	A	A12
ذلل	S	S7.2
إمرة	G	G1.1c
زيني	Z	Z99
سالك	A	A5.1
موفي	T	T2
دم-	C	C1
غادة	Z	Z99
فظاظة	S	S1.2.4
ذلة	Z	Z99
رأرأ	O	O2
أدنبره	Z	Z2
سترة	B	B5
تغرد	X	X3.2
مداهمة	G	G3
فرحات	Z	Z99
مغالبة	E	E3
يانع	O	O4.1/L3/F1
أمرد	O	O4.2
سكوير	Z	Z99
مليونير	I	I1.1++/S2mf
تلازم	Z	Z99
يتم-	Z	Z99
سجى	B	B5/L1
تفريخ	L	L2
ٱدفأ	Z	Z99
فتيل	O	O4.4
متسبب	A	A2.2
إيلاج	Z	Z99
ٱتكل	E	E6
لحس-	F	F1
رسمال	I	I1.1
إجارة	I	I2.2
تسأل	Q	Q2.2/E6
ٱرتجاج	M	M1
متألم	B	B2
مرصوص	N	N3.4
لاشعور	B	B1
غزل-	M	M1
آرق	Z	Z99
ياسنت	L	L3
من-	A	A9
سكود	Z	Z99
يازجي	Z	Z99
غيلة	L	L1
إدغام	A	A1.8
منة	S	S1.2.5
تفتيت	A	A6.1
منسحب	A	A1.8-/I3.2
تملص	A	A1.9
موقوت	S	S7.1
مؤطر	O	O4.1
تمرس	K	K5.1
أينع	O	O4.1/L3/F1
أردوغان	Z	Z99
ينع-	O	O4.1/L3/F1
ملزمة	N	N5.1
لحود	Z	Z99
إفراغ	N	N5
فطيم	F	F1/T3
ذم	Q	Q1.2/E2
مازن	Z	Z99
إتيان	M	M1
ممدوح	S	S1.1.4
غضبة	E	E3
دراماتيكي	K	K4
أسدي	L	L2mfn
سدة	H	H2
دبليو	Z	Z5
أراج	Z	Z99
مطر-	W	W4
دياب	Z	Z99
سادن	S	S7.1+/S2mf
متمحور	M	M1
أكر	F	F4
غضوب	E	E3
ٱستماتة	Z	Z99
درب-	Z	Z99
فرك-	A	A1.1.1
أبراهام	Z	Z1m
توكأ	O	O4.2
ذبياني	Z	Z99
درأ-	X	X7
مكيل	Z	Z99
رسب-	B	B4/H5
غبش	W	W2
ٱفتخار	E	E4.2+/S1.2
ربت-	X	X3.3/E2
تفاخر	E	E4.2+/S1.2
فريك	Z	Z99
مستميت	L	L1
ٱزدهى	Z	Z99
أغاظ	E	E3
سامق	N	N3.7
واهب	A	A9
غمس-	M	M2
ريادي	S	S7.1
تغ	Z	Z99
مرمر	O	O1.1
غبط	Z	Z99
أبه-	Z	Z99
دحض	A	A5.2
غاص	S	S5
سماعي	X	X3.2
إرادي	X	X7
غضروفي	B	B1
أقت	Z	Z99
ترادف	Z	Z99
آبه	E	E6
مكر	A	A5.2
أبوديس	Z	Z99
روزنامة	T	T1/Q1.2
رايس	Z	Z1mf
زوفاء	Z	Z99
سخي-	A	A9
ٱستسقاء	A	A9-/O1.2
أبوة	S	S4
ملبوسات	B	B5
موبيل	Z	Z3c
موسر	B	B2
فقس-	H	H5
غمد	O	O2
غبطة	E	E4.1
ترسيب	Z	Z99
غنام	F	F4/S2mf
ٱستمطر	T	T2
إماتة	L	L1
سقاء	Z	Z99
مؤسساتي	S	S5
أف	Z	Z99
ٱستدراج	Q	Q2.2
أذي-	Z	Z99
مصاري	I	I1
فذلكة	A	A2.2
ٱستمات	Z	Z99
توكيد	A	A7
دمن	F	F4/O1
واني	S	S1.2.5
مزاوجة	Z	Z99
ٱستمارة	A	A4.1
رباح	L	L2mfn
دييغو	Z	Z1m
سرت	Z	Z99
زمالة	S	S3.1
ٱنغمار	X	X5.2
ممدود	T	T1.3
وهاج	O	O4.2
مغبة	A	A2.2
تفصد	O	O1.2/N5
سدس	O	O2
ديزل	O	O1.2
فخاري	O	O1.1
سمنت	Z	Z99
دمنهور	Z	Z99
متموج	O	O4.4
ٱسترزاق	S	S5
دمى	Z	Z99
مفتري	A	A5.2-/S2mf
أسدل	Z	Z99
متماوج	A	A2.1
أراع	E	E5
فخرة	X	X2.2
رزة	Z	Z99
أرب-	A	A1.7+/A2.1
أسبرين	B	B3c
زهير	Z	Z99
غنج	S	S3.2
كنافة	Z	Z99
مسبوك	O	O4.5/O4.6
رصيفة	Z	Z99
مكرونة	F	F1
أملأ	O	O1.1
ملتحي	O	O4.2
ألطف	Z	Z99
مزهو	S	S1.2.3
سابغ	A	A13.3
فاء	Z	Z99
مربد	W	W4
راوح	A	A6.1
فادى	S	S9
كنية	Q	Q2.2
رانيا	Z	Z1f
فاخوري	C	C1/S2mf
مط	N	N3.2+/A2.1
كناية	A	A10-/Q2.2
مدحت	Z	Z99
ٱندمل	B	B3
آبدة	T	T3
سقيم	B	B2
أسبقية	A	A11.1
ذبح-	L	L1
راءى	Z	Z99
غندور	O	O4.2+/S2.2m
ممدد	T	T1.3
زندقة	S	S9
مور	Z	Z1mf
تلاطم	E	E3
ٱستبق	N	N3.8
أرذل	X	X7
مراء	E	E3
مكس-	Z	Z99
كنا-	Q	Q2.2
ٱلتبس	Z	Z99
أكادي	Z	Z99
رابح	A	A9+/S2mf
ون-	X	X3.2
تساخى	Z	Z99
لطخ-	O	O4.3
رهبانية	Z	Z99
دونالد	Z	Z1mf
معاين	X	X3.4/S2mf
تمهل	Z	Z99
فاحش	A	A5.1
غلي	O	O4.6
غلى	B	B2
إندونيسي	Z	Z2
سريرة	A	A10
أرسخ	Z	Z99
إيهام	A	A5.2
رهمة	W	W4
فره	X	X5.2
ديواني	S	S7.1
فاره	X	X5.2
يديعوت	Z	Z99
مخاط	Z	Z99
ردأ-	S	S8
أبابا	Z	Z99
دوى	X	X3.2
روتين	G	G1.1
ٱستيعابي	A	A1.8
إسفنج	O	O1.1
تمحض	Z	Z99
فصح-	Z	Z99
كهول	N	N4
غلاية	F	F2/O2
ومضة	O	O4.2
أمهل	Z	Z99
إسفنجي	O	O4.1
مؤكسد	Z	Z99
مزهر	K	K2
تلاصق	S	S5
ديموغرافي	S	S5
فاسي	Z	Z5
مكسيكو	Z	Z2
سخافة	S	S1.2.6
فحشاء	G	G2.2
ملتوي	O	O4.4
واهم	A	A5.3
مدام	F	F2
زوى-	O	O4.4
أفدح	N	N5
تسمر	Z	Z99
متسرع	N	N3.8
غيهب	W	W2
سخف	A	A5.2
أتروبين	Z	Z99
كينين	B	B3
فاشي	G	G1.2/S2mf
رخوي	Z	Z99
متلاصق	S	S5
مهلة	T	T4
منزوي	A	A10
مدرع	Z	Z99
لبؤة	L	L2f
مخط-	Z	Z99
أسرف	N	N5.2
أليس	E	E5
غلواء	X	X5.2
يسوعي	S	S9/S2mf
غمض	Z	Z99
مديونية	S	S6
دنى	Z	Z99
ٱنفصم	Z	Z99
كهنوت	Z	Z99
ملغز	A	A6.2
ٱمتطى	W	W3
فصوليا	F	F1
ٱنفصالي	G	G1.2
دامس	M	M7/K5.1
مؤازرة	S	S8
إكسبريس	A	A4.2
مريني	Z	Z99
ممض	A	A12
فروة	O	O1.1/L2
دهس-	E	E3
غمة	E	E6
فرقاطة	M	M4
أذني	Z	Z99
متأزم	E	E6
غت	X	X5.2
فراولة	F	F1
فارسية	Z	Z2
أسف-	E	E4.1
مطية	A	A1.1.1/A1.5.2
تمازج	A	A2.1
ربطة	B	B5
ٱستباقي	N	N3.8
آزوت	O	O1.3
سقط	X	X7-/O2
ٱغتنى	Z	Z99
ٱستفزازي	X	X5.2
ٱستفحال	N	N3
وقي	S	S8+/A15
سارد	Q	Q2.1/S2mf
راهبة	S	S9/S2.1f
لومة	G	G2.1
سبك	K	K4
أسطى	S	S7.1+/S2mf
متمركز	M	M6
وهابي	Z	Z99
كيوتو	Z	Z99
فرانكوفوني	Z	Z99
مكتنز	O	O4.5
كينا	B	B3
غط-	M	M2
مسرور	E	E4.2
سمسم	L	L3
دمع-	Z	Z99
ٱستدام	T	T2
سمسار	I	I2.2/S2mf
ومق-	Z	Z99
وعكة	Z	Z99
سامري	Z	Z99
تلبث	A	A7
دنمرك	Z	Z2
مكس	Z	Z99
ٱندرس	Z	Z99
ربابة	Z	Z99
أرخى	A	A1.7
ٱرتدع	Z	Z99
وعك	B	B2
تمدن	S	S1.1.1
زهم	Z	Z99
راث-	Z	Z99
ذرف	N	N5.2
تغاضي	X	X5.2
فرشة	B	B4/O2
إزهاق	A	A1.1.2
هزع	N	N3.8
فورشة	B	B4/O2
تهزع	N	N3.8
تهزأ	S	S7.2
هزء	S	S7.2
فرطوسي	Z	Z99
يابسة	W	W3
مفرطح	O	O4.4
ٱستهزأ	S	S7.2
ٱلتوى	Z	Z99
فرشور	Z	Z99
فرطح	O	O4.4
قارص	B	B2
فرشاية	B	B4/O2
هربان	A	A1.7-/S2mf
مهزأة	S	S7.2
هزبر	L	L2mfn
هزج-	K	K2
قراج	M	M3/H1
ماريجوانا	F	F3
هزر	E	E4.1+/X3.2
فرطحة	Z	Z99
مقرئ	Z	Z99
ٱلهاج	O	O4.2
مستهزئ	Z	Z99
مفرشح	M	M8
مارو	Z	Z99
تلوى	M	M1
أهزوجة	K	K2
فرشحة	Z	Z99
متهرئ	O	O4.1
ٱنفراط	T	T2
قرصي	O	O2
هزج	Z	Z99
هراري	Z	Z99
هزر-	E	E4.1+/X3.2
فرشخ	M	M8
قريص	Z	Z99
مقرش	I	I1.1
مفرشخ	M	M8
هزار	E	E4.1
هزأة	Z	Z99
هزع-	N	N3.8
هزئي	E	E2
ٱهترأ	Z	Z99
هراء	A	A5.2
هزؤ	S	S7.2
لهد-	N	N5.2
قرص-	E	E3
فرشخة	Z	Z99
مقروئية	Q	Q1.2
هازئ	Z	Z99
تفرطح	Z	Z99
فرشح	M	M8
يبوسة	O	O1.2
ٱستقرب	Z	Z99
قراصة	Z	Z99
هرهر	M	M1
قارت	Z	Z99
يراع	E	E5-/S1.2
مقروت	O	O4.3
قرت	Z	Z99
قروت	Z	Z99
قرت-	Z	Z99
قردح	L	L2mfn
قردب	Z	Z99
مقرود	B	B2
قردي	L	L2mfn
قرح-	B	B2
تهريج	E	E4.1
تلهف	Z	Z99
يرع-	Z	Z99
يرع	Z	Z99
قرداتي	Z	Z99
قربينة	G	G3
يرقان	L	L3
قرباني	S	S9
هرق-	H	H1
فرضي	X	X4.1
أهرق	H	H1
مفترضات	A	A2.2
ميحار	O	O2
هريفي	Z	Z99
فرضة	O	O2
يحنا	Z	Z1m
هرج-	Z	Z99
قرداحة	Z	Z99
يراعة	Z	Z99
قريدس	L	L2mfnc
هرف-	Z	Z99
هراع	N	N3.8
مقرحي	Z	Z99
هرش	A	A5.1-/A2.2
قريح	A	A5.4
هارش	E	E3
هراش	E	E3
مهروش	E	E3
قريحة	X	X9.1
مهروس	O	O1.2
يخنة	Z	Z99
قراح	A	A5.4
هرش-	Z	Z99
لهط	Z	Z99
يخني	Z	Z99
لهف-	E	E4.1
لوى	O	O4.4
هرطق	Z	Z99
هريسة	Z	Z99
متقرح	Z	Z99
هراس	Z	Z99
ٱنهرس	Z	Z99
هردبشت	A	A5.2
هرجلة	A	A1.7
مقرح	Z	Z99
هرطوقي	S	S9/S2mf
لهط-	E	E3
مهراس	O	O1.1
فارض	T	T3
هراطقي	S	S9/S2mf
قارح	Z	Z99
هرطمان	F	F1
يحبور	Z	Z99
مهراق	A	A1.1.1
هزز	M	M1
قرش-	X	X5.2
هريستو	Z	Z99
يزرجة	P	P1/W1
تهزز	Z	Z99
يازرجي	S	S9/S2mf
ألوى	O	O4.4
أيتم	Z	Z99
مفرص	Z	Z99
قراسية	F	F1
لهفان	E	E6
ٱنفرط	Z	Z99
فريصة	N	N1
مقربة	N	N3.3
لهذم	O	O4.4
هزيز	X	X3.2
مهزة	X	X5.2
فرشينة	B	B5
قربى	E	E2
يتسحاك	Z	Z99
هزأ-	F	F1
هزئ-	F	F1
مهزوز	M	M1
ٱقترش	Z	Z99
فارط	T	T1.3
تهزيز	E	E3
لهيف	X	X5.2
ٱهتزازي	E	E5
لاهف	E	E6
هرولة	N	N3.8
تيتم	Z	Z99
يزيدي	Z	Z99
لهف	E	E4.1
يرموكي	Z	Z5
يثرب	Z	Z99
فرصادي	Z	Z99
هرم-	Z	Z99
قربوس	Z	Z99
قرس	O	O4.6
مهرق	Z	Z99
قربانة	Z	Z99
إهراق	M	M2
مهرقان	W	W3/M4
ميروق	X	X5.2
قرس-	O	O4.6
قردن	L	L2mfn
قروس	Z	Z99
قواربي	Z	Z99
هراوي	Z	Z99
ماريانو	Z	Z99
هراة	Z	Z99
ميتم	H	H4/H1c
قاروس	Z	Z99
هروي	Z	Z5
هرمي	H	H1
فرصاد	Z	Z99
أهرامي	H	H1
هرمس	Z	Z99
هرباتي	Z	Z99
هرنان	Z	Z99
هراب	E	E5-/S2mf
هكتور	Z	Z1m
هلوسة	B	B2-/X1
مهلوس	F	F3
مهلهل	O	O4.2
لهوم	S	S1.2.2
تقدمية	Z	Z99
وهمية	X	X2.1/A7
تقاديم	Z	Z99
مقدام	E	E5
هلكوبتر	M	M5
تقديمات	I	I2.2
فرقد	L	L2mfn
هلهولة	B	B5/A1.1.2
هلم	Z	Z99
هللويا	Z	Z4
تهالك	X	X5.2
هلن	Z	Z99
هلهل	A	A5.1
قادمة	Z	Z99
مستفرق	Z	Z99
تهلين	Z	Z99
أقدمية	S	S7.1
هليوسكوب	Z	Z99
همج	L	L2
وهق	Z	Z99
وهل-	Z	Z99
همج-	Z	Z99
تهميمة	K	K2
همجية	G	G2.2
ملوى	O	O2
تفرقع	A	A5.1
همد-	N	N5-/A2.1
وهران	Z	Z99
هامج	X	X7/N5
وهل	E	E5
تهميم	Z	Z99
همت	Z	Z99
هلينستي	Z	Z99
هلينة	Z	Z99
مارشالية	Z	Z99
قدام	M	M6
قدومي	Z	Z99
هميم	X	X5.2
فرقع	A	A5.1
تهلكة	A	A1.1.2
ٱتهامي	E	E4.2
تفريقي	A	A6.1
أوهى	S	S7.1-/A2.1
مقذرة	B	B4/H2
ووترجيت	Z	Z99
قذع-	A	A1.1.2
موهن	Z	Z99
أوهن	S	S7.1-/A2.1
قذور	A	A4.2
قذارة	O	O4.2
أقذع	A	A1.1.2
قذع	Z	Z99
وودروف	Z	Z99
هلفوت	B	B5
هلوف	O	O4.2
هلوع	X	X5.2+/S1.2
وورلدكوم	Z	Z99
هلقم	F	F1
مقذع	B	B2
قذيعة	Q	Q2.2/A5.2
ٱستقذر	Z	Z99
موهوم	X	X2.1
ٱقتدى	A	A6.1
قدى	Z	Z99
قدي	F	F1
هلكة	A	A5.1
واهمة	X	X2.1/A6.2
متقادم	T	T3
متفرقات	A	A6.3
مستقدم	Q	Q2.2
مهلكة	A	A15
مقتدى	Z	Z99
قذة	L	L2
قذر-	Z	Z99
وهن-	Z	Z99
ٱهتلك	Z	Z99
قداوة	Z	Z99
ٱنهلك	Z	Z99
فرقعة	A	A5.1
أهمد	E	E3
لاهى	X	X4.2
هما-	M	M4
وهج-	O	O4.3
متفرنج	Z	Z99
تفرنج	Z	Z99
همو	M	M1
همايوني	Z	Z99
فرند	G	G3
هنأ-	Z	Z99
قادوس	O	O1.2
فرنجيه	Z	Z99
هملاج	Z	Z99
هملج	M	M1/N3.8
فرنج	Z	Z99
وهيج	O	O4.6
همك-	X	X7
فرنانديز	Z	Z1mf
تهمع	X	X3.2
تهامل	Z	Z99
أوهج	T	T2
هامل	M	M1
همل	S	S7.1
ٱنهمل	Z	Z99
فرندة	H	H2
تفرنس	Z	Z99
وهيبي	Z	Z99
مهنا	Z	Z99
فرنسيس	Z	Z1m
فرنسواز	Z	Z99
ٱلتواء	O	O4.4
أقدس	Z	Z99
هنداوي	Z	Z99
هندية	Z	Z2
هناجر	Z	Z99
مهنئ	B	B2
قادس	F	F1/H2
متقدس	S	S7.2
وهابية	Z	Z99
تهنأ	E	E2
إيهاب	A	A9
فرنسة	Z	Z99
فرنساوي	Z	Z2
هانئة	I	I3.1/B4/S2.1f
مارت	T	T1.3
هنيئ	Z	Z4
فرنسوا	Z	Z99
همع-	W	W3/M4
فرناندو	Z	Z99
همزات	Z	Z99
هماز	Q	Q2.2/A5.2
فرك	A	A1.1.1
ٱنفرك	Z	Z99
تفرك	Z	Z99
مهمز	X	X5.2
مهماز	X	X5.2
ملهم	X	X5.2
قدمية	Z	Z99
مفراك	Z	Z99
همز-	A	A1.1.1
همود	L	L1
مارستان	Z	Z99
وهر	E	E6
وهرة	E	E6
فرقلة	E	E3-/O2
همرة	W	W4
أوهد	N	N3.7
همر-	A	A1.1.1/O1.2
فركش	Z	Z99
فركشة	Z	Z99
فرملجي	Z	Z99
فرمان	Z	Z99
وهد	O	O4.4
فرمل	Z	Z99
وهجان	O	O4.6
فران	F	F1/S2mf
لهي-	Z	Z5
همش-	B	B1
فرنيات	Z	Z99
فرامة	Z	Z99
مارتين	Z	Z1mf
وهدة	E	E4.1
فركلة	Z	Z99
تهامس	Z	Z99
فركل	O	O2
مارتينيز	Z	Z99
مفرمة	Z	Z99
مهموس	Q	Q2.1/X3.2
هوامس	Z	Z99
مارتينا	Z	Z99
هلع-	E	E4.1
تقاذف	Z	Z99
مستيئس	X	X2.6
ٱستفرغ	B	B2
تهصر	Z	Z99
هصور	L	L2mfn
ٱنهصر	Z	Z99
هض-	T	T4
هضب-	Z	Z99
هضوم	B	B1
ٱهتضم	E	E3
ٱنهضم	Z	Z99
هضيبي	Z	Z99
ياميش	Z	Z99
ياماها	Z	Z3c
يانا	Z	Z99
ٱنهشم	Z	Z99
مفرع	O	O4.4
يامي	Z	Z99
تهشيم	A	A1.1.2
هصر-	O	O4.4
هصيص	Z	Z99
ياغي	Z	Z99
هص-	E	E3
هضيم	A	A13.4
هيطل	L	L2mfn
هف-	E	E4.1
ياتوم	Z	Z99
ياردة	H	H3
ياركاس	Z	Z99
هف	N	N5
هفاف	O	O4.3/N6
مهف	E	E2+/S2mf
هفوف	Z	Z99
مفروغ	M	M8
ٱستفراغ	B	B2
أيأس	Z	Z99
يؤوس	E	E4.1
يآسة	E	E4.1
فراغي	B	B4
ميؤوس	X	X2.6
هضيمة	G	G2.1
ٱنهضام	F	F1/B1
فروغ	T	T2
تقريري	Q	Q2.2
تهاطل	A	A6.1
ٱستيأس	E	E4.1
أهطع	Z	Z99
ياناغيساوا	Z	Z99
مقرور	Z	Z99
ماركوفيتش	Z	Z99
هازل	E	E4.1
هزال	E	E4.1+/S2mf
هزل	E	E4.1+/S2mf
مهزول	O	O4.2
لهق-	Z	Z99
ٱنهزامية	Z	Z99
ٱنهزامي	Z	Z99
ٱفترع	S	S3.2/T2
ٱنهزام	X	X9.2
ٱنهزل	Z	Z99
مقرأة	Z	Z99
هزل-	E	E4.1
يبس	O	O1.2
إقراء	Z	Z99
هزاع	Z	Z99
أهزل	Z	Z99
مهزوم	X	X9.2
هزهز	M	M2
لهلق	Z	Z99
هاش	E	E4.1
ياور	G	G3/S7.1+/S2mf
ٱستقرأ	P	P1
هشيش	O	O4.5
أفرع	N	N3.7
هشم-	A	A1.1.2
هشم	A	A1.1.2
يانغ	Z	Z1
يانسون	F	F1
فارع	N	N3.7
ياورية	S	S8+/S2mf
هشش	X	X5.2+/A2.2
هس-	Q	Q2.1/X3.2
هزهزة	E	E3
تهزهز	Z	Z99
هسيس	Q	Q2.1/X3.2
هستولوجيا	Z	Z99
هش-	Z	Z99
يبس-	Z	Z99
قرء	Z	Z99
مهفوف	W	W2
هليلج	Z	Z99
قذاة	O	O2
قذى	Z	Z99
مهلبية	Z	Z99
هلابة	Z	Z99
هليلجي	O	O4.4
وولفويتز	Z	Z99
فروق	E	E5
إهليلج	Z	Z99
وي	Z	Z99
ويبة	Z	Z99
أهلب	Z	Z99
هلب-	Z	Z99
هلب	Z	Z99
متهلل	E	E4.1
مهلل	O	O4.4
ٱنفرق	A	A6.1
ويصا	Z	Z99
ويركو	A	A3
ويتون	Z	Z99
ويح	Z	Z99
أقذى	E	E6
قذالي	B	B1
قذفي	Q	Q2.2/A5.2
ووكر	Z	Z1mf
أهلس	Z	Z99
قذافة	Y	Y1/X2.4
قذاف	M	M5/G3fn
هلس	B	B2
ٱنقذف	Z	Z99
هلسنكي	Z	Z2
وورنر	Z	Z1mf
فاروقية	Z	Z99
ووريورز	Z	Z99
هلس-	A	A1.5.1
قذال	B	B1
فاروقي	Z	Z99
إهليلجي	O	O4.4
وولش	Z	Z1mf
مقذوف	G	G3
مقذف	M	M4/O2
مقذاف	M	M4/O2
تقذيف	M	M4
ٱستهلالي	T	T2
ويكة	Z	Z99
قرير	E	E4.2
هفهاف	A	A13.4
تلهم	A	A1.5.1
هفهفة	Z	Z99
تهفهف	Z	Z99
فرفارة	Z	Z99
مهفهف	A	A13.4
يزكي	A	A15+/I3.2/S2mf
هافي	F	F1/B1
هفوة	A	A5.1-/A2.1
فرفار	A	A2.1
فرفر	L	L2
ويمبلدون	Z	Z2
مستفرغ	Z	Z99
هفتان	S	S1.2.5
ماركو	Z	Z1m
هفت-	A	A1.1.2
فرغلي	Z	Z99
هافت	A	A5.3
هفهف	Z	Z99
فرفرة	A	A2.1
مهفوت	X	X2.5
فرفوري	Z	Z99
فرفير	O	O4.3
هللة	Z	Z99
وايلي	Z	Z99
تهلل	Z	Z99
ويلارد	Z	Z99
هلالي	O	O4.4
وايل	Z	Z99
تهليل	E	E4.1
هليل	Z	Z99
ويلة	A	A1.4
ماركسية	Z	Z99
ويلتورد	Z	Z99
فرفي	Z	Z99
هكع-	E	E3
هكسوس	Z	Z99
هكر-	M	M1
أهكومة	S	S7.2
ويلكنز	Z	Z99
ويلموت	Z	Z99
تهكمي	Q	Q2.2/S1.2.4
فرزان	S	S7.1+/S2.1f
مقاساة	E	E4.1
لونج	Z	Z99
هانزا	Z	Z99
هانتشك	Z	Z99
هانس	Z	Z1m
قسي	O	O4.5
قساوة	O	O4.2
هأهأ	E	E4.1+/X3.2
ماسونية	Z	Z99
هانوفر	Z	Z99
مياوم	Z	Z99
تقسية	J	JJ
قش-	S	S9/Q1.1
مقشة	B	B4/O2
فرايزر	Z	Z99
فرايدمان	Z	Z99
قشاشة	O	O2
هاليفي	Z	Z99
قشاش	Z	Z6
فراينتي	Z	Z99
قشش	H	H5/N6
فرتيكة	O	O2
هامبورغ	Z	Z2
قشة	L	L3
قشيش	O	O2
مياومة	T	T1.1.2
هاورد	Z	Z1mf
مقاسم	S	S3.1/S2mf
قسنطينة	Z	Z99
قسنطني	Z	Z5
هباب	O	O1.1
لنش	M	M4
مهبب	Z	Z99
هبر-	B	B4/O2
هبر	C	C1
تفريج	A	A5.1+/A2.1
هبت	Z	Z99
مفرج	E	E4.1
قسى	O	O4.5/A2.1
هايكستب	Z	Z99
هبب	B	B1
ٱنفرج	A	A10
ماسوني	S	S5
قسو	O	O4.2
تهبب	Z	Z99
ماسون	Z	Z99
فرارجي	Z	Z99
فروج	E	E5
فريج	Z	Z99
هالار	Z	Z99
هارتس	Z	Z99
قشري	O	O4.1
هاجي	Q	Q2.2/G2.1
تقشر	F	F1/L3
فرانسيسكان	Z	Z3
هارداواي	Z	Z99
هاريس	Z	Z1mf
ٱنقشر	Z	Z99
هارفي	Z	Z1mf
قشط-	N	N3.3
هاتشينسون	Z	Z99
مقشطة	Z	Z99
ماسيمو	Z	Z1m
فرانسيس	Z	Z1m
هاء	Z	Z4
قشطالة	Z	Z99
مقشط	O	O2
قشاط	F	F1
هابيل	Z	Z1m
قشط	G	G2.1-/A9
هابل	Z	Z99
هاريل	Z	Z99
فرانشيسكو	Z	Z99
قشب-	E	E3-/O1
يومبلغاز	Z	Z99
قشب	E	E3-/O1
قشيب	O	O4.1
قشابة	B	B5
هاغانا	Z	Z99
هافر	Z	Z99
هاكان	Z	Z99
فرايبورغ	Z	Z99
هافيلاند	Z	Z99
قشايشي	Z	Z99
هافيلانج	Z	Z99
هاشيموتو	Z	Z99
قشتيلي	Z	Z99
فرانكس	Z	Z99
قشدي	O	O4.3
قاشدة	Z	Z99
مقشد	Z	Z99
ليوان	H	H2
هاريير	Z	Z99
يوناش	Z	Z99
قشد-	Z	Z99
فرانكو	Z	Z1mf
ململم	Z	Z99
قشد	Z	Z99
هبرة	Z	Z99
هتفة	Q	Q2.2/X3.2
هتفية	Q	Q1.3
تهاتف	Z	Z99
فرجنة	B	B4
تقسم	Z	Z99
فرجن	B	B4/O2
قسطنطينية	Z	Z2
تهتك	Z	Z99
يوسيف	Z	Z99
هتك	Z	Z99
هتك-	Q	Q2.2
يوشكا	Z	Z99
هاتور	Z	Z99
يوغورت	F	F1
مهاترة	Q	Q2.2/S1.2.4
هتر	S	S1.2.5
قسيم	O	O2
تهاتر	Z	Z99
مستهتر	X	X5.2+/N5.2
يوطنة	G	G3/S7.1+/S2mf
ٱستقسم	A	A10
مهتر	T	T3
ٱهتتك	Z	Z99
فرجون	B	B4/O2
هتن-	Z	Z99
يوزباشي	G	G3/S7.1+/S2mf
هتمرة	Z	Z99
لومان	Z	Z99
يوسفي	Z	Z99
هتن	W	W4
قسطر	B	B3
يورين	Z	Z99
يوري	Z	Z99
هجج	Z	Z99
هتون	Z	Z99
قسطرة	Z	Z99
هتامة	N	N5.1
يوسو	Z	Z99
قسطالة	Z	Z99
قسطيلي	Z	Z99
يوسي	Z	Z99
هتيكة	G	G2.2
قسطاس	O	O4.1/B1
مستهتك	G	G2.2
قسطل	F	F1
متهتك	G	G2.2
قسطلي	O	O4.3
قسامة	O	O4.2
مهبوط	Z	Z99
هبل-	Z	Z99
ٱنقسامية	Z	Z99
مهبط	M	M5/M7
أهبوطة	M	M5
تهبل	Z	Z99
ليمان	M	M4/M7
هبيل	S	S1.2.6
أهبل	O	O4.3/A2.1
هبل	N	N3.7
ٱنقسامي	Z	Z99
ٱهتبل	X	X7
هبيط	Z	Z99
يوليه	T	T1.3
هبش-	S	S5
هبش	S	S5+c
هبيرة	Z	Z99
يومذاك	Z	Z99
قويسمة	Z	Z99
لنين	Z	Z1m
يوليوز	T	T1.3
هبطة	M	M1
ياوم	I	I2.2
قاسمي	Z	Z99
لنينجراد	Z	Z2
مهبل	B	B1
مهبلي	Z	Z99
هتر-	Z	Z99
لومانجي	G	G2.1-/S2mf
ماسوكية	Z	Z99
يوفانوفيتش	Z	Z99
هاتر	Q	Q2.2/S1.2.4
يوغوسلافيا	Z	Z2
ٱستهتر	S	S7.2
فرجار	O	O2/M6
أهتر	Z	Z99
أقسومة	N	N5
هبوة	Z	Z99
مهبول	S	S1.2.6
مقاسمة	S	S5+c
يولي	Z	Z1f
هبهب	L	L2/X3.2
هبهاب	X	X3.4/W4
منفرج	E	E3
تقسيمي	Z	Z99
هبا-	Z	Z99
تقسيمة	Z	Z99
يونسكوم	Z	Z99
نييدلي	Z	Z99
فدى	I	I1.3
نيتروجيني	O	O1.3
تلميع	B	B4
نيباد	Z	Z99
ٱفتدى	A	A5.1+/A2.1
مقصدر	Z	Z99
نيتشور	Z	Z99
XXXXXXXXX	Z	Z99
قصدر	Z	Z99
XXXXXXXXXX	Z	Z99
فدية	I	I1.3
إلماع	A	A10-/Q2.2
نيب	Z	Z99
نيال	Z	Z99
فدى-	A	A5.1+/A2.1
ألمعية	X	X9.1
ناوى	Z	Z99
منوه	Q	Q2.1
نونو	Z	Z99
نوى	N	N3.3
مناوي	S	S1.2.1
نيوء	Z	Z99
نيوءة	Z	Z99
نيء	Z	Z99
نيرة	Z	Z99
قصدي	X	X7
نيغارد	Z	Z99
قصاد	Z	Z5
فدائية	S	S5
نيفين	Z	Z99
XXXXXX	Z	Z99
نيقوسيا	Z	Z99
نيكة	Z	Z99
متناك	Z	Z99
ناك-	Z	Z99
ٱنقصد	Z	Z99
ٱقتصد	Z	Z5
XXXXXXX	Z	Z99
نيفاشا	Z	Z99
ماغالي	Z	Z99
نيزك	Z	Z99
نيزافيسيمايا	Z	Z99
قصادة	Z	Z99
نيروبي	Z	Z2
نيزكي	Z	Z99
نيفادا	Z	Z2
XXXXXXXX	Z	Z99
نيع	B	B1
ماظة	F	F1/N4
نيس	Z	Z99
نونبر	T	T1.3
تنوين	Z	Z99
ناول	M	M2
فدم	Z	Z99
مافيريكس	Z	Z99
فدم-	Q	Q1.1
فدامة	S	S1.2.6
قصارة	K	K5.1/H2
فدام	V	VV0
نولون	M	M2
XXXXXXXXXXXXX	Z	Z99
منول	O	O2
فدفد	W	W3/L3
فادخ	A	A1.1.2
نوفيل	Z	Z99
تنوق	Z	Z99
نوفوستي	Z	Z99
مئق-	E	E4.1
فدخ-	K	K1/T1.3
تنيق	A	A4.2
ٱستنوق	Z	Z99
XXXXXXXXXXXXXX	Z	Z99
فدخ	A	A1.1.2
XXXXXXXXXXXXXXX	Z	Z99
أنوق	S	S1.2.6
نوميدي	Z	Z99
نوميديا	Z	Z99
منومة	B	B1
نؤوم	M	M3
فادن	M	M1/N3.8
تفدين	J	JJ
نونة	B	B1
XXXXXXXXXXX	Z	Z99
نوني	O	O4.4
ألمعي	O	O4.3
فدان	Z	Z99
نوام	M	M3
قصرية	Z	Z99
قصرة	Z	Z99
تناوم	Z	Z99
XXXXXXXXXXXX	Z	Z99
ٱستنام	A	A6.1
ٱستقصر	Z	Z99
نومة	M	M3
تقاصر	K	K2
فدن	O	O4.4
متناكة	G	G2.2-/S3.2/S2.1f
منيك	Z	Z99
قشفة	Z	Z99
تقشف	Z	Z99
تقشفي	O	O4.2
متقشف	O	O4.2
قشف	Z	Z99
قشف-	Z	Z99
نينيو	Z	Z99
ٱقشعرار	M	M1
مقشعر	M	M1
قشعم	L	L2mfn
يي	Z	Z99
قشقش	B	B3
فرأ-	Z	Z99
قشلاق	G	G3/H1c
ييري	Z	Z99
قشمش	F	F1
مفتر	O	O4.2
نينوى	Z	Z99
قشل-	Z	Z99
قشقشة	B	B3
نينوي	Z	Z5
قشل	I	I1.1
قشلة	G	G3/H1c
نيوت	Z	Z99
نيوجيرزي	Z	Z99
نيووايف	Z	Z99
نيويت	Z	Z99
تقشع	N	N5-/A2.1
يونوسفير	Z	Z99
يونيتا	Z	Z99
أقشع	M	M1
فرانسا	Z	Z99
نيويوركر	Z	Z99
قشطيلي	Z	Z99
قشع-	M	M1
قشع	B	B1
نيويوركي	Z	Z99
نيوزيلاندي	Z	Z99
ماسينيسا	Z	Z99
فراك	Z	Z99
مقشع	Z	Z99
يونيفيل	Z	Z3
يوهانسون	Z	Z99
قشعر	E	E3
فرامبواز	F	F1
تقشيع	B	B1
يونيتي	Z	Z99
ٱنقشع	N	N5-/A2.1
قشاعة	B	B1
قاشاني	O	O1.1
نيميث	Z	Z99
نيكولا	Z	Z1f
ٱفتداء	S	S5
XX	Z	Z99
قصابة	Z	Z99
نيكول	Z	Z1f
فادي	Z	Z99
فادية	Z	Z99
مقصوص	Z	Z99
مقصوصة	Z	Z99
ٱقتصاص	G	G2.1
قصب-	F	F1/S2mf
قصيبة	F	F1
نيكوتين	F	F3
منيوك	Z	Z99
XXX	Z	Z99
XXXX	Z	Z99
XXXXX	Z	Z99
قصاج	O	O2
مقصب	O	O4.1
مفاداة	S	S9
نيكسون	Z	Z1
ماشاكوس	Z	Z99
قصيبي	Z	Z99
قصيباتي	Z	Z99
مقاصة	O	O4.1/B1
قصاصي	G	G2.1
نيلة	O	O4.3
فر	A	A1.7
نائلة	Z	Z99
نائل	A	A9
كيه	Z	Z99
منيل	Z	Z99
تقصص	M	M1
ٱقتص	G	G2.1
تنييل	Z	Z99
متلون	O	O4.3
مليم	Q	Q2.2/G2.2
لوميار	Z	Z99
متلمع	A	A5.1
مقاص	O	O2
نيكولاي	Z	Z99
نيكولاس	Z	Z1m
أقصوصة	Q	Q2.1
فذلك	Z	Z99
قصاصة	Q	Q4.2
يوروميد	Z	Z2
لونجي	Z	Z99
قرافة	Z	Z99
هدرجة	Z	Z99
قريفة	Z	Z99
قرفان	E	E4.2
هدرج	Z	Z99
قرف	E	E4.2
قرف-	E	E2
تهديف	K	K5
قارف	Z	Z99
هنيدي	Z	Z99
تقريف	O	O4.2
إقراف	O	O4.2
قرفصة	Z	Z99
فاروز	O	O4.3
تفريز	A	A1.1.1
إلهاب	O	O1.1
قرفال	Z	Z99
فرزلي	Z	Z99
تفرزن	Z	Z99
ٱقتراف	A	A1.1.1
مهدر	N	N5.1
مقرف	O	O4.2
مقترف	G	G2.1-/S2mf
قرفص	B	B1
قرغيزستاني	Z	Z99
هدل-	M	M2
قريعة	A	A5.1
أقرع	B	B1
مازوت	Z	Z99
قراع	Z	Z99
ٱنهدل	M	M2
أهدل	Z	Z99
قرعي	L	L3
تهدل	M	M2
يشاي	Z	Z99
قارعة	M	M3
يشمق	B	B5
مقترع	G	G1.2/S2mf
قرغيزي	Z	Z2
قرغيزستان	Z	Z2
تهديفي	K	K5
يشم	O	O1.1
تقريع	Q	Q2.2/G2.1
مقرعة	S	S5+c
مقارعة	S	S8
يشب	O	O1.1
ٱقتراعي	G	G1.2
قرفالة	Z	Z99
قرق-	X	X3.2
تيفع	Z	Z99
مقرم	H	H5
يفع	T	T3
قرماح	Z	Z99
قريم	Z	Z2
أيفع	Z	Z99
قرام	N	N5.1
قرالة	Z	Z99
قرم-	B	B1/L2
يفع-	Z	Z99
قرمد	O	O1.1
قرمدة	A	A1.1.1
قرمزي	O	O4.3
قرمز	Z	Z99
يفغيني	Z	Z99
قرمش	F	F1
قرمشة	F	F1
يافعي	Z	Z99
تلويم	Q	Q1.2/E2
قرمود	O	O2/H1
قرميد	O	O2/H1
مقرمد	O	O4.1
لهبان	B	B1/F2
قرلى	L	L2mfn
فرازة	A	A6.1-/O2
قرقوز	K	K6
مفرز	Z	Z99
قرقس	L	L2
قراقوش	K	K6
قرقض	B	B1/L2
قرقور	Z	Z99
قرقرة	E	E2-/Q2.2
قرقاوي	Z	Z99
قرق	Z	Z99
قرقذان	L	L2
قرقر	X	X3.2
ياطاش	Z	Z99
قرقضة	Z	Z99
هدارة	O	O1.2/W3
هدار	N	N5
قرقول	K	K6
فارزة	Q	Q3
يافوخ	O	O4.4
مفرزة	X	X5.2
قرقف	Z	Z99
قرقفة	B	B1
يافث	Z	Z99
قرقع	X	X3.2
قرقعة	X	X3.2
مهدل	Z	Z99
تقارع	E	E3
هذر	Q	Q2.1
ٱستقراض	Z	Z99
هذر-	Q	Q2.1
يسري	Z	Z99
هذلول	N	N3.7
هذلولي	Z	Z99
هذرم	Q	Q2.1
مقرض	O	O2
مقراض	O	O2
متهذب	S	S1.2.4
مهداوي	Z	Z99
لونغلي	Z	Z2
منقرض	L	L1
ماريو	Z	Z1m
هذب-	L	L3
تهذيبي	P	P1
لوونغ	Z	Z99
مقروض	Z	Z99
لوي-	Z	Z99
هرير	E	E4.1
لهج-	Z	Z99
هرة	L	L2
يازول	Z	Z99
قرض-	A	A1.1.2
مقراص	O	O2
قراص	Z	Z99
تهرأ	Z	Z99
هرأ	B	B1
هرأ-	B	B1
يسر-	Z	Z99
ٱستقرض	Z	Z99
ٱقترض	A	A9
ٱستيسر	Z	Z99
هذاء	Z	Z99
قريض	Q	Q3
لهثان	Z	Z99
تقارض	A	A9/S1.1.2
أقرض	A	A9
إقراض	A	A9
مفرشة	H	H5
هدايت	Z	Z99
فرسوفيا	Z	Z2
قرطم	O	O2
قرطل	O	O2
هدمي	A	A1.1.2
ٱنهدم	Z	Z99
يسمين	Z	Z1f
أهدام	Z	Z99
قرطاسي	I	I2.1/H1c
قرطاجنة	Z	Z99
مازة	F	F1/N4
هدوم	B	B5
قرطس	B	B5
يسقجي	Z	Z99
قريطم	Z	Z99
فروسية	K	K5.1
مقرظ	S	S7.2+/Q2.2
فروسة	K	K5.1
تقريظي	Z	Z99
فريسي	S	S9/T1.1.1
قرطمان	F	F1
لوندا	O	O4.3
قرظ	S	S7.2+/Q2.2
ميسون	Z	Z99
تقريظ	S	S7.2+/Q2.2
يسرائيل	Z	Z99
هدون	E	E3
ماريوت	Z	Z3c
قراط	O	O2/W2
تقريطة	B	B5
قيراط	N	N3.1
تهدى	Z	Z99
قرط-	F	F1
لونغ	Z	Z99
فرسخ	Z	Z99
هدانة	G	G3
هادن	Z	Z99
مهدوم	A	A1.1.2
متيسر	B	B2
قرطاجي	Z	Z99
هادم	A	A1.1.2
تهديم	A	A1.1.2
ملام	G	G2.1
متهدم	A	A1.1.2
هدن	E	E3
هدن-	Z	Z99
قرطباوي	Z	Z99
مستهدم	O	O4.2
مقرمش	O	O4.5
فردوسي	Z	Z99
ميمن	A	A1.4
قزحي	O	O4.3/A6.3
هجيرة	T	T1.2
تقزح	Z	Z99
ميمون	A	A1.4
هاجرة	T	T1.2
ٱستفرد	A	A6.1
مهاجراني	Z	Z99
هاجري	A	A5.1
قزحة	Z	Z99
ميامن	G	G1.2/S2mf
يامون	Z	Z99
ينسون	F	F1
قزيعة	Z	Z99
إفراخ	L	L2
قزقز	A	A5.1
قزقزة	X	X3.2
قزعة	N	N3.2
قزع	W	W4
قزدير	Z	Z99
قزدر	Z	Z99
مقزدر	Z	Z99
هجير	Z	Z99
ميمنة	Z	Z99
فردان	S	S5
فردانية	S	S5
ماسي	O	O1.1
هجاس	Z	Z99
هجسة	X	X2.1
هجص	G	G2.2
تقزز	Z	Z99
أهجع	E	E3
هجع-	B	B1
قز-	E	E2
قزز	C	C1
قز	O	O1.1
قزي	O	O4.5
هجس-	Z	Z99
تهجس	E	E5
ماسوخي	Z	Z99
أفرادي	N	N5
قازوزة	O	O2
هجس	X	X4.1
ماسترز	Z	Z99
قزازة	O	O2
قزاز	O	O1.1
قزل	B	B2
مفرخ	Z	Z99
يهوذا	Z	Z99
مفرح	F	F1
ٱقتسر	S	S6
أهجأ	E	E3
قسر-	S	S6
قاسح	O	O4.5
هجود	Z	Z99
قساحة	O	O4.5
تهجد	Z	Z99
ملوم	Q	Q2.2/G2.2
هجد-	Z	Z99
هجأ-	Z	Z99
يوان	Z	Z99
أقسط	G	G2.2
ٱستهج	T	T2
لونجية	I	I3.1/B4/S2.1f
يورك	Z	Z2
فريحات	Z	Z99
قسط-	Z	Z99
قاسر	S	S7.1
ٱقتسار	S	S7.1
يوبيل	T	T1.2
يوتا	Z	Z2
لاونجي	Z	Z99
هجيج	O	O4.6
قسح-	Z	Z99
قسوسي	S	S9
قزويني	Z	Z99
قزوين	Z	Z99
ينع	O	O4.1/L3/F1
تلهب	B	B2-/O4.6
قزان	F	F2/O2
قزموغرافي	Z	Z99
هجراء	S	S1.2.4
قزمي	S	S8
تقزيم	Z	Z99
فراخ	L	L2
قزموغرافيا	Z	Z99
تقسس	A	A1.1.1
ماسوكي	Z	Z99
قساوسي	S	S9/S2mf
أهجر	A	A1.7
قسوسة	G	G1.1c
تفريح	K	K1
إيناع	O	O4.1/L3/F1
فارح	E	E4.1
تهاجر	Z	Z99
ينوع	O	O4.1/L3/F1
ينيع	O	O4.1/L3/F1
قساس	Q	Q2.2/A5.2-/S2mf
مقراء	S	S1.2.1
هجع	E	E3
هداديك	N	N3.8
مهدة	Z	Z99
هداد	N	N3.8
هديد	X	X3.2
يقن	A	A7
تهديدي	E	E3-/Q2.2
هدب-	Z	Z99
يقن-	Z	Z99
ٱستيقن	X	X2.3
مهدود	A	A1.1.2
هدة	X	X3.2
ٱنهد	A	A1.1.2
هجائي	Q	Q2.2/S1.2.4
مقرن	O	O4.4
هجاء	S	S7.2
هجوي	Q	Q2.2/G2.1
هجو	Q	Q2.2/S1.2.4
ميقان	S	S1.2.6
أهجوة	Z	Z99
قارنة	N	N5
تهجي	Q	Q3
لاونجية	I	I3.1/B4/S2.1f
تهجية	Q	Q3
لهاب	O	O4.6
هداج	M	M1
مازوخي	Z	Z99
هدجان	M	M1
تيقظ	B	B1
يقظان	B	B1
قرمطي	Z	Z99
يقظ-	Z	Z99
قرموط	Z	Z99
هدج	M	M1
ٱستقرن	O	O4.1/L3/F1
أقراني	A	A6.1
مستيقظ	B	B1
هداب	M	M7/G1.1
أهدب	Z	Z99
متيقظ	B	B1
قرنيات	Z	Z99
تهدج	M	M1
هدج-	M	M1
هدابة	B	B1
موقن	A	A7
تهاجى	Z	Z99
قرواطي	Z	Z2
هجم	E	E3
هجل	S	S3.2
قرى-	K	K1
يمن-	Z	Z99
تهجم	Z	Z99
ٱنهجم	A	A1.1.2
تقرى	X	X2.4
قرو	Z	Z99
قرواطيا	Z	Z2
ٱقترى	K	K1
لائمة	G	G2.1
فراد	N	N5
فريدي	Z	Z99
هجوع	B	B1
هجعة	B	B1
تفريد	Q	Q2.2
تفريدي	A	A4.2
هجل-	S	S3.2
ٱستيمن	Z	Z99
مهجع	G	G3/H1c
إفراد	Z	Z99
مقرى	S	S1.2.1
هجمي	E	E3
قرنبيط	F	F1
يلتسن	Z	Z1mf
قرند	Z	Z99
يلماظ	Z	Z99
تيمم	Z	Z99
ٱستهجان	E	E2
هاجى	Q	Q2.2/A5.2
تهجى	T	T1.3
يكيتي	Z	Z99
قارون	Z	Z99
هجا-	Q	Q2.2/S1.2.4
هجينة	Z	Z99
مهاجن	N	N5
هجن-	Z	Z99
قرنق	Z	Z99
يموم	A	A4.1
قرانيا	Z	Z99
ٱستهجن	Q	Q2.2/E2
مهاجين	N	N5
مازيمبي	Z	Z99
هجان	Z	Z99
هجنة	A	A5.3
قارصة	Z	Z99
فزورة	X	X2.5
مورط	A	A1.8
فطافطة	Z	Z99
ٱستفهم	Q	Q2.2
موروط	S	S1.1.3
أفطس	S	S1.2.1
توريط	A	A1.8
فطم-	F	F1/T3
ٱفتهم	X	X2.5
فطام	F	F1/T3
تورع	T	T2-/T1.3
فطم	F	F1/T3
ورع-	Z	Z99
ٱنفطم	Z	Z99
فطيسة	L	L1-/S2mf
لوغانو	Z	Z99
ٱنفطس	Z	Z99
ٱستورط	Z	Z99
أورط	S	S1.1.3
ورط	S	S1.1.3
وارش	S	S7.1+/X7
فطس	O	O4.4
وقح-	Z	Z99
فطوس	L	L1
فطيس	B	B2
فطسة	O	O4.4
فهيم	O	O4.2
فهامة	X	X2.5+/E1
ورف-	N	N3.6
ورف	N	N3.6
ورم-	A	A5.1
فهقة	Z	Z99
ورل	Z	Z99
أويقات	Z	Z99
وقتما	Z	Z5
تفطن	X	X3
وارم	O	O4.4
مورم	O	O4.4
فطن	X	X9.1
أورم	Z	Z99
وقات	S	S9/S2mf
وارق	L	L3
أورق	Z	Z99
وارف	N	N3.3
أورف	N	N3.6
فهلوة	X	X9.1
فهلوي	X	X9.1
مفطوم	F	F1/T3
ملاوع	X	X9.1
لوغاريتم	N	N2
تفهيم	M	M6
متفهم	X	X2.5
موروب	M	M6
تلين	O	O4.5
وقاح	S	S7.2
وراب	Z	Z99
موارب	Z	Z99
مفهومية	Z	Z99
قحة	S	S1.2.4
فاهم	X	X2.5
وقح	S	S7.2
فطائري	Z	Z99
مفهومي	X	X4.1
وارب	N	N5
ودوك	O	O1
وديك	O	O1
ودك	O	O1
ليبرفيل	Z	Z99
أوقد	O	O4.6
وادك	O	O1
وقوحة	S	S1.2.4
وقيح	S	S7.2
وذر-	Z	Z99
فطير	S	S1.2
ٱفتات	X	X2.1
تواقح	Z	Z99
إرثي	A	A9+/S4
تورد	Z	Z99
ورداني	Z	Z99
مفطور	A	A6.2
متورد	A	A5.1
مفطر	Z	Z99
مفاهمة	Z	Z99
أوراس	Z	Z99
فطس-	O	O2
ورس	Z	Z99
فاطر	A	A1.1.1/S2mf
لاين	Z	Z99
توريث	Z	Z99
فطاطري	Z	Z99
ٱستفهامي	Z	Z99
فطايري	Z	Z99
مفطرة	Z	Z99
موردة	M	M4/M7
توقح	Z	Z99
لان-	Z	Z99
فهرسية	Q	Q4.1
فطنة	X	X9.1
فنلندي	Z	Z99
توسخ	Z	Z99
ليتشي	Z	Z99
أوسخ	W	W5
متوفق	X	X9.2
ليمفاوي	B	B1
فنك	Z	Z99
فنغرافي	K	K3
فنغراف	Z	Z99
وساخة	O	O4.2
تفنق	Z	Z99
أفنى	A	A1.1.2
وسخ-	Z	Z99
وزاني	Z	Z99
لواطة	S	S3.2
ملتاح	Z	Z99
وزني	N	N3.5
ليموني	O	O4.3
ليبيري	Z	Z2
تفانى	Z	Z99
توازى	Z	Z99
وزو	Z	Z99
ليترجية	S	S9
وسد	K	K1
فنطيسة	B	B1
وسطاني	N	N4
تفاعلي	S	S1.1.2
فندال	Z	Z99
وساد	H	H5
موسد	A	A12
تفاعلية	S	S1.1.2
لائذ	M	M1/S2mf
أفند	Q	Q2.2/Z6
ٱستوسع	N	N3.2+/A2.1
لور	K	K2
وفقة	Z	Z99
فنار	W	W2/H1/M4
وفاقي	A	A6.1
تفنيط	N	N1/N4
فنطاس	O	O2
وفيق	Z	Z99
فنطيس	A	A4.2
فنط	Q	Q1.2/N4
فانوس	O	O2/W2
فنزولي	Z	Z2/S2mf
ليماسول	Z	Z2
فنس	Z	Z99
فنسنت	Z	Z1mf
أوفق	N	N5
وزنة	N	N3.5
زنة	N	N3.5
فهاهة	S	S1.2.5
فظع	O	O4.2
ٱستفظع	Z	Z99
ورى	S	S2
لواح	O	O4.2
فنيك	Z	Z99
ورائي	M	M6
وز	Z	Z99
وزة	L	L2mfn
تورية	A	A10
وقب-	Z	Z99
فنيقي	Z	Z99
فهيد	Z	Z99
وقب	O	O2
فهرسي	Q	Q4.1
ورنيش	O	O1
ورنش	O	O1
فطانة	X	X9.1
ٱلتياع	E	E6
تورى	A	A10
وقبة	O	O2
وارى	A	A10
وزب	M	M4
وزوب	M	M1
موافاة	M	M1
توفية	E	E4.2
وزيعة	S	S1.1.2
إيفاء	E	E4.2
أوزاع	S	S5
لوع	E	E3
ليبيريا	Z	Z2
إفناء	A	A1.1.2
وزال	B	B4/O2
متوزع	M	M1
توافى	A	A6.1
ٱنفعل	Z	Z99
متفاني	S	S7.1
مفظع	O	O4.2
فظاعة	G	G2.2
ميزاب	H	H2
فظيعة	G	G2.2
وازر	S	S8
فنيقيا	Z	Z99
توازر	Z	Z99
ٱستوزر	Z	Z99
توزر	Z	Z99
تلوع	Z	Z99
ٱلتاع	Z	Z99
وديقة	L	L3/H3
وقظ-	Z	Z99
وقص-	Z	Z99
ملوق	O	O2
ليني	Z	Z1m
فضفضة	Z	Z99
وجاهي	A	A6.1
موقر	S	S7.2
توقر	Z	Z99
وقر	O	O2
أوقر	N	N5.2
وقرة	O	O2
لوفان	Z	Z99
فضفض	X	X5.2
ليوبارد	Z	Z99
وجم-	Z	Z99
وجم	X	X3.2
لاك-	F	F1/B1
تفويضي	S	S7.4
موجل	E	E5
ليوبليانا	Z	Z99
واجم	X	X3.2
ليبراند	Z	Z99
مفضوح	S	S7.2
ٱفتضاح	Z	Z99
ٱستوقع	X	X2.1
فوضوية	G	G2.2
لوف	Z	Z99
إيحاش	S	S5
وقذ	Z	Z99
ٱستوحش	Z	Z99
وقذ-	Z	Z99
ٱستيحاش	E	E4.1
فوروبيوف	Z	Z99
فورمولا	Z	Z99
فوريك	Z	Z99
وحف	O	O4.3
مستوحش	E	E3
أوحش	Z	Z99
وقيذ	Z	Z99
موقوذ	Z	Z99
واحدية	Z	Z99
وقر-	Z	Z99
فضولية	X	X5.2
فضالة	K	K5.1/S2mf
مفازة	W	W3
فوزان	Z	Z99
ليندساي	Z	Z99
فواز	Z	Z99
فضال	Z	Z99
أوجل	E	E5
فضيات	O	O2
مفض	O	O2
فواق	B	B1
فيقة	S	S1.2/S8
واجس	E	E5
وقاع	Z	Z99
فوقاني	M	M6
وجع-	B	B2
ٱفتضاض	Z	Z99
توقيعي	Q	Q1.2
توجع	Z	Z99
أوجع	B	B2
إفاقة	B	B2
وجس	E	E6
لوكارنو	Z	Z99
فوكي	Z	Z99
وجس-	Z	Z99
فوال	Z	Z99
وقفي	Z	Z99
فوكس	L	L2mfn
تواقف	Z	Z99
وجسان	E	E6
مفيق	B	B1
مستفيق	B	B1
لوك	Z	Z1m
وجيع	B	B2
ٱستوجف	Z	Z99
وجوف	X	X5.2
تفضيح	S	S7.2
متفاوض	Q	Q2.2/S2mf
وجيف	X	X5.2
واجف	B	B2
وجل-	Z	Z99
ليوبلياني	Z	Z5
وجق	Z	Z99
وقعة	A	A1.4
أوجف	E	E3
موقعة	G	G3/M7
موجوع	E	E4.1
مفوف	O	O4.3
ٱفتضح	Z	Z99
ٱنفضح	Z	Z99
فوف	B	B1
ميقعة	O	O2/O4.5
فضيح	S	S7.2
فوطة	B	B5
فوعة	Z	Z99
مفوع	B	B2
فوغتس	Z	Z99
وحل-	Z	Z99
أوحل	Z	Z99
وقيد	O	O1
وقاد	O	O4.6
لاف-	F	F1/B1
ودود	S	S1.2.1
ودادية	S	S5+c
مفضي	S	S7.1
وديد	S	S1.2.1
لوج	H	H1
فطح	O	O4.4
ودج	Z	Z99
متفضي	A	A1.5.1
فوتسي	I	I2.1
مفضى	N	N5
ودادي	S	S1.2.1
مستوخم	Z	Z99
وخي	X	X7
تفضية	N	N5
أوخم	A	A5.1
وخامة	Z	Z99
متوخى	X	X7
واد	S	S1.2.1
فوتوغرافيا	C	C1
ملاينة	S	S1.2/S8
أوداد	E	E2
تواد	Z	Z99
ودر	A	A15
تودير	Z	Z99
ٱنفطر	Z	Z99
مودع	M	M2
ٱتقد	G	G3
تفويت	A	A6.1
فويت	Z	Z6
ودق	W	W4
توقد	O	O4.6
تفطر	Z	Z99
ٱستيداع	Z	Z99
مفطح	A	A4.2
ٱفتيات	G	G2.2
أفطح	A	A4.2
لوجستية	A	A1.1.1c
فطحل	E	E1/B1
ٱستوقد	O	O4.6
فطاحل	A	A11.1+/S2mf
ميدعة	B	B5
وقدة	O	O4.6
فوجي	Z	Z3c
وحم-	X	X7
وحم	X	X7
موحل	O	O1.1
تفاضلي	A	A6.1
تفاضل	A	A6.1
وحام	X	X7
وحوح	M	M1
فاضلة	N	N5.2+c
وحمى	X	X7
أفار	B	B2
فارة	O	O4.4
توحل	Z	Z99
ٱستوحل	Z	Z99
مفضال	N	N4
فائرة	G	G3
مفضلة	Z	Z99
فائر	O	O4.6
مستوقد	H	H5
فوار	O	O4.6
مفاضلة	A	A6.1
فوارة	W	W3
تفضيلي	E	E2
متوقد	O	O4.6
توحوح	M	M1
وحوحة	M	M1
فوحة	X	X3.5
وخط	Z	Z99
وخط-	Z	Z99
فضى	A	A9
ملين	B	B3
وخم-	Z	Z99
وخم	B	B2
تفضى	Z	Z99
ملتاث	W	W4
واخز	Z	Z99
وخاز	Z	Z99
وخزان	Q	Q2.2
فودافون	Z	Z3c
وخزة	B	B2
وخز-	B	B2
موحى	S	S8
فودة	Z	Z99
موقود	O	O4.6
فضا-	Z	Z99
فوح	B	B1
ٱتقاد	O	O4.6
فوحان	B	B1
فود	B	B1
فنخ	Z	Z99
توفق	Z	Z99
لوساكا	Z	Z99
ٱستوضح	X	X2.4
وضب	S	S7.1
فلت	A	A1.7
فلاتي	G	G2.2
فلتة	A	A5.3
ليفة	Z	Z99
وضاح	O	O4.3
تفلت	A	A1.7
إيضاحي	A	A7+/Q2.2
وعس	W	W3
توضيحي	Q	Q2.2/A7
فقص	H	H5
ميضاءة	Z	Z99
ميعاس	W	W3
فلتان	A	A1.7
مفقس	S	S8
فقوس	F	F1
وضاءة	A	A5.4
وضاء	O	O4.2
تفقيس	O	O4.6
فقش-	K	K1/T1.3
فقص-	H	H5
ميضاء	Z	Z99
فقش	A	A1.1.2
توضؤ	Z	Z99
وضيء	A	A5.4
ٱتضاح	A	A10
فلت-	A	A1.7
لوسيرن	Z	Z99
وضاعة	S	S1.2.3
وضعة	A	A3
ٱتضع	Z	Z99
تفقيط	Z	Z99
وضيع	S	S7.1
وضيعة	O	O1.1
وضم	F	F1/S2mf
لاص-	X	X3.4
موضعات	Z	Z99
ٱتضاع	S	S1.2.3
إيعازي	S	S8
فقط-	Z	Z99
موعز	X	X5.2
ٱنفقص	Z	Z99
متضح	A	A7
فلايشر	Z	Z99
تفقص	Z	Z99
ٱستيضاح	Q	Q2.2
فقوص	F	F1
مفقص	S	S8
وضر	O	O4.2
فلاشينغ	Z	Z99
فلامنكو	Z	Z99
وعس-	Z	Z99
تفقيص	O	O4.6
ٱنفقس	Z	Z99
فليحان	Z	Z99
توصيم	E	E6
فلذة	N	N5.1
وصمة	A	A1.1.2
ٱتعظ	Z	Z99
تفقير	I	I1.1
وصوص	Q	Q2.1/X3.2
إفقار	I	I1.1
تواصى	A	A9
وصوصة	X	X3.4
لوزاني	Z	Z5
فالوذج	F	F1
فقاريات	Z	Z99
وصم-	O	O4.2
تفلس	B	B4
وعظة	Q	Q2.2
فقريات	Z	Z99
عظة	S	S9/Q2.2
توصم	Z	Z99
وصم	S	S7.2
فلز	O	O1.1
فقاري	B	B1
أفلس	Z	Z99
فقارة	B	B1
فلاحة	F	F4
فلح	Z	Z99
ٱنفلج	Z	Z99
تفلج	Z	Z99
موصى	X	X7
فلوجة	Z	Z99
مواصي	Z	Z99
فلج-	A	A6.1
فالت	A	A1.7
تفقس	Z	Z99
وضؤ-	Z	Z99
فالج	N	N1
لوزانو	Z	Z99
مفتقر	Z	Z99
ٱفتقارات	S	S6
ٱستوصى	A	A9
ٱستفلح	I	I1.1
ليفاني	O	O1.1
إيصاء	Q	Q2.2
مفلوج	Z	Z99
مفلج	N	N3.3
فقس	H	H5
فلجان	Z	Z99
فقع-	A	A1.1.2
وطأ	M	M6
إيعاد	E	E3-/Q2.2
لاوص	X	X3.4
تفقه	X	X2.5
تليف	Z	Z99
أفقه	P	P1
مواطنية	G	G1.1
مواعدة	T	T1.1
ٱفتكر	X	X2.1
فقي	Z	Z99
فقها	Z	Z99
متوطن	B	B2
ملاوص	X	X9.1
توطن	Z	Z99
وطش-	I	I3.1
وطش	A	A11.2
توعر	Z	Z99
وعير	Z	Z99
وطيس	O	O4.6
وطف-	Z	Z99
أوطف	O	O4.1
توعدي	E	E3-/Q2.2
وطن-	H	H4
وطفاء	Z	Z99
فكير	X	X2.1/E4.1
متوعد	A	A5.1+/A8
وطواط	K	K5.1/O2
وعيدي	E	E3-/Q2.2
مواظب	X	X5.1+/S1.2
مستوعب	O	O2
ٱنفكاك	Z	Z99
ٱفتكاك	S	S9
وعث	A	A12
توظف	Z	Z99
ٱفتك	A	A1.1.1
فكاك	A	A1.7
أوعب	O	O2
مفك	O	O2
وظيفية	A	A1.5.2
فكة	Z	Z99
وعثاء	A	A12
وظب-	T	T2
ليغفينسكي	Z	Z99
فكك	A	A1.1.1
واطي	N	N3.7
توطية	W	W4
تواعد	Z	Z99
أوعد	A	A7+/Q2.1
مفكوك	A	A1.7
مفكك	A	A2.2
متفكك	B	B2
مواظبة	X	X5.2
مفكرات	X	X4.1
مفكه	E	E4.1
تفقيع	F	F1
فل-	O	O4.4
مواطأة	A	A6.1
وطيء	N	N3.7
توطئة	W	W4
فاقع	B	B2
واطئ	N	N3.7
فاكهية	Z	Z99
وطد-	O	O4.1/A2.1
فاكهاني	Z	Z99
فقم-	Z	Z99
وطاء	E	E4.1
فقاعة	O	O2
تفقع	N	N3.8
ٱنفقع	X	X3.2
فلة	H	H1
فلادي	Z	Z99
فقع	N	N3.8
إيعاز	Q	Q2.2/S8
مفلول	O	O4.4
واطأ	Z	Z99
أوطأ	M	M6
فقاع	Z	Z99
أفلال	X	X9.2+++/S7.3
فليل	G	G2.1/H1
وطد	O	O4.1/A2.1
موطد	S	S1.2.5
فكه	K	K1
فاكه	Z	Z99
فقنس	Z	Z99
متفاقم	E	E5
فكه-	Z	Z99
فاكون	M	M3fn
فكش-	B	B2
وطر	G	G2.2/S5
ٱنفكش	Z	Z99
فكش	B	B2
فقنسي	Z	Z99
تفكه	Z	Z99
مفاكهة	E	E4.1
فقامة	Z	Z99
فقوم	Z	Z99
أوطاد	W	W3
تفكهة	K	K1
ميطدة	A	A1.1.1/G2.2
لياط	O	O1.1
لوط	Z	Z99
أوعر	Z	Z99
أفكوهة	E	E4.1
تفليس	I	I1.2
تفليسة	I	I1.2
موسوس	X	X5.2+/N5.2
فلمنكي	Z	Z2/S2mf
وغل-	M	M1
فغرة	B	B1
فلين	O	O1.1
وغل	M	M1/X7-/S2mf
فلمندي	Z	Z2
فيلمي	Q	Q4.3
مفلكن	Z	Z99
فلكنة	Z	Z99
وشب	S	S5+c
لورنس	Z	Z1m
ليكرز	Z	Z99
فلينة	Z	Z99
فلندرة	Z	Z2
ٱنفغر	Z	Z99
مفالي	Z	Z99
وسنان	B	B1
فلور	Z	Z99
وسوس	Q	Q2.1/X3.2
وغي	E	E3
فلنكة	Z	Z99
واغل	M	M1/X7-/S2mf
فلو	L	L2
توسوس	Z	Z99
منفغر	X	X3.4
تفلكن	Z	Z99
لوري	M	M3fn
فغوة	B	B4
ليقة	O	O1.1
فاغية	B	B4
أليق	N	N5
وشاحة	G	G3
متشح	B	B2
وشر	Z	Z99
فلكة	M	M4fn
موشوري	O	O2
موشور	O	O2
فقأ-	A	A1.1.2
ٱتشح	B	B5
فاغم	Z	Z99
وشيجة	Z	Z99
فغفوري	O	O1.1
وشيج	N	N3.3
فلائكي	Z	Z99
فلكن	Z	Z99
متواشج	A	A2.2
فلوكة	Z	Z99
توشح	B	B5
مفلوك	A	A1.4
وشح	O	O4.1
مفلكة	B	B2
فغم-	N	N5.1
تفلور	Z	Z99
فلورة	Z	Z99
متوفز	X	X5.1
ليلك	O	O4.3
وسق-	N	N5
فنيات	Z	Z99
وفيعة	Z	Z99
فنن	L	L3
وفز	N	N3.8
ٱستوفز	Z	Z99
وسق	N	N5
لوران	Z	Z1mf
ٱستوسق	Z	Z99
توفز	Z	Z99
أوسق	N	N5
أفنون	A	A4.1
فنجال	Z	Z99
فنجرة	A	A11.2
وسيع	N	N3.7
ليدز	Z	Z2
فنخ-	T	T2-/G2.1
فنجر	E	E3-/X3.4
فنتازيا	O	O4.2
ٱفتنان	A	A6.3
متفنن	A	A6.3
ٱنفعالية	Z	Z99
مفتن	X	X2.2
لوطي	S	S3.2
وفادة	M	M1
ليكود	Z	Z99
فلورسنت	O	O4.3
وفا	Z	Z99
وسامة	O	O4.2
متفلور	O	O4.3
مفلور	O	O4.3
مفعاة	Z	Z99
فغر-	A	A10
أفعوان	Z	Z99
فلى-	Q	Q1.2
فلى	Q	Q1.2
ليلتئذ	Z	Z99
وسكي	F	F2
أفعم	O	O1
منفعلية	A	A1.1.1
فمي	B	B1
تفلية	Q	Q1.2
تفلى	A	A5.4
فالية	B	B1
توسم	Z	Z99
وشع	O	O2
وشيع	L	L3
لورين	Z	Z99
توعك	Z	Z99
ليفركوزن	Z	Z99
موعوك	B	B2
تفقدية	X	X2.4/A5.3/S5+c
متوعك	B	B2
فلطاح	A	A4.2
متفقد	S	S7.1+/S2mf
فقر-	Z	Z99
تواصف	Z	Z99
فلطح	N	N3.7+/A2.1
فلطحة	N	N3.7+/A2.1
تفقدي	X	X2.4/A5.3
فليطح	Z	Z99
فقيد	L	L1-/S2mfc
وصب	B	B2
وعوع	E	E4.1
توصب	Z	Z99
وعوعة	E	E4.1
واصب	T	T2
متفلطح	A	A4.2
أوصد	A	A10
وعل	Z	Z99
وصد-	Z	Z99
وعلان	Z	Z99
مفلطح	A	A4.2
فلط	Z	Z99
أفقر	I	I1.1
وعق	E	E3
لوزي	L	L3
وصيل	Z	Z99
تفلسف	Z	Z99
وصولية	Z	Z99
لوزان	Z	Z99
توصيلية	Z	Z99
مفلس	I	I1.2
فلسف	Z	Z99
وصلية	Z	Z99
متصف	A	A4.1
فلسطنة	Z	Z99
وصفية	Z	Z99
وصفي	Q	Q2.2
ٱستوصف	Q	Q1.1/S8
فالصو	A	A5.4
وصاف	Z	Z99
وصيف	S	S7.1-/S2mf
متفلسف	A	A7
مفلسف	X	X2.1/S2mf
واصفة	Y	Y2
فلع-	A	A6.1
فلاق	G	G2.1-/S2mf
فلقة	Z	Z99
فقحة	Z	Z99
تفليق	Z	Z99
وشيمة	S	S1.2.1
ٱنفقاء	A	A11.2
أوغر	Z	Z99
تفلق	Z	Z99
فلق	A	A5.1
ٱنفلق	Z	Z99
وغر-	Z	Z99
وشم	C	C1/B1
ٱنفلاق	Z	Z99
تفقأ	A	A1.1.2
وشق	L	L2mfn
وشيعة	O	O2
ٱنفقأ	Z	Z99
وغر	E	E3
توغر	Z	Z99
فقء	A	A11.2
وشل	B	B1
وشكان	N	N3.8
فلق-	A	A5.1
وغد	G	G2.1-/S2mf
شية	A	A1.1.2
وشاء	Z	Z99
فلع	A	A6.1
تفلع	Z	Z99
ٱنفلع	Z	Z99
توعى	Z	Z99
وشاية	G	G2.1-/Q2.2
ٱستفقد	S	S2.1f
واشي	Q	Q2.2/A5.2-/S2mf
وعى	Z	Z99
أوعى	O	O2
توشية	O	O4.1
تفليع	Z	Z99
فلفلي	F	F1
فلفلة	F	F1
وشوش	Q	Q2.1/X3.2
وشنة	Z	Z99
مفلفل	F	F1
فلافل	Z	Z99
توشوش	Q	Q2.1/X3.2
وشوشة	Q	Q2.1
وشى	O	O4.1
ٱنفلاع	Z	Z99
واعية	B	B1
فولتا	Z	Z99
وجز	T	T1.3
فاسخ	Q	Q2.2
هوينا	E	E3
فساخ	S	S1.2.5
هينة	A	A12
أولم	Z	Z99
فسيخ	Z	Z99
مفسوخ	T	T2-/G2.1
متفسخ	S	S1.2.4
أهون	A	A12
أهين	N	N3.2
موالفة	S	S1.2.1
فسد	G	G2.2
ولفرهامبتون	Z	Z2
فسخة	O	O2
ولم	Z	Z99
تقبن	Z	Z99
ٱستهون	S	S7.2
قبان	Z	Z99
توله	Z	Z99
ماراتسينا	Z	Z99
قبن	N	N3.5
تفسخ	A	A1.1.2
وله	Z	Z99
فسخي	Q	Q2.2
أوله	Z	Z99
قابيل	Z	Z99
مهانة	S	S7.2
لهاء	Z	Z99
ٱقتبال	H	H2
تقابلية	Z	Z99
هاوى	Q	Q2.2
أولع	T	T2
تولع	B	B2-/O4.6
تفسيري	Q	Q2.2/A7
تفسرة	A	A4.1/L3
ٱنهوى	M	M1
مادلين	Z	Z99
ملهاة	E	E4.1
لهوي	Z	Z99
هونولولو	Z	Z99
هوندوري	Z	Z2/S2mf
ٱستهانة	X	X5.2
مارات	Z	Z99
ولوغ	B	B1
ٱنفسد	Z	Z99
ولغ	B	B1
مستهين	X	X5.2
مقبولية	A	A5.1
ولوع	X	X7
ولاعة	W	W2
هوندا	Z	Z3c
فسخ-	Q	Q4.3
أقتر	Z	Z99
مولاة	S	S2.1f
تولية	Z	Z99
قتر	I	I1.3
لويا	Z	Z99
قترة	O	O1.1
قتر-	Z	Z99
ولائي	S	S1.2.1
قتب	O	O4.4
قتاد	Z	Z99
هولبروك	Z	Z99
قتار	X	X3.5
قاتر	S	S1.2.2
هال	X	X3.4/W4
هولة	Z	Z99
ٱستهال	Z	Z99
ٱلتهى	Z	Z99
متاولة	Z	Z99
هايل	Z	Z99
فستقة	Z	Z99
مقتر	S	S1.2.2
موالية	I	I2.2/S2c
هولاكو	Z	Z99
فستقي	Z	Z99
قتات	Q	Q2.2/A5.2-/S2mf
لويز	Z	Z1f
قبى	H	H2
تقبى	Z	Z99
متوله	X	X2.5
ٱنفساح	N	N3.2+/A2.1
منفسح	Z	Z99
هوميروسي	Z	Z99
تهويمات	Z	Z99
قبا	H	H2
ولهان	X	X2.5
تهوم	Z	Z99
قبوة	H	H2
ٱقتت	N	N3.3
هولوكوست	Z	Z99
هولمان	Z	Z99
قتوت	Q	Q2.2/A5.2
ولية	Z	Z99
قبوي	Z	Z99
لهي	Z	Z99
ٱنفسح	Z	Z99
قباء	T	T1.3
ولولة	Q	Q2.2
مقبو	H	H1
هوم	N	N5.2+/Q2.2
لولب	O	O2
أهوية	W	W3
تولج	M	M1
فسفور	Z	Z99
ٱهتاج	Z	Z99
تفسفر	Z	Z99
لجة	M	M1
هيج	E	E3
لواندا	Z	Z99
فسفوسة	B	B2
هيجاء	G	G3
قباع	L	L2mfn
فسفس	L	L2
فسفوري	Z	Z99
مقبع	Z	Z99
قبيعة	Z	Z99
هيثم	Z	Z99
هيت	Z	Z99
قبلما	Z	Z5
أهاج	E	E3
وليجة	S	S1.2.1+/S2mf
قبقب	A	A5.1
قبقاب	B	B5
قبقابي	B	B5
هيجا	Z	Z99
تهييج	E	E3
مفسقة	S	S3.2/H1c
هيدرومتر	Z	Z99
فسوق	G	G2.2
هيدروكربون	Z	Z99
هيدرولوجي	Z	Z99
وكنة	L	L2
هيراطيقي	Z	Z99
فسولة	Z	Z99
هيرتز	N	N3.8
فسل	A	A5.1
لوبي	H	H2
فسقية	H	H1
هيدرو	H	H4/H1c
مقبوض	S	S8
فسق-	Z	Z99
منقبض	S	S7.1
فسيفسائي	Z	Z99
ماجيك	Z	Z99
قبط	B	B1
متقبض	Q	Q2.2
لوبن	Z	Z99
مقبوضات	Z	Z99
وكاء	O	O1.1
هيدرا	Z	Z99
مهتاج	E	E3
متهيج	E	E3
هيبيز	A	A6.2-/S2mf
مولدة	B	B3/I3.2/S2.1f
فسطان	B	B5/A5.1
ولدنة	T	T1.3/T3
لوكورتييه	Z	Z99
أولس	A	A5.3
قبلان	Z	Z99
تهايأ	Z	Z99
ٱستيلاد	T	T1.3
تلهية	X	X5.1
ماخلاس	Z	Z99
تهايؤ	Z	Z99
تهيؤ	A	A1.5.1
مهايأة	Z	Z99
هايأ	Z	Z99
هوياما	Z	Z99
مهواة	B	B3
لوكوود	Z	Z99
ولط	Z	Z99
ولسي	Z	Z99
موالسة	G	G2.1
قبائل	Z	Z99
ولس	G	G2.1
ٱستهواء	X	X5.2
مادانجيت	Z	Z99
قبائلي	S	S5
هيب	E	E5
فسفاتي	Z	Z99
مولج	M	M7
لهوجة	N	N3.8
ماختشاييف	Z	Z99
ولدة	B	B1/S4
ماجين	Z	Z99
تهيب	E	E5
مفسفت	Z	Z99
فسفر	Z	Z99
متهيب	E	E5
مهوب	E	E5
قبلئذ	Z	Z99
مهابة	E	E5
ولود	X	X9.2
لاهيا	Z	Z99
هياب	E	E5
ٱهتاب	E	E5
ٱقتبل	A	A9
فسفت	Z	Z99
ولودية	S	S1.2/T3
مهاب	Z	Z99
فسفات	Z	Z99
فسفتة	Z	Z99
هيوب	E	E5
هوكي	K	K5.1
هوك	Z	Z99
مقداح	O	O2
هاود	N	N5
قادح	O	O4.3
ٱلتواءة	O	O4.4
فريال	Z	Z99
تهود	Z	Z99
مقدح	O	O2
قداح	O	O1.1
مقدحة	Z	Z99
فريتاون	Z	Z2
تلهى	Z	Z99
هاد-	Z	Z99
مارديني	Z	Z99
هوتة	W	W3
مفتريات	A	A5.2
هوبير	Z	Z1m
هوبي	Z	Z99
ٱقتدر	Z	Z99
هوتو	Z	Z2/S2mf
هوتومو	Z	Z99
وناء	X	X5.2
هوجاء	W	W4
أهوج	A	A1.3
هوج	S	S1.2.6
تواني	N	N3.8
لاوي	M	M1
ٱلتام	Z	Z99
ٱنقد	A	A6.1
قدد	Z	Z99
ونستون	Z	Z1m
ٱقتد	Z	Z99
مهاودة	N	N5-/A2.1
متهود	Z	Z99
متهاود	N	N5
هويدي	Z	Z99
فريمسن	Z	Z99
هورة	A	A15
هار-	A	A1.1.2
قدة	O	O2
قديد	M	M1
ٱقتدح	X	X2.1
فريدمان	Z	Z99
فريدريش	Z	Z99
مقدد	Z	Z99
ونش	O	O2
مقداد	Z	Z99
مقد	Z	Z99
مقدود	Z	Z99
هوبسون	Z	Z99
ٱستقدر	Z	Z99
هنداسة	Z	Z99
ٱستوهب	Z	Z99
هندازة	Z	Z99
فرو	O	O1.1/L2
فرهد	Z	Z99
هنداز	N	N3.1
فرواني	Z	Z99
هندوسية	S	S9
هندمة	O	O4.2
مقداري	N	N3.1
تهندم	Z	Z99
هندم	O	O2
فروداكيس	Z	Z99
هندريكس	Z	Z99
هندباء	Z	Z99
فرنسيسكاني	Z	Z3
فرنيه	Z	Z99
أقداس	Z	Z99
قداس	Z	Z99
وهيب	Z	Z99
فراهة	B	B1
مهند	Z	Z99
هندب	Z	Z99
قدس-	Z	Z99
وهبة	I	I1.1
تقدس	Z	Z99
مهندي	Z	Z99
فرى-	Z	Z99
هندام	O	O4.2
هوانمي	S	S2.1
هنيهة	T	T1.1.2
مفراة	Z	Z99
فري	A	A6.2
قدرية	S	S7.1-/E1
هنهن	Z	Z99
هنهونة	K	K2
هوذا	X	X3.4
هنائي	Z	Z99
ٱفترائي	A	A5.2
هنو	T	T1
فرية	A	A5.2
ٱفترى	A	A5.2
هنشير	Z	Z99
هنغاريا	Z	Z2
هنرييتا	Z	Z1f
أفرى	Z	Z99
مهندم	O	O4.2
هنغاري	Z	Z2
هنف	N	N3.8
هنم	Z	Z99
تفرى	Z	Z99
متواني	O	O4.5
تهانف	E	E2
هانف	E	E2
هواري	I	I3.1/I1.1-/S2mf
أقحوان	L	L3
فزاعة	Z	Z99
ٱقتم	Z	Z99
فزعان	E	E5
قتمة	W	W2
ومض-	O	O4.2
قتم-	N	N5+/A2.1
ملتوى	N	N4
مقتتل	G	G3/M7
مستقتل	E	E5
هوشة	X	X3.2/E4.2
قتام	W	W2
قتامة	W	W2
قثتر	B	B3
قثاءة	F	F1
قح-	B	B2
قحبة	G	G2.2-/S3.2/S2.1f
هاوش	E	E3
ومضان	O	O4.3/N6
قثاء	F	F1
ملوي	O	O4.4
أقتم	W	W2
تهوش	Z	Z99
قث	M	M2
ٱقتث	M	M2
تهويش	E	E3
مقتول	L	L1
هوع	B	B2
تلوم	M	M8
تلاوم	Z	Z99
إيماءة	Q	Q1.1/B1
إيمائي	Z	Z99
أقتال	S	S1.2.1-/S2mfc
فزيع	Z	Z99
ٱستقتل	Z	Z99
فزيولوجيا	Y	Y1
هوفنانيان	Z	Z99
فزلين	B	B4
هوغو	Z	Z1mf
تهوع	B	B2
مومأ	Z	Z5
هوشي	Z	Z99
مومسة	S	S3.2+/I3.1/S2mf
مهوش	A	A2.2/S2mf
قاتلات	Z	Z99
هوشيار	Z	Z99
هاع-	B	B2
ومس	B	B4
مومس	S	S3.2+/I3.1/S2mf
مقتلة	L	L1
تقتيل	L	L1
قحط-	Z	Z99
وميض	Z	Z4
قحم-	Z	Z99
هوسة	Q	Q2.2/X3.2
ٱنهوس	Z	Z99
ٱنهاس	Z	Z99
تهوس	Z	Z99
أقحم	M	M2
هويس	X	X2.1
أهوس	S	S1.2.6
تفزر	Z	Z99
ٱنفزر	Z	Z99
مهووس	Z	Z99
فزر-	Z	Z99
مفتز	A	A2.2/S2mf
فزة	Z	Z99
هورست	Z	Z99
أفز	E	E5
فز-	E	E5
فريواي	Z	Z99
تلاهى	Z	Z99
تفزز	Z	Z99
أهواز	Z	Z99
مارادونا	Z	Z99
قحمة	A	A15
مقحام	E	E5
هوس-	Z	Z99
وندل	Z	Z99
مهوس	S	S1.2.6
متهوس	X	X9.1+/T3
ومق	Z	Z99
قحف	B	B1
ٱقتحف	B	B1
هوش-	Z	Z99
قحطان	Z	Z99
قاحط	B	B4
ماراثوني	K	K5.1
أقحط	Z	Z99
تفزع	Z	Z99
هوش	E	E3
قحاف	N	N5
قحل	O	O4.5
هوسبيتال	Z	Z99
هوساوي	Z	Z99
قحول	O	O1.2
قحولة	O	O1.2
فزارة	L	L2
ٱنفزار	A	A1.1.2
موماة	W	W3
هاش-	Z	Z99
قحافة	M	M3fn
قحل-	A	A1.1.2
تقابض	Z	Z99
فسيلة	Z	Z99
وبيل	B	B2
فصفتة	Z	Z99
توكد	Z	Z99
فدرالية	Z	Z99
وبل	W	W4
فيدجي	Z	Z2
فيداكوفيتش	Z	Z99
مستفاد	X	X2.5
وكد	A	A7
متواكب	T	T1.1.2
وبي	Z	Z99
أوبه	X	X5.1
فصفات	Z	Z99
وبل-	Z	Z99
وبق-	L	L1
وبق	L	L1
أوباش	S	S5+/O4.2-c
فيرشبو	Z	Z99
متفصد	Z	Z99
فيردر	Z	Z99
أوبق	A	A1.1.2
فيدوتوف	Z	Z99
فصفت	Z	Z99
موبقة	Z	Z99
موبق	G	G2.1/H2
فصفاتي	Z	Z99
وكبان	Z	Z99
تترى	Z	Z99
توتير	N	N3.5
وكب-	Z	Z99
لوكهارت	Z	Z99
أفيد	N	N5
وتين	B	B1
وثئ	Z	Z99
فياح	A	A6.1
لوكسمبورغو	Z	Z99
متكأ	S	S8
فصفوري	Z	Z99
فايد	Z	Z1m
توتيد	O	O2/A1.7
مفصفت	Z	Z99
وكوب	Z	Z99
فصفر	Z	Z99
لياء	Z	Z99
فصفور	Z	Z99
وكب	Z	Z99
تفصفر	Z	Z99
أوتر	O	O1.1
فيرنر	Z	Z1m
فيرنك	Z	Z99
مفيض	Q	Q2.1
فصد-	Z	Z99
إفاضة	A	A1.1.1
ٱستفاضة	N	N5
فائظ	I	I1
وانتشوب	Z	Z99
واندرلي	Z	Z99
واه	Z	Z4
واين	Z	Z1mf
وبئ-	Z	Z99
ٱستفاض	F	F1
وايزمان	Z	Z99
واو	Z	Z99
فايظ	I	I1/S2mf
فايظجي	I	I1/S2mf
فيفري	T	T1.3
تفاصح	Z	Z99
واكد	Z	Z99
فيكان	Z	Z99
تفصيح	Z	Z99
فيفاء	W	W3
فيفا	Z	Z99
وكيد	A	A7
فصح	S	S9/T1.3
فيغارو	Z	Z3c
فيغو	Z	Z99
مفصح	A	A7
فيشر	Z	Z3
فيشخابور	Z	Z99
مفصد	Z	Z99
وبر-	Z	Z99
فصادة	Z	Z99
موبخ	Q	Q2.2/G2.1
فيريرو	Z	Z99
فيروزج	O	O4.3
موبر	O	O1.1
وبش	O	O4.2
أوبر	O	O4.5
وبري	Z	Z99
فصيد	Z	Z99
توبيخ	Q	Q2.2/G2.1
فصاد	Z	Z99
فيش	S	S1.2.5
فياش	Z	Z99
فيشة	Z	Z99
فيشاوي	Z	Z99
وبؤ-	Z	Z99
فاش-	S	S1.2.3+/Q2.2
فصد	Z	Z99
وبئ	B	B2
ٱنفصد	O	O1.2/N5
وبأ	B	B2-/S5
توكؤ	E	E3
أفيح	X	X3.5
فوهي	B	B1
موجبة	Z	Z5/A2.2
أفوه	A	A4.2
فاصمة	Z	Z99
فصامي	B	B2-/X1
توقل	M	M1
مفصوم	B	B2-/X1
متوجب	S	S6
فونيم	Z	Z99
فونولوجيا	Z	Z99
فاه-	Q	Q3
فصى-	M	M2/A6.1
مستوجب	S	S1.1.4
فاء-	A	A2.1
لوكاندة	H	H4/H1
وقوقة	L	L2/X3.2
فيء	O	O4.3
مفصلة	O	O2
وقواق	L	L2
أفاء	A	A9
إيجابية	Z	Z99
فصم	X	X3.2
وقوق	L	L2/X3.2
فيأ	Z	Z99
فصم-	N	N5-/A2.1
موجوب	S	S6
فونوغرافي	K	K3
وجدي	Z	Z99
وجز-	Z	Z99
فولكسفاجن	Z	Z3c
لوكاشنكو	Z	Z99
ميجار	A	A1.1.1
وجار	W	W3
وقاف	S	S7.1+/S2mf
فولر	Z	Z99
وجازة	T	T1.3
فولذ	Z	Z99
فولذة	Z	Z99
ٱفتض	S	S3.2/T2
ٱلتاث	Z	Z99
فصية	Z	Z99
وجرة	A	A15
تفصى	Z	Z99
وجودية	Z	Z99
فوليك	Z	Z99
فوم	F	F1
فون	Z	Z99
موجدة	E	E1
ليبرالية	G	G1.2
موجد	T	T2+/S2mf
وجر	W	W3
منيف	S	S1.2.3
واجد	A	A10
ليوبوف	Z	Z99
مفصول	X	X5.2
فياكوم	Z	Z99
ليوتنان	G	G3/S7.1+/S2mf
واقية	H	H1/A10
فيتيس	Z	Z99
وثاب	A	A1.3
وقية	Z	Z99
وثير	O	O4.5
فصلة	Q	Q3
فيتوري	Z	Z99
وثق	Q	Q1.2
فيتون	Z	Z99
ميثرة	N	N5.1
وثار	Z	Z99
وثب	M	M1
تواثب	M	M1
فيث	Z	Z99
ليونيل	Z	Z1m
وثء	B	B2
فيجيستي	Z	Z99
أوثأ	B	B2
وثاء	B	B2
تكأة	S	S8
أوثب	Z	Z99
توثب	M	M1
لوكسمبورغ	Z	Z2
واثب	Z	Z99
ليور	Z	Z99
ٱستوثق	Z	Z99
وقاء	S	S8
فيتالي	Z	Z99
وثل	O	O2
فيتشنزا	Z	Z99
وثيل	O	O2
فيبر	Z	Z1mf
فياللي	Z	Z99
واق	Z	Z99
ٱنفصالية	G	G1.2
توقى	A	A1.3
توثقة	G	G2.1
ميثاقي	G	G3
وثاقة	O	O4.5
وثوق	E	E6
لياندرو	Z	Z99
فيتور	Z	Z99
فيتو	S	S7.4
وقائية	S	S8
فيتنامي	Z	Z2/S2mf
فيصلية	Z	Z99
لوكايو	Z	Z99
وئام	A	A6.1
توكيدي	A	A7
قبج	L	L2mfn
قبازرد	Z	Z99
لوت	L	L2mfnc
فشخ-	Z	Z99
قبح-	Z	Z99
هيول	Z	Z99
هيولي	A	A1.6
قبيبة	Z	Z99
هيولى	Z	Z99
هيولاني	A	A1.6
تقبب	X	X3.2+/A2.1
مقبب	O	O4.4/H1
ٱستقبح	Z	Z99
فشة	B	B1
مستقبح	Z	Z99
توكل	E	E6
قبودان	G	G3/S7.1+/S2mf
تواكل	X	X5.2
هيكلي	O	O4.1
مقبحة	Z	Z99
أقبح	Z	Z99
فش	A	A2.2
قبيحة	Z	Z99
قباحة	O	O4.2
إيكال	S	S7.4
ٱنهيال	W	W4
وكل	S	S7.4
قاف	Z	Z99
قانا	Z	Z99
قاورمة	Z	Z99
واكل	E	E6
قاظمبور	Z	Z99
فاشر	Z	Z99
ماجليف	Z	Z99
هليوبوليس	Z	Z99
قاديشا	Z	Z99
هيليكوبتر	M	M5
هيلمان	Z	Z99
قاوند	L	L2mfn
قاوق	B	B5
فشخة	N	N3.3
تكلة	Z	Z99
مستهيل	Z	Z99
فشخ	Z	Z99
فشر-	S	S1.2.3+/Q2.2
فشر	Q	Q2.2
فشار	Z	Z99
هيلاري	Z	Z99
قبب	Z	Z99
لوبياء	Z	Z99
ٱنفش	N	N5-/A2.1
هيشة	E	E3
فسو	Z	Z99
موكم	E	E3
هيش	L	L3
ٱنقبض	B	B3/S2mf
هاض-	Z	Z99
هيضة	B	B2
فساء	Z	Z99
قبص-	Z	Z99
قبصة	E	E3
مهيض	A	A1.1.2
فسا-	Z	Z99
هيسكي	Z	Z99
قباضة	G	G1.1/I1.1
هيروتشي	Z	Z99
قبوضة	O	O4.1
هيرد	Z	Z1mf
قباض	Z	Z99
قبضاي	E	E3-/S2mf
هيروين	F	F3
هيسب	Z	Z99
وكن	L	L2
فسوليا	F	F1
لوبيز	Z	Z99
قابس	Z	Z99
هاط-	Q	Q2.2/X3.2
هيف	Z	Z99
هيوف	O	O4.1
لوكهيد	Z	Z99
قبار	L	L3
هيفان	O	O4.1
قبري	Z	Z99
هيفي	Z	Z99
قبر-	A	A10
أقبر	A	A10
ٱتكال	E	E6
أهيف	A	A13.4
فاسياء	Z	Z99
مقبري	Z	Z99
قبسة	Z	Z99
ماجور	A	A11.1
قبيسي	Z	Z99
قابوس	X	X4.1/A5.1
مقبس	O	O3
هيط	Z	Z99
قبس-	A	A2.2
قبرس	O	O1.1
مقبور	A	A9
هياط	X	X3.2/E4.2
وكفان	A	A1.7
قادروف	Z	Z99
مفشى	A	A1.7
مفشيات	Z	Z99
فيلج	Z	Z99
وكز-	E	E3
وكراوي	Z	Z5
وارطان	Z	Z99
وارسو	Z	Z2
وارن	Z	Z1mf
فص-	F	F1/L3
فيلانويفا	Z	Z99
ماتشالا	Z	Z99
وكرة	L	L2
ٱستوأر	Z	Z99
ماتفيف	Z	Z99
فيليبي	Z	Z99
تؤدة	N	N3.8
فيليبس	Z	Z3c
فشا-	M	M2
فيليبو	Z	Z99
وكز	O	O4.4
فيلكاوي	Z	Z5
إفشاء	A	A10
متئد	N	N3.8
فيلهلم	Z	Z99
فصص	F	F1/L3
فيلالي	Z	Z99
فيلولة	Z	Z99
متوكد	A	A4.2
مابوتو	Z	Z99
ماتساريللي	Z	Z99
فيولة	Z	Z99
فال-	Z	Z99
واءم	Z	Z99
موكد	A	A4.2
فكتوريا	Z	Z1f
والتون	Z	Z1mf
فيكوفيتش	Z	Z99
والترز	Z	Z99
والتر	Z	Z1m
وكر	L	L2
واط	N	N3.1/O3
فيلادلفيا	Z	Z2
ٱفتص	A	A1.1.2
تفصص	Z	Z99
فصة	L	L3
فيال	Z	Z99
تفصح	Z	Z99
والاس	Z	Z1mf
مفصص	Z	Z99
ٱتأد	A	A7
فيليبوسيس	Z	Z99
مستهام	Z	Z99
فيوم	Z	Z99
هيمان	X	X5.2+/N5.2
وكاعة	S	S1.2.5
فشفاش	B	B1
فيومي	Z	Z5
فيولنتشللو	Z	Z99
فشك	Z	Z99
فيهقة	Z	Z99
تفيهق	Z	Z99
متفيهق	A	A5.3+++/S2mf
فيورنتينا	Z	Z99
فيولين	K	K2
هيوم	X	X2.5
هيام	Z	Z99
فييرا	Z	Z99
هيليوم	O	O1.3
فيينا	Z	Z2
قابكو	Z	Z99
وكف	A	A1.7
هيم	X	X2.5
فشير	Z	Z99
ميكعة	Z	Z99
فيوميتشينو	Z	Z99
ٱستهيم	X	X5.1
ٱستهام	X	X5.1
لوتس	Z	Z3c
هينغيس	Z	Z99
وابور	Z	Z99
فينان	N	N3.7
فينوس	Z	Z1/W1
وكسة	I	I1.3/A2.1
ماتيو	Z	Z99
فين	Z	Z99
توأد	A	A7
ماتينيه	K	K4
واتسوشي	Z	Z99
فيليبيني	Z	Z2/S2mf
واترفورد	Z	Z99
وكع-	Z	Z99
وا	Z	Z4
فشيك	Z	Z99
فينيقيا	Z	Z99
فينيكس	S	S9
هينم	Z	Z99
فشكة	Z	Z99
ماثيو	Z	Z1m
فينيسي	Z	Z2
هيون	Z	Z99
هيونداي	Z	Z99
هيومن	Z	Z99
لوتشا	Z	Z1m
هيوراكان	Z	Z99
هنادي	Z	Z99
أقلص	T	T1.3
مونيك	Z	Z99
مونيكا	Z	Z1f
تمحص	A	A10+/N6
مونيخ	Z	Z2
مونولوجست	Z	Z99
ٱستكمن	Z	Z99
موه	N	N5
مائية	F	F2
ميازاوا	Z	Z99
تكميلي	T	T2
تكميل	T	T2
مويلير	Z	Z99
مويا	Z	Z99
تمويهي	A	A5.4
تكاملي	A	A1.8
كمنة	Z	Z99
ٱنمحص	Z	Z99
كمانجي	K	K2/S2mf
مونتوبان	Z	Z99
مونتي	Z	Z1m
ٱمحص	Z	Z99
كمنجا	Z	Z99
مونبولييه	Z	Z99
كمه	Z	Z99
ملفاف	O	O2
مونتيفيديو	Z	Z99
مونسنيور	S	S7.1+/S2.2m
مونوتيب	Z	Z99
مونروفي	Z	Z99
مونروفيا	Z	Z2
مونتينيغرو	Z	Z99
مونديالي	Z	Z99
كمالة	N	N5
كمالي	O	O4.2
كامع	S	S3.2
ٱنكماشي	O	O4.1
ميدة	H	H2
كميع	S	S3.2
تمايد	Z	Z99
ماد-	M	M2
ملتف	M	M2
كماشة	Z	Z99
ميداء	N	N3.1
كمش	X	X9.1
ميدل	Z	Z99
ميداوي	Z	Z99
أمحص	A	A10+/N6
كميش	X	X9.1
ميحوحة	J	JJ
ميح	J	JJ
ميتورولوجيا	Y	Y1/W4
ميثا	Z	Z99
ميثولوجيا	S	S9/Q2.2
ميتران	Z	Z1mf
ميتدور	Z	Z99
ميانمار	Z	Z2
ميتافيزيقا	A	A1.6
ميج	Z	Z99
ميجاوات	Z	Z99
تمايح	M	M1
ٱستماح	Q	Q2.1
تميح	M	M1
ملفف	O	O4.1
ميجاواتي	Z	Z99
ميجور	Z	Z99
أكمه	Z	Z99
كميون	M	M3fn
موساوي	Z	Z99
كنز-	I	I2.2/H1c
كندشن	Z	Z99
موستار	Z	Z99
كنزي	Z	Z99
موزمبيقي	Z	Z2/S2mf
لفيف	S	S5+c
مكندش	O	O1.3
مسطرده	F	F1
موغابي	Z	Z1
لفيفة	O	O2
موسيقية	Z	Z99
موسيفيني	Z	Z99
موسكوي	Z	Z99
كندش	L	L2mfn
كنزة	B	B5
ٱكتناز	S	S5+c
مورينة	Z	Z99
موريوكا	Z	Z99
موزي	F	F1
موريطاني	Z	Z2/S2mf
كنائسي	S	S9
موريشيوس	Z	Z2
موريطانيا	Z	Z2
كناسة	O	O2
كناس	B	B4/S2mf
كنس-	B	B4
كنس	B	B4
موزمبيق	Z	Z2
موزايكو	C	C1
تموقع	Z	Z99
ٱستمال	O	O4.2
كنار	O	O2
مومية	O	O1.2
كنين	A	A10
موم	O	O1.1
كنب	Z	Z99
مكنب	E	E3-/S1.2
تمون	Z	Z99
كنة	A	A10
موناكو	Z	Z2
محض-	Z	Z99
ٱكتن	Z	Z99
ٱستكن	Z	Z99
مونا	Z	Z1f
كنبة	H	H5
كنبيه	H	H5
كندري	Z	Z99
كندر	Z	Z99
كنديناوا	Z	Z99
كندرة	B	B5
كندرجي	B	B5/S2mf
كندوز	F	F1
متمول	I	I1/S2mf
مولدافيا	Z	Z2
كنتوري	O	O4.4
مولوتوف	Z	Z99
كنجرو	L	L2mfn
كنود	S	S1.2.3
مولدافي	Z	Z99
كمشة	N	N5
ميدلزبره	Z	Z2
كليشيه	A	A6.2
كليريديس	Z	Z99
تميع	Z	Z99
أماع	A	A2.1
ميع	O	O4.5
كليم	H	H5
كليك	Z	Z99
ٱنماع	Z	Z99
كليدار	Z	Z99
كلوسه	Z	Z99
كلوروفورم	Z	Z99
ميعة	A	A11.1
كليبانوف	Z	Z99
كليبرز	Z	Z99
تمياط	Z	Z99
كليمنتس	Z	Z99
ميساتام	Z	Z99
ماجن	E	E4.1+/S2mf
ميسلون	Z	Z99
مياس	Z	Z99
تكميم	S	S7.4
ميس	X	X7
كمام	V	VV0
كمم	V	VV0
كم-	O	O2
ٱستلفات	Z	Z99
ميط	M	M2
أماط	N	N3.3
كلينتوني	Z	Z1mf
ميسمر	Z	Z99
ميشيلي	Z	Z99
كلورة	Z	Z99
كلور	Z	Z99
كالم	Z	Z99
ميكانزم	O	O2
ميكا	Z	Z99
ميغيل	Z	Z1m
ميغان	Z	Z1f
ميغاهيرتز	Z	Z99
ميكاني	O	O2
مكلكل	E	E3-/S1.2
كلاكيع	Z	Z99
ميكايل	Z	Z99
ميكانيكية	Y	Y1
كلكل	B	B1
كلكلة	Z	Z99
تكلكل	Z	Z99
كلماني	Q	Q3/X9.1
تكلام	Q	Q3/X9.1
تمييع	O	O4.6
إماعة	O	O4.6
كلاوي	B	B1
كلوب	Z	Z99
ميوعة	O	O4.5
كلوتن	Z	Z99
مائع	A	A6.3
كواليني	C	C1/S2mf
كليمات	Z	Z99
ميغابت	Y	Y2
ميغابايت	Y	Y2
ميسان	Z	Z99
ميرتس	Z	Z99
ميردجلال	Z	Z99
كميد	E	E4.1
ميرالاي	Z	Z99
ميار	I	I2.2/S2mfc
محص-	A	A7+/Q2.2
كماد	Z	Z99
كمد	E	E4.1
كمدة	E	E4.1
كمد-	Z	Z99
ٱستلفت	O	O4.2
أكمد	E	E4.1
ٱكمد	Z	Z99
ميديكال	Z	Z99
تكميد	Z	Z99
كمرك	A	A6.2
كمروني	Z	Z5
كمرون	Z	Z2
كمركي	A	A6.2
كمساري	K	K2/S2mf
تكمش	B	B3/S2mf
مكمور	Z	Z99
كمرة	W	W2
ميدوز	Z	Z99
كامد	E	E4.1
ميدور	Z	Z99
مكمد	Z	Z99
كمر	B	B5
مكمدة	Z	Z99
ميركافا	Z	Z99
كمخا	O	O1.1
لفات	E	E3
كمبوشة	K	K4/Q2.2/S2mf
كمبريت	Z	Z99
كمبيالة	Z	Z99
مجوسية	Z	Z99
كمبيو	Z	Z99
لفوت	E	E3
إلفات	M	M6
ميزوبوتاميا	Z	Z2
ميزوبوتامي	Z	Z99
كمء	L	L3
ميزانين	H	H2
كمبالا	Z	Z2
كمبارس	Z	Z99
كمت-	Z	Z99
ميرون	Z	Z99
ميرفت	Z	Z99
ميرلواء	Z	Z99
كمخ-	Z	Z99
أكمخ	Z	Z99
كماخ	S	S1.2.3
ميرغني	Z	Z99
كامخ	O	O1.2/F1
ميرنيي	Z	Z99
كمح	Z	Z99
ميروسلاف	Z	Z99
كمثرى	F	F1
ميرور	Z	Z99
ميرو	Z	Z99
أكمح	Z	Z99
كمح-	Z	Z99
موريسكي	Z	Z99
مكنسة	B	B4/O2
مكور	Z	Z99
منعة	S	S8
كوارة	H	H1/L2
ٱمحق	L	L1
تمنطق	Z	Z99
ٱنمحق	L	L1
لفف	Z	Z99
تلفف	Z	Z99
تكور	Z	Z99
منفيلا	A	A6.2-/S2mf
كورة	Z	Z99
منغنيس	O	O1.1
ممنوعية	Z	Z99
ممتنع	S	S1.1.3
كورال	K	K2/S5c
كورب	I	I2.1
منستير	Z	Z99
ملغى	T	T2
منشوبية	S	S9/S2.2m
كورسك	Z	Z99
لاغية	Q	Q3
مندل	Z	Z99
كورسيكا	Z	Z2
كوردون	A	A10
كورجة	N	N5
منصوني	W	W4
منطر	Z	Z99
كوربيس	Z	Z99
منصون	W	W4
منشوريا	Z	Z99
منشوري	Z	Z99
منلوج	Q	Q2.1
منه	Z	Z1m
كوتور	Z	Z99
كوتشينة	Z	Z99
كوتش	O	O1.1
كوتيديان	Z	Z99
منومتر	Z	Z99
منولوجست	Z	Z99
كوثة	N	N5
كوتزر	Z	Z99
محق-	A	A1.1.2
مهجة	A	A11.1
كوبيل	O	O2
مهاتير	Z	Z99
كوتا	N	N5
كوتر	I	I4/S2mf
كوتبوس	Z	Z99
كوثر	N	N5
منولوج	Q	Q2.1
كودرين	Z	Z99
أمحق	N	N5-/A2.1
مناة	Z	Z99
تمحق	L	L1
ٱستمنى	Z	Z99
منا-	E	E6
منى-	E	E6
تمنية	Z	Z99
ٱستمناء	B	B1
كوثل	Z	Z99
كود	Z	Z99
كودة	N	N5
كودي	Q	Q1.1
إمناء	Z	Z99
كورسيه	B	B5
كورك	Z	Z99
ملياردير	I	I1.1/S2mf
مليجرام	N	N3.5
مليخوليا	Z	Z99
ملية	Z	Z99
كوك	F	F2
إملائي	Q	Q3
تكويك	F	F2
كوفائين	O	O1
ملييت	Z	Z99
تكوف	S	S5+c
مليوناري	I	I1.1++/S2mf
مليلة	Z	Z99
كوفاسيفيتش	Z	Z99
كوفية	Z	Z99
كوكا	Z	Z99
مملاة	K	K3
كوكتيل	F	F2
كويكب	W	W1
كواكبي	Z	Z99
كول	Z	Z1mf
ملنخولي	Z	Z99
كولخوز	Z	Z99
كولان	Z	Z99
ملا-	Z	Z99
كوكبي	W	W1
ملو	Z	Z99
ملوة	Z	Z99
ملى	W	W3
ٱستملى	S	S5
كاع	Z	Z99
كوع	B	B1
ممتن	S	S1.2.4
مناحيم	Z	Z99
كوريل	Z	Z99
كوز	O	O2
ممنونية	Z	Z99
كويس	A	A5.1
أكوس	Z	Z99
كوريتخا	Z	Z99
منتول	O	O1.1
ٱستمنح	Z	Z99
كورنيكوفا	Z	Z99
منجو	F	F1
كورية	Z	Z2
كورويدوف	Z	Z99
ممنون	S	S1.2.4
ٱمتنان	Z	Z99
تمنن	M	M3/O2
كوش	A	A9
كوسوفو	Z	Z99
ٱمتحق	L	L1
كوشة	Z	Z99
ممادو	Z	Z99
مم	Z	Z5
ٱمتن	Z	Z99
منان	S	S1.2.2
كوستا	Z	Z99
كوسبي	Z	Z99
منون	S	S9
كوستاريكي	Z	Z99
كوسج	Z	Z99
كوستيللو	Z	Z99
مماهد	H	H1
ٱكتناه	X	X2.4
تكنهات	Z	Z99
تماوج	A	A2.1
كنهور	W	W4
كنى-	Q	Q2.2
ٱكتنى	Z	Z99
تكنى	Z	Z99
ٱستكنه	O	O2
ٱكتنه	O	O2
كنفاس	O	O1.1
مواجة	O	O2/Q1.3
كنكة	Z	Z99
مواج	O	O4.4
كنكينا	B	B3
كنكن	Z	Z99
مكني	Z	Z99
كهربة	O	O3
أمحض	Z	Z99
موتان	L	L1
تماوت	Z	Z99
موات	L	L1
تكهرب	Z	Z99
كهرب	O	O3
موتورز	Z	Z99
موتوسيكل	M	M3fn
موتور	O	O3
موتزي	Z	Z99
مكنى	Z	Z99
كنفدرالية	S	S5+c
كنفدرالي	S	S8+/S2mf
مورفين	B	B3
مورنينغ	Z	Z99
مورو	Z	Z99
كناش	Q	Q1.2
مورفولوجيا	Z	Z99
مورس	Z	Z1mf
مورغينستيرن	Z	Z99
مورومبي	Z	Z99
موريتانيا	Z	Z2
مكناسي	Z	Z5
مكناس	Z	Z99
موريسكو	Z	Z99
كانسة	B	B4/S2mf
موريتاني	Z	Z2/S2mf
كنصول	O	O3
كنغر	L	L2mfn
موردخاي	Z	Z99
موخيكا	Z	Z99
مودينغي	Z	Z99
موفين	Z	Z99
مموج	O	O4.4
مائج	X	X3.2+/A2.1
مكتنف	M	M6
تمويج	O	O4.4
موار	O	O2
مورافيك	Z	Z99
كنف-	S	S8+/A15
موراتينوس	Z	Z99
كانف	H	H1/A10
أكنف	H	H1/A10
موراتزم	B	B2
موبينيل	Z	Z99
موبيليا	H	H5
كوافير	B	B4/S2mf
كوازار	Z	Z99
كواجي	Z	Z99
كوافيرة	Z	Z99
مهل-	Z	Z99
مهكة	Z	Z99
كوال	Z	Z99
كهاية	Z	Z99
تماهل	Z	Z99
كهنوتية	Z	Z99
مكهن	Z	Z99
متكهن	Q	Q2.2/T1.1.3
كاهية	G	G3/S7.1+/S2mf
كهنجي	Z	Z99
كوالا	Z	Z99
مهك	X	X5.2
ممهور	A	A1.7
كوبري	H	H1
كوبرز	Z	Z99
كوبنهاغ	Z	Z2
أمهر	Z	Z99
مهر-	Z	Z99
مهران	Z	Z99
كوبة	O	O2
كوالالمبور	Z	Z99
أمهق	O	O4.3
أمحوضة	Z	Z99
مهق	Z	Z99
مهرجاني	K	K1/S1.1.3
مهردار	Z	Z99
كهنوتي	S	S9
ٱستمهل	Z	Z99
مكهرب	O	O3
كهاربي	Y	Y1
كهيربي	Y	Y1
كهرطيسي	O	O3
كهرطة	Z	Z99
ٱمتهان	S	S7.2
كهرمان	O	O4.3
كهيرب	Y	Y1
ماهن	Z	Z99
موارتن	Z	Z99
موبوتو	Z	Z99
مو	Z	Z6
مهى	Z	Z99
مهايني	Z	Z99
مهاة	Z	Z99
تكهف	Z	Z99
كهل-	Z	Z99
كهن-	X	X2.6
كهامة	Z	Z99
إمهالي	T	T4
مهيلة	Z	Z99
إمهال	Z	Z99
متمهل	N	N3.8
كهولي	N	N4
ٱكتهل	Z	Z99
مهن-	Z	Z99
متماهل	N	N3.8
ميكروباص	Z	Z99
ميكروبيولوجيا	Y	Y1/L2
منتن	X	X3.5
تلفيقة	A	A5.2
كسم	O	O4.4
نتانة	X	X3.1
نتونة	X	X3.1
كسم-	Z	Z99
كسليك	Z	Z99
ٱنتثار	M	M1
ناثر	Z	Z99
نثير	M	M1
نثرات	Z	Z99
ٱنتثر	Z	Z99
نثرة	O	O2
كسيم	S	S6
تكسيم	O	O4.4
مجن-	E	E4.1
ٱكتسى	Z	Z99
تكسى	Z	Z99
منتاف	O	O2
نتيف	O	O4.1
كسيامين	Z	Z99
تكسي	B	B5
نتن-	X	X3.5
مكسم	B	B2
كسي-	Z	Z99
أنتن	X	X3.5
مكسال	X	X5.2-/S1.2
نجب-	Z	Z99
كسع-	Z	Z99
كسرى	Z	Z99
ٱكتسع	E	E5
كسف-	Q	Q2.2/G2.1
كسف	O	O4.3
ٱنكسف	E	E1/B1
نجيح	A	A5.1
مكسور	A	A1.1.2
نجدي	Z	Z5
أنجد	S	S8
كسرونة	F	F1
كسروان	Z	Z99
ناجد	S	S8
كسوف	Z	Z99
ٱنكساف	Z	Z99
كسكاس	Z	Z99
ٱستنجب	X	X7
نجب	G	G2.2
كسل-	Z	Z99
ٱنتجب	X	X7
ممجمج	Q	Q1.2
نجابة	S	S7.1+c
إنجابي	B	B3/B1
ٱنتجاب	A	A5.1
كاسف	E	E4.1
كسيف	E	E4.1
كسكس	N	NN1
كسكسو	Z	Z99
كش-	E	E2
نتفة	Z	Z99
كشكش	M	M1
تمجن	S	S7.2
كشكشي	S	S7.2-/Q1.2
ناتئ	O	O4.4
نتأة	W	W3
كشكول	K	K2
مستنتج	A	A1.1.1/S2mf
نتح-	Z	Z99
نترات	O	O1.3
مكشاف	O	O3
تلفيق	A	A5.2
نتحة	Z	Z99
نتح	A	A1.1.1
نتوح	A	A1.1.1
نتء	O	O4.4
نتأ-	O	O4.1
كظر	F	F1
نبو	A	A6.1
كظيظ	N	N5.2
نبا-	A	A6.1
تماجن	Z	Z99
نابه	G	G2.2
كظري	B	B1
كظة	Z	Z99
كشنى	Z	Z99
كشمش	F	F1
تكضض	Z	Z99
ٱكتض	Z	Z99
كظ-	N	N5.2
كشيف	A	A10
كشافي	X	X2.4
كشر-	B	B1
نتف	Z	Z99
كاشح	Z	Z99
كشر	B	B1
كشرة	O	O4.2
نتف-	E	E5
كشاحة	S	S1.2.2
كشح	Z	Z99
كشتبان	O	O2
كشة	Z	Z99
كشح-	Z	Z99
ٱنكشح	Z	Z99
تكشيرة	Z	Z99
مكاشر	Z	Z5
نتش	N	N5
تكاشف	Z	Z99
نتساريم	Z	Z99
نتس	Z	Z99
كشاف	O	O3
نتروجين	O	O1.3
منتاش	O	O2
كشط	M	M2
كشط-	N	N3.3
مكشطة	O	O2
نتوع	Z	Z99
نتع-	Z	Z99
نجاد	N	N3.7
كزكزة	Z	Z99
منجوم	Z	Z99
كزكز	Z	Z99
نجام	S	S9/S2mf
نجيمة	Z	Z99
نجمي	A	A11.1
نجماوي	Z	Z99
كزرونة	F	F1
مكزبر	O	O4.4
كزازة	O	O1.2
ٱستنجى	A	A1.7
مجريط	Z	Z2
نجى	S	S8
كزافييه	Z	Z99
ملافاة	M	M2
تنجم	Z	Z99
نجيع	A	A1.5.2
نجفة	H	H5
نجاعة	A	A1.5.2
نجعة	Z	Z99
نجع	A	A1.5.2
كاسب	X	X9.2+/S7.3/S2mf
ماجل	O	O2
كسبة	Z	Z99
منجلة	Z	Z99
أنجم	Z	Z99
منجلي	O	O2/F4
منجل	O	O2
نجيل	Z	Z99
أنجل	N	N3.7
كزاز	B	B2
كزز	Z	Z99
نحاتة	F	F1
تلقب	Z	Z99
نحر-	L	L1
نحات	C	C1/S2mf
نحيب	E	E4.1
كريستيانو	Z	Z99
لفيثاني	Z	Z99
كريستال	O	O1.1
كريتيان	Z	Z99
منحر	B	B1
منحور	L	L1
كريس	Z	Z1mf
نحرير	X	X9.1
نحير	L	L1
نحب-	E	E4.1
كريطة	M	M3fn
نجوة	N	N3.7
لفيثان	Z	Z99
نجوى	Q	Q2.1
كز-	A	A1.1.2
كز	Z	Z99
نجو	B	B1
كريكار	Z	Z99
كريك	O	O2
منجاة	A	A15
تنجية	S	S8
كرارطي	M	M3
منجى	A	A15
كريغ	Z	Z1mf
نجي	A	A10
ٱستنجع	X	X2.4
مجمج	Q	Q1.2
نجز	X	X9.2
تلفلف	Z	Z99
ناجز	Z	Z99
منجوري	Z	Z99
منجر	O	O4.4
منجور	O	O2
لفلفة	A	A1.1.1
كسيد	A	A2.1
كسد-	Z	Z99
ٱستنجز	Z	Z99
مكاسدة	M	M2/X7
مجمجة	Q	Q1.2
كاسد	A	A2.1
كسرة	X	X9.2
نجذ	Z	Z99
أنجذان	Z	Z99
مناجذ	B	B1
نجذ-	G	G2.2
منجد	C	C1/S2mf
نجادة	E	E5
تنجيد	H	H5
كسيرة	Z	Z99
لفلف	A	A1.8
نجر	C	C1
كسير	A	A1.1.2
ناجذ	N	N3
نجر-	A	A1.1.1
نجاز	X	X9.2
مكسح	B	B2
كستليته	F	F1
كستك	Z	Z99
نجيس	B	B2
كستناء	F	F1
كستنائي	F	F1
كسح-	Z	Z99
كستبان	O	O2
كسبرة	F	F1
ٱنتجع	Z	Z99
نجع-	Z	Z99
نجاشي	Z	Z99
تنجيس	W	W5
متكسب	Z	Z99
كسح	O	O4.4
نجس-	Z	Z99
تناجز	X	X8
مناجزة	X	X8
تنجيز	A	A1.1.1
كاسحة	B	B4/S2mf
مكسحة	B	B4/O2
كسيح	B	B2
تنجس	Z	Z99
كساح	B	B2
أنجس	W	W5
كساحة	A	A5.1
كظيم	Z	Z99
كلبة	A	A5.1-/S2.1f
نانومتر	Z	Z99
ٱستكلب	Z	Z99
نانوغرام	Z	Z99
نانوتكنولوجي	Z	Z99
ناندرولون	Z	Z99
نانوتكنولوجيا	Z	Z99
كلب-	Z	Z99
ناوهيرو	Z	Z99
ناءى	Z	Z99
لفحان	O	O4.6
كلامار	Z	Z99
كلاوديو	Z	Z99
كلايتون	Z	Z99
كلاي	Z	Z99
نانت	Z	Z99
ناميبيا	Z	Z2
كلح-	B	B1
كلت-	A	A1.1.1
أكلح	B	B1
تكلح	B	B1
كلوح	B	B1
كلاح	B	B1
كلبش	G	G2.1/O2
مكلوب	B	B2
نانا	Z	Z99
نانامي	Z	Z99
كلابة	O	O2/B3
ناميبي	Z	Z2/S2mf
تكليب	E	E3
تناءى	Z	Z99
كلاكيت	X	X3.2/O2
ٱستنبأ	Q	Q2.2
نبأة	Z	Z99
نبأ-	X	X9.2+/S7.3
لافح	O	O4.6
لفحة	O	O4.6
لفوح	O	O4.6
إنباء	Q	Q2.2
متنبئ	Q	Q2.2/T1.1.3
لفاح	Z	Z99
ٱستكفى	Z	Z99
كفايا	N	N5
مكافاة	S	S1.1.4
ٱستنبت	F	F4
نايمكس	Z	Z99
كلال	B	B2
تنائي	N	N3.3
كلوء	B	B1
كلأ	F	F4
كلاس	Z	Z1mf
كلاشنكوف	Z	Z99
ٱنتأى	Z	Z99
كلاكس	O	O2/X3.2
ٱكتلأ	Z	Z99
كلأ-	A	A15+/I3.2/S2mf
كليل	B	B2
كلالة	B	B2
نايلون	O	O1.1
نايل	Z	Z2
تكليل	S	S7.1
إكليلي	Z	Z99
كلحة	Z	Z99
نأمة	X	X3.2
أكلف	O	O4.3
كلافي	Z	Z99
ميليتش	Z	Z99
ميلوشيفيتش	Z	Z99
ميلوراد	Z	Z99
ميلوتينوفيتش	Z	Z99
تكلف	Z	Z99
ميليجرام	N	N3.5
كلاف	L	L2/S2mf
ميان	A	A5.2-/S2mf
مينداناو	Z	Z2
ميم	Z	Z99
ميليغيني	Z	Z99
ميليمتر	Z	Z99
ميلو	Z	Z99
ميلز	Z	Z1mf
ميكونغ	Z	Z99
تميل	S	S7.1
مجوني	Q	Q2.2/S1.2.4
ميكو	Z	Z99
كلك	M	M4fn
ميكروفون	Q	Q2.1/O3
كلكتا	Z	Z2
لفتينانت	Z	Z99
إمالة	M	M6
ميلر	Z	Z1mf
مكلفة	L	L2mfn
ميلتشيور	Z	Z99
متكلف	S	S1.2.1
ميلانوسايت	Z	Z99
ميني	N	N3.2
كلغ	N	N3.5
ناسداك	Z	Z3c
ناسيونال	Z	Z3c
تكلس	Z	Z99
كلسي	F	F1
نارندين	Z	Z99
نارجيلة	Z	Z99
نارنج	Z	Z99
ناغيوفا	Z	Z99
ناكامورا	Z	Z99
كلدار	Z	Z99
كلخ	Z	Z99
كلدان	Z	Z99
كلداني	S	S9/S2mf
نأم-	X	X3.2
نارجيل	F	F1
نارايانان	Z	Z99
كلسيط	B	B5
كلسة	B	B5
مكلس	A	A2.1
لفح-	B	B2-/O4.6
نابلسي	Z	Z5
ميوه	Z	Z99
كلسون	B	B5
نابليوني	T	T1.1.1
كلاسة	Z	Z99
لفح	O	O4.6
ناخيتشيفان	Z	Z99
ناثان	Z	Z1m
ناتالي	Z	Z1f
ناتو	Z	Z3
كافى	N	N5
تلفيحة	Z	Z99
لفع-	O	O2
نبق	Z	Z99
كفافة	B	B5
أنبغ	N	N4
نبغ-	A	A8
نبغ	A	A10
نبكة	W	W3
ٱلتفع	Z	Z99
ٱنكف	T	T2
ٱستكف	Q	Q2.2/E6
تلفع	Z	Z99
لفع	O	O2
ينبعاوي	Z	Z99
تكفف	Q	Q2.2
ٱنكفأ	M	M1
تكافأ	Z	Z99
أكفأ	A	A6.1
نبوط	Z	Z99
كفوء	X	X9.1
نبط	Z	Z99
كفأ-	A	A6.1
لفيظ	A	A11.2
نبوع	M	M1
نبعان	M	M1
ملفوظ	A	A11.2
أنبع	Z	Z99
نبالة	S	S7.1+c
لفاع	Z	Z99
كعيب	B	B2
تكعيب	Z	Z99
تكعيبي	O	O4.4
تكعيبة	O	O2
كاظمية	Z	Z99
نباهة	X	X5.1
منبهة	X	X5.2
مجانة	K	K6/G2.2
كاظم	Z	Z99
كاظمي	Z	Z5
ملفع	Z	Z99
كاعب	O	O4.2
كعبرة	O	O2
كاغذ	Q	Q4.2c
أنبل	Z	Z99
كاغد	Q	Q4.2c
كاغط	Q	Q4.2c
نبال	K	K5.1/S2mf
نبيلة	Z	Z99
كفف	B	B5
كعام	V	VV0
كعم	A	A1.7
مكعبر	A	A12
كعبل	Z	Z99
كعبلة	Z	Z99
كعم-	V	VV0
أنبط	A	A10
نباح	L	L2/X3.2
نبيح	L	L2/X3.2
كافل	Z	Z99
أكفل	Z	Z99
نبح	L	L2/X3.2
مجانية	Z	Z99
كفكفة	Z	Z99
ٱنتبذ	M	M2
كفس-	Z	Z99
تنابذ	Z	Z99
ٱنكفس	Z	Z99
أكفس	Q	Q2.2/E3
تنابح	Z	Z99
نابتة	T	T1.3
مستنبت	S	S1.2.4
ٱكفهرار	W	W2
نبوت	O	O2
تنبيت	F	F4
نبتون	Z	Z1/W1
ٱنتبج	Z	Z99
نبح-	L	L2/X3.2
ٱنتباج	X	X3.2+/A2.1
كفن-	B	B5
مكفول	A	A7+/Q2.2
كفرشوبا	Z	Z99
تكفيت	O	O2
نباش	Z	Z99
كفت	Z	Z99
مكفت	O	O4.1
كفح-	Z	Z99
نبش	X	X2.4
كفت-	A	A1.7
منبضة	Z	Z99
نبط-	Z	Z99
منبض	B	B1
نبضان	X	X9.2+/S7.3
نبيش	A	A1.1.1
نبش-	A	A1.1.1
نبسة	Q	Q1.1
نبر	A	A11.1
منبار	B	B1
ٱنتبر	A	A5.1
كفرته	Z	Z99
نبر-	A	A11.1+/A2.1
نبراس	O	O2/W2
نبز-	S	S7.2
نبس	Q	Q2.1
كفاحي	X	X8
كفخ-	Z	Z99
نبز	S	S7.2
ملنخوليا	Z	Z99
تململ	E	E2-/Q2.2
ملحقية	A	A1.7
ملحقات	B	B1
لاحقة	N	N5
مزحة	E	E4.1
مزاحة	E	E4.1
لحم-	Z	Z99
مزع-	M	M1/N3.8
محيني	Z	Z99
متمزق	Z	Z99
مزق-	Z	Z99
ٱستلحاق	A	A9
مزع	A	A5.1
مزعة	N	N5.1
مزح-	Z	Z99
لحيم	O	O4.2
لحام	F	F1/S2mf
مز	Z	Z99
لحامة	Z	Z99
ملحم	Z	Z99
ٱمتز	Z	Z99
ٱمتزاز	Z	Z99
لحمية	Z	Z99
ٱلتحم	Z	Z99
لعان	Z	Z99
مزاجي	E	E1
مزة	F	F1/N4
مازج	Z	Z99
مزمز	F	F2
مزن	Z	Z99
لغوب	B	B2
لاحظة	X	X3.4
لحف-	B	B5
مستلة	O	O2
متلاعن	S	S1.2.1
مستكاوي	Z	Z99
ممسح	H	H5
ملحظ	X	X3.4
مسخ-	A	A2.1
ملحوس	Z	Z99
ممسوح	B	B4
لحظ	A	A8
لحظتئذ	Z	Z99
ألحف	B	B5
تلحف	Z	Z99
لحق	Z	Z99
ٱستلحق	H	H2
مماسة	S	S1.1.1
مسيس	A	A11.1
لحقي	W	W3
مازية	A	A5.1
ملعون	J	JJ
مماس	N	N2
مستغانم	Z	Z99
لحف	Z	Z99
ٱلتحف	Z	Z99
ملحف	O	O2
مستكة	O	O1
ملتحف	O	O4.1
إلحاف	A	A11.1
مز-	F	F2
مريمية	X	X9.1
تلخلخ	M	M2
لخلخ	Z	Z99
مراكشي	Z	Z2
لاعن	S	S1.2.4-/Q2.2
ملخلخ	A	A2.1
ملخوم	A	A12
لخمة	E	E3-/S2mf
تلاعن	Z	Z99
ٱمتحى	Z	Z99
تمرمر	Q	Q2.2/X3.2
لخبطة	B	B2
ملخبط	A	A6.2
مرلين	Z	Z99
لخن	Z	Z99
ألخن	X	X3.5
لدغة	B	B2
مروقي	Z	Z99
متلدد	S	S8
لديغ	B	B2
ملدوغ	B	B2
لدن-	Z	Z99
ممارق	S	S7.2
مرقس	Z	Z1m
لدد	Q	Q2.2/A5.2
مركيز	Z	Z99
تلدد	Z	Z99
لديد	S	S7.1
مرقسي	M	M3/H3
لخبط	O	O4.2
مرمري	O	O1.1
مرواني	Z	Z99
مارى	Q	Q2.2
ملحون	Q	Q3
لحى	Q	Q2.2/S1.2.4
تلاحى	Z	Z99
لحو	Q	Q2.2/S1.2.4
تلحيني	Z	Z99
تمارى	Z	Z99
ملتحم	S	S5
مريمي	Z	Z1f
ٱنمحى	Z	Z99
ألحن	Z	Z99
ٱمترى	A	A7
مرية	A	A7
مرو	Z	Z99
ماروني	Z	Z99
مرن-	Z	Z99
ألحى	N	N3.7
لحاء	Z	Z99
مرمول	Z	Z99
مرمطون	Z	Z99
مرميس	Z	Z99
مرمط	A	A1.1.2
تمرن	A	A1.1.1
متمرن	X	X9.1
مارون	Z	Z99
ممرن	X	X9.1
مران	A	A1.1.1
مسخة	E	E4.1+/S2mf
مسيخ	A	A2.1
مشق-	N	N3.6
لثوي	Z	Z99
تمشق	Z	Z99
مشعان	Z	Z99
لاج	A	A2.1-/X2.1
ممشط	Z	Z99
ٱلتج	Z	Z99
متلثم	A	A10
ٱمتشق	Z	Z99
تلثم	Z	Z99
لثم	O	O2
ٱلتثم	Z	Z99
لثمة	S	S3.2
مشق	A	A5.1
ماشطة	B	B4/S2mf
لجي	N	N3.2
مشحة	Z	Z99
مشط-	B	B4
ٱلتجأ	S	S6
مشح	Z	Z99
مشح-	Z	Z99
ملتجئ	M	M1/S2mf
ملجئ	A	A11.1
ممحل	L	L3-/F4
تمشط	Z	Z99
تمشيط	J	JJ
ماشط	B	B4/S2mf
لجاجة	T	T2
لجوج	A	A2.1-/X2.1
ٱمتشط	Z	Z99
لثم-	S	S3.2
ألثغ	Z	Z99
لبيك	Z	Z99
مشاء	Z	Z99
مشاية	H	H2
مشو	B	B3
ماشى	Z	Z99
لغط-	Z	Z99
ممشى	H	H2
لبوة	L	L2f
ملبن	Z	Z99
تمشور	M	M1
تماشي	Z	Z99
لبننة	Z	Z99
ملبنة	F	F4
مشملا	Z	Z99
ملبي	Z	Z99
مشيق	A	A13.4
لتموس	Z	Z99
لتات	Z	Z99
لتواني	Z	Z2
لثغ-	Q	Q2.2/B2
لثغة	Z	Z99
لثغ	Q	Q2.2/B2
مشاق	L	L3
ٱمتشاق	Z	Z99
مشمش	F	F1
مشمشي	F	F1
مشلوزي	F	F1
مشلوز	F	F1
ممشوق	A	A13.4
ماشك	Z	Z99
لجب	X	X3.2
مسكة	O	O2
مساكة	S	S1.2.2
مسكان	A	A7+/Q2.2
لحاد	Z	Z99
مساك	H	H1/M4
لحدي	Z	Z99
لغدود	B	B1
ألحد	Z	Z99
ٱلتحد	A	A6.1
إمساكية	Z	Z99
مسيك	S	S1.2.5
إلحادي	S	S9/S2mf
محن-	X	X2.4
لحس	Z	Z99
لاغب	X	X5.2
مسد	B	B3
لحسة	B	B1
تمسخر	A	A5.4
ملحس	B	B1
تمسيد	B	B3
ٱمتحاني	P	P1
لغد	Z	Z99
مسرى	Z	Z99
لحد-	A	A10
ٱستمساك	A	A1.7
لاغز	Z	Z99
ممسى	Z	Z99
ألغز	Z	Z99
ممسي	Z	Z99
ٱلتجم	Z	Z99
ملجوم	A	A1.5.1
مسائية	Z	Z99
لجم-	C	C1
ملجلج	Q	Q2.1/N6
مشيج	Z	Z99
لجلج	Q	Q2.2/B2
تلجلج	Q	Q2.2/B2
مشوش	B	B5
لجلاج	Z	Z99
مسيو	S	S2.2m
ملجم	A	A1.5.1
تلجيم	A	A1.5.1
لغز-	Z	Z99
لحح	N	N3.3
مستمسك	E	E3
لحوح	A	A2.1-/X2.1
ملحاح	A	A2.1-/X2.1
لاحب	A	A5.1
مسكاتي	Z	Z99
تمسكن	Z	Z99
لجن-	A	A1.7
مسمر	Z	Z99
مسكوفي	Z	Z99
لجين	O	O4.3
مسكنة	I	I1.1
مسكو	Z	Z2
مروق	A	A6.1
متلاعب	Z	Z99
مديا	Z	Z99
ملاصق	M	M6
تمادي	T	T2
ملضوم	N	N5
مديل	A	A5.1
تمدين	Z	Z99
متمدين	A	A5.1+/A2.1
مذر-	Z	Z99
مذر	M	M1
لصوق	O	O1.1
ملاصقة	A	A2.2
تمديني	Z	Z99
لطخ	O	O4.3
تلطخ	Z	Z99
لطس-	I	I3.1
لطس	A	A11.2
ملطاس	Z	Z99
لطش	A	A11.2
لطش-	I	I3.1
تمدني	A	A5.1+/A2.1
لطيخ	S	S1.2.6
مادى	Z	Z99
أمدى	Z	Z99
لطخة	O	O4.3
متمدن	A	A5.1+/A2.1
تمذر	Z	Z99
مريرة	O	O4.5
متلاشي	A	A10
ممحو	A	A9
إمرار	Z	Z99
تمرير	T	T1.2
تمريرة	K	K5.1
لعثمة	A	A7
ملاشاة	A	A1.1.2
تلاسن	E	E3
مرؤ-	Z	Z99
ملسون	A	A5.2-/S2mf
مرئ-	Z	Z99
ممرور	A	A5.1
مرأ-	Z	Z99
لصوصية	G	G2.1-/A9
مذيق	N	N5
مذق	Z	Z99
مذق-	N	N5
لصقي	Z	Z99
مذل-	A	A10
مذل	A	A10
تمار	Z	Z99
لصق-	A	A1.7
متمذهب	Z	Z5
مذال	A	A10
لطع-	I	I3.1
لطع	A	A11.2
مخلة	Z	Z99
لطيم	Z	Z99
لطمة	E	E3
ملطم	B	B1
ملتطم	E	E3
متمخطر	Z	Z99
مخرق	S	S1.2.3+/Q2.2
ٱلتطم	A	A1.1.2
ٱستمداد	Z	Z99
ماخرة	M	M4fn
لطم-	E	E3
مخمض	B	B4
ماخور	S	S3.2/H1c
مخض-	O	O2
تلظى	Z	Z99
مخيض	F	F1
لعيب	E	E4.1
مخاضة	O	O2
لعابي	Z	Z99
لعيبة	Z	Z99
لعوب	S	S3.2
ممخضة	O	O2
ملعبة	K	K6
لظى	O	O4.6
ٱلتظى	Z	Z99
تمخطر	Z	Z99
تمخط	Z	Z99
مخيط	Z	Z99
ملطف	S	S1.2/S8
تلطف	Z	Z99
لاطف	Z	Z99
مدرة	Z	Z99
تلاطف	Z	Z99
ٱستلطف	Z	Z99
لطافة	S	S1.2/S8
مدراس	Z	Z2
مدلن	A	A5.1
ملعوب	B	B1
لطعة	O	O2
مدمازيل	S	S2.1f
مخا	Z	Z99
مادح	S	S7.2+/Q2.2
ملاطفة	S	S1.2.4
مداليون	O	O2
مدالية	O	O2
ملاطفات	Z	Z99
مادية	A	A1.6
تمدح	Z	Z99
فدريكو	Z	Z99
لطيفي	Z	Z99
لطيفية	Z	Z99
لطيفة	E	E4.1
ماخر	M	M1
مدحاء	Z	Z99
ٱستمرأ	E	E2
ماحية	O	O2
لذى	A	A1.7
لذي-	A	A1.7
لوذعية	E	E1
تمرض	Z	Z99
لزز	Z	Z99
تلاز	Z	Z99
تلزز	A	A1.7
لوذعي	X	X9.1
لوذع	X	X9.1
لذع	O	O4.6
تمريض	Z	Z99
ممراض	B	B2
لذاع	O	O4.6
لاذعة	S	S7.2
تمارض	Z	Z99
ٱلتز	A	A1.7
مرش-	B	B2
لزجة	O	O4.5
مرص	Z	Z1mf
لزق-	A	A1.7
لزق	Z	Z99
ألزق	Z	Z99
مرسين	Z	Z99
لزج-	A	A1.7
مرصي	Z	Z1mf
لزب-	A	A1.7
ملزز	Z	Z99
لزب	N	N5
لازب	Z	Z99
لزبة	A	A1.4
تلذع	B	B2-/O4.6
لذع-	B	B2-/O4.6
تمرغ	M	M1
لدونة	O	O4.5
لدني	S	S9
أمرغ	G	G2.2
ممراع	I	I1.1
مرغ	Z	Z99
لدانة	O	O4.5
لعلع	Z	Z99
مرفت	Z	Z99
مرق-	M	M1
مرغرين	F	F1
تلعلع	M	M1
مريع	O	O4.1
لذذ	E	E4.2
مرط	Z	Z99
لذاذة	E	E4.1
تمرط	Z	Z99
متلذذ	Z	Z99
لعوق	Z	Z99
متمرض	B	B2
مرط-	Z	Z99
مريط	O	O4.2
أمرط	O	O4.2
مرع	F	F4
مرعة	O	O1
ٱلتذ	Z	Z99
ٱستلذ	Z	Z99
مرطبان	Z	Z99
مرع-	S	S9
ٱلتزق	A	A1.7
تمرخ	Z	Z99
مرخ	Z	Z99
لستك	O	O1.1
مرحبة	S	S1.2.1
مرخ-	S	S9
مروخ	B	B3/O1.1
لعجة	B	B2
مردي	Z	Z99
ملزومي	S	S6
لاعج	X	X5.2
مريخي	W	W1
مرد-	G	G2.1
ممراح	E	E4.1
متلعثم	Z	Z99
ألسن	Q	Q3/X9.1
مرث	O	O4.6
مريء	B	B2
مرث-	B	B1
ملسوع	B	B2
لاسع	O	O4.6
تمرجح	M	M2
مراح	X	X5.2
لسيع	B	B2
لعج-	B	B2
ملزوم	G	G2.1
ممحاة	O	O2
لزوق	B	B3
لزاق	O	O4.1
مريسي	Z	Z99
لازوق	B	B3
مراسة	S	S1.2.5
مريسة	Z	Z99
لعق-	B	B1
لعقة	N	N5
لزقة	O	O1.1
محاية	O	O2
مرسيل	Z	Z99
مرسية	Z	Z99
مراس	S	S1.2.5
مرسة	O	O2
مردوخ	Z	Z1mf
مرزبان	Z	Z99
مرزخوش	Z	Z99
مردقوش	Z	Z99
تمراد	Z	Z99
ٱلتزامي	X	X5.2
تلزيم	Z	Z99
ألعس	O	O4.3
لزمة	Z	Z99
تمارس	Z	Z99
مرس-	O	O1.2
ٱنمحاء	L	L1
متمشور	M	M1
مص-	B	B1
مكلا	Z	Z99
كيكة	L	L2
كيغان	Z	Z99
مكسيكالي	Z	Z99
تمحك	Z	Z99
كال-	N	N3.1
ٱستمكن	Z	Z99
كيفن	Z	Z1m
ملال	X	X5.2
تملل	Z	Z99
مكنكة	O	O3
ماكن	S	S1.2.5
كايل	Z	Z99
مكال	N	N3.1
كيلوواط	Z	Z99
كيلوسيكل	Z	Z99
كيلوهيرتز	N	N3.8
كيلي	Z	Z1mf
كيموس	Z	Z99
كيم	Z	Z1mf
مكيلة	Z	Z99
كيلة	Z	Z99
مكاس	Z	Z99
ماكس	Z	Z99
كيال	S	S7.1+/S2.2m
ملالة	X	X5.2
ملول	X	X5.2
كيروز	Z	Z99
ملبورن	Z	Z2
كيدمان	Z	Z99
ملايوي	Z	Z3c
ملايو	Z	Z3c
كيروسين	Z	Z99
كيريينكو	Z	Z99
مكيدة	X	X4.2
ملج-	B	B1
ملج	B	B1
كيخيا	Z	Z99
ٱمتلج	B	B1
كايد	A	A5.2
كيدي	A	A5.2
لغمط	G	G2.2
كاس-	Z	Z99
مكيس	X	X9.1
مكيساتي	Z	Z99
مالأ	S	S8
كيسنجر	Z	Z99
كيسوفيم	Z	Z99
مملول	S	S1.2.4
تكييس	Z	Z99
ممالئ	S	S5
ممالأة	E	E2
كياسة	X	X9.1
أمحك	Z	Z99
ملاية	N	N5.1
مكار	X	X9.1
مكرة	X	X4.2
لاذاتية	Z	Z99
مقديشو	Z	Z2
مقع-	Z	Z99
لاحتمية	Z	Z6
لاحرب	Z	Z6
لاسلم	Z	Z99
لاحزبي	S	S5
لاجنسية	G	G1.1
ٱمتقع	Z	Z99
لاإنسانية	G	G2.2
مقلة	B	B1
مقل-	S	S7.2
لاإنقسامية	Z	Z99
ممتقع	O	O4.3
لاتماثل	A	A6.1
لاديموقراطي	Z	Z6
لاديني	Z	Z6
لاشيئية	Z	Z6
لاشيئي	A	A3
ممقوت	E	E2
لاعقلي	S	S1.2.6
لاعنفي	Z	Z6
مقيت	E	E2
لاعنفية	Z	Z6
لاشكلي	O	O4.4
لاشعوري	X	X2
مقدونيا	Z	Z2
لادينية	Z	Z6
لاسامي	Z	Z5
لاسامية	Z	Z5
لاسياسي	Z	Z6
مقدونس	F	F1
لاإنساني	G	G2.2
مقنة	Z	Z99
كينكل	Z	Z99
كينغستون	Z	Z2
مكدم	H	H1
لغام	O	O1.2
كيني	Z	Z2
كينيدي	Z	Z1mf
كينيت	Z	Z1m
كينغز	Z	Z3c
كينغ	Z	Z99
ٱستكانة	S	S7.1
كيميائياط	Z	Z99
مستكين	S	S7.1
مكدام	M	M3/H3
كينشاسا	Z	Z99
كيهك	Z	Z99
كيوان	Z	Z1/W1
مقانق	F	F1
لاأدرية	A	A5.1-/X2.1
لاأخلاقي	G	G2.2
لاأنا	Z	Z6
ملغم	I	I4
لاٱنتمائي	Z	Z6
لاأنانية	S	S1.2.3
لاٱجتماعي	S	S1.2.1
لاأبالية	X	X5.2
كيوتل	Z	Z5
كيوبيد	Z	Z1m/S3.2
كييف	Z	Z2
مكث	T	T2
ماكوك	M	M3fn
ماكوكي	M	M3fn
كيتي	Z	Z99
كيتشي	Z	Z99
تملق	O	O4.4
ملاق	S	S7.2+/Q2.2/S2mf
ملقة	S	S5+c
أملق	Z	Z99
مالق	O	O4.4
ملق-	O	O4.4
مملقة	O	O2
تمليق	S	S7.2+/Q2.2
ٱستملك	A	A1.2
كومودينو	Z	Z99
كوميديان	E	E4.1+/S2mf
كوميديين	E	E4.1+/S2mf
متملق	S	S7.2+/Q2.2/S2mf
كوميسا	Z	Z99
مليفي	Z	Z99
ملغاشي	Z	Z99
ملط-	O	O1.1
ملط	O	O1.1
مليص	O	O4.5
متكون	Z	Z99
ملص-	M	M1
ملص	O	O4.5
محك-	Z	Z99
مكانية	Z	Z99
أملط	O	O4.2
ملغاش	Z	Z2
مليط	O	O4.2
ملاط	O	O1.1
كومنولث	S	S5+c
كوملينوفيتش	Z	Z99
مليكة	S	S7.1+/S2.1f
ٱستملاك	A	A9
لغوة	Q	Q3
مليك	S	S7.1+/S2.2m
كولييه	Z	Z1mf
كولين	Z	Z1f
مالكية	Z	Z99
ململة	X	X5.2
كولومبو	Z	Z1mf
ململ	N	N3.8
كولونيا	B	B4
كولومبي	Z	Z2
تكوم	A	A9
كوماندوز	Z	Z99
ملوكي	S	S7.1+/S2mf
كومباك	Z	Z3c
كومساري	K	K2/S2mf
كومسيونجي	Z	Z99
ملكوتي	S	S9
ملوكية	S	S7.1
كوماندور	S	S7.1+/S2mf
ملاكي	A	A10
كيمان	A	A5.1
كوماندان	G	G3/S7.1+/S2mf
كومار	Z	Z99
ملاسة	X	X3.3
مكوى	Z	Z99
لغمطة	Z	Z99
مكوجي	Z	Z99
كاوي	O	O4.1
كويرتن	Z	Z99
كويتا	Z	Z99
كوية	O	O2
أملوحة	E	E4.1
كواء	O	O2
مستملح	X	X9.1
مملوح	F	F1
تمليح	Z	Z99
كية	B	B2-/O4.6
مملحة	Z	Z99
كويزومي	Z	Z99
كويغلي	Z	Z99
كيبكو	Z	Z99
مالج	O	O2
أملج	Z	Z99
كيبوتس	M	M7
كيت	Z	Z5
كيتا	Z	Z99
ملح-	Z	Z99
كويكو	Z	Z99
ٱستملح	Z	Z99
كيما	Z	Z99
أملح	O	O1.2
ملخ-	B	B2
كوهين	Z	Z1mf
لغا-	Z	Z99
ملس-	Z	Z99
كونتي	Z	Z99
ملز	L	L3
أملد	E	E3
كونتية	M	M7
ملس	X	X3.3/E2
كونترباص	Z	Z99
ٱملس	M	M1
ٱنملس	M	M1
كونتراتو	I	I2.1
تملس	Z	Z99
أماليد	Z	Z99
ملد-	Z	Z99
كونكرداتو	M	M7
كونكان	Z	Z99
كونكاكاف	Z	Z99
ٱملخ	Z	Z99
كونياك	F	F2
ٱنملخ	Z	Z99
كوهلر	Z	Z99
كونغولي	Z	Z2/S2mf
ٱمتلخ	N	N5
مليخ	X	X3.1
ملوخية	S	S9/S2.2m
ماحك	Z	Z99
كوندوليزا	Z	Z99
كونشيتا	Z	Z99
كونسولو	Z	Z99
لاغنوصي	S	S9-/S2mf
تمحل	Z	Z99
لبادة	Z	Z99
لباد	Z	Z99
ملبد	A	A10
تمطط	A	A2.1
مطط	N	N3.2+/A2.1
لبدة	O	O1.1
ممطر	W	W4
لبد	A	A7
ماطر	W	W4
مطرة	W	W4
مط-	N	N3.6
لابس	S	S3.1
لبيسة	Z	Z99
لبوس	B	B5
لبيس	O	O4.1
مضمض	O	O1.2
تلبيس	B	B5
مضف	Z	Z99
تلبيسة	Z	Z99
تمضمض	O	O1.2
مضمضة	Z	Z99
ممضى	Q	Q1.2
ممضي	Q	Q1.2/S2mf
إمضاء	Q	Q1.2
مطرن	Z	Z99
مطيلة	Z	Z99
مماطلة	T	T4
مطا-	N	N3.8
تلبيب	B	B5
ماطل	T	T4
تمطق	Z	Z99
مطل-	N	N3.6
أمطى	K	K5.1/L2
تمطى	N	N3.6
تلبب	Z	Z99
محل-	Z	Z99
لبة	B	B1
مطوة	T	T1.3
لبتة	L	L2mfnc
مطرانية	S	S9/S7.1
لبد-	A	A1.7
لبيخ	O	O4.2
ألغم	S	S5
تلبد	A	A1.7
تمطرن	Z	Z99
لبخة	B	B3
لبخ	Z	Z99
مطرنية	S	S9/S7.1
مطرنة	S	S9/S7.1
أمحل	Z	Z99
لبثة	Z	Z99
لبث	A	A7
مضاغة	I	I1
ألغط	Z	Z99
لبنات	Z	Z99
تمصر	Z	Z99
ممصوص	M	M2/N5.1
ممتص	T	T1.3
ٱلتبن	Z	Z99
تلبك	Z	Z99
لبك	O	O1.1
ٱلتبك	Z	Z99
لبلب	X	X3.3/E2
لبلوب	F	F1
لبلاب	Z	Z99
لبنية	Z	Z99
لبنى	Z	Z99
مصاصة	S	S9/S2mf
مصاص	L	L2
مصص	B	B1
تمصص	F	F2
لبانة	Z	Z99
ممص	M	M2
لبان	Z	Z99
مصيص	O	O1.1
لبك-	Z	Z99
مضر-	Z	Z99
ملبسات	F	F1
مضاضة	B	B2
لبط-	Z	Z99
مض	B	B2
مضاض	F	F1/O4.1
ملبوس	O	O4.1
لغم-	S	S8
إلباس	B	B5
ماحل	L	L3-/F4
تماضر	Z	Z99
ماضر	X	X3.1
أمض	B	B2
مصل-	O	O4.2
لباقة	X	X9.1
مصطكاء	O	O1
متمصر	Z	Z99
لبيق	X	X9.1
تمصير	M	M7/S7.1
لبق-	Z	Z99
مض-	E	E4.1
تمصمص	F	F2
مصمص	B	B1
تمعج	M	M1
معد-	Z	Z99
لاتفيا	Z	Z2
مغط	N	N3.6
متمغط	O	O4.5
مغط-	N	N3.6
ممغوص	Z	Z99
مغص	B	B2
مغيص	B	B2
ماغوط	Z	Z99
مماحكة	E	E3
ممغطس	O	O4.1
مغنة	O	O4.3
لاواعي	B	B1
مغطسة	O	O4.1
مغطس	Z	Z99
تمغطس	Z	Z99
لاتينو	Z	Z99
مغرة	O	O4.3
أمغر	O	O4.3
لاريوندا	Z	Z99
لازورد	O	O4.3
لازوردي	O	O4.3
لاشوتين	Z	Z99
لاسلاند	Z	Z99
لاخوس	Z	Z99
مغص-	Z	Z99
لارج	Z	Z99
مغازة	I	I2.2/H1c
مغربة	Z	Z99
لارنكا	Z	Z99
لانهائية	T	T2
لانهائي	T	T2
ملغوم	I	I4
لامادية	Z	Z99
مغنيسيا	Z	Z99
لامبالي	X	X5.2
لامبالية	X	X5.2
لامتزامن	Z	Z6
مغنيسي	O	O1
مغول	Z	Z99
مقت-	E	E2
مفدال	Z	Z99
لاغنوصية	S	S9
لاقانوني	G	G2.1
لافقري	L	L2
لامتوازن	J	JJ
مغنطيسية	O	O4.1
لامنتمي	Z	Z99
لامسؤولية	S	S1.2.6
لامركزية	S	S5
مغنط	Z	Z99
لامنهجي	N	N5
لانهاية	T	T2
لانظام	A	A1.7
لامركزي	Z	Z99
لامذهبية	Z	Z6
لامذهبي	Z	Z99
لامحدودي	A	A1.7
مغنطيس	O	O2
ممغنط	O	O4.1
تمغنط	Z	Z99
مغنطة	O	O4.1
لاشين	Z	Z99
مغر	O	O4.3
معس	A	A1.1.1
تلغيم	I	I4
معض-	E	E2
لاندروفر	Z	Z99
لاندرو	Z	Z99
لانش	M	M4
لاندري	Z	Z99
لانتوس	Z	Z99
ٱمتعض	E	E2
لئيم	G	G2.2
معط	B	B1
مماحك	E	E3
ممتعض	E	E3
معط-	Z	Z99
معس-	A	A1.1.1
معاز	L	L2/A4.1
أمعر	Z	Z99
لايك	Z	Z99
لؤي	Z	Z1
معدنة	Z	Z99
ممعود	Z	Z99
لأواء	A	A12
لأي	A	A12
لاهوتية	S	S9
ماعزة	Z	Z99
تمعر	Z	Z99
لاو	Z	Z99
لاووس	Z	Z99
لاورو	Z	Z99
إلغام	I	I4
معك-	A	A1.1.1
معير	A	A6.2+/A2.1
ملائكية	Z	Z99
ملائكي	A	A5.1
لألأ	W	W2
معي	B	B1
لألأة	O	O4.3
معيرة	Z	Z99
ألأك	Z	Z99
مغاث	L	L3
لاغوس	Z	Z2
لاغومجيبا	Z	Z99
مغاغة	Z	Z99
لافيت	Z	Z99
لافارج	Z	Z99
لألاء	O	O4.3
معا-	X	X3.2/L2
معمعي	Z	Z4
ألأم	Z	Z99
معمعان	N	N3.7
معامع	G	G3
لئم	A	A6.1
لؤم	G	G2.2
لؤم-	Z	Z99
لامي	Z	Z99
ممعن	X	X5.2
لؤلؤي	Z	Z99
ماعونجي	Z	Z99
تلألؤ	A	A5.1
ماعون	O	O2
ماعونة	M	M4fn
منتحر	L	L1
نحيزة	W	W5
ٱستنفق	I	I1.2
قومس	A	A12
قاموسي	Q	Q3
نافق	Z	Z99
لمم	Z	Z99
قمش-	S	S9/Q1.1
لمام	N	N6
منافقة	A	A6.1-/X2.1
قمرقي	A	A6.2
منفاق	A	A1.3
قمز-	Z	Z99
قمس-	M	M2
قمز	Z	Z99
قمش	S	S9/Q1.1
نافعة	Z	Z99
قمص	B	B5
ٱستنفع	A	A1.5.1
مانيكان	Z	Z99
مانيكير	B	B4
منفط	O	O4.6
تقميص	B	B5
نفطة	E	E3
مانيفستو	Q	Q1.2/X7
قمص-	M	M1/N3.8+/L2
مانيفاتورة	B	B5
نفوع	A	A1.5.2
قمشة	O	O2
قامشلي	Z	Z99
نفاع	A	A1.5.2
ٱنتفل	Z	Z99
نفيي	Z	Z6
نفاء	X	X7-/O2
نفاوة	Z	Z99
تقامر	A	A15
قمرة	O	O4.4
قمراء	W	W2/W1
ٱستنفى	X	X7
منافاة	A	A6.1
تنافي	Z	Z99
نقاق	Q	Q2.2/S2mf
قمر-	A	A15
قامر	X	X2.6
ملمة	A	A1.4
مقمر	Z	Z99
ملموم	A	A9
نفنف	W	W3
نفنوف	B	B5/A5.1
أنفال	Z	Z99
قيمري	Z	Z99
قمرق	A	A6.2
لامة	Z	Z99
نفا-	Q	Q2.2/Z6
مقامرة	A	A15
قمار	A	A15
مانوي	Z	Z99
مقامر	K	K5.2/I1/S2mf
نفش-	A	A5.1
نفش	B	B4
قانونية	G	G2.1
مايك	Z	Z1m
قينان	Z	Z99
مايكروباص	Z	Z99
تنفش	M	M1
ماوس	L	L2mfn
مقمن	A	A1.2
قمين	S	S1.1.4
قنن	G	G2.1
قنونة	S	S7.1
ٱنتفش	M	M1
منفسة	Z	Z99
ماينهوف	Z	Z99
قنبار	Z	Z99
مايوم	Z	Z99
نفسانية	Y	Y1/X1
نفساء	Z	Z99
نفسة	T	T4
نفرتيتي	Z	Z99
نفاس	B	B3/B1
نفاسة	Z	Z99
قنب	Z	Z99
مقنب	Z	Z99
قنبي	L	L3
نفاش	O	O4.3
ٱنتفاض	W	W3
منتفض	G	G1.2/A6.1
مانيلا	Z	Z2
منفضة	O	O2
تقمقم	Q	Q2.2/E2
منفض	O	O2
قمع-	S	S8
قمطر	B	B5
قمط-	B	B3/O2
قمط	B	B3/O2
قماط	Z	Z99
قمطة	Z	Z99
نفيضة	Z	Z99
نفاضة	M	M2
مقمل	L	L2mfn
مانيلي	Z	Z99
قمل	L	L2mfn
تقمن	X	X7
منفوش	N	N3.4
ماو	Z	Z1m
نفضي	M	M2
نفضة	Z	Z99
قمقمة	E	E2-/Q2.2
قمل-	Z	Z99
تقمل	Z	Z99
قماح	Z	Z99
مناقرة	Q	Q2.2/E3
ناقر	Q	Q2.2/E3
نقز-	M	M1
نقورة	Q	Q2.1
ناقورة	Z	Z99
قلفط	X	X9.2
ناقور	K	K2
نقز	O	O2
قلفة	S	S7.1+/I3.1/S2.2m
نقاشة	C	C1
منقش	O	O2
ٱنتقش	N	N5
ماندالا	Z	Z99
قلافة	Z	Z99
نقزة	M	M1
قلفطة	X	X9.2
نقارية	Z	Z99
قلوق	X	X5.2
ٱستنقاذ	S	S8
مانش	Z	Z99
لمجة	F	F1/N4
إقلاق	E	E3
نقذ-	A	A1.7
ٱستنقذ	Z	Z5
نقيرة	Z	Z99
نقارة	K	K2
نقير	Z	Z99
نقار	C	C1/S2mf
أقلف	Z	Z99
ٱنتقاض	A	A1.1.2
مقلاع	O	O2
مقلعة	M	M3/A1.1.2
تقليعة	A	A6.2
مناقضة	A	A6.1
قلعطة	O	O4.2
قلعط	G	G2.2
منقوض	A	A1.1.2
مؤنة	O	O2
نقوط	Z	Z99
نقيطة	Z	Z99
نقط	Q	Q2.1
نقط-	Q	Q2.1
مقلع	Z	Z99
قلاعي	B	B1
قلعوط	S	S9/S2mf
قلف-	Z	Z99
نواقص	A	A5.1
مناقص	I	I2.2/S2mf
تنقيص	N	N5-/A2.1
مانجوست	Z	Z99
ٱستنقص	Z	Z99
لامح	Z	Z99
مانجوت	Z	Z99
تنقض	Z	Z99
نقيضة	A	A6.1
ٱنتقض	G	G3/S2mf
قلف	Z	Z99
تلامح	A	A8
نقبة	O	O2
قلاووز	M	M4fn
مقلوز	O	O4.4
قلوظ	O	O4.4
ٱنتقب	Z	Z99
تنقب	X	X2.4
مقلوظ	O	O4.4
نقابية	I	I2.2
مانوليا	L	L3
تقلية	Z	Z99
منقبة	K	K5.1
نقيبة	S	S1.2
قلوز	O	O4.4
قلاووظ	M	M4fn
قليوب	Z	Z99
قمباز	Z	Z99
قماءة	S	S1.2.3
قميء	S	S7.1
أقمح	O	O4.1/L3/F1
قمحي	F	F1
نقاقة	L	L2mfn
نقيق	X	X3.2
قمؤ-	Z	Z99
قليوبي	Z	Z5
قليوبية	Z	Z99
ناقب	Z	Z99
مقمة	B	B4/O2
نقب-	A	A1.1.1
لمبة	O	O2/W2
تنقيبي	X	X2.4
مانهاتن	Z	Z2
قلقيلية	Z	Z99
نقادة	Z	Z99
قلقيلي	Z	Z5
مقلقل	E	E3
قلم-	O	O4.2
قلقيلة	O	O4.4
تلمج	Z	Z99
منقاد	L	L2
قلقب	Z	Z99
قلقاس	Z	Z99
منقد	O	O4.6+/O2
تقلقل	Z	Z99
قلقل	E	E3
نقدية	I	I1
قلامة	Q	Q4.2
نقح	O	O4.2
أنقح	Q	Q4
تنقيح	Q	Q4
قلو	O	O1
نقح-	O	O4.2
قلاية	Z	Z99
قلوي	O	O1
مانوشر	Z	Z99
قلنسية	B	B5
لمبور	Z	Z2
مقلمة	Z	Z99
مقلم	O	O4.1
قلندار	T	T1
لمباجو	Z	Z99
تقلنس	Z	Z99
قنبور	O	O4.4
قنبيط	F	F1
تنعيم	O	O4.2
قوباء	B	B2
مناعم	H	H1/K1
ٱقتات	Z	Z99
تقوت	F	F1/B1
قوب	L	L2mfn
نعي	Z	Z99
تقوب	Z	Z99
نعناعي	F	F1
قاب	Z	Z99
نعنع	F	F1
منعام	S	S8+/S2mf
قاتي	Z	Z99
قاح	A	A5.1
نعماء	S	S8
قوتلي	Z	Z99
قوح	B	B4
قاوح	E	E3
قاحة	H	H2
تقوح	A	A5.1
مقوتب	Z	Z99
قاتيات	Z	Z99
ملكمة	Z	Z99
نعام	L	L2mfn
تقويتة	F	F1
لكمة	E	E3
قاب-	A	A1.1.1
نعية	Z	Z99
نغل-	Z	Z99
قهواتي	Z	Z99
نغل	S	S4/S2mf
قهواتية	Z	Z99
تنغص	Z	Z99
نغص	X	X5.1
أنغص	X	X5.1
مقهقه	E	E4.1+/X3.2
قهقهة	E	E4.1+/X3.2
قهرمان	S	S7.1-/S2mf
ملاكم	K	K5.1/S2mf
قهقر	M	M1
قهقرة	N	N5-/A2.1
قهقرى	M	M1
نغاشة	Q	Q2.2
قهوجي	Z	Z99
قهي-	Z	Z99
نغبشة	X	X3.2
نغز-	X	X3.3
نغبة	B	B1
أقهى	Z	Z99
قاهي	Z	Z99
نغز	Z	Z99
مقهاة	Z	Z99
نغاش	Z	Z99
نغاشي	Z	Z99
نغشة	M	M1
تنغش	Z	Z99
نغش-	Z	Z99
ناغش	G	G2.2-/S2mf
نعمى	E	E4.1
نعمت	Z	Z99
قاش	Z	Z1mf
قوش	O	O2
قويسة	X	X9.1
قاووش	Z	Z99
قواص	K	K5.1/S2mf
قوض	A	A1.1.2
قاض-	A	A1.1.2
نعش	O	O2/L1
نعشة	E	E4.1
نعظ	B	B1/S3.2
لكيع	G	G2.2
قواس	K	K5.1/S2mf
أنعظ	Z	Z99
نعظ-	Z	Z99
مائير	Z	Z99
تقوض	A	A1.1.2
قاق-	X	X3.2
أنعس	Z	Z99
قوطة	Z	Z99
قوق	X	X3.2
نعس	Z	Z99
قويق	L	L2mfn
قاق	L	L2
تناعس	Z	Z99
مقاوضة	I	I2.2
نعش-	N	N5+/A2.1
ناعس	B	B1
نعسان	B	B1
نعسة	B	B1
لكاعة	G	G2.2
تنعل	Z	Z99
قياد	S	S7.1
أقود	S	S7.1
أنعل	N	N5
ٱنقياد	A	A6.1
ناعل	B	B5
ٱنقاد	I	I1.1
تنعم	E	E2
ٱقتاد	S	S7.1
مايوه	Z	Z99
ٱستقاد	E	E3
قؤود	S	S7.1
لاكم	Z	Z99
إنعاظ	B	B1
نعق-	X	X3.2
مقور	Z	Z99
مقورة	A	A1.1.2
ناعوظ	S	S4/B1
قورينائي	Z	Z99
قورمة	Z	Z99
تقويرة	B	B5
تقوير	Z	Z99
لكم-	E	E3
قواد	S	S3.2/S2mf
تقور	Z	Z99
ٱقتور	A	A1.1.2
نعيق	X	X3.2
ناعق	Q	Q2.2
نغيل	S	S4/S2mf
قاهر	S	S7.1
نفود	Z	Z99
ٱستنفاد	J	JJ
قنصلاتو	G	G1.1/H1c
نفدة	Z	Z99
مايور	G	G1.1/S2m
منتفخ	N	N3.4
أنفد	A	A1.5.1
نافد	B	B2
نافدة	N	N5.1
قانصو	Z	Z99
إنفاذ	K	K4
نفاذية	N	N5.1
ألوان	Z	Z99
ٱستنفذ	Z	Z99
قنط-	E	E4.1
منفوخ	N	N3.4
قانط	E	E4.1
قنوط	E	E4.1
منفاخ	Z	Z99
قنطر	X	X9.1+/E4.1
منفخ	I	I4
قنطري	O	O4.4
قناطر	Z	Z99
قنط	E	E4.1
نافخ	A	A1.1.1
تنفخ	I	I1.3
أقنط	S	S8
قانصوه	Z	Z99
مقنوص	M	M7/I4
مقنود	X	X3.1
قند	Z	Z99
قنجة	Z	Z99
مقند	X	X3.1
قندز	L	L2
قندوزي	Z	Z5
قندوز	Z	Z99
قنوت	S	S7.1
قنبل	G	G3
نوفرة	H	H1
قنت	Z	Z99
ألكن	Z	Z99
قندس	L	L2
قندق	Z	Z99
ٱستنفر	Z	Z99
قنيص	M	M7/I4
قانص	K	K5.1/S2mf
متنفذ	S	S7.1
قانصة	M	M4/G3fn
قنص-	Z	Z99
قنزعة	Z	Z99
نفير	G	G3/S5
قندول	Z	Z99
قندلفت	S	S9/S2.2m
قندلفتي	S	S9/S2.2m
قندهاري	Z	Z5
نفرة	E	E2
قنيطرة	Z	Z99
مقنطر	O	O4.4
نفة	Z	Z99
نفاف	Z	Z99
مايونيز	F	F1
قنو	A	A9
قنوة	A	A9
نغوباني	Z	Z99
قنية	A	A9
مايورينزي	Z	Z99
لكن-	Q	Q2.2/B2
أقنوم	Z	Z99
لكنة	Z	Z99
قنا-	A	A9
نفث	B	B1
قنى-	A	A9
نغي	Q	Q2.1
نغو	Q	Q2.1
نغم-	Z	Z99
تنغم	Z	Z99
قهرة	S	S7.1
قهار	X	X9.2+/S7.3
نغولة	Z	Z99
منغوم	Z	Z99
أقنى	G	G2.1
نغى-	Q	Q2.1
ناغى	Q	Q2.1/X3.2
نغا-	Q	Q2.1
قناية	W	W3/M4
منغم	Z	Z99
قنومة	Z	Z99
قنم	O	O4.2
لكونة	Q	Q2.2/B2
قنوع	E	E4.2
مايوركا	Z	Z2
قنعان	E	E4.2
تقنع	Z	Z99
قنطاري	N	N5
نفاخة	B	B2
قنطرمة	O	O2/S7.1
نفخة	F	F3
قنع-	X	X2.1
تنفج	S	S1.2.3+/Q2.2
لكانة	Q	Q2.2/B2
قنقر	L	L2mfn
نفج-	M	M1
قنم-	Z	Z99
نفاثي	Z	Z99
منفث	M	M5fn
ٱنتفج	M	M1
نفج	Q	Q2.2
قانع	E	E4.2
منفحة	Z	Z99
نافح	S	S8+/A15
نفح-	F	F1
نفاج	S	S1.2.3+/S2mf
نافجة	Z	Z99
نقاطة	Z	Z99
منقوط	Q	Q1.2
لمظ-	Z	Z99
مستقطر	Z	Z99
مقطرات	Z	Z99
قطرجي	Z	Z99
قطرميز	Z	Z99
قطرنة	Z	Z99
قطرن	Z	Z99
نهلة	F	F2
نهامة	S	S1.2.2
منهوم	S	S1.2.2
نهنه	A	A1.7
تقطير	A	A1.1.1
نهيم	S	S1.2.2
ٱستقطار	F	F2/A1.1.1
مقطور	M	M3
نهمة	X	X7
قطران	O	O1.2
لمص	Z	Z99
نهاض	Z	Z99
مناهضة	S	S8-/E2
ملتمس	Q	Q2.1
نهض	B	B1
ٱستقطع	N	N5
تناهض	N	N5+/A2.1
ٱنتهض	N	N5+/A2.1
لمص-	Z	Z99
ٱستنهاض	S	S7.1+/A2.1
منتهك	B	B2
قطراني	O	O1.2
نهكة	B	B2
نهك	G	G2.1
نهق-	X	X3.2
تلمظ	Q	Q2.2/A5.2
مقطر	Z	Z99
تقطيبة	B	B1
قطوب	B	B1
قطبة	B	B5
قطر-	N	N5
أناب	S	S7.4
نوب	Z	Z99
ناوب	A	A6.1
قطبية	Z	Z99
مناب	A	A2.1
قطب-	O	O1.2
قطيطة	L	L2mfn
تقطب	Z	Z99
مناوبة	A	A2.1
إنابة	S	S7.4
تقطر	N	N5
نواكشوط	Z	Z99
نهى	X	X1
قطراوي	Z	Z99
نهية	X	X1
نهيان	Z	Z99
نهيي	S	S7.4
قطارة	Z	Z99
نهو	T	T2
نهاء	T	T2
قطير	Z	Z99
ماكريستال	Z	Z99
مناوأة	S	S8
ناوأ	S	S8
ٱستقطر	Z	Z99
لمظ	Z	Z99
نهاش	O	O4.6
نهش	O	O4.6
قطاف	F	F4
ماكنتوش	Z	Z3c
ناهب	G	G2.1-/S2mf
أنهج	A	A7+/Q2.2
لمسية	Z	Z99
نهيج	B	B1/A12
مستقطع	N	N5
ٱستنهج	A	A6.1
ٱقتطف	F	F4
نهاب	G	G2.1-/S2mf
نهبى	I	I1.1
نماة	L	L2
منتمى	S	S5
ننكال	Z	Z99
نمي	N	N3.2+/A2.1
قطيفة	F	F1
مقطف	Z	Z99
قطائف	Z	Z99
قطيف	Z	Z99
لمسي	X	X3.3
نهبة	L	L2
ٱنتهب	A	A9
ماكو	Z	Z99
أنهب	Z	Z99
تناهب	A	A1.1.1
لميس	Z	Z99
ناهج	B	B2
ماكليلاند	Z	Z99
نهاز	A	A1.4
قطيعي	S	S5+c
نهزة	A	A1.4
ٱنتهز	A	A9
نهز-	M	M2
ماكليلان	Z	Z99
تلامس	Z	Z99
ٱنتهازية	A	A1.4/A1.5.1
قطاعي	A	A4.1
ٱلتماس	Q	Q2.1
ٱنتهاز	A	A1.4/A1.5.1
ٱنتهار	Q	Q2.2
ملمسي	X	X3.3
قاطعة	Z	Z99
تنهدة	Q	Q2.2/X3.2
ناهد	Z	Z5
مقطوعية	Z	Z99
تناهد	Z	Z99
منتهج	Z	Z5
نهد-	Z	Z99
ٱنقطاعية	G	G1.2
ناهدة	O	O4.2
نهير	A	A13.3
إقطاعة	Z	Z99
ماكماهون	Z	Z99
ٱنتهر	Q	Q2.2/E2
إقطاعية	G	G1.2
نائبة	A	A1.4
قطاط	Z	Z99
قاصم	A	A1.1.2
قصيم	S	S1.2.5-/O4.1
قصم	S	S1.2.5-/O4.1
قصا-	Z	Z99
قصي-	Z	Z99
نوشة	Z	Z99
مناوشة	A	A2.2
ٱنقصم	Z	Z99
تقصم	Z	Z99
قصال	O	O4.4
قصل	F	F1
قصيل	Z	Z99
مقصل	O	O4.4
قاصل	O	O4.4
مقصلة	L	L1
قصى	N	N3.3
قصاء	N	N3.3
نورص	Z	Z99
نورفولك	Z	Z2
نورمانديا	Z	Z2
نورستانيا	Z	Z99
قضيض	O	O1.1
منقض	E	E3
نورج	Z	Z99
نورماندي	T	T3
نوسر	Z	Z99
نوسان	M	M1
نوس	M	M1
نورويجيان	Z	Z2
ناسوت	S	S2
مناويش	Z	Z99
ٱقتصل	Z	Z99
قصرمل	O	O1.1
مأقة	J	JJ
ناف-	N	N5.2
قصع-	B	B1
تنوط	Z	Z99
قصعة	F	F2/O2
تقصع	Z	Z99
أناف	N	N5.2
نواف	Z	Z99
نايف	Z	Z99
نيافة	S	S7.1+/S2.2m
لمعة	W	W2
ناف	B	B5
نوف	N	N5.2
قصاع	Z	Z99
قصقص	K	K1/T1.3
مقصف	F	F1
ٱنتاص	Z	Z99
ناص-	A	A1.9
قصقصة	A	A1.1.2
قصل-	Z	Z99
مناويشي	Z	Z99
قصوف	E	E4.1
نوص	Z	Z99
ٱنقصف	Z	Z99
تقصف	Z	Z99
ناط-	A	A9
قصيف	S	S1.2.5
منيص	A	A1.7
مؤق	Z	Z99
قضب-	O	O4.2
تقاضي	G	G2.1
ناوح	B	B1
تنوح	M	M1
ناح-	E	E4.1
تنويت	K	K5
ٱقتضاء	X	X7
نوت	Z	Z99
تناوح	E	E4.1
ماكدونالد	Z	Z1mf
نوخ	Z	Z99
ٱستناخ	Z	Z99
متنيح	L	L1-/S2mfc
مناحة	Q	Q2.2
نواحة	Z	Z99
قضوية	S	S7.1
ٱلتمع	O	O4.2
نوبتجية	Z	Z99
ماكديل	Z	Z99
منقضي	T	T2
منوب	S	S7.1
قط-	A	A1.1.1
قطط	A	A1.1.1
ٱقتط	A	A1.1.1
متقاضى	Z	Z99
مناوب	Z	Z99
مقضي	M	M8
قواضي	A	A1.7
متقاضي	Z	Z99
نوبتجي	Z	Z99
منيب	Z	Z99
متناوب	A	A6.3
ٱستقضى	Q	Q2.2
مقضب	Z	Z99
نورة	L	L3
قضابة	F	F1
نورانية	A	A5.1
ٱقتضاب	N	N3.8
نورالدين	Z	Z99
نوراني	O	O4.3
قضب	O	O4.2
ٱقتضب	O	O4.2
نوار	L	L3
نائرة	E	E2
ٱستنار	Z	Z99
قضع	B	B2
نود	M	M1
نواد	M	M1
قاضم	L	L2
قاضى	G	G1.1
تقضى	T	T2
تنود	S	S7.1
نودان	M	M1
قضامة	Z	Z99
قضاع	B	B2
قضف-	Z	Z99
قضف	N	N3.7
قضمة	F	F1
ناور	M	M1
ماكوني	Z	Z99
منمنم	O	O4.1
نكد	Z	Z99
ناكد	E	E3
تنكد	Z	Z99
نكد-	E	E3
ناكح	Z	Z99
منكوح	Z	Z99
منكود	E	E4.1
ناكر	X	X7
قاقلة	F	F1
مناكدة	A	A12
أنكد	A	A12
قاقم	O	O1.1
مناكح	S	S2.1f
أنكح	Z	Z99
نكت	Q	Q2.2/S1.2.4
تنكيت	Q	Q2.2
ماموث	N	N3.2
نكت-	Z	Z99
منكب	B	B1
تنكب	A	A6.1
نكب	A	A1.4
منكت	E	E4.1+/S2mf
نكث-	A	A1.1.2
قلية	N	N5.1
ناكث	G	G2.2
نكوث	A	A1.9
ٱنتكث	Z	Z99
نكث	A	A1.9
تناكر	Z	Z99
قفاء	B	B1
مستنكر	A	A5.1
نكز-	A	A2.2
نكز	Z	Z99
منكرات	Z	Z99
قفقف	B	B1
قفقاس	Z	Z2
نكس-	A	A1.1.1
مالنخوليا	Z	Z99
قفع-	B	B3/S2mf
منكوس	A	A6.1
ٱنتكاس	Z	Z99
مالقة	Z	Z2
تقفع	B	B3/S2mf
قفع	A	A1.1.2
ماليس	Z	Z99
تقفقف	B	B1
نكرة	Z	Z99
نكير	Q	Q2.2/G2.2
إنكاري	Q	Q2.2/Z6
تقفى	M	M1
قفال	C	C1/S2mf
تنكري	A	A10
قفل-	M	M6
قفقفة	B	B1
منكور	A	A5.1
نكب-	E	E6
قلس	Q	Q2.2/S1.2.4
قلس-	X	X3.2
إقليد	A	A11.1
قلش	Z	Z99
قالوش	Z	Z99
تقليش	Z	Z99
منقع	W	W3
نقف-	O	O2
نقالة	B	B3
لماح	A	A5.1
نقيفة	O	O2
نقف	X	X3.2
تقليدية	Z	Z99
قلشين	B	B5
نقوع	Z	Z99
قليط	Z	Z99
نقع-	O	O1.2
قيليط	Z	Z99
منقط	Q	Q1.2
قلع-	M	M2
مقيلط	Z	Z99
مقلص	Z	Z99
مأنة	B	B1
نقاعي	N	N3.2
نقيع	F	F2
نقاعة	F	F2
نقاع	O	O1.1
ٱستنقع	Z	Z99
نقالي	M	M1
نقيل	G	G2.2
قلاب	A	A6.3
تلميح	A	A10-/Q2.2
قلبة	Z	Z99
قلابة	Z	Z99
نقي-	Z	Z99
نقه	B	B2
ناقه	B	B2
نقاوة	A	A5.4
قلاييده	Z	Z99
مستقلة	Z	Z99
نكء	Z	Z99
نكأ-	Z	Z99
نقاية	X	X7
نقهة	B	B2
ناقلية	Z	Z99
ٱنتقامي	A	A1.1.2/E3
منقلة	Z	Z99
قلح	Z	Z99
منقل	O	O4.6+/O2
ماناجيمنت	Z	Z99
منتقم	E	E3
نقه-	B	B2
ٱنتقه	B	B2
نقانق	Z	Z99
مامييت	Z	Z99
ٱنقلابي	T	T3
نقنق	X	X3.2
منكس	A	A6.1
قفطان	Z	Z99
نمس	A	A10
قعدي	Z	Z99
قعيد	S	S3.1/S2mf
قعيدة	S	S4f
نامس	Z	Z99
نمش	B	B1
نمش-	Z	Z99
ناموسية	Z	Z99
ٱقتعد	N	N5.2
تقعد	T	T2
نمس-	A	A10
مالاوي	Z	Z2
تنمر	Z	Z99
نمور	Z	Z99
نمرة	O	O2
إقعاد	X	X9.1
نمدار	Z	Z99
نامة	A	A1.1.1
لمزة	A	A5.3
منمر	O	O4.3
نمرسي	Z	Z99
نمرق	H	H5
لماز	A	A5.3
تنمير	N	N1
نمارة	Z	Z99
قطا	Z	Z99
يقطين	S	S2/N5
قطم-	Z	Z99
قطيلة	B	B5
قطل	Z	Z99
منمول	Z	Z99
قطم	Z	Z99
قطامي	Z	Z99
قطمة	N	N5.1
نمنم	O	O4.1
نمنمة	L	L2mf
ٱقتطاف	S	S5+c
قطل-	Z	Z99
قطقوطة	Z	Z99
تنميل	B	B2
قطنية	Z	Z99
مالاجاش	Z	Z2
قطانية	F	F1
أنمش	Z	Z99
قيطان	O	O2
مقطنة	Z	Z99
نمق	O	O4.1
تنميق	O	O4.1
قطمير	B	B1
نملية	Z	Z99
نملي	Z	Z99
قطون	H	H4
نملة	Z	Z99
نمام	Q	Q2.2/A5.2-/S2mf
تقاعدي	I	I3.1
أقفر	A	A1.7
قفر-	M	M1
منكص	Z	Z99
ٱقتفر	M	M1
نكص	Z	Z99
قفار	O	O1.2
قفرة	W	W3
نكف-	M	M3
قفوف	O	O4.2
قعقعة	X	X3.2
قعقع	X	X3.2
نكفة	Z	Z99
نكف	T	T2
ناكف	E	E3
ٱستنكف	S	S7.2
قفير	H	H1/L2
قفراء	O	O4.5
قفش-	S	S9/Q1.1
مقفز	T	T2
قفيز	Z	Z99
قفش	A	A9
قفشة	E	E4.1
تقفيصة	Z	Z99
منتكس	Z	Z99
نكش-	A	A1.1.1
قفزان	M	M1
ٱنتكص	M	M1
نكص-	M	M2
منكاش	A	A1.1.1
نكش	A	A1.1.2
منكش	F	F4/O2
نكفي	Z	Z99
نكول	Z	Z99
نكه-	B	B1
نكه	B	B1
نكال	Z	Z99
نكل	A	A1.7
أنكل	G	G3
قاعدي	A	A6.2
قواعدي	Q	Q3
نللي	Z	Z1f
نمة	L	L2
أنكى	A	A5.1
لمز	Q	Q2.2/E2
لمز-	Q	Q2.2/E2
نكاية	A	A1.1.2
قعر-	Z	Z99
ٱقعنسس	Z	Z99
تقاعس	K	K2
قعس-	Z	Z99
أقعس	L	L2mfn
نكل-	E	E2
متقاعس	A	A1.9
مقعر	N	N3.7
قعير	N	N3.7
أقعر	A	A1.1.1
تقعر	Z	Z99
قعرة	O	O2
قعور	N	N3.7
قاووق	B	B5
نعس-	Z	Z99
كداس	N	N5
نزفي	Z	Z4
كداسة	N	N5
تكديس	N	N5
كدش-	A	A9
كدس-	I	I2.2/H1c
نزفة	N	N5
كدر	O	O1.1
كدرة	O	O4.2
كدير	O	O1.1
أكدر	O	O4.3
متكدر	E	E3
تكدير	E	E6
كدش	A	A9
كديش	X	X9.1-/S2mf
كدي	Z	Z99
منازع	S	S7.3
كدية	Q	Q2.2
كذوب	A	A5.2-/S2mf
لقف-	A	A9
نزغ	Z	Z99
كدم	O	O4.6
كدم-	B	B1
ٱلتقف	A	A9
كدى-	A	A1.5.1/N5
مجد-	Z	Z99
أنزف	B	B4/H2
ٱنكدر	Z	Z99
تكحيل	Z	Z99
مكحلة	Z	Z99
مكحال	Z	Z99
كحلوت	Z	Z99
نزق-	Z	Z99
كخية	S	S7.1-/S2mf
نزوق	N	N3.8
كحيلي	Z	Z99
نزك-	E	E3
كحيلان	Z	Z99
كحال	O	O1.1
مكحل	Z	Z99
كدد	Z	Z99
ٱكتد	A	A1.1.1/N5.2
كدر-	Z	Z99
نازف	Z	Z4
منزوف	B	B2
لقف	A	A9
تكدر	Z	Z99
ممجوج	B	B1
كادح	Z	Z99
كدود	O	O4.5
ٱستكد	A	A1.1.1/N5.2
مكدود	B	B2
كدح	A	A1.1.1
ٱكتدح	Z	Z99
نزيع	A	A6.2
لاقط	Q	Q1.3
نردين	Z	Z99
ٱكترب	Z	Z99
نرجيلة	Z	Z99
نرجيل	F	F1
مكروب	E	E6
ٱنكرب	Z	Z99
ناردين	Z	Z99
كراييب	Z	Z2
كرايسلر	Z	Z3c
كرايينا	Z	Z99
كرب-	E	E3
نرفز	Z	Z99
أكرب	N	N3.8
نرجسية	Z	Z99
مكترب	E	E6
نذالة	Z	Z99
كربراتير	Z	Z99
نربيج	Z	Z99
كرباس	Z	Z99
كربال	O	O2
نذيل	O	O4.2
كربلة	A	A1.1.1
نربيش	Z	Z99
كربوجة	F	F1
كروبي	S	S9
كروب	S	S9
تمجد	Z	Z99
كروبيم	S	S9
نرجس	L	L3
كرباج	E	E3-/O2
كرايزلبورغ	Z	Z99
كراميل	F	F1
كرارية	O	O2
نزح	B	B4
ٱنتزح	M	M1
نزة	E	E2
ملتقط	Q	Q1.3
كرير	Z	Z99
كرور	M	M6
لقع	Z	Z99
نزوعي	A	A2.2
مكذوب	A	A5.2
نزير	A	A11.1
نزيح	N	N3.3
لقع-	X	X7
نزوز	A	A1.7
نزاز	A	A1.7
منرفز	E	E6
لاقطة	O	O3
كرافت	Z	Z3c
نرفزة	E	E6
كرافتة	Z	Z99
كرامنك	Z	Z99
كراكوفيا	Z	Z99
نرمين	Z	Z99
كرار	H	H2/F1
تكراري	N	N6
نزيز	A	A1.7
نروجي	Z	Z2
نرنج	Z	Z99
نروج	Z	Z2
نزك	N	NN1
كتل	A	A9
ٱستنساب	E	E2
كتلوي	G	G1.1/S5+c
تكتيل	A	A9
مكتل	Z	Z99
ٱستنسابي	E	E2
منسوبية	G	G2.2-/S4/E2
منسج	Z	Z99
نساجة	B	B5/S2mf
نساج	B	B5/S2mf
نستا	Z	Z99
ٱنتسج	Z	Z99
متكتل	Z	Z99
كاتم	A	A10
ٱكتتام	A	A10
نساب	Z	Z99
تكتم	A	A10
كتن-	Z	Z99
كتن	O	O4.2
كتام	B	B2
كتوم	A	A10
ٱكتتم	A	A10
ٱستكتم	Z	Z99
كتيم	A	A1.7
كتمان	A	A10
كتل-	Z	Z99
ٱنتسف	A	A1.1.2
نساف	B	B1
أكتع	N	N1
ٱلتقم	B	B1
تكتف	E	E2
ٱستكتف	E	E2
نسطوري	Z	Z99
كتشينة	Z	Z99
كتساف	Z	Z99
ناسف	A	A15
تنسق	Z	Z99
منسف	Z	Z99
نسافة	Z	Z99
مكتتب	Q	Q4.2/I2.2/S2mf
نسطور	Z	Z99
نسرين	Z	Z99
نسخي	Z	Z99
نساخ	Q	Q1.2/S2mf/T1.1.1
تناسخ	N	N4
كتكت	O	O1
ٱنتسخ	G	G2.1/T2
كتكوت	E	E5
ألقم	F	F1
تنسر	K	K1/T1.3
منسر	S	S5+c
ناسور	B	B1
نسارية	L	L2mfn
ٱستنسر	Z	Z99
نسرة	F	F1
ٱستنسب	S	S7.4
كتاني	O	O1.1
نزولي	N	N5-/A2.1
أكثف	N	N5
نزالة	M	M7
متكاثف	S	S5+c
كثلكة	Z	Z99
تكثلك	Z	Z99
لقلقة	Q	Q2.1
نزال	Z	Z99
متكثر	A	A6.3
مجاج	B	B1
متكاثر	N	N5
ٱستنزال	N	N5
منازلة	Z	Z99
تنازلي	O	11.3
نزلة	M	M3
لقفان	A	A9
ٱكتحل	Z	Z99
تكحل	Z	Z99
كحلة	A	A10
أكحل	O	O4.3
كحيل	Z	Z99
كحلاء	Z	Z99
كحكحة	B	B2
كحت-	Z	Z99
كح-	B	B2
كحت	Z	Z99
ٱستنزل	N	N5
كحكح	B	B2
لقلق	Q	Q2.1
منزول	F	F3
منزولي	Z	Z99
نسأ-	T	T1.1.3
كثبان	Z	Z99
نسء	T	T1.1.3
نزوان	E	E3
كاثر	N	N5
تنزى	M	M1
ٱستكثر	N	N5+/A2.1
نسيئة	I	I1.1
منسأة	O	O2
كثث	N	N3.7
كث-	Z	Z99
كثاثة	N	N3.7
كثوث	N	N3.7
كثيث	N	N3.7
لقم	F	F1
لقم-	F	F1/B1
تنزيه	K	K1
نزنزة	M	M1
نزه-	K	K2
نزنز	O	O2
مستنزل	I	I2.2/S2mf
مكثر	I	I1.1
متنازل	Z	Z99
كثيراء	Z	Z99
مكثار	Q	Q2.1
تكثير	N	N5+/A2.1
منزهة	L	L3/H3
كربن	A	A1.1.1
كربنة	Z	Z99
كرنب	F	F1
ملقح	V	VVN
نخير	B	B1/X3.2
كرنتينة	A	A1.8-/B2
لواقح	L	L3
منخر	B	B1
كرنافالي	K	K1
نخروب	O	O2
كرناف	Z	Z99
نخز-	Z	Z99
نخرب	Z	Z99
كرنافة	Z	Z99
كرنافال	K	K1
منخار	B	B1
كراهة	Z	Z99
كريهة	A	A12
مكرهة	E	E2
ٱستكره	E	E2
مجدل	Z	Z99
منخوب	O	O4.2
نخب-	X	X7
نخ	H	H5
تنحية	A	A9
ناحي	Q	Q3/S2mf
نخز	Z	Z99
كرملي	S	S9/S2mf
نخول	Z	Z99
كريمة	S	S4f
نخالة	N	N5.2
لقس	E	E3
ٱنتخل	A	A1.1.1
نخل-	A	A1.1.1
تنخل	A	A1.1.1
منخل	O	O2
نخم-	Z	Z99
نخى	A	A2.2
أنخى	A	A2.2
نخا-	Z	Z99
نخامي	Z	Z99
تنخم	Z	Z99
نخامة	B	B1
نخاعة	B	B1
تنخع	Z	Z99
كرمش	A	A5.4
نخاس	Z	Z99
مكرمي	Z	Z99
نخس	Z	Z99
تكرمش	O	O4.4
نخس-	A	A2.2
كرمشة	O	O4.4
نخاسة	Z	Z99
إكرامية	I	I1.1
منخاس	Z	Z99
نخشوش	Z	Z99
مكرمة	Z	Z99
منخس	Z	Z99
إكرام	S	S7.2
تكرمة	S	S7.2
إكراهي	S	S6
تنحى	M	M2
مكاري	H	H4/S2mf
ٱكتراء	I	I2.2
إكراء	I	I2.2
منحوف	A	A13.4
مكرى	I	I2.2
مستكري	H	H4/S2mf
مكتري	H	H4/S2mf
كراء	I	I2.2
نحل-	Z	Z99
تكرى	Z	Z99
ٱكترى	I	I2.2
ٱستكرى	I	I2.2
كرى	B	B1
تنحيف	Z	Z99
كريات	Z	Z99
نحوسة	Z	Z99
كريت	Z	Z2
نحاسة	Z	Z99
نحس-	Z	Z99
مناحس	Z	Z99
منحف	N	N3.5
مجدلاوي	Z	Z99
أنحف	S	S7.1-/A2.1
نحف	S	S7.1-/A2.1
منحوس	A	A1.4
نحف-	Z	Z99
أكرى	I	I2.2
كروية	Z	Z99
نحيم	B	B1
نحمان	B	B1
نحم	B	B1
كرواتيا	Z	Z2
نحم-	B	B2
كروات	Z	Z99
نحام	L	L2mf
نحنح	Z	Z99
متكره	X	X5.2
أنحى	X	X9.2+/S7.3
مجدلاني	Z	Z99
نحناح	Z	Z99
تنحنح	Z	Z99
نحنحة	N	NN1
كروسة	K	K5.1/I3.2/S2mf
كروشيه	C	C1
لقح-	B	B3
نحول	Z	Z99
ٱنتحال	A	A5.4
نحالة	F	F4/L2
ٱنتحل	Q	Q2.2
أنحل	S	S7.1-/A2.1
تنحل	Q	Q2.2
منحول	A	A5.4
كرى-	A	A1.1.1
كروكيه	K	K5.2
كروكي	C	C1
كروم	O	O1.1
كرويا	Z	Z99
كرونة	Z	Z99
كرمان	Z	Z99
كرمة	Z	Z99
مندم	E	E4.1
كرز-	Q	Q2.2
منادمة	Z	Z99
ندمان	Z	Z99
تنادم	Z	Z99
تندم	E	E4.1
تكريز	S	S9/A1.1.1
منادم	Z	Z99
نده-	Z	Z99
نده	Z	Z99
كردس	Z	Z99
تكردس	Z	Z99
متندم	Z	Z99
كردسة	Z	Z99
كارز	S	S9/S2mf
مندوف	E	E3
نداف	Z	Z99
مندف	Z	Z99
كرستيان	S	S9
كرسنة	Z	Z99
نديف	E	E3
كرسوع	Z	Z99
ندل-	Z	Z99
كرزون	Z	Z99
كرزة	Z	Z99
مندالة	Z	Z99
كرزي	F	F1
كريز	F	F1
كارزمي	S	S1.2
ندل	E	E5-/S2mf
ندي-	Z	Z99
كردون	A	A10
كراث	F	F1
كريث	S	S7.1
منذري	Z	Z99
منذور	Q	Q2.2
كارث	A	A1.7
كرج	Z	Z99
ناذر	Z	Z99
أكرث	E	E3
كرث-	E	E3
مكربن	Z	Z99
نذل	O	O4.2
كرتن	A	A1.8-/B2
نذل-	Z	Z99
كرتنة	A	A1.8-/B2
تكرتن	Z	Z99
كرجي	Z	Z2
كرح	S	S9/S2.2m
ملقط	O	O2
ندا	Z	Z99
ندوان	O	O4.1/O1.2
ٱنتدى	S	S5
كردان	B	B5
أندى	O	O4.1/O1.2
تندى	Z	Z99
نديان	O	O4.1/O1.2
مندى	O	O1.2
كرخانة	I	I4/H1c
تناذر	B	B2
كرخانجي	C	C1/S2mf
كرادة	Z	Z99
مندية	Q	Q2.2/S1.2.4
كرسف	B	B1
كركدن	Z	Z99
كركبة	B	B2
كركب	X	X2.5
كركر	X	X3.2
مندوبية	S	S7.4
كركور	Z	Z99
كركرة	X	X3.2
ندح-	N	N3.3
ندحة	A	A6.1
مندوحة	A	A6.1
كركة	Z	Z99
لقط	S	S5
كركي	O	O2
كراكة	Z	Z99
كركوز	Z	Z99
نادبة	Z	Z99
لقط-	S	S5
تكرم	Z	Z99
نديد	S	S7.1+/S2mf
نخوة	S	S1.2.3
كرمي	Z	Z99
ٱنتدب	S	S7.1
ٱنتدابي	S	S6
كركلا	Z	Z99
كركون	Z	Z99
كركند	O	O4.3
ندابة	Z	Z99
مندب	K	K2
منتدح	A	A6.1
كرك	O	O1.1/L2
مكرش	O	O2
لقاط	F	F1
أكرش	O	O2
تنادر	E	E4.1
متكرش	O	O2
كرشوني	Z	Z99
كريشة	O	O1.1
تكرش	A	A1.1.2
ندفة	O	O2
كرسفة	Z	Z99
ندف	J	JJ
كرش-	A	A1.1.2
ندف-	B	B4
كرع-	F	F2
تكرع	X	X3.2
كرعانة	Z	Z99
كارع	B	B1
كرفس	F	F1
تلقط	S	S5
مجايدة	Z	Z99
ندر	N	N6
كراع	B	B1
كرع	F	F2
منادرة	E	E4.1
تكريعة	B	B1/X3.2
مندرة	Z	Z99
ٱستكتابي	Q	Q2.2
نضاحة	F	F4/O2
منضح	B	B4
متك	B	B5
نضح	A	A1.1.1
نضيج	O	O4.1/L3/F1
قيروان	M	M3fn
تقيير	Z	Z99
منضحة	F	F4/O2
نضد	Z	Z99
نضيد	O	O4.2
نضيدة	H	H5
ملقي	M	M2
نضد-	S	S7.1
منضب	N	N5-/A2.1
متن-	Z	Z99
ناصل	M	M1
ٱقتاس	N	N3.1
نصل	G	G3
قيسي	Z	Z99
ملاقاة	S	S3.1
ناصف	S	S7.1-/S2mf
قايس	A	A6
نصمة	C	C1/S9
نض	Z	Z99
نضب-	N	N5-/A2.1
نضض	M	M1
قيرون	Z	Z99
تناصى	S	S5
نض-	O	O2
منضدة	H	H5
تنضيد	Q	Q1.2
نضل-	A	A5.1
قيح	Z	Z99
نضيف	O	O4.2
نضف	O	O4.2
متقيح	B	B2
تناضل	Z	Z99
ماتع	N	N3.7
نضى	O	O2
قاح-	Z	Z99
نضا-	B	B5
نضناض	Z	Z99
مناضلة	X	X8
ناضر	Z	Z4
نضير	Z	Z4
نضر-	M	M1
قيدي	Q	Q1.2/G1.1
منضد	Q	Q1.2
قيدوم	O	O2/M4
نضر	Z	Z99
نضار	Z	Z99
نضارة	L	L3
نضرة	L	L3
تنضر	L	L3
مقاس	N	N3.1
تنصيف	Z	Z99
نصوح	A	A5.4
ٱستنصاح	Q	Q2.1
مستقيل	A	A1.7-/M1
قيلولة	B	B1
نصيح	A	A5.4
قينة	Z	Z99
قين	C	C1/S2mf
مثاث	Z	Z99
تناصر	Z	Z99
نصيري	Z	Z99
نصراوي	Z	Z99
مث	Z	Z99
لقيا	S	S3.1
نصري	Z	Z99
ٱستنصح	Q	Q1.1/S8
ٱنتصح	Z	Z99
يانصيبي	K	K1/A1.4
تنصيب	X	X7
كأب	E	E4.1
يانصيب	K	K1/A1.4
ناصيب	K	K1/A1.4
نصبة	L	L3
أكأب	E	E6
نصيبين	Z	Z99
تناصح	Z	Z99
متنصت	Z	Z99
مقينة	S	S2.1f
كئب-	Z	Z99
كاب	Z	Z2
نصيرية	Z	Z99
ناصور	B	B1
تنصف	Z	Z99
قيصانة	Z	Z99
نصاعة	A	A5.4
نصيع	A	A7
نصع-	Z	Z99
نصوع	O	O4.3
ٱنتصف	Z	Z99
قيشاني	O	O1.1
قايش	Z	Z99
مقايسة	A	A5.1
نصيف	B	B5
ٱستنصف	Z	Z99
نصفة	G	G2.1
قيصرية	Z	Z99
قائظ	Z	Z99
مقيظ	Z	Z99
قيف	M	M1
قيافة	X	X2.4
مناصرة	S	S8
تقييف	X	X2.4
قاظ-	Z	Z99
قيطوس	Z	Z99
قايض	A	A9/S1.1.2
تلقائية	X	X7
منصورة	Z	Z99
تقيض	Z	Z99
نويصر	Z	Z99
قياض	I	I2.2
أنضى	M	M3/O2
ٱنتضى	Z	Z99
متح-	Z	Z99
لكء	A	A11.2
لكأ	T	T2
ناظرة	B	B3/S2.1f
متري	N	N3.1
تلكأ	A	A7
قيوين	Z	Z99
لكأة	A	A7
تلكؤ	X	X5.2
لكز	A	A11.2
نعب-	X	X3.2
قومة	G	G2.1
تناظم	Z	Z99
لكز-	I	I3.1
نظلي	O	O4.2
قوامة	S	S7.1
لكئ	N	N5.2
نطنط	O	O2
لك	O	O4.4
نطول	H	H5/B4
قائمقام	Z	Z99
مستنطق	Z	Z99
نطل	B	B4/M4
تقويمي	A	A5.1
ناظور	Z	Z99
نظاراتي	B	B3/S2mf
لكأ-	I	I3.1
ٱستنظر	X	X2.1
نعاب	X	X3.2
نعارة	O	O2
قالة	Q	Q2.1
قوال	Q	Q2.1/N5
نعير	X	X3.2
نعار	A	A11.2
مقاولة	I	I2.1
قاول	Z	Z99
ناعور	Z	Z99
قوقاس	Z	Z2
قوقازي	Z	Z2
قوقاسي	Z	Z2
قوقع	Z	Z99
قوقريال	Z	Z99
ناعورة	Z	Z99
لكسمبرج	Z	Z2
قولنج	B	B2
قولحة	Z	Z99
تقولب	Z	Z99
ماتة	S	S4
منعوت	Q	Q2.2
نعتي	Q	Q2.2
لكاز	O	O2
قولب	K	K4/S5+c
مقاولون	Z	Z99
منطوقة	Q	Q2.1
قائمقامية	Z	Z99
متع-	Z	Z99
مناطحة	K	K1/L2
متسناع	Z	Z99
نطيح	M	M1
نطاح	B	B3
نطح	M	M2
نطحة	M	M1
نطر-	T	T1/O2
نطر	T	T1/O2
ناطر	A	A15+/I3.2/S2mf
ناطور	A	A15+/I3.2/S2mf
متروبوليت	S	S9/S7.1+/S2mf
نطار	Z	Z99
قواء	W	W3
نطارة	T	T1/O2
ٱنتطح	Z	Z99
تناطح	Z	Z99
نط	M	M1
قيأ	Z	Z99
مقيئ	Z	Z99
نضو	O	O4.2
قيتار	K	K2
قاء-	B	B2
نطة	M	M1
نطح-	M	M2
إقواء	S	S2/N5
إستقواء	Z	Z99
نطاط	B	B5
مقوى	O	O4.1/A2.1
مقويات	F	F2
ٱستقوى	Z	Z99
ناطورة	Z	Z99
نطف	Z	Z99
تنطاف	Z	Z99
نطفان	Z	Z99
مقيمي	H	H4
نطف-	N	N5
نطعي	Z	Z99
مقيمية	P	P1
نطافة	Z	Z99
لك-	E	E3
ٱستنطاقي	Q	Q2.2
ٱلتك	Z	Z99
متراليوز	Z	Z99
منطيق	Q	Q3/X9.1
ٱنتطق	Z	Z99
نطقي	Q	Q3
نطع	Z	Z99
قومسير	G	G1.1/S2mf
قاوى	Z	Z99
نطس	B	B2
نطاسي	B	B2
ٱقتوى	Q	Q2.2
نطرون	Z	Z99
تنطس	X	X2.4
قوه	Q	Q2.2/X3.2
قونية	Z	Z99
قومندان	G	G3/S7.1+/S2mf
قونة	C	C1/S9
قاوون	Z	Z99
نطع-	Z	Z99
تنطع	Z	Z99
مثالة	A	A5.1
تلقن	X	X2.5
تكابر	S	S1.2.3
مكابر	S	S1.2.3
متكابر	S	S1.2.3
متكبر	S	S1.2.3
نشاب	K	K5.1/S2mf
نشاشيبي	Z	Z99
منتشب	E	E3
لقانة	Z	Z99
نشاشيب	Z	Z99
كبرة	Z	Z99
مج-	M	M2
كبرت	Z	Z99
كبريتيك	Z	Z99
نسائية	S	S2.1/G1.2
نشاش	A	A1.1.2
كبس-	E	E3
نسائيات	S	S2.1f
نسواني	S	S2.1f/G1.2
كبريتيد	Z	Z99
منشة	Z	Z99
نشوئي	Z	Z99
كبرتة	Z	Z99
ٱستنشأ	Z	Z99
كباريتي	Z	Z99
كبريتات	Z	Z99
نشؤ-	N	N5+/A2.1
ٱستكبر	Z	Z99
كبح-	S	S7.1
أنشز	X	X5.2
مكبتل	Z	Z5
نشز-	N	N5+/A2.1
مكبح	O	O2
ناشري	Z	Z99
كبتولة	O	O4.4
كبوت	B	B5
كبي	Z	Z99
كباريه	K	K2
نشوز	S	S1.2.1
نشز	Z	Z99
نشاز	X	X3.2
نشور	S	S9
نشارة	O	O1.1
كبود	B	B5
ٱستنشد	Z	Z99
تكبيد	A	A2.2/E4.1
تناشد	Z	Z99
لقانية	Z	Z99
نشج-	E	E4.1
كابر	Z	Z99
كباد	Z	Z99
نشار	Z	Z99
ممثلية	G	G1.1
نشادري	O	O1.2
ممتثل	S	S7.1
نشادر	O	O1.2
ٱنكبس	Z	Z99
كبسة	G	G3
لاقمي	Z	Z99
كتالوج	Q	Q4.1
نسالة	Z	Z99
نسول	Z	Z99
تكاتب	Q	Q1.2
كتيت	Z	Z99
كت	Z	Z99
نسولة	Z	Z99
نسيلة	Q	Q4.1
كباية	O	O2
كت-	Z	Z99
كبوريا	L	L2mfn
ٱكتتب	Q	Q1.2/G1.1
نسيق	A	A6.2
مجج	O	O4.1/L3/F1
مكتاب	Q	Q1.2/S2mf
مكاتبة	Q	Q1.2
ٱستكتاب	Q	Q2.2
ٱنتسق	Z	Z99
كتائبي	G	G3/S5+c
ناسك	S	S5-/S2mf
نسكي	S	S1.1.3-/S2mf
تنسك	Z	Z99
كتابخانة	Q	Q4.1/H1c
لقمي	Z	Z99
ٱنكبى	M	M1
أكبى	G	G3
كبوش	Z	Z99
كبش-	Z	Z99
مكبوسات	Z	Z99
نسناس	L	L2mfn
متنسم	Z	Z99
تلقيم	F	F1
منسم	Z	Z99
مكبوس	Q	Q2.2
كابسة	O	O2
كبيس	A	A1.8
كباس	Z	Z99
كابوسي	Z	Z99
نسوان	S	S2.1f
تكبيس	B	B3
مكباس	Q	Q4.2c
كبشة	N	N5
تناسليات	Z	Z99
كبولي	O	O2
كابيلا	Z	Z99
كابين	H	H1
إنسال	S	S3.2/B1
كبا-	M	M1
نسم-	Z	Z99
كبل-	A	A1.7
كبكبة	A	A2.1
كبكب	M	M1
لقمان	Z	Z99
كبيكج	Z	Z99
تنسم	X	X2.3
مكب	S	S7.1
ناشز	A	A11.1
كارنيه	Z	Z99
نشل-	N	N5
كارني	Z	Z99
كارنيشوفاس	Z	Z99
كارو	M	M3fn
كاروانا	Z	Z99
كاروسيل	Z	Z99
كارناتاكا	Z	Z99
نشل	Z	Z99
كارتزوف	Z	Z99
نشن-	X	X7
كارستن	Z	Z99
ٱنتشالي	S	S8
نشال	G	G2.1-/S2mf
كارلتون	Z	Z3c
كاري	Z	Z1mf
تنشيقة	Z	Z99
كاسريلز	Z	Z99
كاستيلا	Z	Z99
نشق	Z	Z99
نشق-	X	X3.5
ملقو	Z	Z99
تنشيف	O	O1.2
مماثلة	A	A6.1
أنشق	Z	Z99
نشوق	F	F3
كاز	O	O1.3
كازاخستان	Z	Z2
كازاخستاني	Z	Z99
ٱنتشق	B	B1
نشان	X	X7
نشنجي	G	G3/S2.2m
كابتن	G	G3/S7.1+/S2mf
أمثولة	A	A4.1
نشوان	F	F2
نشاء	O	O1
كابلي	Z	Z5
ٱستنشى	X	X3.5
كئب	E	E4.1
ٱنتشاء	F	F2
كأبة	E	E4.1
تنصيص	Q	Q2.2
نصوصي	Q	Q3/Q1.2
نصة	Z	Z99
كاتالونيا	Z	Z99
كاتيوشا	Z	Z99
كاراديتش	Z	Z99
كاراجيتش	Z	Z99
كاراتيه	K	K5.1
كارار	Z	Z99
كاراكاس	Z	Z99
نشانجي	G	G3/S2.2m
تنشين	X	X7
نشنش	F	F1
تنشنش	X	X5.2
كاثرين	Z	Z1f
نشى	O	O1
كاثود	Z	Z99
كأد-	Z	Z99
نشي-	Z	Z99
كؤود	A	A12-/N5.1
نشاف	O	O4.5
كاسيموف	Z	Z99
كايزرسلوترن	Z	Z99
نشع-	Z	Z99
كاوتشق	O	O1.1
كايلاهون	Z	Z99
كبب	O	O2
كب-	M	M1
كاوتش	O	O1.1
كاواي	Z	Z99
كانغ	Z	Z99
كانصول	O	O3
كانكان	Z	Z99
كانكون	Z	Z99
كانينغهام	Z	Z99
كانو	M	M4
أكب	Z	Z99
كب	S	S7.1
تنشط	Z	Z99
نشطة	X	X5.2
مكبة	Z	Z99
ٱمتثال	S	S7.1
إكباب	E	E2
ٱنكباب	E	E2
ناشزة	Z	Z99
أنشوطة	O	O2
كباب	F	F1
كبة	Z	Z99
كبابة	Z	Z99
تنشيطي	S	S8
كبيبة	Z	Z99
كانساي	Z	Z99
كانتين	F	F1/H1
كاكنج	Z	Z99
تكأكؤ	S	S5+c
تكأكأ	S	S5
نشف	B	B4
كالاترافا	Z	Z99
كالو	F	F1
ملقن	K	K4/Q2.2/S2mf
كاك	Z	Z99
تنشف	Z	Z99
كاغامي	Z	Z99
كافالييرز	Z	Z99
كافيين	O	O1
كافتيريا	F	F1/H2
كالون	N	N3.4
نشف-	Z	Z99
كامبيوهات	Z	Z99
كامبيو	Z	Z99
كامبومايورينزي	Z	Z99
كامديسو	Z	Z99
ٱنتشع	Z	Z99
كانتو	Z	Z99
كانتربري	Z	Z2
كامبودي	Z	Z2
كامبل	Z	Z1mf
كالياري	Z	Z99
منشع	O	O1.2
كاليفورني	Z	Z2
نشع	O	O1.2/M1
كاماتشو	Z	Z99
منوفي	Z	Z5
صيح	Q	Q2.2/X3.2
حالق	Z	Z5
حلقوم	B	B1
حليق	B	B4
حلوق	B	B1
حلك-	Z	Z99
ٱحلولك	Z	Z99
حلوكة	W	W2
أحلك	W	W2
حلك	M	M5fn
حلكة	M	M7/K5.1
محلف	Q	Q2.2/S1.2.4
محالفة	S	S5+c
حلزون	L	L2
حلزوني	O	O4.4
حلحول	Z	Z99
تحلحل	M	M1
حلحل	N	N3.3
حلس-	N	N5.2
حلس	Z	Z99
تحليف	Z	Z99
حلوف	L	L2
ٱستحلف	Z	Z99
أحلس	W	W3/M4
ٱحتلم	Z	Z99
حلوم	Z	Z99
ٱستحمامة	H	H5/B4
حمأ-	A	A1.1.1
حمم	O	O2
حمئ-	Z	Z99
حمحم	L	L2/X3.2
حمدين	Z	Z99
حمدة	Z	Z99
حمحمة	Z	Z99
تحلي	T	T2
حلا	X	X3.1
حلاوى	Z	Z99
حلنجي	G	G2.2-/S2mf
حلاني	Z	Z99
محتلم	Z	Z99
حلواء	F	F1
حلوائي	F	F1/S2mf
حلي-	Z	Z99
أحيلى	Z	Z99
حلواني	F	F1/S2mf
محلجة	Z	Z99
محلج	Z	Z99
متحكم	S	S7.1+/S2mf
تحكمي	A	A1.4
تحكيمي	G	G2.1/X6
حكيمباشي	Z	Z99
مستحكم	O	O4.1
حكمتيار	Z	Z99
محكى	Z	Z99
حكاء	Q	Q2.1/S2mf
حكمدرية	G	G3/S7.1+/S2mf
حكمي	G	G2.1
ٱستحكم	Z	Z99
ٱحتكاكي	Z	Z99
محكك	O	O4.1
محكة	Z	Z99
حكاك	Z	Z99
حكرة	O	O2
تحاكم	G	G2.1
محتكر	S	S7.1+/S5-/S2mf
ٱحتكاري	S	S7.1
حاكورة	Z	Z99
حليل	S	S4m
مستحلب	O	O1.2
حلبجة	Z	Z99
حالب	B	B1
محلب	Z	Z99
حلابة	Z	Z99
حلتيت	Z	Z99
حلج-	F	F2
حلاجة	Z	Z99
حليج	Z	Z99
حلج	Z	Z99
حلاب	Z	Z99
تحلب	O	O1.2/N5
إحليل	Z	Z99
حليلة	S	S4f
ٱحتلب	F	F2
ٱستحلب	F	F2
حلايب	Z	Z99
حلوب	Z	Z99
حليبي	F	F2
حمدون	Z	Z99
حمادي	Z	Z99
حمورابي	Z	Z99
حماوة	O	O4.6
حمو	O	O4.6
حماة	S	S4f
حامى	S	S8
محمى	O	O4.6
حمائي	I	I2.2/I1.3/S2mf
تحامى	S	S1.2.1
حملق	X	X3.4
حملايا	Z	Z2
حماق	B	B2
حمق	S	S1.2.6
ٱستحمق	Z	Z99
ٱنحمق	Z	Z99
حميل	B	B1/S2
حمول	E	E3
متحامل	Z	Z99
ٱحتمالي	A	A7
تحميلة	Z	Z99
حمالة	W	W2
ٱحتماء	H	H1/A10
حامية	G	G3c
حنجور	Z	Z99
حنجل	M	M1
حنث	A	A5.2-/G2.1
تحنث	Z	Z99
تحنجل	K	K1
حندس	Z	Z99
حناشات	Z	Z99
حنيش	Z	Z99
حنش	L	L2mfn
حندقوق	Z	Z99
حنث-	Z	Z99
حانوتي	L	L1-/S2mf
حناني-	G	G2.2
حنانة	E	E1
تحنن	Z	Z99
حنن	M	M1
محتمي	Z	Z99
تحنان	E	E1
حانبة	Z	Z99
حناوي	Z	Z99
حنأ	Z	Z99
حانون	Z	Z99
تحامق	Z	Z99
محيميد	Z	Z99
محمدوف	Z	Z99
محاميد	Z	Z99
محمدة	Z	Z99
حمدل	Z	Z99
حمدلة	Z	Z99
حمارة	Z	Z8f
حمرة	O	O4.3
حمري	O	O1
حمادة	Z	Z99
حميدة	Z	Z99
أحمدي	Z	Z99
حمودة	Z	Z99
حامدية	Z	Z99
حامودة	Z	Z99
حميدي	Z	Z99
حمور	O	O4.3
حميرة	Z	Z99
حموضة	X	X3.1
حميضي	Z	Z99
حمضية	Z	Z99
حمض-	Z	Z99
حماض	Z	Z99
تحميض	Z	Z99
حمق-	Z	Z99
حماط	Z	Z99
إحماض	E	E4.1
حمشة	Z	Z99
حمارنة	Z	Z99
حمز-	B	B1
حمارشة	Z	Z99
يحمور	L	L2mfnc
حمراوين	Z	Z99
حمز	O	O4.6
حمس-	Z	Z99
حمش	X	X5.2
حمس	X	X5.2
ٱحتك	A	A1.1.1
تحكك	A	A1.1.1
تحشية	Z	Z99
حشية	H	H5
حشوة	N	N5.1+/F1
ٱحتشى	Z	Z99
تحشى	S	S1.1.3
حاص-	S	S1.1.2
أحص	Z	Z99
حصب-	Z	Z99
محاصة	F	F4/M7
تحصيص	A	A9
حاشى	Z	Z5
ٱحتشم	Z	Z99
حشم	S	S7.1-/S2mf
تحشم	Z	Z99
أحشم	G	G2.2
حشمت	Z	Z99
حشيم	S	S1.2.3
محتشمي	Z	Z99
ٱحتشام	E	E5
محاشم	B	B1/S3.2
حصبة	B	B2
حصرم	Z	Z99
حصف-	Z	Z99
ٱنحصار	A	A1.7
مستحصد	O	O4.1/L3/F1
حصف	S	S1.2.6
حصيف	S	S1.2.6
حصالة	Z	Z99
ٱستحصل	A	A9
حصافي	Z	Z99
حصافة	X	X3
محصد	O	O4.1/L3/F1
محصود	F	F4
حصحص	Z	Z99
أحصد	Z	Z99
حاصبيا	Z	Z99
حاصباني	Z	Z99
حاصبة	W	W4
ٱحتصد	Z	Z99
ٱستحصد	Z	Z99
حاصد	F	F4/O2
حصادة	F	F4/O2
حصيد	F	F4
حشم-	G	G2.2
حشك-	N	N5
حسران	Z	Z4
حسور	B	B2-/X3.4
حسير	B	B1
حاسر	A	A10
حسك	Z	Z99
حواسم	Z	Z99
حسوم	A	A5.1
ٱنحسم	Z	Z99
حسكة	Z	Z99
حسر-	Z	Z99
ٱحتساب	N	N2
محسوبية	S	S8
تحسبي	T	T1.3
حسيب	S	S7.2
تحاسب	Z	Z99
متحسب	A	A1.3
محتسب	I	I1/S2mf
محسود	Z	Z99
حاسد	S	S1.2.2
تحاسد	S	S1.2.2
حسن-	Z	Z99
حاسن	Z	Z99
ٱحتشاد	S	S5+c
حاشدة	O	O3
محشش	Z	Z99
محشة	Z	Z99
تحشر	S	S1.1.3
حشرج	Z	Z99
حشفة	B	B1
تحشف	Z	Z99
حشرجة	X	X3.2
تحشرج	Z	Z99
محش	O	O2/F4
محاسنة	S	S1.2/S8
محسنة	A	A5.1
حسانين	Z	Z99
حسونة	Z	Z99
تحسى	F	F2
حسو	F	F1
حشيشة	L	L3
حشش	Z	Z99
حساوي	Z	Z5
حسوة	F	F2
متحصل	I	I1.1
متحفظ	A	A1.3
مستحفظ	A	A9
حافظة	X	X2
تحفظي	A	A9
محفظة	B	B5/I1
حفيل	X	X5.1+/S1.2
محتفل	Z	Z99
تحفى	Z	Z99
حفي-	Q	Q2.2
حفن-	Z	Z99
حفظة	E	E3
ٱستحفظ	A	A9
حفارة	Z	Z99
حفير	A	A1.1.1
حفار	O	O2
ٱحتفر	A	A1.1.1
ٱنحفر	Z	Z99
محفر	O	O2
حافر	L	L2
حفص	Z	Z99
ٱحتفز	Z	Z99
حافرة	T	T2
حافري	Z	Z99
حفي	S	S1.2.1
محتفى	A	A11.1
تحقير	S	S7.2
محتقر	E	E2
حقارة	O	O4.2
أحقر	N	N5
ٱستحقر	E	E2
حقلي	F	F4
محاقلة	Z	Z99
حقو	F	F1
محتقن	B	B2
محقنة	O	O2
ٱحتقن	Z	Z99
حقر	A	A11.1-/Q2.2
حقر-	Z	Z99
حقد-	E	E2
ٱحتقب	Z	Z99
محقوق	S	S1.1.4
أحقية	A	A11.1
أحقد	Z	Z99
تحقد	E	E2
حقود	E	E3
حقيدة	E	E2
تحاقد	Z	Z99
محفة	B	B3
محتضر	L	L1
حضرموت	Z	Z99
محضور	S	S9
محضار	Z	Z99
حضيرة	N	N5.1
حضرمي	Z	Z5
تحاضن	S	S3.2
حطط	M	M2
محتضن	S	S3.2
حاضنة	I	I3.1/S4/S2.1f
حضين	S	S3.2
ٱحتضر	Z	Z99
حضيض	Z	Z2
أحصن	S	S1.2.5+/A2.1
حصن-	Z	Z99
حصالبان	Z	Z99
حضض	A	A2.2
محصي	Z	Z99
حصوي	O	O4.1
ٱنحط	M	M1
ٱحتط	Z	Z99
تحظير	S	S7.4
حظي	E	E2
حظار	H	H2
حظيظ	A	A1.4
أحظ	Z	Z99
حظية	S	S7.1+/S2.1f
محظي	E	E2
حفاف	A	A4.1
ٱحتف	M	M6
حفف	M	M6
محظية	S	S7.1+/S2.1f
حظ-	Z	Z99
محطم	A	A1.1.2
حطب-	S	S8
حطاب	Z	Z99
منحط	T	T2
حطيطة	Z	Z99
حطة	A	A2.2
حاطب	Z	Z99
حطاطبة	Z	Z99
حاطم	W	W3/M4
حطيم	F	F3
ٱنحطم	K	K1/T1.3
حنط	L	L1
حنطي	F	F1
مخدع	H	H2
خداعي	G	G2.2
إخداع	A	A5.2
خيدع	X	X3.4/W4
ٱنخدع	Z	Z99
مخادع	G	G2.1-/S2mf
خدل-	M	M1/A12
تخديم	I	I3.1
خدامة	S	S8
خدام	S	S7.1-/S2mf
خدمتي	S	S8
ٱنخدش	Z	Z99
تخدش	Z	Z99
أخدر	B	B3
تخدر	Z	Z99
خدر-	A	A1.7
خدرة	B	B1
خدران	B	B1
خدش-	B	B2
خادر	X	X2.5
إخدار	B	B3
خدوري	Z	Z99
بالخادم	Z	Z99
مخدوم	I	I3.1/S2mf
ٱستخذى	A	A9
ٱستخذاء	S	S7.1
مخذول	S	S1.2.5
ٱنخذال	X	X9.2
ٱنخذل	Z	Z99
مستخذي	S	S7.1
خرء	Z	Z99
خرئ-	Z	Z99
خرور	A	A1.1.2
خرير	Q	Q2.2/X3.2
خاذل	A	A1.7
خدين	S	S3.1/S2mf
خديو	Z	Z99
خدن	S	S3.1/S2mf
خادن	S	S1.2.1
مخدم	Z	Z99
ٱستخذأ	A	A9
مستخذئ	S	S7.1
مخذفة	O	O2
خذف-	Z	Z99
خذروفي	M	M6
خذروف	Z	Z99
خداج	B	B3
مخدة	H	H5
ختار	G	G2.2-/S2mf
خاتر	G	G2.2
ختر	S	S6
مخبل	X	X2.5
ٱختبال	S	S1.2.6
خاتل	A	A5.2
ٱختتل	N	N5
خاتام	Q	Q1.3
مخاتل	G	G2.2
مخاتلة	A	A5.2
ختل	A	A5.2
أخبل	B	B2-/X1
خبل	X	X2.5
خباط	S	S1.2.6
مخبط	F	F1
خبطة	S	S8
خبط	X	X9.2+/S7.3
ٱختبط	O	O4.4
خبع	M	M7/A10
خبل-	X	X2.5
ٱختبل	Z	Z99
تخبل	Z	Z99
ٱختتام	N	N3.3
ٱختتامي	A	A1.1.1
مخثر	Z	Z99
خاثر	O	O4.5
خثار	N	N5.2+/F2
خثران	Z	Z99
خجلان	E	E5
خدة	F	F4
تخدد	Z	Z99
خد-	F	F4
مخجول	G	G2.2
خثرة	B	B2
ٱختتن	Z	Z99
ختن	B	B3
ختن-	Z	Z99
مختتم	X	X6
مختم	Z	Z99
ختان	B	B3
خاتون	S	S2.1f
أخثر	O	O4.5
خثر	O	O4.5
خثر-	O	O4.5
خراء	Z	Z99
خرب-	A	A1.1.2
خريفي	T	T1.3
مخرفة	Q	Q2.1
خرفان	T	T3
خريع	O	O4.5
تخريف	A	A5.2
مخرف	T	T3
تخرق	Z	Z99
خرفوشة	X	X7
خرفشة	M	M1
خرفش	M	M1
خرع	O	O4.5
ٱنخرع	Z	Z99
مخرطة	O	O2
مخروط	O	O4.4
خرائطي	Z	Z99
خراطة	Z	Z99
خرطيط	Z	Z99
خرطال	F	F1
خرع-	Z	Z99
خراطيني	Z	Z99
خراطين	Z	Z99
ٱنخرق	Z	Z99
خرنق	L	L2mfn
خروع	Z	Z99
خرينج	Z	Z99
خرنوب	Z	Z99
خرمنجي	Z	Z99
خز-	A	A1.1.1
ٱختز	A	A1.1.1
خزرجي	Z	Z99
خزر	Z	Z99
خزر-	Z	Z99
خزوز	Z	Z99
خرمال	Z	Z99
خرماشة	Z	Z99
ٱنخرم	Z	Z99
ٱخترم	A	A1.1.2
خرم-	A	A1.1.1
مخرقة	G	G2.2
خرامة	O	O2
مخرم	O	O4.1
مخروم	A	A5.1
ٱنخرام	E	E3
تخريم	A	A1.1.1
خرط	F	F1
خرط-	O	O2
خرتيت	Z	Z99
خريت	X	X9.1
خرت	O	O2
خرت-	A	A1.1.1
خراج	Z	Z99
خراجي	Z	Z99
خرخر	B	B1/X3.2
متخرج	P	P1/S2mf
خارجة	Z	Z99
خربق	A	A1.1.1
خربطة	B	B2
خربان	A	A1.1.2
خارب	M	M4/G3fn
أخرب	A	A1.1.2
خروب	Z	Z99
خروبة	Z	Z99
خربط	X	X2.5
مخربش	Q	Q1.2
خربوش	H	H1
خربش	B	B2
خرخرة	B	B1/X3.2
خرد-	Z	Z99
خريشة	Z	Z99
خريشي	Z	Z99
خراشي	Z	Z99
خراسان	Z	Z99
خورشيد	Z	Z99
خرشوف	F	F1
خراص	Q	Q2.2/A5.2-/S2mf
خرص	B	B5
تخرص	Z	Z99
خرص-	X	X2.1/A7
خرس	X	X3.2
خرس-	Z	Z99
خردل	F	F1
خرز-	A	A1.1.1
خردق	G	G3
خردجي	Z	Z99
خريدة	S	S3.2
خرز	Z	Z99
خراز	B	B5/S2mf
خرزانة	O	O3
مخراز	O	O2
مخرز	O	O2
خرازي	Z	Z99
خبط-	X	X3.2
خباص	A	A1.3
حوصلة	N	N3.8
حويضة	Z	Z99
حويصل	B	B2
حوصل	L	L2mfn
حياصة	N	N3.3
حاط-	A	A15+/I3.2/S2mf
حوط	M	M1
حوطة	A	A1.3
حيطة	A	A1.3
تحوط	A	A15+/I3.2/S2mf
حاوط	A	A5.2
حوص	Z	Z99
تحويشة	I	I1.1
ٱحتاس	A	A7
حوساوي	Z	Z99
حوزي	Z	Z99
حوز	A	A9
ٱحتاز	A	A9
حوسبة	Y	Y2
حاش-	M	M3
تحويش	I	I1.1
حوشي	L	L1
حياطة	A	A1.1.1/A15
أحوط	N	N5
تحويلة	S	S5+c
ٱحتيال	G	G2.1
محالة	O	O2
حؤول	A	A2.1
تحاول	X	X8
حايل	Z	Z99
محيل	G	G2.1/S2mf
محولجي	Z	Z99
حوالة	Q	Q1.2
حوال	S	S8
أحول	E	E3
حائك	B	B5/S2mf
حاك-	B	B5
حويط	X	X9.1
متحوط	A	A1.3
حائطي	H	H2
تحويط	G	G3
حوف	O	O2
حوقلة	O	O2
حوقل	S	S7.1
حوق	M	M6
تحوز	O	O4.4
محنك	X	X9.1
حنكي	Z	Z99
أحنك	Z	Z99
حنو	O	O4.4
محنى	O	O4.4
حناية	O	O4.4
حنية	O	O4.4
حنك-	Z	Z99
محنق	E	E3
محنط	O	O4.1
حنطور	Z	Z99
تحنط	L	L1
حنيطي	Z	Z99
حناطة	L	L1
حنف-	Z	Z99
أحنف	Z	Z99
حانق	E	E3
حنقة	Z	Z99
أحنق	E	E3
حنق-	Z	Z99
حواني	B	B1
محني	O	O4.4
حور-	Z	Z99
حار-	M	M6
حوذي	M	M3/S2mf
أحوذ	Z	Z99
حاذ-	Z	Z99
حور	A	A2.1
تحور	Z	Z99
حوارة	O	O1.1
أحور	Z	Z99
حودة	N	N4
حود	N	N4
حوتان	Z	Z99
أحاث	A	A1.1.1
حوباء	K	K2
حوبة	G	G2.2-/S9
تحوب	S	S1.1.3
ٱستحاث	A	A1.1.1
مستحاث	W	W3
حاد-	Z	Z99
حوجلة	Z	Z99
محاويج	I	I1.1
حوج	S	S6
تحيل	Z	Z99
حيلي	X	X9.1
خب-	A	A1.9
تخبب	M	M1/N3.8
خايمي	Z	Z1
خانيونس	Z	Z99
ٱختب	M	M1/N3.8
خبب	M	M1/N3.8
ٱختباء	A	A10
تخبأ	Z	Z99
خبيب	M	M1
خاسانسك	Z	Z99
خافيير	Z	Z99
حايك	Z	Z99
حيك	Z	Z99
حيق	A	A2.2
أحاق	M	M6
ٱستحين	Z	Z99
خاء	Z	Z99
خارصيني	O	O1.1
خارصين	O	O1.1
خاخامي	Z	Z99
خاخام	S	S9/S2mf
خباء	H	H1
أخبت	Z	Z99
مخيبر	Z	Z99
خبز-	F	F1
ٱستخباراتي	X	X9.1
ٱختباري	X	X2.4
تخابر	Q	Q2.1
ٱختبز	F	F1
خبازة	O	O4.6
خبيص	K	K2
خبص	O	O1.1
خبص-	O	O1.1
مخبوز	Z	Z99
مخابراتي	Z	Z99
مخبار	Z	Z99
تخابث	Z	Z99
أخبث	A	A5.1
خبث-	Z	Z99
مخبت	Z	Z99
إخبات	Z	Z99
خباثة	E	E3
خابر	S	S1.1.1
خيبر	Z	Z99
خابورة	Z	Z99
ٱستخبر	Q	Q2.2
حيفا	Z	Z99
تحيف	B	B2
حايد	A	A1.9
ٱنحاد	M	M1
محيا	Z	Z99
حوين	Z	Z99
حيدان	A	A6.1
حيود	A	A6.1
حائد	S	S5
محايدة	S	S5
حيادية	S	S5
محيد	A	A1.9
حيوانية	E	E3
ٱستحياء	G	G2.2
حومة	E	E3
حوام	M	M5
تحايلي	G	G2.1
أحيل	Z	Z99
حوامة	M	M4fnc
حوية	O	O4.4
حيي	S	S1.2.3
محي	Z	Z99
حواية	Z	Z99
متحايد	S	S5
حيدرية	Z	Z99
حيصة	A	A1.7
محيص	A	A1.7
حيص	A	A1.7
ٱنحاص	A	A1.7
حاض-	Z	Z99
تحيض	Z	Z99
حاف-	A	A1.7
حائض	Z	Z99
حياض	Z	Z99
حيضة	Z	Z99
حيريتي	Z	Z99
متحير	X	X2.5
حيران	X	X2.5
تحير	A	A7
حيدرآباد	Z	Z99
حيرات	Z	Z99
حياري	Z	Z99
حائري	Z	Z99
محارة	M	M7
محسة	Z	Z99
حسيس	Z	Z99
ٱستجن	Z	Z99
جنينة	L	L3/H3
تجنن	Z	Z99
أجن	O	O2
جنن	E	E3
جنائني	F	F4/S2mf
مجن	S	S8+/A15
جنابة	Z	Z99
جنابية	M	M7/M4
جناب	Z	Z99
جنبية	G	G3/O2
تجانب	A	A1.9
تجمهر	S	S5+c
جامكية	I	I1.1/I3.1
إجماعي	A	A6.1
مجمعي	S	S5+c
جامل	Z	Z99
تجامل	Z	Z99
جمهر	S	S5
جمانة	Z	Z99
جمان	O	O1.1
جملون	Z	Z99
مجنبة	N	N1
جنبري	L	L2mfnc
جندفلي	F	F1
جندل	W	W3
جندرمي	Z	Z99
جندرمة	Z	Z99
جنداري	A	A6.2
جندول	M	M4fn
جنز	A	A10
جنزبيل	O	O4.3
تجنيز	Z	Z99
جناز	L	L1-/S1.1.1
جنازي	L	L1-/S1.1.1
جندر	B	B4/O2
مجند	I	I3.1/S2mf
جنبلاطي	Z	Z99
جنبون	F	F1
جنبلاط	Z	Z99
جنبازي	K	K5.1
جنباز	K	K5.1
أجنح	A	A6.2
جنحة	G	G2.1
جنيدي	Z	Z99
جانحة	B	B1
جانح	L	L2
جمعان	Z	Z99
ٱستجمامي	K	K1
جمايكي	Z	Z2
جمام	E	E3
ٱستجم	B	B2
تجمم	Z	Z99
جمجم	Q	Q2.2/B2
تجمجم	Q	Q2.2/B2
جموح	S	S8
جمح	Z	Z99
جمجمال	Z	Z99
جمجمي	B	B1
جمم	N	N3.2+/A2.1
جليوتين	L	L1
ٱجتلى	A	A10
جلية	Z	Z99
أجلى	A	A9
جلى-	B	B4
جلوة	A	A10
جليان	X	X4.1
إجلاء	M	M2
مجلون	O	O4.1
جلوكوما	B	B2
متجلي	A	A11.2
ٱجتلاء	A	A10
جمخ	Z	Z99
جميز	L	L3
جاموس	L	L2mfnc
مجمرك	Z	Z99
مجمرة	O	O4.6+/O2
جمار	Z	Z99
جاموسة	Z	Z99
جمش-	B	B4
جمشت	O	O1.1
تجميش	Z	Z99
جمش	X	X3.3/E2
جمري	Z	Z99
ٱجتمر	Z	Z99
ٱنجمد	O	O4.6
تجمد	O	O4.5/A2.1
جمد-	O	O4.6
جمادى	Z	Z99
جمودة	A	A5.1
منجمد	O	O4.6
ٱنجماد	O	O4.6
جنزبيلي	O	O4.3
جنزر	Z	Z99
أجهى	B	B1
أجوائي	W	W1
جهوري	X	X3.2
جهور	Z	Z99
جهينة	Z	Z99
جوا	Z	Z5
جوانية	S	S3.2
جوانتنامو	Z	Z99
جوان	Z	Z1f
جواتيمالي	Z	Z2/S2mf
جهومة	E	E3
جهامة	E	E3
جهول	X	X9.1
مجهل	Z	Z99
ٱستجهل	Z	Z99
إجهاضي	X	X9.2
جهيض	Z	Z99
مجهولية	A	A10
جهم-	B	B1
جهام	W	W4
جهم	E	E3
تجهم	B	B1
أجهم	B	B1
جوانتي	B	B5
ٱنجاب	Q	Q4.3
جيرة	N	N3.3-/H3c
مجاورة	N	N3.3-/H3c
جاور	Z	Z99
جوديث	Z	Z1f
جودو	K	K5.1
مجير	S	S8+/A15+/S2mf
جوردان	Z	Z2
جورجيت	Z	Z99
جورجي	Z	Z99
جورب	A	A9
أجود	A	A5.1
مجود	Z	Z99
جوبا	Z	Z99
جوبيه	Z	Z99
تجواب	M	M1
جوبة	A	A1.1.1
جوب	M	M1
جاح-	A	A1.1.2
إجاحة	A	A1.1.2
جودت	Z	Z99
ٱستجاد	Z	Z99
جائحة	A	A5.1
جائح	A	A5.1
جهض	Z	Z99
إجهاش	E	E4.1
تجانف	A	A6.1
جنفاص	O	O2
متجنس	G	G1.1/S5
مجانس	A	A6.1
مجنس	L	L2mfn
جنق-	O	O2
جنك	K	K2
تجنى	Q	Q2.2
جنكوبيلوبا	Z	Z99
جنكو	Z	Z99
جنكي	Z	Z99
تجنس	G	G1.1/S5
مجانسة	A	A6.1
جنزوري	Z	Z99
جنزير	S	S5+/I2.1c
جنزار	O	O4.3
جانس	Z	Z99
جناس	Q	Q3
تجنيسي	Q	Q3
تجنيس	G	G1.1/S5
ٱجتنى	S	S5
جنى	Z	Z99
جهز	A	A9
تجهز	Z	Z99
مجاهر	A	A10
مجهور	X	X3.4
مجاهرة	Z	Z99
جهوزية	O	O4.1
تجهيزي	A	A1.1.1/N4
جهشة	E	E4.1
أجهش	E	E4.1
جاهزية	X	X7
إجهاز	Z	Z99
مجهار	X	X3.2
أجهر	X	X3.2
جنيفر	Z	Z1f
جهارقند	Z	Z99
جنيرال	Z	Z99
مجني	E	E3
مجنى	F	F4
جهبذ	A	A5.1
مجاهدة	S	S8
جهير	X	X3.2
جهري	S	S5
إجهادي	A	A12
جلمد	W	W3
تجلمد	Z	Z99
جسا-	Z	Z99
جسوانت	Z	Z99
جسمانية	Z	Z99
جسمان	B	B1
جسامة	N	N3.2
جش-	X	X5.2
جشة	Z	Z99
جشأة	S	S1.2.4-/B1
جشاء	S	S1.2.4-/B1
جشأ	S	S1.2.4-/B1
جشيش	M	M6
أجسم	N	N3.2
تجسم	Z	Z99
تجاسر	E	E5
جسر-	X	X8
متجسد	S	S9
ٱجتسر	E	E3
جسرة	Z	Z99
جسم-	Z	Z99
تجسطن	E	E3
متجاسر	O	O4.1
جشار	F	F4
جشع-	Z	Z99
جعدة	O	O4.4
جعدي	O	O4.4
جعد	N	N3.2
تجعد	Z	Z99
أجعد	O	O4.4
جعيدي	B	B5
جعدنة	Q	Q2.1
متجعد	O	O4.4
مجعد	O	O4.4
جعد-	O	O4.4
جعجعة	X	X3.2
جشني	A	A4.1
جصص	O	O1.1
جشم	S	S6
جشم-	E	E4.1
تجشع	Z	Z99
جصاص	H	H1/S2mf
تجصطن	E	E3
جعجع	Q	Q2.2/X3.2
جعبة	M	M1
جعب	Z	Z99
جعة	F	F2
جسداني	B	B1
جسدان	B	B1
مجزر	L	L1
جزري	S	S1.2.3
جزارة	Z	Z99
جزور	Z	Z99
تجزع	N	N3.8
جزاع	Z	Z99
جزرة	Z	Z99
جزر-	B	B4/H5
ٱجتزأ	Z	Z99
أجزائي	B	B3/S2mf
جزأ-	Z	Z99
جزاز	Z	Z99
جزازة	Q	Q1.2
أجزائية	B	B3/H1
ٱجتزاء	Z	Z99
جزدان	B	B5/I1
جزأرة	Z	Z99
أجزاجي	B	B3/S2mf
جازع	X	X5.2
مجزع	Z	Z99
ٱجتس	E	E1
جاسوسي	G	G3/S2mf
مجازاة	I	I1.2
تجزية	S	S1.1.4
جوسسة	G	G3
مجس	X	X3.3
جاسئ	X	X3.3
جسوء	O	O4.5
جسأ-	Z	Z99
جزائي	G	G2.1
جزمجي	B	B5/S2mf
مجازف	A	A1.3
جزل-	Z	Z99
مجازفة	A	A15
جازف	A	A15
جزف-	A	A15
ٱجتزل	Z	Z99
جزلة	N	N5.1
جزمة	B	B5
مجزوم	Z	Z99
جزلان	B	B5/I1
جزالة	N	N5
جعر-	Z	Z99
جعران	B	B1
جالد	S	S8
جلد-	Z	Z99
أجلد	O	O4.6
تجلد	Z	Z99
تجليد	O	O4.6
جلدة	B	B1
تجالد	Z	Z99
جلخ	O	O2/O4.5
جلجل	O	O2/X3.2
جلجلة	X	X3.2
تجلتن	Z	Z99
جلبوت	M	M4fn
مجلجل	X	X3.2
جلخ-	A	A1.1.1
أجلح	B	B1
جلح-	Z	Z99
جلجلان	L	L3
مجالد	Z	Z99
متجلد	E	E3
تجلفن	Z	Z99
جلفنة	Z	Z99
جلفن	X	X5.2
جلفطة	Z	Z99
جلفط	Z	Z99
مجلفن	O	O4.1
جلفانومتر	Z	Z99
جلم	O	O2
جلم-	O	O2
جلق	Z	Z2
جلاقة	X	X9.1-/S2mf
جلف	S	S1.2.4
ٱنجلف	Z	Z99
جلاصي	Z	Z99
جلط-	B	B4
جالوص	Z	Z99
مجالسة	Z	Z99
جلوز	F	F1
جلط	O	O4.5
تجلط	O	O4.5
جلف-	B	B2
جلعاد	Z	Z99
تجلطن	Z	Z99
جلبان	Z	Z99
تجلبب	Z	Z99
أجفل	O	O2
جفل	E	E5
جفيري	Z	Z99
جفرة	O	O2
جفال	Z	Z99
جفول	E	E5
أجفى	N	N5
جفو	O	O4.2
تجافى	S	S1.2.1
جفنة	O	O2
جفري	Z	Z99
جفر	X	X2.6+/T1.1.3/S9
جعفري	Z	Z99
تجفف	Z	Z99
جعال	I	I1.1/I3.1
جعلي	N	N5.1
جعير	Z	Z99
ٱجتف	Z	Z99
تجفاف	Z	Z99
جفتلك	F	F4/M7
جفتشي	C	C1
جفأ-	Z	Z99
جافي	X	X3.3
جاكر	G	G2.2-/S2mf
جلبة	B	B2
ٱستجلب	O	O4.2
ٱجتلب	M	M2
جليب	M	M2/M7
جلابية	Z	Z99
مجلوب	M	M2/M7
جالب	Z	Z5/A2.2
ٱستجلاب	A	A9
مجلبة	Z	Z5/A2.2
ٱنجلب	Z	Z99
جلاسيه	Z	Z99
ٱستجل	Z	Z99
تجال	Z	Z99
تجلل	Z	Z99
جلة	G	G3
جليلي	Z	Z99
جلازنوست	G	G1.2
جلاتين	O	O1.1/A2.1
إجلال	S	S7.2
تجلة	S	S7.2
تجوز	E	E2
ٱستجاز	Z	Z99
متحذلق	Z	Z99
حاذى	Z	Z99
حذلقة	Z	Z99
تحذلق	Z	Z99
حذاقة	X	X9.1
تحاذى	Z	Z99
حر-	Z	Z99
حذى-	O	O4.1
محاذى	Z	Z5
ٱحتذاء	A	A6.1
تحذق	Z	Z99
حذق-	Z	Z99
حداية	K	K6
حذر-	A	A1.3
أحدوة	K	K2
حداء	Z	Z99
ٱحتذر	A	A1.3
تحذيري	X	X2.2+/A15
ٱنحذف	Z	Z99
محاذرة	A	A1.3
ٱستحر	Z	Z99
حرائر	S	S6
حرجي	W	W3/L3
حرج-	Z	Z99
محراث	O	O2/F4
حراج	I	I2.2
حراجة	N	N3
متحرج	E	E3
محرج	Q	Q2.2
تحريج	Z	Z99
حراث	Z	Z99
حراثة	F	F4
حرارية	N	N3/F1
حرور	Z	Z99
حرار	Z	Z99
حرائري	O	O4.5
حرة	Z	Z99
محرور	X	X5.2
تحارب	S	S8
حرثة	W	W3
حربوشة	F	F1
حرباه	Z	Z99
ٱحترب	S	S8
ٱحتدام	E	E3
محدلة	O	O2
حديدة	S	S1.2.5
حجاوي	Z	Z99
أحجى	N	N5
محتد	E	E3
تحدب	Z	Z99
حدب-	Z	Z99
حدأة	O	O2
محجن	O	O2
أحجن	O	O4.4
حجيلان	Z	Z99
محجل	O	O4.3
حجلان	M	M1
حجل	M	M1
إحجاف	G	G2.1
حجام	Z	Z99
حجامة	Z	Z99
ٱحتجن	A	A9
حجن-	O	O4.4
إحجام	G	G1.2
محجم	Z	Z99
ٱحدودب	Z	Z99
حادر	N	N3.7
حدور	W	W3
حدر	O	O1.2/N5
حدر-	M	M6
متحدر	M	M6
حدس-	X	X2.1/A7
حدل-	O	O2
حادق	X	X3.1
إحداق	G	G3
حداف	Z	Z99
محدودب	Z	Z99
محدب	O	O4.4
ٱحديداب	Z	Z99
أحدب	Z	Z99
حديثي	Z	Z99
حدثان	A	A12
حداجة	Z	Z99
حدج-	X	X3.4
أحدوثة	Q	Q2.1
حرد-	Z	Z99
حزز	O	O2
ٱحتز	O	O2
حروة	O	O4.6
حارون	O	O4.6+/O2
حرون	A	A2.1-/X2.1
حزاز	W	W3
حزازة	E	E2
حازب	A	A4.1
محز	O	O2
حرن-	Z	Z99
حريمي	S	S2.1f
حروم	Z	Z99
حرمي	Z	Z99
ٱستحرم	Z	Z99
حركش	E	E3
حرامي	G	G2.1-/S2mf
محارمة	Z	Z99
حرملة	Z	Z2
حرمل	Z	Z99
إحرام	Z	Z99
محرمة	B	B5
حزبية	Z	Z99
تحزيم	A	A1.1.1
حازمي	Z	Z99
أحزم	N	N5
ٱحتزم	Z	Z99
تحزم	Z	Z99
حازمية	Z	Z99
حزيم	A	A7
محزون	E	E4.1
حزنان	E	E4.1
حزون	X	X3.3
محزم	Z	Z99
حزم-	Z	Z99
حزورة	Q	Q3
محزرة	X	X6/A7
حزر	X	X6/A7
حزر-	X	X2.1/A7
متحزب	S	S5
حزق-	Z	Z99
حزوقة	B	B1
حزقيال	Z	Z99
حزقاني	B	B2
محازق	B	B2-/X1
حازوقة	B	B1
حركث	E	E3
تحريكي	X	X5.2
محرزي	Z	Z99
تحرس	Z	Z99
محرز	O	O2
حارزة	O	O3
ٱحتراز	A	A1.3
ٱحترس	Z	Z99
محروس	S	S8+/A15
حرش-	B	B2
محترس	A	A1.3
تحريز	Z	Z99
حريز	O	O4.1
حرز-	A	A15+/I3.2/S2mf
حرذون	L	L2mfn
حارد	E	E3
حردان	E	E3
حرز	Z	Z99
حرازين	Z	Z99
ٱحترز	Z	Z99
تحرز	Z	Z99
أحرش	X	X3.3
حرقان	O	O4.6
حراقة	G	G3
محرقة	E	E3
تحاريق	Z	Z99
محراك	O	O2
حرقدة	Z	Z1m
ٱنحرافي	Z	Z99
حرشف	N	N3.2
حارض	G	G2.2
تحريش	A	A2.2/Q2.2
حراشة	O	O4.5
متحرض	A	A2.2
حرف-	O	O4.4
حرافة	X	X3.1
حريف	X	X3.1
تحرف	A	A6.1
محاجفة	O	O2
حاجف	S	S8
تجيف	X	X3.5
جيفة	Z	Z99
جيف	X	X3.5
جائش	E	E3
تجييش	A	A1.5.1
جيفي	Z	Z99
جيلاتي	Z	Z99
جيلي	T	T1.3
جيكوف	Z	Z99
جيفسون	Z	Z99
جيشان	E	E3
ٱستجاش	N	N5+/A2.1
جيرجا	Z	Z99
جيرو	S	S8+/Q2.2
جيارة	Z	Z99
جيار	Z	Z99
جيروزاليم	Z	Z2
جيزاوي	Z	Z5
جاش-	E	E3
جيزهو	Z	Z99
جيزاني	Z	Z99
جيلاتو	Z	Z99
جيلاردينو	Z	Z99
جيوفيزيا	Y	Y1/W1
جيوفيزيائي	Y	Y1/W1
جيوغرافيك	Z	Z3c
جيوغرافي	W	W3
جيوغرافيا	P	P1/W3
جيونتي	Z	Z99
حاء	Z	Z99
تحاب	S	S1.2.1
حام	Z	Z99
حاخامي	Z	Z99
جيوسياسي	W	W1/G1.2
جيوسياسة	G	G1.2/W3
جيلغال	Z	Z99
جيلو	Z	Z99
جيلز	Z	Z1mf
جيلبرتو	Z	Z99
جيلبرت	Z	Z1mf
جيمز	Z	Z1m
جيمي	Z	Z1m
جينوم	B	B1
جينغ	Z	Z99
جينتاو	Z	Z99
جينارو	Z	Z99
جيبوتي	Z	Z2
مجوف	O	O4.1
إجاعة	Z	Z99
تجويع	F	F1
جوعة	F	F1-/B1
جوفاني	Z	Z99
جوق	K	K2c
أجال	M	M2
جوكي	K	K5.1
جوكر	Z	Z99
مجوقل	M	M5
أجاع	Z	Z99
جوزيفا	Z	Z99
جوزل	L	L2mfn
مجاوزة	Z	Z99
جوزاء	S	S9
جوزيب	Z	Z99
جوزيه	Z	Z99
جويطة	O	O2
جوسق	H	H1/S7.1
جوسبان	Z	Z99
ٱجتاس	X	X2.4
جوالة	M	M1/S2mf
جوي-	Z	Z99
تجوى	F	F1
جواهري	Z	Z99
تجوهر	Z	Z99
جونينيو	Z	Z99
ٱجتوى	Z	Z99
جويل	Z	Z1m
جيبي	B	B5
جيانغ	Z	Z99
جائي	T	T1.1.3
جويلي	T	T1.3
جونيورز	Z	Z99
جونيور	Z	Z99
جولو	Z	Z99
جولي	Z	Z1f
جولدي	Z	Z99
جولدشتاين	Z	Z99
جولدن	Z	Z99
جوليا	Z	Z1f
جوليان	Z	Z1m
جونغ	Z	Z99
جوناثان	Z	Z1m
جولييت	Z	Z99
جوليو	Z	Z1m
حبي	S	S1.2.1
حباب	K	K5.1
حتاري	A	A11.2
حتر	Z	Z99
حتار	M	M7/G1.1
حترة	A	A11.1
حتك	B	B2
حتم-	B	B3
محتم	S	S6
محتوم	S	S6
حواتمة	Z	Z99
حاتم	Z	Z99
حتد	Z	Z99
حتد-	Z	Z99
ٱحتبى	Z	Z99
حبو	M	M1
حبهان	F	F1
حابن	Z	Z99
حبوة	A	A9
حباء	A	A9
حتات	Z	Z99
ٱنحت	A	A1.1.2
محابي	E	E2
محاباة	E	E2
متحتم	A	A11.1
حتما	Z	Z5
ٱحتجر	X	X6
ٱستحجر	Z	Z99
حجر-	S	S7.4
محتجز	A	A1.7+/S2mf
محجور	A	A11.1
مستحجر	E	E5
تحجير	S	S7.4
ٱحتجب	M	M2
ٱنحجب	Z	Z99
حثا-	F	F1
تحاج	Q	Q2.2
حثالة	O	O1.1
حثر-	O	O4.5
ٱحتث	S	S8
محج	M	M6
تحجج	A	A1.1.1/X4.2
متحجج	Z	Z99
حجيج	Z	Z99
ٱحتجاجي	Q	Q2.2
أحبن	Z	Z99
حابل	Z	Z99
ٱحتبس	A	A1.7
حبسة	A	A12
ٱنحبس	Z	Z99
حبارى	Z	Z99
محبرة	O	O2/Q1.2
حبوس	Z	Z99
محبس	G	G2.1/H1
حبط	B	B2
حبش	Z	Z2
محبسة	Z	Z99
حبار	O	O4.1
حبرة	B	B5
حباحب	Z	Z99
حبذا	Z	Z99
حبحب	Z	Z99
حبوبي	Z	Z99
تحبيذ	S	S7.4
حبر-	E	E4.1
حبرية	Q	Q2.2
حبري	S	S9
حبوط	X	X9.2
حبق	F	F2
أحبل	Z	Z99
حبل-	B	B5
محتبك	Z	Z99
ٱحتبل	S	S7.1+/G2.2
حبلان	O	O4.1
حبالة	A	A1.7
أحبولة	A	A1.7
حبلى	B	B1
حبلانة	B	B1
محبوك	O	O1.1
حباكة	B	B5
حبك-	B	B5
حبك	A	A1.7
حبقوق	Z	Z99
حباق	F	F2
حبيقة	Z	Z99
تحبك	M	M1
ٱحتبك	B	B5
حباك	O	O4.4
حبكة	B	B5
خزع-	O	O4.1
خزعل	Z	Z99
داغ	L	L2mfn
داف-	O	O1.1
دوغ	Q	Q4.1
دوطة	S	S4/I1/A9
دوشيفار	Z	Z99
دوفديفان	Z	Z99
دوفيلبان	Z	Z99
دوك	S	S7.1+/S2m
دوقية	Z	Z99
دوقي	S	S7.1+/S2.2m
دوقة	S	S7.1+/S2.1f
دوشانبه	Z	Z99
دوشان	Z	Z99
مدوس	A	A1.1.1
مداس	A	A1.1.1
ديسة	L	L3
ٱنداس	Z	Z99
دوستم	Z	Z99
دوشة	X	X3.2
دوش-	Z	Z99
دوسيه	O	O2/Q1.2
دوسنطاريا	B	B2
دوكة	X	X3.2
دوكومو	Z	Z99
دائمي	M	M6
ديوم	Z	Z99
دايم	Z	Z99
إدامة	A	A9
مداومة	T	T2
دوما	Z	Z99
دومان	M	M4
دوهالدي	Z	Z99
تدون	Z	Z99
دومينجو	Z	Z99
دومانجي	Z	Z99
ديمة	Z	Z99
أدام	T	T2
دويلة	Z	Z99
تدويل	Z	Z99
أدال	A	A2.1
داول	A	A6.1
دال-	M	M2
تداولي	I	I2.2/N5
دولان	Z	Z1mf
داوم	T	T2
دولاري	I	I1
دولرة	Z	Z99
دولت	Z	Z99
دوزينة	N	N5
دوزنة	K	K2
دوبلاج	Z	Z99
دوبلير	N	N5
يادوب	Z	Z4
تدويب	Z	Z99
دوب	A	A1.1.2
دوت	Z	Z99
ٱداح	N	N3.3
دائخ	B	B2
دوخي	Z	Z99
دوخ	X	X9.2+/S7.3
داخ-	X	X9.2+/S7.3
داب-	Z	Z99
داهية	A	A5.1
مداهن	A	A6.1-/X2.1mf
مدهن	O	O4.1
مداهنة	A	A6.1-/X2.1
دهينة	Z	Z99
دهور	M	M1
متدهور	A	A5.1-/A2.1
داهي	O	O4.2
تداهى	Z	Z99
دهى	A	A1.1.1
دهي-	Z	Z99
تدويخ	X	X9.2+/S7.3
أدور	N	N5
مداورة	G	G2.2-/A5.2
ديراني	S	S9
ديري	S	S9
دوارة	W	W3/M4
دائرية	X	X2.4/S5+c
دورتموند	Z	Z99
دوزان	K	K2
دوزن	K	K2
دورو	Z	Z99
دورق	Z	Z99
دواوير	Z	Z99
دودايف	Z	Z99
مدود	O	O2/F4
دوديك	Z	Z99
داور	S	S7.1+/G2.2
دوراني	O	O4.4
دياري	H	H4
تدور	Z	Z99
دوي-	X	X3.2
تداوى	Z	Z99
ذؤابة	O	O2
ذال	Z	Z99
ٱستذأب	Z	Z99
ديوميديو	Z	Z99
ديوكانوفيتش	Z	Z99
ذبان	A	A10
مذبة	Z	Z99
ذبيحة	Z	Z99
ذبيح	L	L1
ذباح	F	F1/S2mf
ذبحة	B	B2
ديوردييفيتش	Z	Z99
ديو	Z	Z99
مديون	S	S1.2.4
دانة	Z	Z1f
مديني	Z	Z99
ٱستدانة	Z	Z99
دينونة	Z	Z99
دينا	Z	Z99
دينامو	O	O3
دينم	O	O3
دينغ	Z	Z99
ديناميكس	Z	Z99
ديناميك	Z	Z99
مذبح	L	L1-/F1/H1c
ذبذب	M	M1
ذريرة	Z	Z99
ذروري	O	O4.5
ذرور	O	O1.1
ذرأ-	A	A1.1.1
ذرب-	Z	Z99
تذرع	I	I3.1
ذراح	Z	Z99
ذرب	O	O4.4
مذخر	I	I1.1
مذخرة	O	O3
متذبذب	A	A2.1
ذبل	S	S4f
مذبذب	A	A2.1
ذبالة	L	L1
ذبيان	Z	Z99
ٱدخاري	I	I1.1
ذخر-	F	F1
ذحل	E	E2
ٱستدان	A	A9
تداين	Z	Z99
ديجون	Z	Z99
ديجيتال	Z	Z3c
ديجوكسين	Z	Z99
ديجانيرو	Z	Z99
ديوث	S	S3.2/S2mf
ديحاني	Z	Z99
ديدبان	G	G3/S2mf
ديربان	Z	Z2
ديرنر	Z	Z99
ديرميرش	Z	Z99
ديدييه	Z	Z1m
ديبورتيفو	Z	Z99
ديانا	Z	Z1f
دويتو	K	K2
دويدار	Z	Z99
دائي	Z	Z99
تداوي	B	B3
دويهي	Z	Z99
دياجيو	Z	Z1m
ديالوج	Q	Q2.1
ديالكتيكي	X	X2.1
ديالكتيك	X	X2.1
ديزدمونه	Z	Z1f
ديزيريه	Z	Z99
ديماجوجي	Z	Z99
ديماجوجية	Z	Z99
ديلي	Z	Z99
ديكولتيه	Z	Z99
ديكوجي	Z	Z99
ديماريه	Z	Z99
ديمان	Z	Z99
داين	Z	Z99
ديميريل	Z	Z99
ديموغرافيا	S	S5
ديموطيقي	Q	Q3
ديكمان	Z	Z99
ديكاتلون	Z	Z99
ديشي	Z	Z99
ديغول	Z	Z99
ديشان	Z	Z99
ديوس	Z	Z99
ديس	Z	Z99
ديوف	Z	Z1mf
ديفاتش	Z	Z99
ديفيس	Z	Z1mf
ديفوار	Z	Z99
ديفنبورت	Z	Z1mf
ديفليه	Z	Z99
دهناء	Z	Z99
ٱدلهم	Z	Z99
دلهم	S	S9
مدله	X	X5.2+/N5.2
تدله	Z	Z99
دله	Z	Z99
ٱدلهمام	Z	Z99
مدلهم	W	W2
متدلي	M	M2
دالية	O	O2
إدلاء	M	M2
دلى	M	M2
دله-	Z	Z99
مدلك	Z	Z99
دلق-	A	A1.1.1
ٱندلق	Z	Z99
دالف	M	M1
دلغان	O	O1.1
دلغادو	Z	Z1mf
مندلق	O	O4.1
دلك-	A	A1.1.1
دلوك	M	M2
دلك	A	A1.1.1
دلاية	Z	Z99
دمم	S	S9
دموري	O	O1.1
دميرة	Z	Z99
دمور	O	O1.1
مدمرة	M	M4/G3fn
ٱندمار	A	A1.1.2
لادومري	A	A11.1-/S2mf
دمس-	A	A10
دمرداشي	Z	Z5
دمرداش	Z	Z99
لاتدمري	A	A11.1-/S2mf
دامور	Z	Z99
ٱندمر	Z	Z99
دمث	O	O4.5
دمث-	Z	Z99
دمتيوه	Z	Z99
دمامة	O	O4.2
أدمج	O	O2
دمدمة	Q	Q2.2/X3.2
دمدم	Q	Q2.2/X3.2
دمجانة	Z	Z99
تدميج	Z	Z99
مندلع	E	E3
دلاع	Z	Z99
ٱندك	Z	Z99
دكة	Z	Z99
دكك	O	O1.1
دقماق	O	O2
دقل	T	T1.2
دكاكة	I	I2.2/B5/H1
دكريتو	Q	Q2.2
دكترة	Z	Z99
ٱندكاك	A	A1.1.2
مدك	Z	Z99
إدقاع	Z	Z99
دقاقة	O	O2
مدق	M	M3
دقاق	O	O2/F1
دقيقي	A	A4.2
مدقة	N	N3.5
أدقع	S	S7.1
دقع-	S	S7.1
دقشوم	O	O1.1
داقرة	Z	Z99
دكانجي	I	I2.2/S2mf
أدكن	W	W2
دالس	A	A5.2
تدليس	G	G2.1
دلس	G	G2.2
دلدل	L	L2
دلدلة	M	M1
تدليسي	G	G2.1
مدلس	A	A5.4
دلع	E	E2
أدلع	O	O4.2
دلع-	M	M1
تدلدل	M	M2
دلول	Z	Z99
إدلال	S	S1.2.3
دلة	Z	Z99
تدلل	S	S3.2
دالة	X	X2.2
دلوح	O	O1.2
أدلج	Z	Z99
دلب	L	L3
مدلولة	A	A15
دمس	A	A10
تدانى	X	X4.2
ٱدنى	X	X4.2
دني-	Z	Z99
دنكل	O	O2
دنكطاش	Z	Z99
ٱستدنى	Z	Z99
دنو	S	S9/T1.3
متداني	Z	Z99
دناية	N	N3.3
دناوة	N	N3.3
دنية	S	S7.2
دنكان	Z	Z1m
دنقله	Z	Z99
أدناس	O	O4.2
تدنيس	W	W5
دنس	O	O4.2
تدنس	Z	Z99
دنف-	Z	Z99
أدنف	Z	Z99
مدنف	Z	Z99
دنف	Z	Z99
دنيال	Z	Z1m
دهري	T	T1.1
ٱدهم	Z	Z99
دهم	Z	Z99
دهلكي	Z	Z99
دهلك	Z	Z99
دهمة	O	O4.3
دهماء	N	N5
تدهن	Z	Z99
داهن	Q	Q2.2
مدهم	M	M7/K5.1
دهلزة	M	M1
تدهلز	M	M1
مدهوش	X	X2.6
دهشور	Z	Z99
دهيشة	Z	Z99
دهرية	A	A1.6
دهشوري	Z	Z99
دهق	A	A9
دهلز	M	M1
دهك-	S	S5+c
دهقان	Z	Z99
دهاق	N	N5.1
دنس-	Z	Z99
دمقرطة	G	G1.2
دمقس	Z	Z99
دمغجة	Z	Z99
مدموغ	Q	Q1.2
دمغة	Q	Q1.2
دمقسي	O	O4.5
مدماك	Z	Z99
دمل-	B	B3
مدمك	O	O4.5
مدموك	O	O4.5
دمغ	Z	Z99
دامغ	A	A7
دموس	W	W3
ديماس	G	G2.1/H2
دميسي	Z	Z99
دماسة	W	W2
أدماس	K	K2
مدمشق	S	S1.2.4
أدمع	Z	Z99
دمغ-	Q	Q1.2
مدمع	Z	Z99
دماع	E	E4.1
دملة	B	B2
دملي	Z	Z99
أدنأ	S	S7.1
دناءة	S	S7.1
دنيء	E	E2
دنؤ-	Z	Z99
دنأ-	Z	Z99
دنتلا	B	B5
دنجل	O	O2
دندي	F	F1
دندن	L	L2mn
دندرمه	Z	Z99
دنادشة	Z	Z99
دنان	Z	Z99
دنين	X	X3.2
دمان	F	F4/O1
دمنة	A	A1.1.2
أدمن	Z	Z99
دملج	B	B5
دمانجي	Z	Z99
دمنهوري	Z	Z5
دمياطي	Z	Z5
مدمى	Z	Z4
أدمى	Z	Z99
دمي-	B	B1
ٱنذرع	T	T4
ذرع	S	S7.1
ٱرتجع	Z	Z99
مرجاس	A	A5.1
رجاس	X	X3.2
رجاسة	O	O4.2
رجعية	A	A1.1.1
رجعى	A	A1.1.1
ٱرتجاعي	G	G1.2
ٱرتجاع	A	A5.1-/A2.1
رجيع	B	B1
رجوعي	X	X9.1
رجس-	Z	Z99
رجرج	M	M2
ترجرج	M	M1
ترجيحي	Z	Z99
مرجوحة	K	K6
رجراج	M	M1
ٱرتجز	W	W4
أرجوزة	Z	Z99
رجز	Z	Z99
مرتجع	T	T3
أرجيع	Z	Z99
مترجل	G	G3c
رجم-	E	E2
راجل	S	S2.2m
ٱرتجالية	Z	Z99
ٱرتجالي	N	N3.8
رجاة	X	X2.6
رجائي	Z	Z99
رجا	Z	Z99
مرجونة	O	O2
رجولية	S	S2.2
رجالي	S	S2.2m
رجاف	M	M1
إرجاف	Z	Z99
رجفة	W	W3
أرجف	M	M2
رجف-	M	M1
رجل-	M	M1
أرجال	Z	Z99
ٱسترجل	Z	Z99
ٱرتجل	A	A1.4
ترجل	M	M1
راجحي	Z	Z99
راجحة	O	O2
ترتيبي	A	A1.1.1/N4
تراتب	S	S7.1
ربيان	Z	Z99
ربورتاج	Q	Q2.2
ربايا	A	A15+/I3.2/S2mf
أرتج	Z	Z99
رتيلاء	L	L2
مرتك	Z	Z99
رتك-	M	M1/N3.8
متربي	B	B2
مربك	X	X2.5
ربل	O	O4.4
ربك-	Z	Z99
ربقة	O	O2
ربلي	O	O4.4
ربلة	Z	Z99
رباء	N	N5.2
رابى	Z	Z99
ربالة	Z	Z99
ربيل	N	N3.2
ترتيل	K	K2
مرتل	K	K2/S2mf
مرجئ	Z	Z99
رجب-	Z	Z99
مرتج	M	M1
رجاج	B	B2
رثية	B	B2
رجوب	Z	Z99
أرجحية	N	N5
رجاحة	E	E3
ٱرتجح	A	A2.1
ترجح	Z	Z99
رثاء	E	E4.1
رثي	E	E4.1
رتيمة	X	X4.1
رتينة	B	B5
رتمة	X	X4.1
رتو	A	A5.1+/A2.1
رتينج	O	O1.1
رثا-	Q	Q2.2/E2
رثوثة	Z	Z99
رثاثة	Z	Z99
رثيث	O	O4.2
رجية	Z	Z99
مرجاة	X	X2.6
ردموند	Z	Z99
ردن	M	M1
رديم	O	O4.2
ردمي	Z	Z99
تردم	Z	Z99
ردينة	Z	Z99
ردهة	H	H2
ردنجوت	Z	Z99
مردن	O	O2
رديني	G	G3
أردم	A	A1.7
ردعي	S	S8
ردغة	O	O1.1
ردس-	S	S5+c
أردأ	A	A5.1
ردء	S	S8
ردف-	M	M1
ردم-	Z	Z99
رديف	A	A9
ردف	N	N4
رادف	A	A2.1
رذ-	W	W4
رزب-	Z	Z99
مرزبة	Z	Z99
رزيئة	Z	Z99
رزء	Z	Z99
رزئ-	Z	Z99
مرزاب	H	H2
رازح	E	E4.1
رزفي	Z	Z99
مرزغ	O	O1.1
رزوح	B	B2
رزأ-	A	A9
إرزيز	Q	Q1.3
رذل-	Z	Z99
مرذاذ	O	O2
أرذ	W	W4
ٱسترذل	Z	Z99
رذل	X	X7
رزز	A	A5.1+/A2.1
مرذول	G	G2.2
رذالة	Z	Z5
رذيل	O	O4.2
تردأ	Z	Z99
ردؤ-	Z	Z99
رحوم	X	X2.5+/S1.2
مرحمة	E	E1
رحمي	Z	Z99
راحيل	Z	Z1f
ترحيم	Z	Z99
ٱسترحام	Z	Z99
رخ-	N	N5
رحاي	O	O2/F1
رحوي	M	M1
راحلة	Z	Z99
رحيقي	O	O4.2
رحبعام	Z	Z99
ترحاب	Q	Q2.2
ترحب	Q	Q2.2
رحباريفارد	Z	Z99
رحرح	N	N3.7
رحاقي	O	O4.2
رحاق	L	L3
رحض	O	O1.2
رحض-	O	O1.2
رخة	Z	Z99
رخاخ	O	O4.5
رخاوة	O	O4.5
رخي	S	S1.2.5
ٱرتخى	E	E3
تراخى	X	X5.2
رخا-	Z	Z99
تراخي	A	A2.2
راخي	O	O4.1
مردودية	I	I1.1
ترددي	N	N6
ترداد	Z	Z99
متراخي	X	X5.2
رخي-	X	X5.2
رخو-	X	X5.2
ٱسترخص	Z	Z99
مرتخص	I	I1.3
ترخص	Z	Z99
رخص-	Z	Z99
رخم	Z	Z99
ترخيم	N	N3.7-/A2.1
رخيم	O	O4.3
رخامة	Z	Z99
ربق	Z	Z99
يربوع	Z	Z99
ذمار	Z	Z99
مذم	O	O4.2
مذموم	O	O4.2
مذمة	G	G2.1
ذمي-	Z	Z99
ذماء	Z	Z99
ذنيب	Z	Z99
ذنبي	L	L2
ٱستذنب	A	A10
ذميمة	G	G2.1
ذميم	Q	Q1.2/E2
ذلاذل	Z	Z99
أذلف	N	N3.2
ذلذل	N	N3.7
مذلة	S	S7.2
ذلق	Q	Q3/X9.1
ذليق	Q	Q3/X9.1
ذمام	Q	Q2.2
ذمم	Q	Q2.2
ذلاقة	Q	Q3/X9.1
أذلق	Q	Q3/X9.1
ذهوب	T	T1.1.2
مذهبية	Z	Z99
ذائقة	Z	Z99
ذوقي	X	X3.1
مذود	O	O2/F4
ذائد	S	S8+/A15+/S2mf
متذوق	X	X2.2+/S2mf
ذولق	Z	Z99
أذوى	Z	Z99
ذوي-	A	A1.1.2
ذوى-	A	A1.1.2
ذولقي	Z	Z99
ذياد	S	S8
ذاد-	M	M1
منذهل	E	E5
ذوب	A	A1.1.1
ذهل	B	B1
ٱنذهل	M	M6
تذاهل	Z	Z99
إذابة	T	T2
ذواتي	N	N3.7
ذيابات	Z	Z99
ذياب	Z	Z99
ذوابة	O	O2
ذلول	E	E3
ٱستذل	S	S7.2
ذرى	M	M1
أذرى	M	M1
ذرى-	M	M1
مذرى	Z	Z99
تذرى	M	M1
ٱستذرى	Z	Z99
أذعر	E	E5
ذعر-	Z	Z99
تذرية	Z	Z99
ذرو	M	M1
ذرق	Z	Z99
ذرف-	M	M4
ٱستذرف	H	H1
ذرائعية	A	A1.6
ذرائعي	A	A1.1.1/A1.5.2
ذريف	M	M1
أذرق	Z	Z99
ذرق-	Z	Z99
ذرفان	M	M1
ذروف	M	M1
تذعر	E	E5
ٱنذعر	E	E5
متذكر	X	X2.2
ذكا-	O	O4.6
تذكرجي	Z	Z99
تذكري	Z	Z99
ذكو	E	E3
ذكي-	Z	Z99
ذكا	E	E3
ٱستذكى	O	O4.6
ذكى	T	T2
تذكار	X	X2.2+/S7.2
ذعن-	A	A9
أذعن	A	A9
ذعق	E	E5
ذعق-	E	E5
ذعاف	L	L1
مذاعنة	A	A6.1
مذعن	S	S7.1
ذكير	O	O1.1
ٱدكر	X	X2.2
ذفر	X	X3.1
مذعان	S	S7.1
ذاوي	O	O4.2
ذيب	Z	Z99
ربيب	S	S4m
ربيبة	S	S3.1/S2mf
رباب	Z	Z99
ربوبية	S	S9
راب	S	S4m
ربيئة	A	A15+/I3.2/S2mf
ربأ-	Z	Z99
رابة	S	S4f
ربب	N	N5+/A2.1
راينر	Z	Z99
رانييري	Z	Z99
ياترى	Z	Z4
رامين	Z	Z99
رامية	Z	Z99
رامون	Z	Z99
مراءاة	A	A6.1-/X2.1
رائية	Z	Z99
رايخ	Z	Z99
رايت	Z	Z1mf
راي	Z	Z99
مرائي	A	A6.1-/X2.1mf
أربح	N	N5
ربعة	Z	Z99
أربعتعشر	N	N1
ربعي	N	N6
ربع-	B	B1
تربيع	M	M7
متربع	E	E3
رابعة	Z	Z99
تربيعي	O	O4.4
تربيعة	O	O4.4
مرابطة	Z	Z99
روابدة	Z	Z99
ربسوس	Z	Z99
ٱربد	Z	Z99
تربد	Z	Z99
تربح	A	A9
ربص-	T	T1.3
تربصي	Z	Z99
رباطي	Z	Z5
مربض	Z	Z99
ربض	H	H4/M7
رامشتاين	Z	Z99
راماكريشنا	Z	Z99
راجكومار	Z	Z99
رؤد	O	O4.5
راجا	Z	Z99
راتينج	O	O1.1
راتو	Z	Z99
رئد	T	T1.1.2/S2mf
راداري	O	O3
راديولوجي	B	B3
راديوي	Q	Q4.3
راديكالية	G	G1.2
رادوفان	Z	Z99
رابينوفيتش	Z	Z99
رابين	Z	Z99
رأب-	A	A5.1+/A2.1
رؤبة	O	O2
مذيل	T	T1.3
تذييل	N	N5
ذيبة	Z	Z99
مرأب	M	M3/H1
مرآب	M	M3/H1
رابيد	Z	Z99
رابور	Q	Q2.2
رابتورز	Z	Z99
راباييتش	Z	Z99
راديوم	Z	Z99
راديومي	Z	Z99
رافتر	Z	Z99
رافيا	O	O1.1
رافاييل	Z	Z99
أرأف	N	N5
رآفة	G	G2.2
رالي	S	S1.1.1
رأم-	A	A5.1+/A2.1
راماكانتا	Z	Z99
رؤوم	E	E2
رئم	Z	Z99
رئم-	X	X3.3/E2
ترأف	Z	Z99
رؤف-	Z	Z99
رويس	Z	Z99
ترؤس	S	S7.1
ٱرتأس	Z	Z99
رؤس-	Z	Z99
رأرأة	N	N3.8
روائس	W	W3
مرؤوس	S	S7.1
رأف-	Z	Z99
راشيل	Z	Z1f
راشيفسكي	Z	Z99
راسينغ	Z	Z99
دقي	Z	Z99
دقية	Z	Z99
خلقاني	T	T3
ٱختلاق	X	X2.1
خلوق	O	O4.4
خلقان	O	O4.2
مختلق	Y	Y1/S2mf
خلنجان	Z	Z99
خلنج	W	W3/L3
خليك	X	X3.1
خلقين	O	O2
خليفي	Z	Z99
خولع	S	S1.2.6
خالع	Z	Z99
خلاعة	G	G2.2
خلاع	A	A1.7
خلفة	A	A6.1
خليف	Z	Z99
مخلوفة	Z	Z99
مخلوفي	Z	Z99
مخلوف	Z	Z99
مخلاف	M	M7
ماخلا	Z	Z99
مخلاة	O	O2
خمرية	Z	Z99
خمارة	F	F2/H1c
خمري	F	F2
ٱختمر	E	E3
تخامر	G	G2.1
تخمير	Z	Z99
مختمر	F	F2
مخمر	Z	Z99
مخمور	F	F2
ٱختمار	Z	Z99
تخمر	E	E3
أخمر	E	E3
خم-	X	X3.5
مخم	X	X3.5
خوالي	T	T1.3
تخلية	M	M2
خمج-	A	A6.1
خمد-	Z	Z99
خمر-	O	O2
خمود	A	A5.1-/A2.2
أخمد	O	O4.6
خليع	A	A9
خلبوص	Z	Z99
خلج-	E	E6
تخلبص	Z	Z99
خالب	A	A5.2
خالج	E	E6
تخلج	Z	Z99
خلاج	A	A7
خلجة	E	E1
خلبي	O	O4.1
خلب	N	N5
خلة	S	S6
أخلال	S	S3.1/S2mf
خاقان	S	S7.1+++/S2.2m
خليلوفيتش	Z	Z99
مخلل	F	F1
ٱختلب	A	A9
خلخال	B	B5
مخلخل	Z	Z99
خلاطة	O	O3
مخالصة	Q	Q1.2/I1
خلوص	Z	Z99
خليص	A	A5.4
تخليط	S	S1.2.6
مخالطة	A	A2.1
تخلع	A	A1.1.2
مخالط	A	A2.1
تخالص	Z	Z99
مخلد	L	L1+/T2
تخلد	Z	Z99
متخلخل	Z	Z99
خلس-	G	G2.1-/A9
خالس	G	G2.1-/A9
مختلس	T	T1.3
ٱختلاس	A	A9+/G2.1
خلاسي	S	S4/S2mf
خمسي	N	N1
خنا-	Z	Z99
خني-	Z	Z99
مخنوق	L	L1
مخنق	B	B1
أخنى	E	E6
خنى	S	S1.2.4
خوخ	A	A5.2
خوجة	P	P1/I3.2/S2.2m
خوئي	Z	Z99
خنيق	L	L1
خناق	B	B2
تخانق	E	E3
خنفرة	B	B1/X3.2
خنفر	B	B1
خنف	Z	Z99
ٱنخنق	Z	Z99
خنقة	B	B1
خناقة	E	E3
خانوق	B	B2
خوداداد	Z	Z99
خور-	N	N5-/A2.1
أخوص	Z	Z99
خوضة	M	M4
خوص	Z	Z99
خواصة	B	B1
خوصة	Z	Z99
أخوف	N	N5
خويف	E	E5
خواف	E	E5
خيفة	E	E5
خوشق	A	A1.1.1
خورخي	Z	Z99
خورس	K	K2/S5c
خوار	S	S1.2.5
خوير	Z	Z99
كورفسقفوس	S	S9/S7.1+/S2mf
خوزستان	Z	Z99
خوست	Z	Z99
خوزقة	Z	Z99
خوزق	O	O4.4
خوزستاني	Z	Z5
خانع	S	S7.1
خنوع	S	S7.1
خملة	O	O1.1
خمل	X	X5.2
خمل-	Z	Z99
خمع-	O	O4.5
خميلة	L	L3
مخمل	O	O1.1
خميني	Z	Z99
مخمن	X	X6/A7
خميص	N	N5
خمص-	Z	Z99
خماسي	N	N5
خميسة	S	S9
خماس	Z	Z99
خميسات	Z	Z99
خمسين	N	N1
مخمس	N	N1
خمش-	B	B2
خماشة	B	B2
خمش	B	B2
خن-	Z	Z99
خنة	Z	Z99
خنوش	Z	Z99
خنوشي	Z	Z99
خنساء	Z	Z99
أخنس	Z	Z99
خناس	Z	Z99
خنشار	L	L3
خنشلة	Z	Z99
خنع-	S	S7.1
خنصر	Z	Z99
خنوص	L	L2mf/T3
خنزواني	S	S7.1+/S2mf
خنازيري	Z	Z99
تخنث	Z	Z99
خنث	O	O4.5
خنث-	Z	Z99
خن	Z	Z99
أخن	Z	Z99
خنثى	S	S2n
خنوثة	Z	Z99
خنزب	S	S9m
خنخن	Z	Z99
مخنث	S	S2.1
مختفى	M	M7/A10
مخفي	A	A10
خاشن	Z	Z99
خشن-	Z	Z99
خشم	B	B1
تخشن	Z	Z99
ٱخشوشن	Z	Z99
ٱختشى	Z	Z99
تخشى	E	E5
أخشن	X	X3.3
خشانة	O	O4.5
خشكار	Z	Z99
خشاف	Z	Z99
خشت	K	K5.1
خشخش	X	X3.2
متخشب	O	O4.5
تخشب	O	O4.1
تخشيبة	Z	Z99
خشخشة	X	X3.2
خشخيشة	X	X3.2
تخشع	Z	Z99
خشع	S	S7.1
خشع-	Z	Z99
خشارة	F	F1
مخشاة	E	E5
خشيان	E	E5
خصفة	O	O2
خاصم	Q	Q2.2
خصف-	A	A5.1+/A2.1
خاصرة	O	O4.2
مخصرة	O	O2
ٱنخصم	Z	Z99
ٱختصم	E	E3
مخاصم	S	S7.3+/S2mf
ٱختصام	A	A6.1
مخاصمة	A	A6.1
خصيم	S	S7.3+/S2mf
تخاصر	S	S3.2
خاصر	O	O2
مخصوص	A	A4.2
خصب-	Z	Z99
خصاصة	I	I1.1
خاشي	E	E5
خصر-	Z	Z99
مخصخص	G	G1.1
مخصاب	O	O4.1
تخشيب	Z	Z99
مخازني	Z	Z99
خزندار	I	I1.1/S2mf
مخزني	S	S7.1
خزنة	A	A15
خزنداري	I	I1.1/S2mf
خزى-	S	S7.2
خزى	G	G2.2
خزي	G	G2.2
ٱستخزى	Z	Z99
أخزى	S	S7.2
خزن-	I	I2.2/H1c
خزامة	O	O4.3
تخزق	Z	Z99
ٱنخزق	Z	Z99
خزق	B	B1
خزق-	A	A1.1.1
خزافة	C	C1
خازوق	Q	Q1.2
خزام	Z	Z99
خزم-	O	O1.1
مختزل	Q	Q1.2/S2mf
خزل-	S	S8
مخزاة	S	S7.2
مخزية	G	G2.2-/A11.1
مخسر	A	A1.1.2
ٱستخسر	S	S1.2.2
مخستك	B	B2
خسف-	B	B4/H5
ٱنخسف	B	B4/H5
خشاش	L	L2mfn
خسوف	W	W1
خسف	G	G2.2
خستكة	Z	Z99
خاسئ	X	X7
خسس	N	N5-/A2.1
خسة	S	S1.2.2
خس-	N	N5-/A2.1
خزيان	G	G2.2
خساس	S	S1.2.2
خسيس	O	O4.2
أخسأ	N	N5
خسئ-	Z	Z99
خسأ-	Z	Z99
تخسيس	N	N5-/A2.1
خصية	Z	Z99
خصاء	Z	Z99
خطى	E	E3
ٱختطى	M	M1
خطام	Z	Z99
خطم	B	B1
خطل	Q	Q2.1
خطو	M	M1
ٱستخف	O	O4.3
خفيفي	Z	Z99
خفان	Z	Z99
خفاف	O	O1.1
خف	B	B5
تخطل	O	O2
خطفة	T	T1.1.2
ٱنخطف	Z	Z99
تخطف	A	A9
خطرفة	Z	Z99
خطيف	O	O2
ٱختطاف	G	G2.1
أخطل	Z	Z99
خطل-	Z	Z99
مختطف	G	G2.1-/S2mf
مخطوف	G	G2.1
خفت-	Z	Z99
خفقة	X	X3.2
خفاق	B	B2
أخفش	S	S1.2.5
مخفقة	M	M2
خافق	Q	Q1.1
خافية	A	A10
خفي-	Z	Z99
خافقي	Z	Z99
خفش	Z	Z99
خفس-	Q	Q2.2/S1.2.4
خفر-	Z	Z99
مختفت	O	O4.5
ٱختفت	Z	Z99
تخفر	Z	Z99
مخفور	S	S8+/A15
خافرة	M	M4fn
مخفر	M	M3/H1c
خفارة	X	X3.4
خطرف	Z	Z99
مخطر	A	A15
خضر-	Z	Z99
خضد-	A	A1.7
خضخضة	B	B2
تخضخض	Z	Z99
ٱخضوضر	Z	Z99
خضري	F	F1/S2mf
خضيراء	Z	Z99
مخضر	F	F1
خضارة	O	O4.3
خضيرة	Z	Z99
خضخض	M	M1
مخضب	O	O4.3
خضة	E	E5
خض	E	E5
خويصة	Z	Z99
مخصي	B	B2-/S3.2
خضب	O	O4.3
ٱخضوضب	Z	Z99
خضيب	O	O4.3
خضوب	O	O4.3
خضاب	O	O4.3
يخضور	Z	Z99
خضرم	A	A13.3
تخاطب	Q	Q2.1
مخطوب	S	S4
خطابة	Q	Q3/X9.1
خطيبة	Z	Z99
تخاطر	I	I1/A1.4
خطران	A	A2.1
خطاري	Z	Z99
خطار	O	O2
خطرة	X	X2.1
ٱختطب	Q	Q2.2
خضل	O	O4.1/O1.2
أخضل	O	O4.1/O1.2
خضل-	Z	Z99
ٱختضع	A	A9
خضرو	Z	Z99
ٱخضل	Z	Z99
خطئ-	G	G2.2-/S9
تخطيطي	X	X7
أخطاط	M	M7
خضم-	F	F1
خوفو	Z	Z99
خولة	Z	Z99
تدرك	Z	Z99
دراك	T	T2
دركة	Z	Z99
متدارك	Z	Z99
درن-	Z	Z99
درمان	Z	Z99
درم	O	O2
درم-	Z	Z99
دركي	G	G2.1/I3.2/S2.2m
درف	A	A4.1
درفة	L	L3
درغام	Z	Z99
دارعة	Z	Z99
دارع	S	S1.2.5
درفل	O	O2
درفلة	N	N3.8
دارك	M	M3
دراق	F	F1
درق	Z	Z99
درفيل	L	L2mfn
أدرن	Z	Z99
تدرن	Z	Z99
دزينة	N	N5
دسس	M	M2
دريم	Z	Z99
دريكس	Z	Z99
درياق	B	B3
تدسس	Z	Z99
ٱندس	G	G2.2-/S2mf
دستايند	Z	Z99
دست	F	F2/O2
دساس	G	G2.1-/S2mf
مدراة	Z	Z99
مدرى	Z	Z99
متدرن	Z	Z99
مدره	Q	Q2.2/S2.2m
تدرني	Z	Z99
درني	Z	Z99
دريهم	I	I1
دروة	H	H2
تدارى	M	M7/A10
درواس	L	L2
دروز	Z	Z99
دروري	Z	Z99
تدريع	G	G3
دراعة	B	B5
دربكة	Z	Z99
درباس	Z	Z99
دربسة	Z	Z99
دربس	Z	Z99
دراج	F	F1
درد-	Z	Z99
مندرج	E	E4.2
مدرجة	O	O1.1
دريبة	Z	Z99
دربة	A	A1.1.1
دري	O	O4.3
مدرار	A	A1.1.1
ددي	Z	Z99
ديدن	S	S1.1.1
إدرار	N	N5.1
دربزين	H	H2
دراماتورجي	Z	Z99
دراء	F	F1
دريئة	X	X7
تدارأ	Q	Q2.2
أدرد	Z	Z99
دردي	O	O1.1
درسدن	Z	Z99
درش	Z	Z99
دوارس	A	A1.1.2
دريس	Z	Z99
تدرع	Z	Z99
درعي	Z	Z99
ٱدرع	Z	Z99
تدارس	Z	Z99
درزية	Z	Z99
دردار	Z	Z99
دردور	Z	Z99
دردرة	N	N3.8
دردر	N	N3.8
دردبيس	Z	Z99
درديري	Z	Z99
درزي	S	S9/S2mf
درز	B	B5
درز-	C	C1
دردش	Q	Q2.1
دستورية	Z	Z99
دسر-	M	M2
دفؤ-	Z	Z99
دفأ	O	O4.6
دفئ-	Z	Z99
دفية	B	B5
أدفأ	O	O4.6
تدفأ	Z	Z99
دفاء	O	O4.6
دفآن	O	O4.6
دفئ	O	O4.6
ٱستدفأ	Z	Z99
دفيف	Z	Z99
دفف	N	N3.8
داغصة	B	B1
داغل	J	JJ
دغص-	Z	Z99
دغيشة	W	W2
دغش	W	W2
مدغل	A	A5.2
أدغم	O	O2
دف-	O	O2
ٱدغام	A	A1.8
ٱدغم	O	O2
ٱندغم	Z	Z99
دفاءة	O	O4.6
دفاية	O	O2
دفلى	Z	Z99
ٱندفن	Z	Z99
دفاق	Z	Z99
دفقة	W	W3
دفوق	A	A1.1.1
دفينة	I	I1.1
داق	Z	Z99
ٱستدق	Z	Z99
ٱندق	Z	Z99
دفق	A	A1.1.1
ٱندفق	Z	Z99
دفر	X	X3.1
دفر-	X	X3.5
دفترخانة	Z	Z99
دفس-	M	M7/A10
ٱستدفع	Z	Z99
دفق-	Z	Z99
مدافعة	S	S8
مدفعجي	G	G3/S2mf
أدغش	Z	Z99
دغري	O	O4.4
مداشر	Z	Z99
تدشيني	S	S9/A1.1.1
دشرة	Z	Z99
دشت	A	A5.1
دشيش	F	F1
تدشى	X	X3.2
دعيع	Z	Z99
دعابة	E	E4.1
دعب	E	E4.1
تداعب	Z	Z99
دعب-	E	E4.1
تدسى	M	M1
ديسم	Z	Z99
دواسر	Z	Z99
دسكرة	M	M7
داسر	M	M4/O2
دسار	Z	Z99
دسر	M	M2
دسلدورف	Z	Z2
دسام	O	O2
دسومة	O	O4.5
دسامة	O	O4.5
أدسم	O	O1
دعاب	E	E4.1
دعبوب	Z	Z99
داعية	A	A2.2
مستدعي	Q	Q2.2
دعاوة	G	G1.2
أدعى	N	N5
تداعم	Z	Z99
مستدعى	G	G3/S2mf
دغدغة	Z	Z99
داغر	Z	Z99
دغرى	E	E3
دغر	E	E3
دغر-	E	E3
تدعم	Z	Z99
داعوق	Z	Z99
دعيج	Z	Z99
دعر-	Z	Z99
أدعج	O	O4.3
مدعبل	B	B2
دعبل	L	L2mfn
دعر	G	G2.2
دعسة	O	O4.4
ٱندعس	Z	Z99
دعس-	E	E3
داعر	G	G2.2
دوادمي	Z	Z99
داخى	O	O4.2
دالاس	Z	Z2
دالتون	Z	Z99
داكس	Z	Z99
داكار	Z	Z2
داكا	Z	Z99
داليا	Z	Z99
داما	Z	Z99
دانتيلا	Z	Z99
دانتيل	Z	Z99
داميانو	Z	Z99
دامرونغ	Z	Z99
دافينشي	Z	Z99
دافيدي	Z	Z99
دارفارين	Z	Z99
داركو	Z	Z99
دادة	S	S7.1+/S2.1f
داتش	Z	Z2
دابهول	Z	Z99
داروم	Z	Z99
داريل	Z	Z99
دافوس	Z	Z99
داف	Z	Z99
داغستان	Z	Z99
داشل	Z	Z99
دانفورث	Z	Z99
دانمارك	Z	Z2
ديباج	Z	Z99
ديباجة	O	O4.1
دويببة	L	L2mfn
مدب	T	T2
دباب	N	N3.8-/A2.1
تدبيج	C	C1
مدبج	O	O4.2+/A2.1
مدبدب	O	O4.4
دبدوبة	Q	Q2.1
دبدبة	X	X3.2/M1
دبدب	X	X3.2/M1
دبة	W	W3
دبب	A	A1.1.1
دانييل	Z	Z1m
داهومي	Z	Z99
دانيلينكو	Z	Z99
دانيلوفيتش	Z	Z99
دانماركي	Z	Z2
داو	Z	Z3
دايد	Z	Z99
دايتون	Z	Z99
داية	B	B3/I3.2/S2.1f
داونر	Z	Z99
أدأب	N	N5
دئب	S	S7.1
خوي-	Z	Z99
خاوى	S	S3.1
خؤون	S	S6
مخاوي	S	S4
خوة	S	S5+c
ٱستخار	Z	Z99
خاير	S	S7.3
تخيب	X	X9.2
خية	O	O2
خوون	S	S6
ٱستخون	X	X2.1/A5.1
خؤولة	Z	Z99
خوولة	Z	Z99
خولي	S	S7.1+/S2mf
تخويل	A	A9
خولو	Z	Z99
ٱختان	G	G2.2-/S2mf
تخون	S	S8
خون	X	X2.1/A5.1
خوليت	Z	Z99
خيرالله	Z	Z99
تخايل	A	A5.4
خيلولة	S	S1.2.3
خائط	C	C1
تخييل	A	A5.2
تخيلي	A	A5.1
دؤوب	T	T2
تخيم	S	S2.1/A8
ٱختيال	E	E4.2+/S1.2
خيطي	O	O1.1
خيشة	O	O2
خياري	S	S6
خيرت	Z	Z99
خيرية	S	S8+/S5+c
خورى	A	A5.1
مخير	Z	Z99
خيزوران	L	L3
خيسوس	Z	Z99
خيسان	A	A1.1.2
خيس	K	K1/T1.3
خاس-	K	K1/T1.3
دبر-	T	T1.3
تدابر	Z	Z99
دحرجة	N	N3.8
تدحرج	N	N3.8
دحرج	O	O2
مدحور	P	P1/G2.1
داحس	G	G2.1-/S2mf
دحش-	O	O2
دحوض	B	B2
أدحض	A	A5.2
دحض-	Z	Z99
ٱندحش	S	S1.1.3
ٱندحار	X	X7
دحر	M	M1
دجوركايف	Z	Z99
تدحدح	M	M1
داجي	O	O4.3
مداجاة	A	A6.1-/X2.1
دياجي	W	W2
دحدح	O	O4.4
دحداح	O	O4.4
ٱدحر	A	A1.1.2
ٱندحر	A	A1.1.2
دحر-	M	M2
مدحاض	A	A5.2
دحل	O	O2
تدخن	Z	Z99
دخن	Z	Z99
دخن-	O	O1.3
دخمسة	A	A5.2
دخنة	O	O1.3
داخنة	H	H2
مدخنة	H	H2
دخاخني	F	F3/S2mf
دخينة	F	F3
دخمس	A	A5.2
متدخل	S	S1.1.3
مدحى	O	O2
دخس	L	L2mfn
أدحية	Z	Z99
دحا-	O	O4.4
دحلان	Z	Z99
دخلة	Z	Z99
دخولية	Z	Z99
دخيلة	Z	Z99
دجى	O	O4.3
داجى	O	O4.4
دبق	Z	Z99
دبق-	O	O2
مدبغ	Z	Z99
دباغ	O	O1.1/S2mf
دبك	Z	Z99
دبلوماسية	S	S1.2.4
دبلن	Z	Z2
دبلة	Q	Q1.3
دبكة	Z	Z99
دباغة	B	B1/W4
ٱندبغ	Z	Z99
دبور	Z	Z99
دبرة	S	S9
دبري	T	T4
ٱستدبر	Z	Z99
إدبار	M	M1
دبرياج	A	A1.7
دوبارة	O	O2/F4
دبارة	O	O2/F4
دبيت	Z	Z99
دبيه	Z	Z99
دجل	G	G2.2
دجن-	M	M8
دجل-	A	A5.2
ديجوري	W	W2
دجن	E	E3
دجنبر	T	T1.3
دجنة	W	W2
أدجن	W	W2
دجر-	Z	Z99
مدجج	Z	Z99
ٱدثر	Z	Z99
دثار	N	N5.1
تدثر	Z	Z99
دثر	O	O2
دثر-	Z	Z99
مدثور	T	T1.1.1
دج-	Z	Z99
دجة	Z	Z99
دج	L	L2mfn
تدجج	Z	Z99
دجج	B	B1
جزة	B	B5/O1.1
جريس	Z	Z99
إيفانيسيفيتش	Z	Z99
إيفواري	Z	Z2
إيفانيتش	Z	Z99
إيفانوف	Z	Z99
إيفاندو	Z	Z99
إيفون	Z	Z99
إيفيان	Z	Z99
إيقونة	C	C1/S9
إيقوني	C	C1/S9
إيفيكا	Z	Z99
إيفيرت	Z	Z99
إيفيت	Z	Z99
إيفالد	Z	Z99
إيغور	Z	Z99
إيستيبان	Z	Z99
إيسلاندي	Z	Z2
إيست	Z	Z99
إياس	E	E4.1
أيس	E	E4.1
إيسيذوروس	Z	Z99
إيغلز	Z	Z99
إيغدور	Z	Z99
إيغاد	Z	Z99
أيضي	B	B1
أيكة	L	L3
إيكهارد	Z	Z99
أيمة	Z	Z99
أيوم	Z	Z99
أيائم	Z	Z99
تأيم	Z	Z99
آم-	Z	Z99
إيمانويل	Z	Z1m
إيميليو	Z	Z99
أيمي	Z	Z1f
إيمرسون	Z	Z99
إيمرتون	Z	Z99
إيليوت	Z	Z1m
إيليت	Z	Z99
أيلي	L	L2mfnc
إيل	Z	Z99
إيكونوميك	Z	Z99
إيكونوميست	Z	Z99
إيكورينيم	Z	Z99
أيلاند	Z	Z99
إيلاهي	Z	Z99
إيلي	Z	Z99
إيلويلو	Z	Z99
أيلولة	A	A2.1+/A6.1
إيلوار	Z	Z99
إيزيس	Z	Z99
إيزي	Z	Z99
إيوائي	H	H1
مأوى	A	A15+/M7
إواء	H	H4
أوى	H	H1/A10
متأوه	Q	Q2.2/X3.2
أويحيى	Z	Z99
أويين	Z	Z99
أيار	Z	Z1f
إياجو	Z	Z99
إياتا	Z	Z99
آيا	Z	Z2
تأوه	Q	Q2.2/X3.2
آهة	Q	Q2.2/X3.2
أونسينس	Z	Z99
أونغتراكول	Z	Z99
أونسكو	Z	Z3
أونسال	Z	Z99
أونروا	Z	Z3
أونو	Z	Z99
أونسة	N	N3.5
أونلاين	Z	Z99
أونطجي	Z	Z99
أونطة	G	G2.2
أياكس	Z	Z3c
أيان	Z	Z99
إيدي	Z	Z1m
إيدينغتون	Z	Z99
إيدكس	Z	Z99
إيدروجيني	O	O1.3
إيدروجين	O	O1.3
أيرس	Z	Z99
إيرفاين	Z	Z99
أيزوتوب	Z	Z99
إيريس	Z	Z1f
إيريال	B	B1/L2
إيركوتسك	Z	Z99
إيدال	Z	Z99
تأييدي	E	E2
إيتار	Z	Z99
إيتام	Z	Z99
إيتا	T	T1.2
إيبولا	Z	Z99
إيبرلي	Z	Z99
أيثير	Z	Z99
إيتشيبيريا	Z	Z99
إياد	Z	Z99
تأيد	Z	Z99
إيجور	Z	Z99
إيجه	Z	Z2
تأين	Z	Z99
باستيل	O	O4.3
باسكي	Z	Z2/S2mf
باستيا	Z	Z99
باستل	Z	Z99
باسبور	G	G1.1/Q1.2
باسكوال	Z	Z99
باسو	Z	Z99
باسيلان	Z	Z99
باسيل	Z	Z99
باسيدجي	Z	Z99
بئيس	E	E4.1
بئسما	Z	Z99
باريوم	O	O1.1
بازار	I	I2.2/M7
باريزيان	Z	Z99
باريبا	Z	Z99
باري	Z	Z2
بازنر	Z	Z99
بازوبند	B	B5
ٱبتأس	Z	Z99
تباءس	Z	Z99
بأس-	Z	Z99
باشجاويش	Z	Z99
باشحكيم	Z	Z99
بافل	Z	Z99
بافلوف	Z	Z99
بافس	Z	Z99
بافاريا	Z	Z2
باغرام	Z	Z99
باكال	Z	Z99
باكتيريا	L	L2c
بالتاسار	Z	Z99
بالبيد	Z	Z99
بالاثيو	Z	Z99
باكتيري	L	L2
باغة	O	O1.1
باعليم	Z	Z99
باشمهندس	Z	Z99
باشوي	Z	Z99
باشمفتش	Z	Z99
باشمفتي	Z	Z99
باشكاتب	Z	Z99
باشان	Z	Z99
باشك	Z	Z99
باعشير	Z	Z99
باعبيد	Z	Z99
باشكايا	Z	Z99
باشقرد	Z	Z99
بارون	S	S7.1+/S2.2m
بارنيساندنوبل	Z	Z99
بؤبؤ	P	P1/S2mf
بابوية	S	S7.1+/S9/Z1m
بأبأ	Q	Q2.1
أيوديا	Z	Z99
إيهودا	Z	Z99
باباموبيل	Z	Z99
باباندريو	Z	Z99
بابور	M	M4fn
بابوج	B	B5
بابه	Z	Z99
بابلو	Z	Z99
أئيل	Z	Z99
إينيرجي	Z	Z99
مؤين	Z	Z99
متأين	Z	Z99
تأيين	Z	Z99
أيوني	O	O1
أيون	O	O1
أينتراخت	Z	Z99
إينرجي	Z	Z99
إينكفيست	Z	Z99
إينفانتي	Z	Z99
إينغي	Z	Z99
إينزاغي	Z	Z99
بابونج	L	L3
بابيتشيف	Z	Z99
بارتنرز	Z	Z99
بارتو	Z	Z99
باربر	Z	Z1mf
باربادوس	Z	Z2
بارانويا	B	B2-/X1
بارفان	B	B4
بارقليط	Z	Z99
بارنز	Z	Z99
بارنتس	Z	Z2
بارما	Z	Z99
بارلور	Z	Z99
بارانوف	Z	Z99
بارجوائي	Z	Z2/S2mf
باتون	Z	Z99
باجبير	Z	Z99
باتلر	Z	Z1mf
باتل	Z	Z1mf
باتسته	Z	Z99
باجيو	Z	Z99
بأر-	X	X5.1
بارجواي	Z	Z2
باراشوت	M	M5
بارادورن	Z	Z99
بويرة	Z	Z99
أونديكاني	Z	Z99
أوندو	Z	Z99
أنكلوسكسوني	Z	Z2
أنكولا	Z	Z2
أنكلوسكسون	Z	Z2
أنكلزة	Z	Z99
تأنكلز	Z	Z99
أنكولي	Z	Z2
أنموفيك	Z	Z99
أنى	T	T1
ٱستأنى	A	A7
أنود	O	O3
أنمون	L	L3
أنكلز	Z	Z99
إنكا	Z	Z99
أنقري	O	O4.1
أنقلز	Z	Z99
متأنق	O	O4.2
تأنق	O	O4.2
مؤنق	E	E4.2
تأنقلز	Z	Z99
أنقلزة	Z	Z99
آنك	S	S7.1
أنقليس	L	L2mfn
إنقليزية	Z	Z2
إنقليزي	Z	Z2
إنياكي	Z	Z8mf
أواب	E	E4.1
مآب	S	S6
أوبة	M	M6
أواكس	Z	Z99
مستأهل	S	S1.1.4
آيب	T	T1.1.3
أوباسانجو	Z	Z99
أوابك	Z	Z99
أوبراين	Z	Z99
أوبرادوفيتش	Z	Z99
أوبب	Z	Z99
متأهل	A	A1.2+/I3.2
آهل	S	S2
أنيمي	B	B2
أنييلي	Z	Z99
أنيمومتر	O	O1/W4
أنيسون	F	F1
إنيرجي	Z	Z99
إهاب	B	B1
إهابي	B	B1
أهلاوي	Z	Z5
أهل-	Z	Z99
إنسي	S	S2
تأنس	Z	Z99
آنس	K	K1
أنس-	Z	Z99
إنسية	S	S9
أنسية	S	S9
مؤانسة	Z	Z99
تأنيس	Z	Z99
مأنوس	A	A6.2
أوانس	S	S2.1f
إنرون	Z	Z3c
إنديك	Z	Z99
أندرييفو	Z	Z99
إندستريز	Z	Z99
أندريف	Z	Z99
أندريوتي	Z	Z1mf
أندريو	Z	Z99
أندورا	Z	Z2
أندوري	Z	Z2/S2mf
إنديفور	Z	Z99
أنديز	Z	Z2
إنديانابوليس	Z	Z2
إنديانا	Z	Z2
إيناس	S	S1.2.4
مؤنس	S	S1.2.4
أنغوليم	Z	Z99
أنفة	E	E4.2+/S1.2
أنغولي	Z	Z2
أنغولا	Z	Z2
أنطونيوس	Z	Z99
مؤتنف	T	T3+/S1.1.1
ٱستئنافي	Z	Z99
آنق	Z	Z4
أنق-	Z	Z99
إنفوكوم	Z	Z99
أنفرس	Z	Z2
أنطونيو	Z	Z1m
أنطونوف	Z	Z99
إنش	N	N3.7
أنشوجة	F	F1
أنستاي	Z	Z99
مستأنس	E	E3+/L2
أنشيلوتي	Z	Z99
أنشينيه	Z	Z99
أنطوني	Z	Z99
أنطولوجي	X	X2.1/A3
أنطولوجيا	X	X2.1/A3
أنطلياس	Z	Z99
أوبرج	F	F2/H1
أوبزيرفر	Z	Z3c
أوفيرا	Z	Z99
أوفييدو	Z	Z99
أوفيتز	Z	Z99
أوفقير	Z	Z99
أوفست	A	A6.1
أوق	A	A12
أوقة	Z	Z99
أوكاس	Z	Z99
أوكالبتوس	Z	Z99
أوكازيون	Z	Z99
أوك	Z	Z99
أوفرول	Z	Z99
أوف	Z	Z99
أوشية	S	S9/Q2.2
أوضة	H	H2
أوشعياهو	Z	Z99
أوسيتيا	Z	Z99
أوسترافا	Z	Z99
أوغست	Z	Z99
أوغلو	Z	Z99
مأوف	A	A1.1.2
مؤوف	A	A1.1.2
أوغور	Z	Z99
أوغندي	Z	Z2/S2mf
أوكسيداز	Z	Z99
أوكسير	Z	Z99
أوليفا	Z	Z99
أوليفيرا	Z	Z99
أوليجاريو	Z	Z99
أولوموك	Z	Z99
أولوسيغون	Z	Z99
أوليفييرا	Z	Z99
أولييت	Z	Z99
أونترهاخينغ	Z	Z99
آن-	M	M1
أوم	Z	Z99
أوام	B	B1/F2
أولغا	Z	Z99
أولسون	Z	Z99
أويل	Z	Z99
إوالة	O	O2
أولية	A	A11.1
إيالة	S	S7.1+c
أوكيناوا	Z	Z99
إوالي	O	O2
إوالية	O	O2
أولريك	Z	Z99
أولامي	Z	Z99
أولاف	Z	Z99
أولاء	Z	Z8mfn
أوساكا	Z	Z2
أوساسونا	Z	Z99
تأود	Z	Z99
أود-	O	O4.4
أوجلان	Z	Z99
أوجاريتي	Z	Z99
أودة	A	A12
أوديب	Z	Z1m
أواري	Z	Z99
أوديو	K	K3
أودينيزي	Z	Z99
أوديسة	Z	Z3
أوجاريت	Z	Z99
أوتيل	H	H4/H1
أوترخت	Z	Z2
أوتوبيس	M	M3fn
أوتارانشال	Z	Z99
أوتار	Z	Z99
أوت	Z	Z1m
أوتوجراف	Q	Q1.2
أوتوستراد	Z	Z99
أوتي	Z	Z99
أوتوميكس	Z	Z99
أوتوماتي	A	A1.1.1/S5
أوتوقراطي	S	S7.1
أوراسكوم	Z	Z99
أوراسيا	Z	Z99
أورومتوسطي	Z	Z99
أوروي	Z	Z2
أوروغوياني	Z	Z99
أورنيك	X	X4.2
أورلاندو	Z	Z1m
أوري	Z	Z99
أوريخا	Z	Z99
أوزيريس	Z	Z99
أوزيرة	Z	Z99
أوريسوفيتش	Z	Z99
أوريغون	Z	Z2
أورنمو	Z	Z99
أورشليم	Z	Z2
مؤورب	Z	Z99
متأورب	Z	Z99
تأورب	Z	Z99
أورانوس	Z	Z99
أوراسي	Z	Z99
أوربان	Z	Z99
أورثوذكس	Z	Z99
أوردو	Z	Z2/Q3
أوروغواياني	Z	Z99
أورجوائي	Z	Z99
أورثوذكسي	Z	Z99
بالتيانسكي	Z	Z99
بالستية	Y	Y1/X2.4
بريدة	Z	Z99
بردخ	B	B4
بردى	Z	Z99
بارودة	G	G3
بردخة	B	B4
بردعة	O	O2
بردورة	A	A1.7
بردقوش	Z	Z99
برداق	O	O2
برادعي	Z	Z99
برادة	Z	Z99
مبارحة	M	M1
تباريح	Z	Z99
براح	T	T2
أبرح	Z	Z99
براد	O	O4.6-/O3
ٱبترد	Z	Z99
تبرد	Z	Z99
برديس	Z	Z99
برديكو	Z	Z99
برشم	X	X3.4
برشمة	X	X5.2
برشت	Z	Z99
براش	Z	Z99
أبرش	O	O4.3
برشامة	O	O2
برشامجي	X	X5.2
برص	Z	Z99
برص-	Z	Z99
برشومي	Z	Z99
برشام	Z	Z99
برش	H	H5
برسيم	L	L3
ٱبترز	A	A5.1
بريزة	Z	Z99
برذون	Q	Q2.2
براذعي	Z	Z99
برذعة	O	O2
برسام	Z	Z99
برزوق	M	M3/H3
برزان	Z	Z99
برجمة	B	B1
برجيس	Z	Z1/W1
ٱستبراء	B	B4
براخا	Z	Z99
إبراء	G	G2.1
مبارأة	S	S4
بروء	B	B2
برادشو	Z	Z1mf
برادلي	Z	Z99
برافدا	Z	Z99
براغ	Z	Z2
برازافيل	Z	Z99
براديش	Z	Z99
برء	B	B2
بارئ	A	A1.1.1
مبرور	Z	Z4
تبرر	Z	Z99
متبذل	O	O4.2
ٱبتذال	G	G2.2
براني	M	M6
برأ-	A	A1.1.1
ٱستبرأ	Z	Z99
تبرأ	Z	Z99
برأ	G	G2.2
برافو	A	A5.1
براكاش	Z	Z99
برجي	Z	Z99
بريج	Z	Z99
تبرج	O	O4.1
برتوتو	Z	Z99
برتوغالي	Z	Z2
بارجة	M	M4/G3fn
تبرجز	Z	Z99
برجاس	Z	Z99
براجز	S	S5/I1.1
متبرجز	G	G1.2
بربيس	Z	Z99
بربيش	O	O2
برانيكوف	Z	Z99
براين	Z	Z1m
براندي	F	F2
براماتارسكي	Z	Z99
براكيو	Z	Z99
براينت	Z	Z99
بربة	M	M7
بربوش	Z	Z99
متبربر	E	E3
بربر	Q	Q2.1
بربخ	Z	Z99
أبرص	Z	Z99
برمي	Z	Z2
برماوي	Z	Z99
برما	Z	Z2
بريمي	Z	Z99
إبرامي	Z	Z99
برمائي	M	M3/M4
برماننت	T	T2
برمهات	Z	Z99
برمق	O	O4.4
تبرمج	Z	Z99
برمج	Y	Y2
مبرم	X	X6
ٱنبرم	Z	Z99
برم-	B	B5
متبرم	E	E3
برامة	O	O2
مبروم	O	O4.4
بريمية	O	O2
بريمة	O	O2
بريم	O	O2
برمودا	Z	Z2
برمودي	Z	Z99
برهي	T	T1.2
برهما	Z	Z99
بريهة	Z	Z99
برانس	Z	Z2
برنجك	O	O1.1
برهمة	Z	Z99
برهمي	S	S5
بروبان	O	O1.3
بروارد	Z	Z99
برهمن	S	S5
برهمية	Z	Z99
برامجي	Z	Z99
برنية	Z	Z99
برنار	Z	Z1mf
برنز	O	O4.3
برنادوت	Z	Z99
برن	Z	Z2
برمودة	Z	Z99
برنزة	Z	Z99
مبرنز	B	B1/W4
برنقة	Z	Z99
برنق	O	O1
برنيطة	Z	Z99
تبرنط	B	B5
برلوسكوني	Z	Z99
برلمانية	Z	Z99
برعوم	L	L3
تبرعم	X	X7
أبرع	N	N5
برغر	Z	Z3
برغش	L	L2
بريق	O	O4.3
برفير	O	O4.3
برغي	O	O2
برغل	Z	Z99
برعي	Z	Z99
برطوز	M	M4/S5+c
برطع	M	M1/N3.8+/L2
بروض	F	F4
برض-	F	F4
برصة	Z	Z99
برطل	G	G2.2-/I1.1
تبرطل	Z	Z99
برطمان	H	H1/H4
برطوم	Z	Z99
برطم	Z	Z99
برطيل	G	G2.2-/I1.1
مبرق	O	O4.3
بريكة	Z	Z99
بركاء	Z	Z99
ٱستبرك	Z	Z99
تبرك	Z	Z99
أبرك	N	N5
مبروك	Q	Q2.2
تبريك	S	S8
بركاني	W	W3
بركار	O	O2/M6
براريك	G	G3/H1c
مباركي	Z	Z99
برك-	O	O4.1/B1
برقوقي	F	F1
تبرقش	Z	Z99
برقش	Z	Z99
برقة	Z	Z99
برقشة	O	O4.3
مبرقش	Z	Z99
برقوق	F	F1
برقع	B	B5
تبرقع	Z	Z99
تبذل	X	X5.2
مبذل	B	B5
بثر-	Z	Z99
تبثر	Z	Z99
منبث	Q	Q4.3
ٱنبث	Z	Z99
بثير	Z	Z99
بجا	Z	Z99
بثينة	Z	Z99
بثق-	Z	Z99
باتيستوتا	Z	Z99
باتولا	Z	Z99
بتل	A	A1.1.1
تبتل	Z	Z99
بتل-	A	A1.1.1
تبتيك	A	A1.1.1
بتك	A	A1.1.1
ٱنبتل	Z	Z99
بتول	S	S3.2
بتلة	L	L3
بتولية	Z	Z99
بتولي	S	S3.2
بجح-	E	E4.1
بجم	Z	Z99
بجن	X	X6
بجم-	Z	Z99
بجل	B	B2
تبجل	Z	Z99
بحح	Z	Z99
أبح	Z	Z99
مبحبح	B	B2
بحبوحة	I	I1.1
بحبوح	E	E4.1
تبحبح	Z	Z99
بجع	L	L2mfn
بجادي	O	O1.1
أبجر	O	O4.2
بجاح	Z	Z99
بجح	E	E4.1
متبجح	Z	Z99
بجس-	Z	Z99
بجس	Z	Z99
بجيس	M	M1
ٱنبجس	M	M4
تبجس	M	M4
بتاع	Z	Z99
باتع	S	S1.2.5
بانوفا	Z	Z99
بانياس	Z	Z99
بانوس	Z	Z99
بانورامي	N	N5.1
بانوراما	X	X3.4
بانيتشباكدي	Z	Z99
بانيك	Z	Z99
باومان	Z	Z99
باولينو	Z	Z99
باوليتا	Z	Z99
باولا	Z	Z1f
بانكورست	Z	Z99
بانطلون	B	B5
باليرمو	Z	Z99
باماكو	Z	Z99
باليار	Z	Z99
بالطو	B	B5
بالسيلس	Z	Z99
بانتش	Z	Z3c
بانتوميم	K	K4
باندوندو	Z	Z99
بانداج	B	B3/O2
بانتيو	Z	Z99
بانتيليف	Z	Z99
بؤونة	Z	Z99
باونتي	Z	Z99
بتار	O	O4.4
بتراء	Z	Z3c
ٱنبتر	Z	Z99
مبتوت	A	A1.1.1
تبتيت	X	X6
بترا	Z	Z3c
بترك	S	S4m
أبتع	B	B5
بترون	Z	Z99
بتروليوم	Z	Z99
بتروستراتيجي	Z	Z99
بتية	O	O2
بتت	X	X9.2
بايتس	Z	Z1mf
بايتون	Z	Z99
بايبل	Z	Z99
بايا	Z	Z99
باوند	Z	Z99
باير	Z	Z99
بايرن	Z	Z99
بايون	Z	Z99
باينليخ	Z	Z99
باين	Z	Z99
بايكون	Z	Z99
باحت	A	A7+/Q2.1
بدلية	S	S8
بدال	O	O2
ٱبتداعي	T	T3
بديعي	A	A11.2
أبداع	A	A5.1
بدالة	Z	Z99
مبادل	Z	Z99
بدن-	Z	Z99
مستبدل	A	A2.1
إبدال	A	A2.1
ٱستبدع	Z	Z99
بدور	Z	Z99
بدرخان	Z	Z99
ٱبتدر	Z	Z99
مبتدأ	T	T2
بدائية	Z	Z99
بدراوي	Z	Z99
بدروم	H	H2
بدرو	Z	Z1m
بدراغ	Z	Z99
بدونة	O	O4.2
بادن	N	N3.2
بذخ-	Z	Z99
بذخ	O	O4.2
بذاء	S	S1.2.4
بذيء	O	O4.2
بذئ-	Z	Z99
بذر-	L	L2fn
ٱبتذل	A	A1.9
مبذر	Z	Z99
بذيرة	B	B2
بذأ-	E	E2
بذاذة	O	O4.2
بدائه	S	S5
بداة	X	X7
بديهة	Z	Z99
ٱبتده	A	A1.4
باده	X	X2.6
بادية	W	W3
بوادي	Z	Z99
باذ	O	O4.2
بذ-	A	A5.1
بديكير	B	B4
مبدي	Q	Q1.1
بداءة	T	T2
بديئة	T	T2
بحراني	Z	Z2/S2mf
بحش-	A	A1.1.1
متبحر	X	X2.4
بحران	A	A12
بخ-	N	N5
بخيخة	O	O1.2
مبخوت	A	A1.4
بخت	A	A1.4
بخ	A	A5.1
مبخة	O	O2
بحراوي	Z	Z99
بحرة	W	W3/M4
تباحث	Q	Q2.2
بحتري	O	O4.4
بحتر	O	O4.4
مباحتة	A	A7+/Q2.1
بحثر	M	M1
تبحثر	Z	Z99
ٱستبحر	N	N3.2+/A2.1
بحر-	Z	Z99
مبحثر	Z	Z99
بحثرة	N	N5.2
بختر	O	O2
تبختر	O	O2
بخنق	B	B5
بخا-	N	N5
مبخلة	S	S1.2.2
بخل	S	S1.2.2
تباخل	Z	Z99
أباديد	M	M1
ٱستبدادي	A	A1.4
بدأة	T	T2
بادأ	T	T2+/S2mf
مبدد	Z	Z99
ٱستبدادية	S	S7.1
أبخق	N	N1
بخر	Z	Z99
أبخر	O	O4.2
بخر-	O	O1.3
بخترة	J	JJ
بويخرة	Z	Z99
بخس	I	I1.3/A2.1
بخع-	Z	Z99
بخشيش	I	I1
باخس	N	N3.2
أبخس	N	N3.2
أندرية	Z	Z1f
أندريس	Z	Z99
أرشيدوق	Z	Z99
أرشمندريت	S	S9/S2m
أرش	I	I1/A15
أرسنال	Z	Z99
أرضة	Z	Z99
مأرضة	L	L2
أرضروم	Z	Z99
مؤرض	J	JJ
تأريض	P	P1
أريض	N	N3.7
أرسطاطليس	Z	Z1m
أرساخانوف	Z	Z99
أردبيل	Z	Z99
أردبيلي	Z	Z99
إردبة	Z	Z99
أردب	Z	Z99
أرخيبوف	Z	Z99
أردو	Z	Z2/Q3
أردواز	O	O1.1
أريس	F	F4/S2mf
إريس	F	F4/S2mf
أرس-	Z	Z99
أرزدرخت	Z	Z99
أرطة	G	G3/S5+c
أرطقة	X	X2.1
إرلندي	Z	Z2/S2mf
أرلين	Z	Z99
إرلندا	Z	Z2
أريكسون	Z	Z1mf
إركي	Z	Z99
أرم-	B	B1
أرم	Z	Z99
مئرم	L	L3
أرومة	L	L3
إرم	W	W3
أركة	Z	Z99
أرقة	L	L2
أرفة	N	N5.1
أرفي	W	W3/I3.2/S2mf
أرف	X	X2.4
أرغن	B	B1
أراطيقي	S	S9/S2mf
أرفية	O	O4.3
أريفة	Z	Z99
أرق-	Z	Z99
أرفيداس	Z	Z99
أرفنبرغ	Z	Z99
أرخميدي	Z	Z99
أرخميد	Z	Z99
أراي	Z	Z99
أراو	Z	Z99
أرانتشا	Z	Z1f
آرامية	Z	Z99
آرب	Z	Z99
أرب	X	X7
آراب	X	X7
أراجوز	Z	Z99
إذاية	B	B2
تأذن	X	X2.3
أذربيجاني	Z	Z99
أذربيجان	Z	Z99
آذار	T	T1.3
أذين	B	B1
أذينة	Z	Z99
أذاة	B	B2
تأذى	Z	Z99
مأذونية	K	K1/T1.3
مأذون	S	S7.4
أربية	B	B1
أرج	Z	Z99
متأرجح	A	A2.1
تأرج	Z	Z99
أرجواني	O	O4.3
أراخنة	Z	Z99
أرخن	Z	Z99
أرجيلة	Z	Z99
أرجون	O	O1.3
أرج-	Z	Z99
أرثرز	Z	Z99
إربيان	L	L2
أربيل	Z	Z99
إربدي	Z	Z5
إربد	Z	Z99
أربي	Z	Z99
أرتقة	X	X2.1
أراتيقي	S	S9/S2mf
أرتوراس	Z	Z99
أرتورو	Z	Z99
أرتور	Z	Z99
أرتموف	Z	Z99
إرميا	Z	Z99
أرميتاج	Z	Z1mf
إسباجيتي	F	F1
إسبارطة	Z	Z99
أساياس	Z	Z99
أسيسة	I	I2.1/S8
أسية	N	N3.2+/A2.1
إسبانخ	F	F1
إسبانيول	Z	Z99
إسبور	K	K5.1
إسبرتو	F	F2
إسبرانتو	Z	Z99
إسبداج	Z	Z99
آزور	Z	Z2
آزوتي	O	O1.3
تأزم	Z	Z99
آزم	Q	Q2.2
أزم	A	A5.1-/A2.1
أزلية	T	T2
تأزق	Z	Z99
مأزوم	Z	Z99
تأزيم	E	E3
أزنار	Z	Z99
إزميل	O	O2
إزمير	Z	Z2
أسبست	O	O1.1
ٱستي	B	B1
إستيلي	Z	Z99
ٱستأسد	Z	Z99
أستيكة	Z	Z99
أستيك	Z	Z99
إستوني	Z	Z2
مأسد	L	L2mfn
ٱستأسر	S	S7.1
مأسور	Z	Z99
تأسير	B	B5
أسروي	H	H4
إستونيا	Z	Z2
أستون	Z	Z2
إستبرق	O	O4.1
إسترادا	Z	Z99
إستانة	Z	Z99
إستاتيكي	M	M8
إستاتيكا	Z	Z99
إستروجيني	B	B1
أستريا	Z	Z2
إستنبولي	Z	Z5
أستك	O	O4.5
إستغماية	X	X3.4-/B2
إستريلا	Z	Z99
أزق-	Z	Z99
آزفة	M	M6
ريحاوي	Z	Z5
أريغوي	Z	Z99
إريتري	Z	Z99
أرياني	Z	Z99
إريال	B	B1/L2
أرينا	Z	Z99
أرييه	Z	Z99
أزب	M	M4
أزب-	M	M4
أز	X	X3.2
تأزز	O	O2
أروية	Z	Z99
أرنبي	L	L2mfn
إرنست	Z	Z1m
أرناوطي	Z	Z2
أرناوط	Z	Z2/S2mf
أرمينيا	Z	Z2
أرنهم	Z	Z99
إرنيستا	Z	Z99
أرون	Z	Z1m
أروبي	Z	Z2
أروبا	Z	Z2
أرنيك	X	X4.2
مئزاب	B	B4/H2
إزب	O	O4.4
مئزر	B	B5
تآزر	S	S1.1.3
أزر	S	S1.2.5
ٱئتزر	Z	Z99
متآزر	S	S8
مؤتزر	S	S8+/S2mf
أزفة	M	M6
أزوف	X	X4.2
أزف	X	X4.2
أزف-	X	X4.2
تأزر	Z	Z99
أوزفالدو	Z	Z99
أزتيك	T	T1.1.1/S2mf
أوزفالد	Z	Z1m
أوزبكستاني	Z	Z99
أوزبكستان	Z	Z2
أزتيكي	T	T1.1.1/S2mf
أزج	L	L2
أزر-	M	M6
أزدرخت	Z	Z99
أزوح	X	X5.2
أديلتون	Z	Z99
أدائي	A	A1.5.2
أبيدجان	Z	Z99
أبيرل	Z	Z99
آبي	X	X5.2
إباءة	Q	Q2.2/Z6
أبوجا	Z	Z99
أبيزيد	Z	Z99
أبيك	Z	Z99
أتال	Z	Z99
أتاغي	Z	Z99
أتاتوركي	Z	Z99
أتاتورك	Z	Z99
أبوا	K	K2
أبومازن	Z	Z99
أبواثنين	Z	Z99
أبوالراغب	Z	Z99
إباوة	S	S4
أبوية	S	S2.2/S7.1
أبنوس	Z	Z99
أبوبكر	Z	Z99
أبوثنين	Z	Z99
أبوغنيم	Z	Z99
أبوشنب	Z	Z99
أبوزيد	Z	Z99
أبوردينة	Z	Z99
أتالانتا	Z	Z99
أتاناس	Z	Z1m
أثيري	Z	Z99
مؤثث	H	H5
أثيث	A	A13.3
تأثث	Z	Z99
إيثارية	S	S1.2.2
تأثري	C	C1
أثل	A	A7+/A2.1
أثول	A	A7+/A2.1
أثل-	A	A7+/A2.1
أثفية	Z	Z99
أثث	H	H5
أثاثة	N	N5
مأتمي	L	L1-/S1.1.1
مأتمة	Z	Z99
مأتم	L	L1-/S1.1.1
أتلتيكو	Z	Z99
إتزيون	Z	Z99
إتنية	S	S5
أتون	O	O4.6
أث-	Z	Z99
أتيلا	Z	Z1
ٱستأتى	Z	Z99
واتى	Z	Z99
أبنودي	Z	Z99
تأبيني	L	L1-/S1.1.1
مئبر	L	L3
تأبير	B	B3
إبري	O	O2
أبر-	B	B2
مؤبر	B	B3/S2mf
أبرام	Z	Z1m
إيبرشي	S	S9/M7
أبرشي	S	S9/M7
أبراميس	L	L2
أبرامس	Z	Z99
تأبد	Z	Z99
مؤبد	L	L1
أباجور	H	H5
أباتشي	Z	Z2/S2mf
أباتي	Z	Z99
إب	Z	Z99
أبابة	E	E1/T1.1.1
أبود	T	T2
تأبيد	Z	Z99
آبد	Z	Z6
أبدية	T	T2
أبرون	Z	Z99
إبريز	Z	Z99
أبق-	A	A1.7
أبق	A	A1.7
إبطي	B	B1
إبط	B	B1
أباضية	Z	Z99
آبق	A	A1.7-/S2mf
إبلي	L	L2
إبليز	Z	Z99
أبلمانس	Z	Z99
إبالة	O	O2
أبلة	S	S5
أباضي	Z	Z99
إباضية	Z	Z99
أبزن	Z	Z99
إبستيمولوجيا	Z	Z99
إبزيم	B	B5
إبريسم	O	O1.1
إبريزي	O	O4.3
إبستيمولوجي	Z	Z99
أبشير	Z	Z99
مأبضي	Z	Z99
أبضي	Z	Z99
مأبض	Z	Z99
أبض	Z	Z99
تأثل	Z	Z99
أدب-	Q	Q2.2
آدب	Q	Q2.2
أخينوس	Z	Z99
أخور	H	H1
تأدب	Z	Z99
مؤدب	B	B2
تأديب	G	G2.1
أواخي	B	B5
تآخي	S	S5+c
آخى	S	S1.2.1
تأخى	Z	Z99
خوي	Z	Z99
أخطبوط	L	L2
آخرة	T	T1.1.3
تآخى	S	S1.2.1
أخوية	S	S5+c
إخاوة	Z	Z99
إخاوي	S	S5
آخية	O	O2
إخوانية	S	S5+c
متأدب	S	S1.2.4
إدرميد	Z	Z99
إدواردز	Z	Z99
إدواردو	Z	Z99
أدميرال	G	G3/S7.1+/S2mf
أدميرا	Z	Z99
إدموندو	Z	Z99
أدولف	Z	Z1m
أدولفو	Z	Z99
ٱستأدى	Q	Q2.2
تأدى	A	A9
أدوميم	Z	Z99
أدوم	Z	Z99
إدموند	Z	Z1m
إدمونتون	Z	Z2
أدريانو	Z	Z1m
إدلب	Z	Z99
أدريان	Z	Z1m
أدرياتيك	Z	Z2
أدرنة	Z	Z99
أدلشتاين	Z	Z99
أوادم	Z	Z99
إدمون	Z	Z99
إدام	N	N3.2
أدمة	B	B1
أخروية	Z	Z99
مؤاخذة	G	G2.1
أثيوبي	Z	Z2
أجاويد	Z	Z99
أثيلين	Z	Z99
إثنولوجي	Z	Z99
إثنولوجيا	Z	Z99
أجيج	O	O4.6
أجاج	Z	Z99
تأجيج	W	W2
إثنوجرافيا	Z	Z99
إثمد	O	O1.1
مؤثل	N	N3.7
أثم	G	G2.1
أثيلي	Z	Z99
أثيل	N	N3.7
أثلة	Z	Z99
تأثم	A	A1.7
أثيم	G	G2.2
أثمة	G	G2.2
تأثيم	G	G2.2-/S9
مأثم	G	G2.1
متأجج	O	O4.6
أجبية	Z	Z99
أجون	X	X3.1
آجن	A	A5.1
أجمية	B	B2
أجمة	L	L3
تأجيلي	T	T4
أحاد	N	N1
آحين	B	B1/O1
أخيذة	G	G2.1-/A9
أخيذ	G	G2.1/S2mf
أحمداباد	Z	Z99
آحيني	Z	Z99
ٱستأجل	Z	Z99
أجل-	A	A7
أجري	I	I1.1/I3.1
أجيرة	I	I3.1/B4/S2.1f
تأجر	Z	Z99
آجر	A	A9
أجر-	S	S1.1.4
مأجوري	I	I1.1/I3.1
أجارة	I	I1.1/I3.1
إجاصة	F	F1
تأجري	Z	Z99
إيجاري	Z	Z99
إسرافيل	Z	Z99
أسرب	S	S7.1
مؤلمس	O	O1.1
ألمن	Z	Z99
ألماسي	O	O1.1
ألم-	E	E4.1
ألكلة	Z	Z99
تألمن	Z	Z99
ألمنة	Z	Z99
إلاه	S	S9
ألوهة	S	S9
تأله	Z	Z99
ألميدا	Z	Z99
ألكساندرا	Z	Z99
إليكترا	Z	Z1mf
ألفباء	Z	Z99
ألفبائي	Z	Z99
ألفاريز	Z	Z99
ألفارو	Z	Z99
ألفا	Q	Q3
ألفيركا	Z	Z99
إلفيس	Z	Z1m
إلكترود	O	O3
ألكاتو	Z	Z99
ٱئتلق	W	W2
ألفين	Z	Z99
تأليه	Z	Z99
إلهانان	Z	Z99
إليشا	Z	Z99
إليعازر	Z	Z99
إليسيو	Z	Z99
أليسيو	Z	Z99
أليساندرو	Z	Z99
أليكس	Z	Z1mf
أليكسيس	Z	Z1mf
ٱئتم	A	A6.1
تأمم	Z	Z99
أمم	Z	Z99
إليوشن	Z	Z99
أليخاندرو	Z	Z99
أليزابيث	Z	Z1f
ألور	Z	Z99
ألوف	Z	Z99
ألوة	L	L3
إيلاء	Q	Q2.2
آلى	A	A7+/Q2.1
ألونزو	Z	Z99
تألية	A	A1.1.1/S5
إلياهو	Z	Z99
إليان	Z	Z99
آلاء	S	S8
ألية	B	B1
متآلف	K	K2
إكوادور	Z	Z2
إكوادوري	Z	Z99
أكوا	Z	Z99
أكمي	W	W3
أكمة	W	W3
إكيوس	Z	Z99
ألافيس	Z	Z99
ألاباما	Z	Z99
لئلا	Z	Z5
إل	Z	Z5
إكليركي	Q	Q1.2
متأكل	Z	Z99
آكلة	B	B2
مؤاكل	Z	Z99
ٱئتكل	A	A1.1.2
أكال	B	B2
أكالي	B	B2
ٱئتكال	A	A1.1.2
أكول	X	X7/N5
أكيل	X	X7/N5
ألاي	G	G3/S5+c
تألب	S	S1.1.1
ألف-	A	A3
ٱئتلف	Z	Z99
إلعال	Z	Z99
ألسكندر	Z	Z1m
مؤلس	Q	Q2.2
ٱستألف	Z	Z99
إيلاف	S	S5
مؤالفة	A	A2.1
تألفية	Z	Z99
تألفي	A	A5.4
تأليس	Q	Q2.2
ألزامورا	Z	Z99
ألبي	Z	Z99
ألبرتا	Z	Z99
مؤلب	Z	Z99
تأليب	S	S1.1.1
ألبرتو	Z	Z1m
ألبرتيني	Z	Z99
ألزاس	Z	Z2
ألتايسك	Z	Z99
ألتاي	Z	Z99
ألبانيا	Z	Z2
أمومي	S	S4
أمومية	Z	Z99
تأنيث	Z	Z99
مؤنث	S	S2.1
تأنث	Z	Z99
أنث	Z	Z99
أنث-	Z	Z99
أنثراكس	B	B2
أنثروبولوجيا	X	X2.4/S2
أنجرليك	Z	Z99
إنجاص	F	F1
أنجالي	Z	Z99
أنثروبولوجي	X	X2.4/S2
أنتيمون	O	O1.1
أنتيكة	T	T3
إنتربول	Z	Z99
إنترفاكس	Z	Z99
أنتربرايز	Z	Z3fn
إنتر	Z	Z3c
إنترناسيونالي	Z	Z99
إنترنتي	Y	Y2
أنتيكخانة	T	T1.1.1/H1c
إنتيجرال	Z	Z99
أنتوني	Z	Z1m
إنتليجنس	Z	Z99
تأنجل	Z	Z99
أنجلة	Z	Z99
أندرلخت	Z	Z99
أندرو	Z	Z1m
أندرسون	Z	Z1mf
أندرتون	Z	Z99
إندبندنت	Z	Z3c
أندراوس	Z	Z1m
أندروبوف	Z	Z99
أندرياس	Z	Z99
أندريا	Z	Z1f
أندري	Z	Z1m
أندروز	Z	Z99
أندانغ	Z	Z99
أنخيلو	Z	Z1m
أنجلزة	Z	Z99
أنجلوسكسون	Z	Z2
تأنجلز	Z	Z99
أنجلز	Z	Z99
إنجلبرت	Z	Z99
أنجلوسكسوني	Z	Z2
أنجليكاني	S	S9
أنخيل	Z	Z2
أنجيلو	Z	Z1m
أنجولي	Z	Z2
أنجولا	Z	Z2
إنبيق	Q	Q2.2
أمرك	Z	Z2/A6.1
تأمرك	Z	Z99
ٱستئمارة	A	A4.1
متآمر	G	G2.1-/S2mf
مؤمر	S	S7.1
إمروز	Z	Z99
آمال	Z	Z3
إمعي	A	A1.4/A1.5.1
إمع	Z	Z4
أمشير	Z	Z99
أمارة	Q	Q1.1
ٱئتمر	X	X7
أماندا	Z	Z1f
إمبابة	Z	Z99
أمازيغية	Z	Z2
أمادورا	Z	Z99
أميمة	Z	Z99
أمباساد	G	G1.1/S7.1+/S5
إمبريال	S	S7.1
تأمر	Z	Z99
إمبيريالية	G	G1.1/X2.1
إمبيريالي	G	G1.1/S2mf
ٱئتمن	E	E6
تأنان	Q	Q2.2/E2
أناتولي	Z	Z99
أناستازيا	Z	Z99
أنبج	F	F1
أنباشي	B	B1
أنبا	S	S9/S2m
أناييس	Z	Z99
أميلكار	Z	Z99
أمنستي	Z	Z3c
أمنيبوس	Q	Q4
مستأمن	Z	Z99
أماني	Z	Z99
ٱستأمن	Z	Z99
أمهري	Z	Z99
آموري	Z	Z99
أميرالي	G	G3/S7.1+/S2mf
أميبة	L	L2
أمونيوس	Z	Z99
أموس	Z	Z1m
أكاف	Z	Z99
أكشاي	Z	Z99
أسيتون	O	O1
أسيتيلين	O	O1.3
أسياد	Z	Z99
أسوشيتد	Z	Z99
أسوجي	Z	Z99
أسيوطي	Z	Z5
أشب-	Z	Z99
إشبيلي	Z	Z5
أشابة	O	O1.1
تأشب	Z	Z99
أسوج	Z	Z2
مؤسي	E	E4.1
تأسى	Z	Z99
تآسى	Z	Z99
آسى	O	O3
متأسن	A	A5.1
آسن	B	B2
أسيان	B	B2
مؤاسي	E	E3
مؤاساة	S	S8
تأسية	S	S8
مأسوية	Z	Z99
إشبيلية	Z	Z2
أصطرلاب	Z	Z99
إصفهان	Z	Z99
إصطبل	A	A2.1
مأصر	S	S8
إصر	Q	Q2.2
إصفهاني	Z	Z5
آصفي	Z	Z99
أصيلة	Z	Z99
تأصل	Z	Z99
أصل-	Z	Z99
إصقالة	H	H1
إصداء	A	A1.1.1
تأصيد	A	A1.1.1
مئشار	O	O2
إشفى	O	O2
تأشيري	Q	Q1.2
أشكينازي	Z	Z99
أشنة	L	L3
أشناني	Z	Z99
أشنان	Z	Z99
أسون	A	A2.1
تأسن	A	A2.1
إسقالة	H	H1
إسقربوط	B	B2
إسفيني	O	O2
إسفين	O	O2
إسفانخ	F	F1
إسقربوطي	B	B2
أسقفي	S	S9
إسكتلندي	Z	Z99
إسكتش	C	C1
إسكالوب	F	F1
أسقفية	S	S9/S7.1
متأسف	Z	Z4
مأسوف	E	E4.1
إسطفان	Z	Z99
إسطقس	A	A4.1
أسطرلاب	Z	Z99
إسطانبولي	Z	Z5
أسرل	Z	Z99
أساطين	A	A11.1+/S2mf
أسيف	Z	Z4
تأسف	Z	Z4
أسفاه	Z	Z99
إسكتلنديارد	Z	Z99
إسكربوط	B	B2
مؤسل	O	O4.4
إسلامبولي	Z	Z5
تأسيل	A	A1.1.1
أسالة	O	O4.4
أسيل	O	O4.5
إسلاندا	Z	Z2
إسلاندي	Z	Z2
أسمرا	Z	Z99
أسمانجوني	O	O4.3
إسماعيلية	Z	Z99
مؤسلم	Z	Z99
أسلي	O	O4.4
أسلة	Q	Q2.1
إسكندر	Z	Z99
إسكندينافيا	Z	Z2
إسكملة	H	H5
إسكلة	M	M7/M4
إسكربوطي	B	B2
إسكندينافي	Z	Z2
إسكوا	Z	Z99
إسكيماوي	Z	Z2/S2mfc
إسكيمو	Z	Z2/S2mfc
إسكودو	Z	Z99
تأصيلة	S	S4
أقة	Z	Z99
أقرباذين	B	B3
أقاقيا	Z	Z99
أفيوم	B	B3
أفينتاخادو	Z	Z99
أقرباذيني	B	B3
أقط	A	A11.1
إقليمية	Z	Z99
أقلم	A	A6.2+/A2.1
إقليدس	Z	Z1m
إقليدي	Z	Z99
أفيغدور	Z	Z99
أفيش	Q	Q1.2
أفين	S	S1.2.6
مأفون	S	S1.2.6
أفن	S	S1.2.6
أفن-	Z	Z99
أفلوطين	Z	Z99
أفندي	S	S2.2m
أفندم	Z	Z99
أفي	Z	Z99
أفوكاتو	Q	Q2.2/S2mf
أفورقي	Z	Z99
أفنيري	Z	Z99
مؤقلم	A	A2.1
إقونة	C	C1/S9
إكستريور	Z	Z99
أكسج	O	O1.3
إكسترا	N	N5
إكسبورت	Z	Z99
إكسبو	Z	Z3c
تأكسج	Z	Z99
أكسجيني	J	JJ
تأكسد	Y	Y1
أكسد	O	O1.1
أكريليك	O	O1
مؤاكر	F	F4/S2mf
أكازيون	Z	Z99
أكبوبوري	Z	Z99
أكاديمية	S	S5+c
أكادير	Z	Z99
أقيانوسي	Z	Z2
إكتروني	O	O3
تأكيدي	A	A7
مؤاكرة	F	F4
إكارة	F	F4
أكار	F	F4/S2mf
آكر	F	F4/M7
أفلاطونية	Z	Z99
أفلاطوني	Z	Z99
أغادير	Z	Z99
أغاسي	Z	Z99
أغا	Z	Z99
أطوم	W	W3/M4
أطم	Z	Z99
إغناطيوس	Z	Z99
إغناسيو	Z	Z99
أفف	E	E4.2
تأفف	Q	Q2.2/E2
أغورة	Z	Z99
أطامي	Z	Z99
أطام	Z	Z99
متآصل	Z	Z99
أطيط	Z	Z99
ٱستئصالي	A	A1.1.2
تآصلي	Z	Z99
تآصل	Z	Z99
أطر-	O	O4.4
أطر	O	O2
أطلانطقي	Z	Z2
أطلانتيك	Z	Z2
أطرغلة	Z	Z99
إطاري	O	O2
أفرام	Z	Z99
آفاقي	Z	Z99
مئفاق	Z	Z99
إفشين	Z	Z99
أفسيت	A	A6.1
أفسنتين	L	L3
مئفاقي	Z	Z99
أفك-	A	A5.2
أفاك	A	A5.2-/S2mf
أفيكة	A	A5.2
أفوك	M	M1
أفك	M	M1
آفرين	A	A5.1
أفريل	Z	Z1f
إفريست	Z	Z2
أفرو	Z	Z2
إفريز	A	A1.7
إفراييم	Z	Z99
أفراهام	Z	Z99
أفروأسيوي	Z	Z2
أفرق	Z	Z99
أفريكانر	Z	Z2/S2mf
متأفرق	Z	Z99
أفرقة	Z	Z99
تأفرق	Z	Z99
بروتستو	Q	Q2.2
بروتوكول	G	G2.1
متلفز	Q	Q4.3
تلفن	Q	Q1.3
تلفز	Q	Q4.3
متلف	A	A1.1.2
متلوف	A	A1.1.2
تلفيت	Z	Z99
تلفيتي	Z	Z5
تلمذ	Z	Z99
تلماذ	X	X2.3
تليمة	Z	Z99
تلكس	Q	Q1.3
متلاف	A	A1.1.2
متلفة	W	W3
أتلع	O	O2
تلعة	W	W3
تلسكوبي	N	N3.3
تلسكوب	O	O2/Y1
تليس	O	O2
تليع	N	N3.7
تلغراف	Q	Q1.3
تلفان	A	A1.1.2
تلف-	Z	Z99
تلغرافي	Z	Z99
تلمسان	Z	Z99
تلمساني	Z	Z5
تمبل	Z	Z2
تمرجي	B	B3/S2mf
تمبروولفز	Z	Z99
تمباك	F	F3
تمارا	Z	Z99
تامر	Z	Z99
تيموري	Z	Z99
تانئ	H	H4
تمن	F	F1
تمغة	Q	Q1.2
ٱستتمام	T	T2
تتميم	T	T2
متتله	X	X2.5
تلهامي	Z	Z99
تاله	X	X2.5
تله-	Z	Z99
تلمود	Z	Z99
ٱستتلى	T	T2
تتمة	T	T2
تميمة	B	B5/A10-/S9
تميمي	Z	Z99
ٱستتم	Z	Z99
تلاد	A	A9+/S4
تالد	A	A9+/S4
تطوان	Z	Z99
أتعاب	A	A2.2/A12
تشيني	Z	Z99
تشيلوبا	Z	Z99
تعبان	B	B1
تعس-	L	L1
تفيدة	Z	Z99
تفافة	Z	Z99
تفف	S	S7.1
متعوس	O	O4.2
تشيلر	Z	Z99
تشيلدرنز	Z	Z3c
تشاندا	Z	Z99
تشانغ	Z	Z1
تشارلتون	Z	Z1mf
تشادي	Z	Z99
تسوهاتسوبولوس	Z	Z99
تشاينا	Z	Z2
تشريني	T	T1.3
تشيكوسلوفاكي	Z	Z2
تشيكوسلوفاكيا	Z	Z2
تشيرنوميردين	Z	Z99
تشلسي	Z	Z2
تفرديتش	Z	Z99
تفكة	G	G3
تكنوقراط	Z	Z99
تكنوقراطي	Z	Z99
تكريتي	Z	Z5
تكريت	Z	Z99
تكرز	Z	Z99
تكنيك	X	X4.2
تكنيكي	Y	Y1
تلحامي	Z	Z99
تلتلة	A	A12
تلباثي	Z	Z99
تلاوي	Z	Z99
تكتكة	T	T1.3
تكتك	Q	Q1.2
متفلة	Z	Z99
تفه-	Z	Z99
تفل	Z	Z99
تفال	B	B1
تفه	A	A11.1
تكة	B	B5
تك-	Q	Q1.2
أتفه	N	N5
تنوب	L	L3
تنبر	Q	Q1.2
تيروسين	Z	Z99
تيري	Z	Z99
تيرانا	Z	Z99
تيرامين	Z	Z99
تيرغات	Z	Z99
تيريزا	Z	Z1f
تيزي	Z	Z99
تيفودي	B	B2
تيفود	B	B2
أتيس	S	S1.2.6
تيس	S	S1.2.6
تيخيتش	Z	Z99
تيتسوو	Z	Z99
توهة	S	S4f
تويست	O	O4.4
توه	A	A5.2
تونسة	Z	Z99
توين	Z	Z99
تويني	Z	Z99
تيتانوس	B	B2
تيبور	Z	Z99
تيبازه	Z	Z99
تياترو	K	K4/H1
تيفوس	B	B2
تيك	Z	Z99
تيهومير	Z	Z99
تيوميوجا	Z	Z99
تيهة	M	M7
تيهاء	O	O4.2
تيهان	X	X2.5
ثئب-	B	B1
ثؤباء	N	N3.2
ثؤلول	B	B2
تثألل	Z	Z99
ٱثأر	Z	Z99
أثأر	Z	Z99
تياه	M	M1
تينينبوم	Z	Z99
تيلي	Z	Z99
تيليكوم	Z	Z3c
تيلستروم	Z	Z99
تتييل	A	A1.7
تيل	O	O3
تينيسي	Z	Z99
تينيت	Z	Z99
تيماوي	Z	Z99
تيماء	Z	Z99
تونجا	Z	Z99
تونج	O	O4.3
توبل	F	F1
توبوغرافيا	Y	Y1/W3
توبكس	Z	Z99
توباغو	Z	Z2
تواب	Z	Z99
توبوغرافي	Z	Z99
توتال	Z	Z3c
تتوج	Z	Z99
توتي	O	O1.1
توتيا	O	O1.1
توتسي	Z	Z2/S2mf
متوأم	S	S5+/M7
توأمة	S	S5+c
تنبال	T	T1.3
تنجستين	O	O1.1
تنبل	X	X5.2-/S1.2
تنباك	F	F3
متنبر	Z	Z99
تنزانيا	Z	Z2
تنزاني	Z	Z99
تهته	Q	Q2.2/B2
تنوة	Z	Z99
تنكجي	Z	Z99
تنكة	Z	Z99
تيجاني	Z	Z99
تاجي	Z	Z99
تائق	X	X5.2
توكة	Z	Z99
توقان	X	X7
توسكاي	Z	Z99
توسكا	Z	Z99
توما	Z	Z99
توماسي	Z	Z99
تونة	F	F1
توميانوفيتش	Z	Z99
تومي	Z	Z1m
توماهوك	Z	Z99
توزيل	Z	Z99
توزيا	Z	Z99
توداي	Z	Z99
تورا	Z	Z99
تود	Z	Z99
توجو	Z	Z2
تويج	B	B5
توربيد	G	G3
توربين	O	O2
تورينو	Z	Z99
توريس	Z	Z99
تورنيدو	Z	Z3fn
توربيني	O	O2
تسوبيل	Z	Z99
تسعمائة	Z	Z99
تاكيس	Z	Z99
تاكين	Z	Z99
تاكاهارا	Z	Z99
تأق	B	B2
تاس	Z	Z99
تاكيناردي	Z	Z99
تالاهاسي	Z	Z99
تامبر	Q	Q1.2
تامبا	Z	Z2
تاليباو	Z	Z99
تالبوت	Z	Z1mf
تازي	Z	Z99
تازه	T	T3
بيومغنطيسي	Z	Z99
بيهاري	Z	Z99
بيومي	Z	Z99
بيوغرافي	S	S2
بيوغرافيا	Q	Q4.1
بييرو	Z	Z99
تابيوكا	Z	Z99
تاراني	Z	Z99
تاديران	Z	Z99
أتأر	X	X3.4
تأتأة	Z	Z99
تامل	Z	Z2
تانزانيا	Z	Z2
تبر-	A	A1.1.2
تبر	O	O1.1
تبتي	Z	Z99
ٱستتباب	A	A2.1
تب	L	L1
تبرية	B	B2
تبريزي	Z	Z5
تابعية	G	G1.1c
ٱستتباع	Z	Z99
تبائع	S	S8+/S2mf
تايلور	Z	Z1mf
تايلندي	Z	Z2
تانيلا	Z	Z99
تاهيتي	Z	Z2
تانيا	Z	Z1f
تانسو	Z	Z99
تانزاني	Z	Z99
تاواتشاي	Z	Z99
تايكواندو	Z	Z99
تايغا	Z	Z99
تايتان	Z	Z99
تاوان	Z	Z99
بيوركمان	Z	Z99
بينون	Z	Z99
بيغن	Z	Z99
بيغوفيتش	Z	Z99
بيغاوان	Z	Z99
مبتاع	I	I2.2/S2mf
ٱبتياع	I	I2.2
بيفتيك	F	F1
بيفيرلي	Z	Z2
بيكهام	Z	Z99
بيكلير	Z	Z99
بيكر	Z	Z1mf
بيكتل	Z	Z3c
مبايعة	S	S5
بياع	I	I2.2/S2.2m
بائض	L	L2
مبيضة	Z	Z99
تبييضة	Z	Z99
تبييض	O	O4.3
بياضة	Z	Z99
بيطر	Z	Z99
بيطرة	L	L2
ٱبتاع	I	I2.2
ٱنباع	Z	Z99
تبايع	I	I2.2
بيكين	Z	Z2
بيكينغهام	Z	Z99
تبايني	A	A6.1
إبانة	A	A10
مبيان	Q	Q1.2/N2
أبيناء	Q	Q3/X9.1
بائنة	S	S4/I1/A9
مبيونة	N	N3.3
بينوشيه	Z	Z99
بينديكسين	Z	Z99
بينالي	N	N6
ٱستبين	G	G1.2
ٱستبان	A	A7+/Q2.2
بيلهارسيا	Z	Z99
بيلوبا	Z	Z99
بيلزبوري	Z	Z99
بيلاروس	Z	Z1
بيلاتشي	Z	Z99
بيليفيلد	Z	Z99
بيلين	Z	Z99
بيمارستان	B	B3/H1c
بيليون	Z	Z99
بيليه	O	O1.1
تبولة	F	F1
متبول	S	S3.2
تترف	Z	Z99
ترفي	I	I1.1
أترف	Z	Z99
ترف-	Z	Z99
ترغل	Z	Z99
ترفة	I	I1.1
ترفل	O	O2
متاركة	G	G3
تريكي	Z	Z99
تريكة	S	S3.2-/S2.1f
ترفاس	Z	Z99
ترغا	Z	Z99
أترع	O	O1.1
تترح	E	E4.1
ترزي	B	B5/S2mf
أترح	E	E4.1
ترح-	E	E4.1
تترس	G	G3
ترع-	Z	Z99
ترسو	Z	Z99
مترس	O	O2
ٱستترك	Z	Z99
تتريك	Z	Z99
ترياتلون	Z	Z99
ترياق	B	B3
ترويكا	Z	Z99
تروسييه	Z	Z99
تروب	M	M5/S5+c
تريز	Z	Z99
تريزيا	Z	Z99
ترينيدادي	Z	Z2/S2mf
ترينيداد	Z	Z2
تريليونير	Z	Z99
تروادي	Z	Z3
ترواده	Z	Z99
تركماني	Z	Z2
تركمانستان	Z	Z2
تركستاني	Z	Z99
تركستان	Z	Z99
تركتر	M	M3fn
تركمانستاني	Z	Z2
ترمبيط	K	K2
ترهة	K	K4
ترنج	Z	Z99
ترمومتر	O	O4.6
ترمس	Z	Z99
ترجيدي	E	E4.1
ترجيديا	E	E4.1
تحتمس	Z	Z99
تختة	S	S7.1+/S5+c
تحتاني	M	M6
أتحف	T	T1.1.2
تختخ	A	A5.2
تختروان	Z	Z99
أتخم	Z	Z99
تاخم	M	M7/G1.1
تخم-	X	X6
تويجري	Z	Z99
متجري	I	I2.1
متبن	L	L3
تتراسايكلين	Z	Z99
تبانة	Z	Z3m
تبان	Z	Z99
تبن	F	F1
تتك	O	O2
تتل	Z	Z99
ٱتجر	I	I2.2
تجر	Z	Z99
تجر-	I	I2.2
تتنوس	B	B2
ٱتخم	Z	Z99
تخمة	B	B2
ترابة	O	O1.1
تيراب	Z	Z99
تترب	Z	Z99
أترب	Z	Z99
تريبة	B	B1
مترب	O	O4.1
تربين	O	O2
تربنتين	O	O1.2
ترباس	O	O2
تربس	O	O2
تارب	S	S3.1
تراجيديا	E	E4.1
تراخوما	Z	Z99
ترابيزة	H	H5
تدمري	Z	Z5
متخوم	Z	Z99
ترام	Z	Z99
تران	Z	Z99
ترب-	Z	Z99
ترايل	Z	Z99
ترانسفير	M	M6/A2.1
ترانسفورم	O	O3
ثالاسيميا	Z	Z99
ثأى	B	B2
جخ-	S	S1.2.3+/Q2.2
جخاخ	Z	Z99
جحيمي	O	O4.2
تجحفل	N	N5
مجحف	G	G2.2
جخف-	S	S1.2.3+/Q2.2
جدود	Z	Z99
أجدب	L	L3-/F4
جدب-	Z	Z99
مجددي	Z	Z99
مجدود	A	A1.4
إجحاف	G	G2.1
أجحف	A	A1.1.2
ٱنجحر	M	M7/A10
ٱجتحر	Z	Z99
جحر-	M	M7/A10
جاحد	N	N3.5
جحد	Q	Q2.2/Z6
جحش	Z	Z99
جحوش	Z	Z99
جاحف	M	M1
جحف-	A	A4.1
جحوظ	Z	Z99
جحظ-	X	X3.4
جدوبة	A	A1.5.2
جديب	L	L3-/F4
جدل-	O	O4.4
مجداف	M	M4/O2
مجدف	M	M4/S2mf
جدف	N	N4
مجدال	H	H1
جديلة	B	B5
جذذ	Z	Z99
جدولة	X	X7+/T1
جداء	A	A5.1
مجاديل	H	H1
جدف-	N	N4
جدعون	Z	Z99
جادر	Z	Z99
مجدور	Z	Z99
جدح-	A	A1.1.1
جدجد	K	K5.1
جدث	E	E4.1
مجدر	Z	Z99
مجدرة	Z	Z99
جداعي	Z	Z99
جدع	T	T3-/S2mf
أجدع	A	A1.1.2
جدع-	B	B3
جحد-	Q	Q2.2/Z6
مجثى	H	H5
مجبل	Z	Z99
جبن-	Z	Z99
جباليا	Z	Z99
جبلاية	M	M7
جبلاوي	K	K5.1/S2mf
تجبن	O	O4.2
جبانة	E	E5-/S1.2
أجبن	N	N5
جبيني	M	M6
جبلة	Z	Z99
جبروت	S	S1.2.5
جابرية	Z	Z99
جبيرة	B	B3
جبوري	Z	Z99
جبرية	S	S7.1-/E1
متجبر	S	S7.1+/S2mf
جبل-	A	A2.1
جباسة	Z	Z99
مجبنة	Z	Z99
تجبين	Z	Z99
جثم-	A	A12
جثمة	M	M8
جثليق	Z	Z99
جثل	N	N3.7
جثير	Z	Z99
جثام	X	X4.1/A5.1
جثماني	B	B1
جثوة	Z	Z99
جثو	O	O4.1/B1
جثا-	O	O4.1/B1
جاثم	A	A8
مجتث	M	M6/A2.1
ٱجتث	M	M2
جبى-	S	S9/Q1.1
ٱجتبى	X	X7
تجبيه	S	S8
تجابه	A	A1.1.1
جبه-	A	A1.1.1
جباية	A	A9
جبائي	I	I1/G1.1
جث-	M	M2
جتاية	S	S7.1
جتا	Z	Z99
مجبى	I	I1.1/G1.1
تجذذ	Z	Z99
جذاذة	A	A5.3
جرسية	B	B5
جرسون	I	I3.1/F1/S2.2m
جرسة	G	G2.1-/Q2.2
جرس-	Q	Q1.3
جرسونة	I	I3.1/F1/S2.1f
جرش-	O	O2
جاروشة	Z	Z99
جراش	A	A1.1.2/O2
جريش	A	A1.1.2
جرزة	O	O2
جرز-	A	A1.1.2
ٱجترح	A	A1.1.1
مجروح	B	B2
ٱنجرح	Z	Z99
جرجس	Z	Z99
ٱجتراح	X	X9.2+/S7.3
جرد-	N	N3.3
جردل	O	O2
تجريدة	Z	Z99
جرض-	M	M3/O2
جرامز	B	B1
ٱجترم	G	G2.1
أجرم	G	G2.2-/S9
جرن	O	O2
جرنال	Q	Q4.2
جريج	Z	Z1m
ماجريات	A	A3+/A11.1
جراية	S	S1.1.2
جروسة	N	N5.1
جرم-	B	B2
جركسي	Z	Z2/S2mf
جرع	Z	Z99
ٱجترع	B	B1
جرع-	A	A1.1.1
جريض	B	B2
أجرض	E	E5
جراغ	Z	Z99
ٱجترف	Z	Z99
جركس	Z	Z2/S2mf
مجرفة	O	O2
مجرف	W	W4
جرجير	Z	Z99
جرجر	F	F1
جذم-	G	G1.1/I1c
أجذل	Z	Z99
جذم	L	L3
جذام	B	B2
جذمور	K	K5.1
مجذوم	Z	Z99
أجذم	A	A1.1.2
جذامة	L	L3
جذل-	E	E4.1
مجذاف	M	M4/O2
متجاذب	Z	Z99
منجذب	O	O4.2
مجذوب	O	O4.2
أجذب	N	N5
جذر-	M	M2
جذف	N	N4
جذعة	N	N6
تجذير	A	A2.1
ٱنجذر	Z	Z99
جارور	H	H5
جربز	Z	Z99
جربندية	B	B5
جربزة	G	G2.2
جربذ	Z	Z99
جربذة	G	G2.2
جربوع	Z	Z99
تجرثم	F	F4
جرجرة	X	X3.2
تجرجر	Z	Z99
جراج	M	M3/H1
جريب	Z	Z99
مجرور	M	M2
جرأ	S	S8
ٱنجراري	Z	Z99
جارورة	O	O2
ٱجترأ	Z	Z99
جراءة	E	E5+/S1.2
أجرب	B	B2
جرانيتي	O	O1.1
جرانيت	O	O1.1
مجترئ	O	O4.1
ٱنجبر	Z	Z99
جبذ-	M	M2
مثاقفة	O	O2
ثقل-	Z	Z99
تثقف	Z	Z99
ثاقف	H	H2
ثقف-	Z	Z99
مثقال	N	N3.5
ثقالة	N	N3.5
ثقلة	E	E6
ٱستثقل	Z	Z99
إثقاب	W	W2
ثفن-	Z	Z99
ثافن	S	S5
ثفل	O	O1.1
أثفل	Z	Z99
ثفر	Z	Z99
ثفنة	Z	Z99
ثقب-	O	O2
ثقابة	Z	Z99
ٱنثقب	Z	Z99
تثقب	Z	Z99
أثقب	W	W2
تثقيل	A	A11.1
متثاقل	N	N3.8
أثلج	W	W4
ثلج-	Z	Z99
مثلوثي	Z	Z99
تثلج	O	O4.6
مثلجة	O	O4.6
ثلم	O	O4.5
ثلم-	Z	Z99
مثلج	O	O4.6
تثليثي	Z	Z99
تثليث	Z	Z99
ثل-	S	S7.1
ٱنثل	Z	Z99
ثاكل	A	A9
ثكل	L	L1
أثكل	Z	Z99
ثلة	G	G3/S5+c
ثلب-	Q	Q2.2/E2
ثلاثين	T	T3
ثالب	Q	Q2.2/A5.2
مثلبة	A	A5.1
ثلب	Q	Q2.2/A5.2
ثاغي	L	L2/X3.2
ثغاء	L	L2/X3.2
ثج-	M	M4
ثجاج	M	M1
مثبنة	Z	Z99
ثبن-	O	O4.4
ٱنثبق	A	A1.1.1
ثخن-	Z	Z99
ثخن	O	O1.1
ثخين	N	N3.7
ثخونة	N	N3.7
ثخانة	N	N3.7
ثبق-	Z	Z99
ثبط-	S	S8
ثبوتي	S	S8
إثباتي	Z	Z99
ثباتية	A	A2.1
ثباتي	A	A2.1
ٱستثبت	A	A5.2
مثبوت	A	A5.2
ثبور	A	A1.1.2
ثبر-	A	A1.1.2
ثبج-	Q	Q1.2
ثبيتي	Z	Z99
ثدياء	O	O4.2
ثرب-	G	G2.1
ثعال	L	L2mfn
ثعالة	L	L2mfn
ثعباني	Z	Z99
مثعب	B	B4/H2
ثعب-	A	A1.1.1/O1.2
ثعلبي	L	L2mfn
ثعالبي	Z	Z99
ثغا-	L	L2/X3.2
ثاغم	O	O4.3
ثغام	O	O4.3
ثغثغ	Q	Q2.2/B2
ثريا	Z	Z99
ثرية	H	H5
ثرد-	S	S1.2.5-/S2mf
ثريد	F	F1
ثرثار	Q	Q2.1
تثريب	Q	Q1.2/E2
ثرب	G	G2.1
مثرد	O	O2
ثرم-	Z	Z99
ثرى	O	O1.1/W3
ثروت	Z	Z99
ٱنثرم	Z	Z99
تثلم	Z	Z99
ٱنثلم	Z	Z99
جابهار	Z	Z99
جابون	Z	Z2
جؤجؤ	B	B1
ثيولوجيكل	Z	Z99
ثيوفيللين	Z	Z99
جابوني	Z	Z99
جادالله	Z	Z99
جؤار	Z	Z99
جأر	Z	Z99
جأر-	Z	Z99
جادير	Z	Z99
ثيو	Z	Z99
ثيتل	L	L2mfn
تثول	N	N5
ثول	N	N5
ثوريوم	Z	Z99
ثورمونت	Z	Z99
ثورب	Z	Z1mf
ثوى-	N	N5.2
ثوي-	Z	Z99
ثوة	Q	Q1.2/M6
ثوي	Z	Z99
أثوى	H	H4
ثوى	Z	Z99
جارانج	Z	Z99
جازون	L	L3/H3
جاوه	Z	Z2
جاوي	Z	Z99
جاورجييوس	Z	Z1m
جانيل	Z	Z99
جانفي	T	T1.3
جاويش	G	G3/S7.1+/S2mf
جاي	Z	Z1mf
جبخانة	G	G3
جبح	H	H1/L2
جبة	Z	Z99
جايمي	Z	Z1mf
جانلويجي	Z	Z99
جانلوكا	Z	Z99
جاغوار	L	L2mfn
جاكارتا	Z	Z2
جأش-	Z	Z99
جاسكو	Z	Z99
جاستين	Z	Z1mf
جاكسون	Z	Z1mf
جالا	Z	Z99
جانفرانكو	Z	Z99
جامو	Z	Z99
جاما	Q	Q3
جالوت	Z	Z99
إثاري	A	A2.1
ثوران	E	E3
تثمين	A	A5.1
مثمون	I	I1.3
أثمن	Z	Z99
ثمالة	N	N5.2+c
ثمل	F	F2
بالٱثنين	Z	Z5
ثندوة	B	B1
ثنة	Z	Z99
ثمنة	Z	Z99
ثملة	F	F2
متثلم	O	O4.5
منثلم	O	O4.2
مثلوم	G	G2.2
ثالم	X	X5.2
ثمام	L	L3
أثمل	F	F2
ثمل-	Z	Z99
ثمريت	Z	Z99
ثامر	Z	Z99
كالٱثنين	Z	Z5
للٱثني	Z	Z5
مثني	O	O4.1
مثنى	N	N5
ٱنثناءة	O	O4.4
تثنية	N	N6
ثاب-	M	M6
ثوروي	T	T3
مثاب	M	M7
ٱستثاب	Z	Z99
تثاوب	B	B1
تثنى	Z	Z99
ثنوية	Z	Z99
بالٱثنتين	Z	Z5
كالٱثنتين	Z	Z5
للٱثنتين	Z	Z5
كالٱثني	Z	Z5
بالٱثني	Z	Z5
ٱثنتا	Z	Z99
الٱثنتا	Z	Z5
ثنوي	Z	Z99
كالٱثنتي	Z	Z5
بالٱثنتي	Z	Z5
للٱثنتي	Z	Z5
بيضون	Z	Z99
بيضوي	O	O4.4
بعكوكة	S	S5+c
بعلة	S	S4f
ٱنبعق	N	N5
بعق-	A	A9-/O1.2
بعطوط	Z	Z99
بعلي	Z	Z99
بغت-	X	X2.6
مباغتة	X	X2.6
بغتي	N	N3.8
بغتة	X	X2.6
ٱنبغت	Z	Z99
مبعوض	L	L2
تبعيضي	S	S1.2.1
مباعد	A	A6.1
بعر	B	B1
مباعدة	A	A6.1
تبعيد	Z	Z99
بعاد	N	N3.3
بعزق	M	M1
بعزقة	N	N5.2
تبعيض	A	A6.1
تبعض	Z	Z99
بعاصيري	Z	Z99
مبعزق	I	I1.2+/S2mf
مباغت	N	N3.8
مبغض	J	JJ
مبغوض	E	E2
باغض	E	E2
بغلي	Z	Z99
بفتيك	F	F1
بفتة	O	O1.1
باغي	A	A1.7
مبغى	Z	Z99
بغض-	Z	Z99
بغر-	Z	Z99
بغور	Z	Z99
تبغدد	Z	Z99
بغثرة	E	E3
بغاث	L	L2
بغرة	Z	Z99
مبغور	N	N5.2+/O1.2
بغاشة	Z	Z99
بغشة	Z	Z99
بغش-	B	B4
أبعادية	Z	Z99
بطالسة	Z	Z99
بطليموسي	Z	Z99
بطولي	E	E5
متبطل	I	I3.1
بطليوس	Z	Z99
بطم	Z	Z99
أبطن	M	M7/A10
بطن-	Z	Z99
بطمي	Z	Z99
بطل-	Z	Z99
بطركية	Z	Z99
بطركة	Z	Z99
بطرك	Z	Z99
بطرسغراد	M	M3/H3
بطرسي	M	M3/H3
بطرشيل	G	G2.1-/A9
بطريركي	S	S4
بطشة	A	A2.2
بطش-	E	E3
بطركخانة	Z	Z99
بطريركية	Z	Z99
تبطن	Z	Z99
بطنة	S	S1.2.2
بعثر	M	M1
باعوث	S	S9/T1.3
بعبع	N	N3.2
بعج-	B	B1/A1.1.2
تبعج	A	A5.1
باعد	A	A6.1
مبعوج	Z	Z99
منبعج	X	X3.2
ٱنبعج	A	A5.1
بعبدا	Z	Z99
بظ	X	X3.2+/A2.1
بطين	B	B1
بطانية	N	N5.1
مبطان	Z	Z99
بطان	N	N3.3
مبطون	B	B2
ٱستبطاني	S	S1.2
بظ-	A	A5.1
باطية	O	O2
باطان	Z	Z99
باطون	A	A4.2
بفيستر	Z	Z99
بفيلشيفتر	Z	Z99
مبلول	O	O1.2
بلالدينوف	Z	Z99
إبلال	B	B2
بليلة	F	F1
بلات	Z	Z99
بلاتر	Z	Z99
بلاج	W	W3/M4
بلاتين	O	O1.1
بلاتوه	N	N5.1
بلاتشي	Z	Z99
بليل	Z	Z99
بكم	X	X3.2
تباكى	Z	Z99
تبكم	Z	Z99
بكم-	Z	Z99
ٱستبكى	Z	Z99
مبكي	E	E4.1
ٱبتل	Z	Z99
بل-	B	B2
بكيتا	Z	Z99
بلاجرا	Z	Z99
بلارج	L	L2mfn
بلتاجي	Z	Z99
بلج-	T	T1.2
تبلبل	O	O4.2
بلبال	E	E6
أبلج	T	T1.2
بلح-	Z	Z99
ٱنبلاج	T	T2
ٱبتلج	T	T1.2
ٱنبلج	T	T1.2
بلبط	X	X3.2
بلاك	Z	Z99
بلاكهوك	Z	Z99
بلاسيدو	Z	Z99
بلاسيبو	Z	Z99
بلاس	Z	Z99
بلانتير	Z	Z99
بلانتيشن	Z	Z99
بلايزرز	Z	Z99
بلاي	Z	Z99
بلانيت	Z	Z99
بلانكو	Z	Z99
بكلاه	Z	Z99
بكل	B	B5
بقسم	Z	Z99
بقشة	Z	Z99
بقس	O	O2
بقرج	F	F2/O2
بقراطي	Z	Z99
بقشيش	I	I1
بقع	O	O4.3
بقل-	F	F1
باقعة	A	A10
أبقع	O	O4.3
تبقع	Z	Z99
بقراط	Z	Z99
بقرادوني	Z	Z99
بقبقة	Q	Q2.1
بقباق	Q	Q2.1/N5
بقبق	Q	Q2.1
بقاق	Q	Q2.1/N5
بق-	Z	Z99
بقبوقة	B	B2
بقجة	O	O2
باقري	Z	Z99
بقار	F	F4/S2
أبقر	B	B1/A1.1.2
بقر-	B	B1/A1.1.2
بقلي	Z	Z99
بقالة	F	F1
بكورة	Z	Z99
بكور	T	T1.2
بكري	N	N4
مبكار	Z	Z99
ٱبتكارية	A	A6.2
بكسماد	F	F1
بكرج	F	F2/O2
بكاري	Z	Z99
باكرة	N	N4/Q1.1
أبكر	N	N4
ٱستبقاء	A	A1.1.1
بواقي	Z	Z99
بقمي	Z	Z99
بقم	Z	Z99
بكة	Z	Z99
بكباشي	Z	Z99
بكر-	Z	Z99
بكتة	O	O2
تبكيت	Q	Q2.2/G2.2
بطرخ	F	F1
بطراء	Z	Z3c
بستر	Z	Z99
تبستر	Z	Z99
بسبوسة	Z	Z99
بسباس	O	O2
بسارابيا	Z	Z99
بسترة	Z	Z99
مبستر	Z	Z99
بستون	O	O2
بستنة	F	F4
بستلة	O	O2
بسترس	Z	Z99
بسء	S	S3.2
بسأ-	Z	Z99
بزل	A	A1.1.2
بزال	O	O2
بزل-	A	A1.1.1
مبزقة	Z	Z99
بزاقة	L	L2mfn
مبزل	O	O2
بزلة	Z	Z99
بسة	L	L2
بزنطي	Z	Z2/T1.1.1
بزموت	Z	Z99
بازي	L	L2mfn
بستوني	Z	Z99
بسخة	S	S9/T1.3
بسكاي	Z	Z2
بسكليت	M	M3fn
مبسق	S	S1.2.3
بسق-	A	A5.1
بسفور	Z	Z2
بسكوت	F	F1
بسل-	Z	Z99
تبسم	E	E4.1
مستبسل	E	E5
ٱستبسل	Z	Z99
تبسل	B	B1
بسطرمة	Z	Z99
باسور	B	B2
بسور	B	B1
ٱبتسر	Z	Z99
بسر-	B	B1
تبسط	Z	Z99
بسيطة	Z	Z99
مبسوط	E	E4.1
ٱنبساطة	H	H1
أبسوطة	Z	Z99
بزاق	B	B1
بزق	B	B1
براية	O	O2
مبرا	O	O2
بروين	Z	Z99
برونز	O	O4.3
بروناي	Z	Z2
متباري	S	S1.1.3+mfn
بريدراغ	Z	Z99
بريجيت	Z	Z1f
بريجادير	G	G3/S7.1+/S2mf
بريتوريا	Z	Z2
بروليتاري	G	G1.2
بروليتاريا	S	S5+c
بروجي	K	K2/S2mf
برواز	O	O2
بروجرام	Y	Y2
بروج	Z	Z2
بروتوكولي	G	G2.1
بروس	Z	Z1mf
بروستات	B	B1
بروكس	Z	Z99
بروفيل	Z	Z99
بروشيه	Q	Q4.1
بروسيا	Z	Z99
بريزبان	Z	Z2
بريسترويكا	G	G1.2
بزيخ	Z	Z99
بزر-	L	L2fn
بزبوز	O	O2
ٱبتزازي	A	A9+/G2.1
بزازة	T	T3--/S2mf
بزر	L	L2fn
بزق-	B	B1
بازغ	M	M1
بزيرة	Z	Z99
بزار	Z	Z99
بزاز	B	B5/S2mf
بريمن	Z	Z99
برينت	Z	Z99
بريغ	Z	Z99
بريشيا	Z	Z2
بريسلي	Z	Z1mf
بز-	G	G2.1-/A9
بزة	B	B5
بزوز	O	O1.1
ٱبتز	A	A9+/G2.1
بسيم	Z	Z99
أبضع	I	I1.1
تبضع	Z	Z99
باضع	Z	Z99
بضع-	A	A1.1.1
ٱستبضع	I	I2.2
مستبضع	S	S7.1+/S2mf
إبضاع	S	S5+c
بضوع	B	B3
بضيض	K	K2
بضوض	K	K2
باصرة	B	B1
بصارة	F	F1
باصر	Z	Z99
ٱستبصار	X	X2.5
إبصاري	X	X3.4
بصق	B	B1
مبصقة	Z	Z99
بض-	K	K2
بصم-	Q	Q4.1
بصيلة	O	O3
بصلي	O	O4.2
مبضوع	A	A1.1.1
بطيحة	O	O4.1
منبطح	M	M6
أبطحي	Z	Z99
أبطح	O	O4.4
ٱنبطح	Z	Z99
ٱنبطاح	Z	Z99
بطر-	X	X5.1
بطر	S	S1.2.3
أباطرة	S	S7.1+/S2mf
أبطر	Z	Z99
تبطح	Z	Z99
بطح-	H	H2
بطوطي	Z	Z99
بطأ	T	T4
بطوطة	Z	Z99
مبطة	B	B3
مبط	B	B3
تبطأ	Z	Z99
ٱستبطأ	Z	Z99
بطبطة	Z	Z99
بطبط	L	L2/Q2.1
متباطئ	T	T4
تبطئة	T	T4
تبصرة	X	X2.3
بصيري	Z	Z99
بشاير	Z	Z99
تباشير	Z	Z99
بشيرة	Z	Z99
مستبشر	E	E4.1
بشروش	L	L2mf
بشيع	O	O4.2
ٱستبشع	Z	Z99
بشع-	Z	Z99
بشتون	Z	Z99
بشتة	B	B5
بسملة	Z	Z99
بسينة	I	I1.1
بسمل	S	S7.1
مبسم	Z	Z99
بسيمة	Z	Z99
بسيكولوجيا	Y	Y1/X1
بسيكولوجي	X	X1
بشت	B	B5
بشاشة	E	E4.1
بشوش	E	E4.1
بسيوني	Z	Z99
تبشيع	A	A5.2
بشاك	A	A5.2-/S2mf
بصة	Z	Z99
بصاص	A	A5.1
بشنين	L	L3
بشنوقة	Z	Z99
بصبص	E	E4.1+/S2mf
بصبصة	X	X3.5
ٱستبصر	A	A10
بصخة	S	S9/T1.3
بشنس	Z	Z99
بشنة	Z	Z99
بشكير	Z	Z99
بشم-	Z	Z99
بشكور	Z	Z99
ٱبتشاك	G	G2.2
أبشم	O	O4.2
بشم	B	B2
بشمق	B	B5
بشامري	Z	Z99
بشمار	Z	Z99
بشلة	Z	Z99
بليحاء	Z	Z99
بلد-	Z	Z99
بوروسيا	Z	Z99
بوري	K	K2
بوروندي	Z	Z2
بورنوغرافية	Q	Q4/S3.2
بوروجي	K	K2/S2mf
بوريس	Z	Z99
بأز	L	L2mfn
مبوز	E	E3
تبويزة	Z	Z99
بورنوغرافي	S	S3.2/Q4/S2mf
بورمي	Z	Z2
بورجوازية	S	S5/I1.1
بوردر	Z	Z3c
بورج	Z	Z99
بورتوريكي	Z	Z99
بورتلاند	Z	Z2
بوردو	Z	Z2
بورز	Z	Z99
بورق	O	O1.1
بورغاس	Z	Z99
بورسوداني	Z	Z5
بورسعيدي	Z	Z5
بوزوبع	Z	Z99
بوسة	S	S3.2
بوشهر	Z	Z99
بوشي	Z	Z99
بوشكين	Z	Z99
بوشكاش	Z	Z99
بوشعيب	Z	Z99
بوص	L	L3
بوطة	O	O2
بوعزيزي	Z	Z99
بوعزيز	Z	Z99
بوع	Z	Z99
بوظة	O	O1.1
بوشري	Z	Z99
بوشرباك	Z	Z99
بوسطجي	Z	Z99
بوسعيدي	Z	Z99
بوسطة	Q	Q1.2
بوست	Z	Z99
بوسان	Z	Z99
بوسفور	Z	Z2
بوسوفاليوك	Z	Z99
بوشر	Z	Z99
باش-	Z	Z99
بورتسودان	Z	Z99
بورتاس	Z	Z99
بواط	O	O2
بوب	A	A4.1
بوافيستا	Z	Z99
متبوئ	A	A9
تبوء	T	T2+/S7.1
مبوب	A	A10
بوتر	Z	Z99
بوتاسا	Z	Z99
بوتاجاز	O	O1.3
بوبينة	O	O2
مباءة	H	H1
أباء	H	H4
بهمة	L	L2mfnc
بهيم	M	M5fn
ٱستبهم	Z	Z99
تبهم	Z	Z99
أبهم	Z	Z99
بهيمي	L	L2
إبهام	A	A10
متباهي	E	E4.2+/S1.2
مباهاة	E	E4.2+/S1.2
بهائي	Z	Z99
باهم	B	B1
بوترا	Z	Z3
بوتزي	Z	Z99
بوديروغا	Z	Z99
بوذا	Z	Z1m
بودقة	O	O2
بودغوريتشا	Z	Z99
بودابستي	Z	Z5
أبار	A	A1.1.2
بوراني	Z	Z99
بورا	Z	Z99
بائر	F	F4
بوار	X	X9.2
بودابست	Z	Z2
بوخوم	Z	Z99
بوتيه	Z	Z99
بوجيه	Z	Z99
بوتيك	I	I2.2/B5/H1
بوتي	Z	Z99
بوتفليقة	Z	Z99
بوحليقة	Z	Z99
بوخ	A	A6.1
بوخارستي	Z	Z5
بوخارست	Z	Z2
بائخ	A	A1.1.2
بواخ	A	A2.1+/I1.3
بوعلاي	Z	Z99
بوعينين	Z	Z99
بيرة	Z	Z99
بيراميدز	Z	Z99
بيارة	F	F4/M7
بيدق	K	K5.1
بيدر	Z	Z99
بيرتي	Z	Z99
بيرد	Z	Z99
بيرسي	Z	Z1mf
بيرسون	Z	Z1mf
بيرسول	Z	Z99
بيرس	Z	Z1mf
بيداغوجي	P	P1
بيدار	Z	Z99
بيتوراتانا	Z	Z99
بيتيس	Z	Z99
بيتور	Z	Z99
بيتلز	Z	Z3
بيتشنيك	Z	Z99
بيجاما	Z	Z99
بيجان	Z	Z99
بيداوة	W	W3
بيداء	W	W3
بيجينغ	Z	Z2
بيجو	Z	Z3c
بيرقدار	Q	Q1.1
بيرنز	Z	Z99
بيسون	L	L2
بيشكيك	Z	Z99
بيسو	I	I1
بيسري	Z	Z99
بيسة	Z	Z99
بيشمرك	Z	Z99
بيشي	Z	Z99
بيضي	O	O4.4
ٱبيض	Z	Z99
تبيض	Z	Z99
باض-	Z	Z99
بيزيتا	Z	Z99
بيريرا	Z	Z99
بيروفي	Z	Z2
بيرواني	Z	Z2
بيرو	Z	Z2
بيرهوف	Z	Z99
بيرنيه	Z	Z2
بيروزي	Z	Z99
بيروجيا	Z	Z99
بيريخيل	Z	Z99
بيري	Z	Z1mf
بيرون	Z	Z99
بيروقراطية	G	G1.1
بيتش	Z	Z99
بيتسيليم	Z	Z5
مبولة	O	O2/B3
بولاد	O	O1.1
بوالة	Z	Z99
بيلة	B	B1
بولتون	Z	Z2
بولز	Z	Z99
بوليساريو	Z	Z99
بوليسة	X	X7
بولاق	Z	Z99
بولفار	M	M3/H3
ٱستبال	Z	Z99
تبول	B	B1
بوفاري	Z	Z99
بوغاز	W	W3/M4
بوغادة	Z	Z99
بوغ	X	X2.6
بواق	Z	Z99
بائقة	A	A1.4
أبال	Z	Z99
بوكس	K	K5.1
بوقال	O	O2
بوليفيا	Z	Z2
بوليفي	Z	Z2
بائت	T	T3
بويت	Z	Z99
بيادي	Z	Z99
بيتا	Q	Q3
بيتار	Z	Z99
بيتريتش	Z	Z99
بيترسبرغ	Z	Z2
بيتزا	F	F1
بيتاوي	Z	Z99
بيادة	G	G3c
بياتشنتيني	Z	Z99
بونتا	Z	Z99
بوندسليغ	Z	Z99
بومنصف	Z	Z99
بومرداس	Z	Z99
بولينغ	K	K5.1
بوندسليغه	Z	Z99
بوني	Z	Z99
بوينس	Z	Z99
بويس	Z	Z99
بويز	Z	Z99
بونيا	Z	Z99
بهلول	E	E4.1+/S2mf
تباله	Z	Z99
ٱستبله	Z	Z99
بله-	Z	Z99
بلنسية	Z	Z2
بلند	Z	Z99
أبله	X	X3.2
بلهون	Z	Z99
بلي-	A	A5.1-/A2.1
بلوى	E	E6
بلهوان	K	K1/S2mf
بلهنية	I	I1.1
بلنت	Z	Z99
بلمند	Z	Z99
بلكون	H	H2
بلليترو	Z	Z99
بلك	Z	Z99
بلقع	W	W3/L3
بلقاني	Z	Z2
أبلم	Z	Z99
بلم	F	F1
بلمرة	Z	Z99
تبلمر	Z	Z99
بلمر	Z	Z99
أبلام	Z	Z99
مبالي	E	E6
بليزي	Z	Z2/S2mf
بليز	Z	Z4
بلوك	O	O2
بليزر	B	B5
بليزرز	Z	Z99
بمباشي	Z	Z99
بليونير	I	I1.1/S2mf
بلينا	Z	Z99
بليكس	Z	Z99
بلوفر	B	B5
متبلور	Z	Z99
بلوتوقراطي	Z	Z99
بلوتوقراطية	Z	Z99
بلوتو	Z	Z1/W1
مبتلى	B	B2
مبتلي	P	P1
بلوتوني	O	O1.1
بلوتونيوم	O	O1.1
مبلور	O	O4.1
بلوري	Z	Z99
بلوجينز	Z	Z99
بلقزيز	Z	Z99
أبلق	Z	Z99
بلص-	A	A9+/G2.2
بلص	A	A9+/G2.2
بلشون	L	L2mfn
بلشفية	G	G1.2/X2.1
بلشفة	Z	Z99
بلاص	O	O2
بلوط	O	O1.1
مبلط	H	H5
تبليط	O	O2
بلط	H	H1
تبلشف	Z	Z99
بلشف	Z	Z99
أبلد	S	S1.2.6
تبلد	S	S1.2.6
تبالد	Z	Z99
متبلد	S	S1.2.6
بليدي	Z	Z99
بلسمي	Z	Z99
بلسم	B	B3/O1.1
بلرينا	K	K4/S2.1f
بلدوزر	M	M3/A1.1.2
بلوطة	L	L3
بلطة	O	O2
بلغراد	Z	Z2
بلغرادي	Z	Z2
بلغاري	Z	Z2
بلغار	Z	Z2/S2mf
تبلغ	Z	Z99
بلغمي	Z	Z99
بلف-	A	A10+/S1.2
بلفوري	Z	Z1mf
بلفاست	Z	Z2
بلف	A	A10+/S1.2
بلعم	Z	Z99
بالوظة	O	O4.3
بلطيق	Z	Z2
بلطجي	G	G2.1-/S2mf
بلطج	Z	Z99
أبلع	Z	Z99
بالوع	B	B4/H2
بلاعة	B	B4/H2
بلعة	B	B1
ٱنبلع	Z	Z99
بمباغ	Z	Z99
بمبه	Z	Z99
بهجت	Z	Z99
بهدل	Q	Q2.2/S1.2.4
مبهج	O	O4.2
بهيجة	Z	Z99
بهيج	A	A5.1
تبهدل	Z	Z99
بهدلة	Q	Q2.2/S1.2.4
بهرة	Z	Z99
ٱبتهر	A	A10
مبهدل	E	E3
أبهج	Z	Z99
ٱنبهت	Z	Z99
بهت	Q	Q2.2/A5.2
بهتة	X	X2.6
مبهوت	X	X2.6
بهج-	Z	Z99
بهترة	M	M1
بهتر	A	A5.2
أبهري	B	B1
تبهل	S	S1.2.4-/Q2.2
تباهل	Z	Z99
بهل-	S	S1.2.4-/Q2.2
أبهق	Z	Z99
بهق	B	B2
ٱبتهل	Z	Z99
أبهل	Z	Z99
بهلوي	Z	Z99
باهل	S	S6
مباهلة	Q	Q2.2
بهلاء	Z	Z99
أبهظ	E	E3
بهظ	E	E3
بهرجة	Z	Z99
بهرجان	O	O2
تبهرج	A	A10
بهرج	A	A10
ٱبتهار	A	A10
مبهرج	O	O4.3
بهروز	Z	Z99
بهشلي	Z	Z99
بهشتي	Z	Z99
بهز-	M	M2
بهريز	F	F1
بهبهاني	Z	Z99
بهاما	Z	Z2
بندول	O	O2
بنديرة	O	O2
بندوق	S	S4/S2mf
بندقاني	Z	Z2
بندري	Z	Z99
بنزول	O	O1.2
بنسلفاني	Z	Z99
بنط	Q	Q2.1
بنصر	Z	Z99
بنسيون	I	I1.1/T3
بنسلين	B	B3
بندا	L	L2mfn
بنارس	Z	Z99
بنالتي	G	G2.1
بنوي	S	S4
بنوة	Z	Z99
بمبي	Z	Z99
بنباشي	Z	Z99
بنج	B	B3
بنجالي	Z	Z2
بنجال	Z	Z2
بنجابي	Z	Z99
بنطة	Z	Z99
بنطلون	B	B5
بنكرياسي	B	B1
بنما	Z	Z2
بنكنوت	Z	Z99
مبنك	S	S5
بنقة	B	B1
بنماوي	Z	Z2/S2mf
بنها	Z	Z99
بنيو	H	H5/B4
بنائي	O	O4.1
ٱبتنى	B	B1/O4.4
بنوار	Z	Z99
بنفيكا	Z	Z99
بنفش	O	O1.1
بنعبدالله	Z	Z99
بنعبدلاوي	Z	Z99
بنعبدالعزيز	Z	Z99
بنعبدالعالي	Z	Z99
بنعبد	Z	Z99
بنعلي	Z	Z99
بنغال	Z	Z2
بنفسج	O	O4.3
بنغالوري	Z	Z99
بنغالور	Z	Z99
بنغالي	Z	Z2
ٱرتزق	Z	Z99
ٱسترزق	Z	Z99
مطوى	B	B5
مطواة	Z	Z99
طوية	X	X7
طوني	Z	Z1mf
طونة	Z	Z99
ٱنطوائي	M	M2
طاوي	F	F1
طايب	Q	Q2.2
أطاب	Z	Z99
طاب-	Z	Z99
منطوى	E	E4.2
مطوي	A	A1.8
طومي	Z	Z1m
طومسون	Z	Z1mf
ٱستطال	Z	Z99
طولاني	N	N3.7
مطوق	Z	Z99
مطاق	A	A5.1
طوالة	A	A2.1
تطويل	N	N3.7+/A2.1
طوم	Z	Z1m
متطاول	T	T1.3
طايل	Z	Z99
ٱستطالة	S	S1.2.3
تطيب	Z	Z99
ٱستطاب	E	E2
مستطير	T	T1.1.3
ٱستطارة	Z	Z99
متطير	X	X2.6/A5.1
طيراني	M	M5
طيرة	Z	Z99
ٱستطيار	Z	Z99
أطيش	A	A1.3
طياشة	Z	Z99
طيشان	Z	Z99
طيش	Z	Z99
ٱستطار	M	M1
مطايب	S	S8
مطايبة	Q	Q2.2
طياب	Z	Z99
طيبي	X	X3.5
ٱستطيب	E	E2
طائبة	Z	Z99
مطيب	L	L3
تطييح	Z	Z99
طاح-	Z	Z99
مستطاب	E	E2
إطاقة	X	X9.1
طوقي	B	B5
طائحة	A	A1.1.2
مطوحة	X	X8
طائح	X	X9.2
تطوح	M	M1
ٱنطاد	N	N5+/A2.1
طود	W	W3
تطوري	A	A2.1
طوار	M	M3/H3
منطادي	K	K5.1/S2mf
منطاد	G	G3
طوبجية	G	G3
طوبجي	G	G3/S2.2m
تطويب	S	S9
طوبة	Z	Z99
طواية	Z	Z99
مطهو	F	F1
طواب	O	O2/H1
طوبى	E	E4.1
طوباسي	Z	Z5
طوباوية	Z	Z99
طوباوي	Z	Z4
طوبائي	X	X7+/A1.6
منطار	Z	Z99
طوربين	O	O2
تطوف	M	M1
أطاف	M	M6
مطاوع	S	S7.1
طايع	Z	Z99
طوفة	X	X2.4/S5+c
طوفاني	N	N5
تطوق	Z	Z99
طاق-	Z	Z99
تطواف	J	JJ
طافة	M	M1
طائع	A	A6.1
مطاوعة	A	A6.1
مطوس	O	O4.2
طوسون	Z	Z99
طوس	O	O4.1
طوروس	S	S9
طوربيني	O	O2
طوش	B	B2-/S3.2
طواشي	Z	Z99
ٱنطاع	S	S7.1
طاوع	S	S7.1
مطوش	B	B2-/S3.2
طيفي	A	A5.4
ظهارة	Z	Z5
تظهير	S	S8+/Q2.2
ٱستظهر	X	X2.2
ظنبوبي	M	M1
ظهار	B	B1
إظهاري	A	A10
ظاهراتي	Z	Z99
ظواهري	A	A5.1
ظاهرية	Z	Z99
تظاهري	A	A6.1
ظنبوب	B	B1
مظنون	J	JJ
أظمأ	Z	Z99
ظماء	B	B1/F2
ظمئ-	Z	Z99
تظلم	Q	Q2.2/E2
ظمء	B	B1/F2
ظامئ	B	B1/F2
ظنون	X	X2.1/A5.1
ظنين	X	X2.1/A5.1
ظنة	X	X2.1/A5.1
ٱستظهار	Z	Z99
يعبوب	W	W4
عبدالحافظ	Z	Z99
عبدالحاكم	Z	Z99
عبدالحارث	Z	Z99
عبدالجواد	Z	Z99
عبدالجليل	Z	Z99
عبدالحبيب	Z	Z99
عبدالحسن	Z	Z99
عبدالحق	Z	Z99
عبدالحفيظ	Z	Z99
عبدالحسين	Z	Z99
عبدالحسيب	Z	Z99
عبدالجابر	Z	Z99
عبدالتواب	Z	Z99
معابثة	E	E4.1
ٱستعبد	S	S7.1
تعباوي	X	X4.2
عباء	B	B5
عبدالأمير	Z	Z99
عبدالإله	Z	Z99
عبدالبديع	Z	Z99
عبدالباقي	Z	Z99
عبدالباسط	Z	Z99
عبدالباري	Z	Z99
إظلام	W	W2
ظلماء	W	W2
ظرافة	O	O4.2
أظرف	N	N5
ٱستظرف	Z	Z99
تظارف	Z	Z99
تظريف	X	X9.1
متظرف	O	O4.2
ظعينة	Z	Z99
ظعن	M	M1
ظعن-	M	M1
مستظرف	O	O4.2
ظرف-	Z	Z99
طيان	Z	Z99
طيلسان	B	B5
تطييف	Z	Z99
مطياف	Z	Z99
ظاء	Z	Z99
ظئر	Z	Z99
ظربان	Z	Z99
ظران	O	O1.1
ظبياني	Z	Z5
ظبية	L	L2mfn
ظعون	Z	Z99
ظاعن	T	T1.3
ظالع	B	B2
ظلاع	B	B2
ظلع	B	B2
ظلع-	O	O4.5
مظلي	G	G3/S2mf
ظلف	Z	Z99
ظلامة	G	G2.1
ظلوم	S	S1.2
ظليم	L	L2mfn
ٱنظلم	Z	Z99
ظلة	H	H2
تظلل	Z	Z99
أظفور	O	O2
تظافر	Z	Z99
أظفر	Z	Z99
ظفران	X	X9.2
ظافر	X	X9.2
ظفيري	Z	Z99
ظفار	Z	Z99
مطهي	F	F1
مطهى	F	F1/H2
طفيلة	Z	Z99
تطفل	X	X7
طفولية	T	T3
طفول	T	T1.2
طفال	C	C1/S2mf
تطفلي	L	L2
طقة	A	A5.1
طافية	M	M4/O2
طفاوة	S	S9
طفالة	T	T3
طفلي	O	O1.1
طفش-	M	M1
طفش	P	P1/G2.1
طيفور	Z	Z99
طفران	I	I1.1-/S2mf
طفر	M	M1
تطفيش	A	A11.1
طفق	Z	Z99
طفق-	Z	Z99
تطقس	Z	Z99
طقسي	S	S9
طليح	Z	Z99
طليحة	Z	Z99
طلحية	Z	Z99
طلحة	Z	Z99
طلاح	Z	Z99
طالح	G	G2.2
طلس	A	A10
طليطلة	Z	Z99
طلاس	Z	Z99
طلح-	Z	Z99
طقطوقة	Z	Z99
طقطقة	X	X3.2
طقطق	X	X3.2
طقوسي	Z	Z99
تطقيم	A	A1.5.1
طلبية	S	S7.1+/Q2.2
مطلول	Z	Z99
طفر-	M	M1
طافح	N	N5.2
طشت	O	O2
طصلق	X	X9.2
طست	O	O2
طزينة	N	N5
طزلق	B	B5
طصلقة	X	X9.2
تطعم	X	X3.1
مطعوم	X	X3.1
طعمة	F	F1
طعمية	Z	Z99
ٱستطعم	Z	Z99
طراونة	Z	Z99
إطرية	Z	Z99
طرقعة	X	X3.2
طارمة	I	I2.2/H1
طرقع	A	A5.1
مستطرق	S	S9
طوارق	Z	Z2/S2mf
طرامة	Z	Z99
طرمبة	O	O2
طراوة	T	T3
أطرى	O	O4.4
طري-	Z	Z99
طرو-	Z	Z99
تطاعن	Z	Z99
طعنة	E	E3
طفوح	N	N5.2
طفحة	Z	Z99
أطفح	N	N5.2
منطفئ	Z	Z99
طفحي	Z	Z99
طفاحة	O	O1.2
إطفاح	Z	Z99
تطفيح	Z	Z99
مطفحة	Z	Z99
طفحان	N	N5.2
مطفأ	Z	Z99
مطفئ	Z	Z99
طغرى	Z	Z99
طغام	S	S2/N5c
طغار	Z	Z99
مطعن	E	E3
طاعوني	B	B2
طغمة	K	K2c
طفف	Z	Z99
إطفائي	Z	Z99
طفاي	O	O2/O4.6
طفئ-	Z	Z99
تطفيف	Z	Z99
طلعة	M	M5
طلاع	X	X7
أطنب	N	N5.2+/Q2.2
طنب	Z	Z99
طنان	X	X3.2
طنين	X	X3.2
طنبي	Z	Z99
مطنب	N	N5.2+/Q2.2
إطنابي	N	N5.2+/Q2.2
إطناب	N	N5.2+/Q2.2
أطن	Z	Z99
طنن	Z	Z99
تطمين	E	E3
تطامن	Z	Z99
طمان	E	E3
طمن	A	A1.1.1/E3
متطامن	N	N3.7
طمى-	Z	Z99
طامي	Z	Z99
طميي	W	W3
طمي	Z	Z99
طمو	Z	Z99
طنبر	K	K2
طنبور	Z	Z99
مطهري	Z	Z99
طهراني	Z	Z5
تطهيري	B	B4
مطهرة	B	B4/H5
طهق-	E	E2
تطهق	E	E2
طهاية	F	F1
طهى-	F	F1/S2mf
مطهم	O	O4.2
طهق	E	E2
طهور	B	B3
طنجير	F	F1
طنوس	Z	Z99
طنجي	Z	Z5
طنبوشة	Z	Z99
طنبوري	Z	Z99
طنطاوي	Z	Z5
طنطن	Q	Q1.3
طنفسة	H	H5
طنف	W	W3
طنطنة	X	X3.2
مطماع	S	S1.2.2
مطمعة	X	X5.2
تطلين	Z	Z99
ٱنطلى	Z	Z99
طلاوة	O	O4.2
طلمسة	Z	Z99
طلينة	Z	Z99
ٱنطم	Z	Z99
تطمأن	Z	Z99
طامة	A	A5.1
طموم	Z	Z99
طلمس	B	B1
مطلمة	Z	Z99
طلفاح	Z	Z99
طليقة	S	S4/S2.1f
طالعة	T	T2
طلائعي	S	S7.1+/S2mf
طلوقة	L	L2m
طالق	S	S4
طلم	N	N3.8
طلم-	O	O2
مطلقي	G	G1.2/S7.1
متطلق	E	E4.1
طمأنة	E	E3
طمأنيني	E	E3
تطمير	Z	Z99
طومار	O	O2
طمار	Z	Z99
مطمورة	Z	Z99
مطمور	M	M6
ٱنطمس	Z	Z99
ٱنطماس	A	A10
طماعية	S	S1.2.2
طمطماني	P	P1
طامس	L	L1
مطمر	Z	Z99
طمر	Z	Z99
طمثي	B	B1
طامث	Z	Z99
طمث	Z	Z99
طمث-	Z	Z99
طماح	X	X7
طامح	X	X7
طمر-	A	A10
عبدالحكم	Z	Z99
عبدالحكيم	Z	Z99
متعدي	G	G3/S2mf
معتدى	Z	Z99
معدية	M	M4fn
عادية	A	A12
ٱستعداء	A	A2.2
ٱستعذر	Q	Q2.2/S1.2.4
عذرة	Z	Z99
عذل-	G	G2.1
إعذار	S	S6
عذار	A	A1.7
ٱعتدائي	E	E3
تعدية	M	M3fn
معادن	Z	Z99
تعادى	Z	Z99
عدني	O	O4.2
معدم	A	A9
عدمية	Z	Z99
ٱنعدى	Z	Z99
عدوة	M	M7/M4
عدوانية	E	E3
عدواء	B	B2
عذل	G	G2.1
عروب	Z	Z99
عربجي	Z	Z99
إعراب	Q	Q2.2
عرباوي	Z	Z5
عربخانة	Z	Z99
عربد	Z	Z99
عربسة	E	E3
عربس	X	X5.1
معربد	E	E3
عربيد	E	E3
ٱستعرب	Z	Z99
تعرب	Z	Z99
عذي-	Z	Z99
عذاة	Z	Z99
عذا-	Z	Z99
عاذل	Q	Q2.2/S2mf
عذول	Q	Q2.2/S2mf
عذاوة	Z	Z99
عذي	B	B2
معرة	G	G2.2
عرار	Z	Z99
عرر	Z	Z99
عرة	S	S7.2
عدمي	Z	Z99
معدول	A	A2.1
عجيل	N	N3.8
تعجل	N	N3.8
عجيف	N	N3.7
عجف	Z	Z99
عجلان	N	N3.8
ٱستعجالي	A	A11.1
عجلوني	Z	Z5
عجلون	Z	Z99
مستعجل	A	A11.1
عجعجة	Q	Q2.2/E3
عجعج	Q	Q2.2/E3
تعجرف	Z	Z99
عجرفة	X	X2.1
عجرودي	Z	Z99
عجرود	Z	Z99
عجارة	B	B5
متعجرف	S	S1.2.3
عجيزة	M	M6
عجوزة	Z	Z99
ٱستعجز	Z	Z99
عجرم	Z	Z99
عجم-	P	P1
ٱنعجم	Z	Z99
عدسي	O	O2
تعدل	Z	Z99
معددة	Z	Z99
ٱعتدادي	E	E6
تعديد	N	N2
عدلي	G	G2.1
عدلية	Z	Z99
عادلي	Z	Z99
ٱعتدالي	N	N5
أعدل	N	N5
عديل	A	A6.1
معداد	N	N3.1
عدية	N	N1/N4
عجمان	Z	Z99
عجماء	L	L2mfn
عجمة	Z	Z99
ٱستعجم	Z	Z99
أعجمي	Z	Z6
عجان	Z	Z99
عجوة	Z	Z99
عجيني	F	F1
معربس	E	E6
عربسات	Z	Z99
عرك	A	A1.1.1
عارك	S	S8
تعرقل	A	A12
معرقل	S	S8
تعارك	S	S8
ٱعترك	S	S8
معاركة	S	S8
عريكة	X	X7
عركة	S	S8
عرقوبي	A	A5.2
معرق	A	A2.2
ٱستعرق	Z	Z99
ٱعترق	Z	Z99
عرقان	Z	Z99
عرقوب	B	B1
عرقبة	Z	Z99
عرقب	B	B1
تعرق	B	B1
عرم	A	A9
ٱعترم	Z	Z99
ٱستعراء	S	S5
عريانية	Z	Z99
عرياني	B	B5-/S2mf
ٱستعرى	B	B5
متعري	Z	Z99
ٱستعز	E	E2
معزة	E	E2
عزى	Z	Z99
عزاوي	Z	Z99
عزالدين	Z	Z99
عرى	A	A10
عري-	Z	Z99
عرمة	N	N5
عرام	E	E3
عرمان	Z	Z99
عرموط	Z	Z99
عرموطي	Z	Z99
عرناس	Z	Z99
عرنين	Z	Z99
عرين	L	L3
عرن	Z	Z99
عريدي	Z	Z99
عرزال	H	H1
عرادة	O	O2
منعرج	O	O4.4
أعرس	Z	Z99
إعراس	Z	Z99
تعريس	Z	Z99
عرسي	S	S4
تعرج	O	O4.4
تعاريج	Z	Z99
عرتا	Z	Z99
عربون	Z	Z5
عربن	Z	Z99
تعارج	Z	Z99
معراج	S	S9
عرجة	O	O4.5
ٱنعرج	O	O4.4
عرش-	Z	Z99
ٱستعراضي	Q	Q4
عارضي	A	A11.1
ٱعتراضي	S	S8-/E2
تعريضي	A	A10
معراض	M	M6
عرعر	L	L3
عرعرة	Z	Z99
عرق-	Z	Z99
عراف	Z	Z99
عرفاوي	Z	Z99
ٱستعرف	X	X3
عرضاني	M	M1
تعريشة	O	O2
عارشة	L	L3
عريش	H	H1/L3
ٱعترش	M	M1
تعرش	M	M1
معترشة	L	L3
عرص-	Z	Z99
معرص	Z	Z99
عرصة	H	H2
عرص	E	E4.1
عجري	Z	Z99
عجيرة	B	B2
عبدالمهدي	Z	Z99
عبدالمهيمن	Z	Z99
عبدالمنين	Z	Z99
عبدالمنصف	Z	Z99
عبدالمنان	Z	Z99
عبدالموجود	Z	Z99
عبدالمولى	Z	Z99
عبدالنعيم	Z	Z99
عبدالنبي	Z	Z99
عبدالنافع	Z	Z99
عبدالمولي	Z	Z99
عبدالملاك	Z	Z99
عبدالمقصود	Z	Z99
عبدالمالك	Z	Z99
عبدالمتعالي	Z	Z99
عبدالماجد	Z	Z99
عبدالمؤمن	Z	Z99
عبدالمأمون	Z	Z99
عبدالمجيد	Z	Z99
عبدالمحمود	Z	Z99
عبدالمغيث	Z	Z99
عبدالمعين	Z	Z99
عبدالمعطي	Z	Z99
عبدالمسيح	Z	Z99
عبدالنور	Z	Z99
عبدالهاشم	Z	Z99
عبودة	S	S7.1
عبيدة	Z	Z99
عبيدالله	Z	Z99
عبيدان	Z	Z99
تعبيد	S	S7.1
عبادان	Z	Z99
مستعبد	S	S7.1
متعبد	S	S9
ٱستعباد	S	S7.1
عبيدي	Z	Z99
عبدي	S	S7.1
عبدالوالي	Z	Z99
عبدالوحيد	Z	Z99
عبدالواسع	Z	Z99
عبدالوارث	Z	Z99
عبدالواحد	Z	Z99
عبدالودود	Z	Z99
عبدالولي	Z	Z99
عبدربه	Z	Z99
عبدلي	Z	Z99
عبدلاوي	Z	Z99
عبدالوليد	Z	Z99
عبداللطيفي	Z	Z99
عبداللاوي	Z	Z99
عبدالرقيب	Z	Z99
عبدالزهرة	Z	Z99
عبدالرضى	Z	Z99
عبدالرضا	Z	Z99
عبدالرحيم	Z	Z99
عبدالساتر	Z	Z99
عبدالستار	Z	Z99
عبدالشفيع	Z	Z99
عبدالشافي	Z	Z99
عبدالسيد	Z	Z99
عبدالسميع	Z	Z99
عبدالرحماني	Z	Z99
عبدالرحمان	Z	Z99
عبدالدار	Z	Z99
عبدالدافع	Z	Z99
عبدالدائم	Z	Z99
عبدالخالق	Z	Z99
عبدالحي	Z	Z99
عبدالدايم	Z	Z99
عبدالرؤوف	Z	Z99
عبدالرب	Z	Z99
عبدالرافع	Z	Z99
عبدالراضي	Z	Z99
عبدالرازق	Z	Z99
عبدالشكور	Z	Z99
عبدالصاحب	Z	Z99
عبدالقاسم	Z	Z99
عبدالقاهر	Z	Z99
عبدالفهيم	Z	Z99
عبدالفضيل	Z	Z99
عبدالفاضل	Z	Z99
عبدالقدير	Z	Z99
عبدالقوي	Z	Z99
عبدالكبير	Z	Z99
عبدالكافي	Z	Z99
عبدالقيوم	Z	Z99
عبدالقيس	Z	Z99
عبدالغني	Z	Z99
عبدالغفور	Z	Z99
عبدالعاطي	Z	Z99
عبدالعال	Z	Z99
عبدالظاهر	Z	Z99
عبدالصمد	Z	Z99
عبدالصادق	Z	Z99
عبدالعالم	Z	Z99
عبدالعباس	Z	Z99
عبدالغفار	Z	Z99
عبدالعليم	Z	Z99
عبدالعلي	Z	Z99
عبدالعز	Z	Z99
يعبد	Z	Z99
ٱستعبر	E	E4.1
إعتام	O	O4.3
عاتم	W	W2
عتامة	W	W2
عتم	A	A7
أعتم	O	O4.3
عتوم	Z	Z99
عته	S	S1.2.6
عتو	S	S1.2.4
تعتى	Z	Z99
عتا-	Z	Z99
عتاهة	S	S1.2.6
عتم-	A	A7
عاتك	A	A7
عتل-	N	N5+/A2.1
عتك-	E	E3
معتوق	A	A1.7
عتل	M	M2
عتال	I	I3.1/S2mf
عتلتة	K	K5.1
عتيل	A	A11.1
عتالة	M	M2
عتلة	O	O2
عتي	S	S1.2.3
تعجيب	Z	Z99
ٱستعجاب	X	X2.6
ٱستعجب	Z	Z99
عجاج	X	X3.2
عجاجة	Z	Z99
ٱعتجر	Z	Z99
عجر	Z	Z99
عاجوري	Z	Z99
عجوري	Z	Z99
عجور	Z	Z99
عجرة	O	O2
عجة	Z	Z99
عثير	O	O1.1
عثيمين	Z	Z99
معثر	M	M1
عاثور	A	A15
معثوث	L	L2mfn
عثنون	B	B1
عثا-	Z	Z99
عجيج	X	X3.2
عج	Q	Q2.2/X3.2
عجج	O	O4.4
عثى-	Z	Z99
إعتاق	A	A1.7
عتاقة	T	T3
عبط	Z	Z99
عبطة	Z	Z99
ٱعتبط	Z	Z99
عبط-	Z	Z99
تعبيس	B	B1
عبيط	S	S1.2.6
ٱعتباط	A	A1.4
عابق	X	X3.5
عبقة	Z	Z99
ٱعتباطية	A	A1.4
ٱعتباطي	A	A1.4
عبسان	Z	Z99
عبوسة	B	B1
عبرانية	Z	Z2/Q3
معبرة	Z	Z99
عبرية	Z	Z2/Q3
عبير	X	X3.5
عابرية	Z	Z99
عبرن	Z	Z99
عبوس	S	S1.2.1
عبس-	B	B1
عبرنة	Z	Z99
عبك	Z	Z99
أعبل-	Z	Z99
تعتيد	A	A1.1.1
تعتر	Z	Z99
عتد	A	A1.1.1
عتد-	Z	Z99
عتروس	Z	Z99
عتق	T	T3
ٱنعتق	Z	Z99
عتريس	Z	Z99
معاتبة	Q	Q1.2/E2
عتابي	L	L2mfnc
أعبلي	O	O1.1
معبل	T	T1.3
أعبل	O	O1.1
عبالة	Z	Z99
عبال	Z	Z99
عبى	O	O2
عبيات	Z	Z99
عتيبي	Z	Z99
تعتب	N	N5.2
عتب-	Q	Q1.2/E2
طارقة	A	A1.4
ٱستطراق	Z	Z99
صنج	K	K2
صنجة	N	N3.5
صنتمتر	N	N3.7
صنتيم	Z	Z99
صنان	Z	Z99
صناج	K	K2
صناجة	K	K2
صندل	B	B5
صنديد	E	E5
صنداي	T	T1.3
صنجقية	O	O2
صنة	Z	Z99
أصمى	Z	Z99
تصميغ	Z	Z99
صمل-	Z	Z99
صمغي	O	O1.1
صمغ	O	O1.1
أصمغ	O	O1.1
أصمل	O	O1.2
صمل	O	O4.5
صموئيل	Z	Z1m
صملاخ	Z	Z99
صمولة	F	F1
صامولة	F	F1
صندي	Z	Z1mf
صنارة	Z	Z99
صنمي	E	E2
صنو	S	S5
صنقة	X	X3.1
صنق	O	O4.2
صنق-	X	X3.5
صنوة	S	S4f
صنوبري	L	L3
صهبة	O	O4.3
ٱصهاب	Z	Z99
ٱصهب	Z	Z99
صهب-	Z	Z99
صنفرة	O	O1.1
صنفر	O	O2
ٱصطنع	A	A1.1.1
صنائعي	A	A5.4
صنز	Z	Z3c
مصنر	Z	Z99
مصنعية	A	A1.1.1
تصنعي	Z	Z99
تصنيفي	Z	Z99
تصنيفة	A	A6.3
مصطنع	A	A5.4
متصنع	A	A2.1
مصمصم	T	T2
مصلطح	N	N3.7
صلع-	Z	Z99
مصلصل	X	X3.2
صلصلة	X	X3.2
تصلصل	X	X3.2
صلع	B	B1
صلعة	Z	Z99
تصلف	S	S1.2.3+/Q2.2
صلف-	S	S1.2.3+/Q2.2
صلعم	Z	Z99
أصلع	B	B1
صلصل	X	X3.2
مصلد	E	E1
صلد-	Z	Z99
صلد	O	O4.5/A2.1
أصلخ	X	X3.2
متصالح	Z	Z99
صالحي	Z	Z99
أصلد	Z	Z99
تصليد	J	JJ
صلودة	A	A5.1
صلادة	A	A5.1
صلاد	Z	Z99
صلف	Z	Z99
صمد	A	A10
صماخ	B	B1
مصمت	O	O4.1
أصمت	X	X3.2
صمداني	T	T2
صمصمة	T	T2
صمصم	T	T2
صمادة	Z	Z99
صماد	O	O2
متصام	Z	Z99
إصمام	A	A12
مصلى	Z	Z99
ٱصطلى	Z	Z99
صلات	Z	Z99
متصلف	S	S1.2.3
ٱصطلاء	O	O4.6
مصطلى	H	H5
صميمية	S	S3.2
صميمي	S	S1.2.1
صمامة	O	O2
تصام	Z	Z99
أصهب	O	O4.3
صهد-	O	O4.6
صولجان	Z	Z99
صيامي	Z	Z99
صائلة	E	E3
مصاولة	E	E3
صيال	X	X8
صوملة	Z	Z99
صومالي	Z	Z2/S2mf
صائن	S	S8+/A15+/S2mf
صوانة	O	O1.1
صواني	O	O1.1
صولة	E	E3
صوفية	Z	Z99
مصوغة	B	B5
مصوغ	A	A5.1
صائغ	Z	Z99
أصوف	O	O1.1
صوفان	Z	Z99
صاول	E	E3
صوفيا	Z	Z99
صوفا	H	H5
صواف	Z	Z99
تصايح	Z	Z99
تصيف	Z	Z99
ٱصطاف	Z	Z99
صيعري	Z	Z99
صايع	S	S2mf
تصييف	Z	Z99
ضئالة	A	A9
ضؤل	N	N5-/A2.1
مصطاف	Z	Z99
صيصية	X	X5.2
صيصة	X	X5.2
تصيد	K	K5.1
صاد-	K	K5.1
صائح	Q	Q2.2/X3.2
صيداوي	Z	Z5
متصيد	K	K5.1/S2mf
تصيير	M	M6/A2.1
مصيرة	Z	Z99
صيرورة	O	O4.2
صيدال	Z	Z99
مصاغ	B	B5
صيغي	Q	Q3
تصهين	Z	Z99
صهوة	B	B1
صاهل	Z	Z99
صهيل	Z	Z99
صهل-	L	L2/X3.2
صوابي	B	B2
أصوب	A	A2.2
مصوبة	X	X3.4
مصوب	G	G3
تصويبي	Z	Z99
أصوبية	S	S1.2.6
منصهر	O	O3
مصهر	O	O3
صاهر	Z	Z99
تصاهر	Z	Z99
صهود	O	O4.6
صهيد	O	O4.6
صهد	O	O4.6
صهرة	S	S4f
صهير	O	O4.5/O4.6
صهور	Z	Z99
صهارة	K	K4
صهيرة	O	O3
ٱستصواب	S	S7.4
صوبة	O	O2
تصويرة	A	A6.1
مصورة	C	C1
صورية	Z	Z99
إصاخة	X	X3.2
صوخ	M	M1
تصوري	A	A5.2
صوصى	X	X3.2
منصاع	S	S7.1
صواع	O	O2
صاع	Z	Z99
ٱنصاع	A	A9
صاخ-	B	B4/H5
مصوح	O	O4.2
صائت	Q	Q2.1
مصوت	G	G1.2/S2mf
أصواتي	Z	Z99
صوبنة	Z	Z99
صوبن	B	B4
صوتم	Z	Z99
صوتمي	Z	Z99
تصويح	O	O4.2
صواح	L	L3
صوح	A	A1.1.2
صوجة	F	F1
صوالحة	Z	Z99
إصلاحية	B	B3
أصعق	E	E5
تصعير	O	O4.2
صعر	Z	Z99
ٱنصعق	Z	Z99
صعق	Z	Z99
صعل	Z	Z99
منصعق	E	E5
مصعوق	E	E5
صاعق	O	O4.2
صعر-	O	O4.2
صعاد	O	O2
مصعب	Z	Z99
متصاعب	A	A12
ٱستصعب	Z	Z99
تصاعب	Z	Z99
مصطول	S	S1.2.6
صعتر	Z	Z99
صعدة	N	N5+/A2.1
صاعدة	Z	Z99
إصعاد	N	N5+/A2.1
تصعيدي	N	N5+/A2.1
صعلكة	E	E4.1
صغر-	Z	Z99
مصفوفة	S	S1.1.1
صفح-	G	G2.1
مصفوف	S	S7.1
تصفيف	S	S7.1
صفاف	Q	Q1.2/S2mf
صفح	Z	Z99
تصافح	Z	Z99
صفاح	H	H1
صفوح	W	W4
ٱستصفح	Q	Q2.2/S1.2.4
تصاف	Z	Z99
صفف	S	S7.1
إصغار	S	S7.2
تصاغر	S	S7.1
صغار	N	N3.2
ٱستصغر	Z	Z99
صغا-	O	O4.4
صغي-	O	O4.4
مصغي	X	X5.1
إصغاء	X	X5.1
صغا	X	X7
صغو	X	X7
صرماتي	B	B5/S2mf
صرامي	B	B5
صريخ	Q	Q2.2/X3.2
ٱستصراخ	Z	Z99
صراخي	Q	Q2.2/X3.2
صراحية	Z	Z99
صراح	A	A5.4
صرد	N	N5.1
صراد	Z	Z99
صرصر	L	L2
صردا	Z	Z99
ٱنصرح	A	A7+/Q2.2
تصارح	A	A7+/Q2.2
صدي-	Z	Z99
متصادم	Z	Z99
مصادم	A	A15
مصادمة	E	E3
أصدى	X	X3.2
تصدية	Z	Z99
صرب	Z	Z2
صارة	S	S6
صرار	K	K5.1
مصاداة	Z	Z99
صرصورة	Z	Z99
صرصار	K	K5.1
ٱنصرم	T	T2
صرم-	A	A1.1.1
صيرف	I	I1/S2mf
صرم	I	I3.1
صريمة	X	X5.2
صرماية	B	B5
صرمة	B	B5
ٱنصرام	M	M6
مصارمة	S	S1.2.1
متصرفي	M	M7
متصرف	Z	Z99
صرعي	B	B2
ٱنصرع	Z	Z99
صرع-	E	E6
مصرصر	Q	Q2.2
ٱصطراع	K	K5.1
مصروع	A	A1.1.2
تصريفي	I	I2.2
صريفة	L	L3
صريف	X	X3.2
صرفي	Q	Q3
تصفيح	O	O2
مصقلة	Z	Z99
صقالة	O	O2
صيقل	B	B4
صقال	B	B4
ٱنصقل	Z	Z99
صقلبي	Z	Z99
صك-	I	I3.1
صلالة	Z	Z99
مصطك	M	M1
ٱصطكاك	M	M1
ٱصطك	M	M1
مصقوع	O	O4.6
مصقع	O	O4.6
صقران	Z	Z99
صقراني	Z	Z99
صاقور	Z	Z99
صقار	Z	Z99
صقري	L	L2mfn
صقع-	Z	Z99
تصقيع	N	N3.7
أصقع	N	N5
صقعة	Z	Z99
صليل	N	NN1
أصلال	Z	Z99
صلج	A	A1.7
صلوتة	O	O4.5
أصلت	Z	Z99
تصالب	M	M1
ٱنصلح	Z	Z99
ٱستصلح	Z	Z99
تصليح	A	A5.1+/A2.1
صلوحية	A	A1.6
صلحي	E	E3+/A1.1.1
مصلبة	O	O2
تصليب	M	M1
صلبي	Z	Z99
صالب	M	M4
تصلبي	Z	Z99
متصلب	A	A2.1
مصلوب	G	G2.1
صلبوت	O	O2/S9
صليبيخات	Z	Z99
صليبية	S	S8
مصاقبة	E	E2
صاقب	X	X4.2
صفراوي	O	O4.3
مصفر	X	X3.2
صافرة	O	O2
تصفيرة	X	X3.2
مصفار	Z	Z99
ٱصفرار	O	O4.3
صوفر	Z	Z99
صفري	N	N1
تصفير	X	X3.2
ٱصفر	Z	Z99
صفد	A	A1.7
أصفد	A	A1.7
مصافحة	S	S1.1.1
مصفحة	Z	Z99
مصفح	J	JJ
صفدي	Z	Z5
صفر-	O	O2
إصفاد	Z	Z99
تصفيد	Z	Z99
صفاد	G	G2.1/O2
صفصافة	L	L3
صفصف	L	L3-/F4
تصفوي	A	A4.1
ٱستصفى	G	G2.1/A9
تصافى	Z	Z99
مصافاة	A	A5.4
تصافي	A	A6.1+/S1.1.2
صقب-	X	X4.2
مصفي	Z	Z99
ٱستصفاء	A	A9+/G2.1
ٱصطفاء	X	X7
صافى	Z	Z99
صفا-	Z	Z99
أصفق	Z	Z99
صفاع	Z	Z99
تصافع	Z	Z99
صفطاوي	Z	Z5
صفيق	N	N3.7
صفين	Z	Z99
صفن-	X	X2.1
صفاقسي	Z	Z5
صفاقس	Z	Z99
ضؤولة	A	A9
أضأل	N	N3.2
مطبخة	Z	Z99
مطيبخ	F	F1/H2
طباخة	F	F1
طبيخ	F	F1
طبخة	F	F1
طابخ	F	F1/S2mf
طبر	O	O2
طبرقي	Z	Z5
طبرق	Z	Z99
طبردار	G	G3/I3.2/S2mf
طبارة	Z	Z99
ٱنطبخ	Z	Z99
متطبب	L	L2/Q2.1
طأمن	N	N5-/A2.1
تطأمن	N	N5-/A2.1
مطأطأ	O	O4.4
مطأطئ	Z	Z99
طازه	T	T3
طب-	Z	Z99
طبب	Z	Z99
تطبيب	Z	Z99
طبابة	Z	Z99
ٱستطب	Q	Q1.1/S8
تطبب	Z	Z99
طبيشي	Z	Z99
طباشيري	O	O4.3
طبلة	K	K2
طبلي	K	K2
طبل-	Z	Z99
طبلية	O	O2
طبال	K	K2/S2mf
طبان	Z	Z99
طبن-	Z	Z99
تطبيل	X	X3.2
مطبل	O	O4.1/O1.2
تطبق	A	A6.1
طبطبائي	Z	Z99
طبعي	A	A6.2
طبطابة	O	O2
طبطبة	Z	Z99
طبطب	X	X3.2
طبعية	A	A12
طباعي	Q	Q1.2
إطباق	A	A6.1
مطبعجي	Q	Q1.2/S2mf
مطبعي	Q	Q1.2
طاجيكستاني	Z	Z99
طاجيكستان	Z	Z2
ضار-	A	A1.1.2
تضور	B	B1
ضوج	B	B1
مضيبي	Z	Z99
ضور	B	B2
ضائر	A	A1.1.2
ضوع	X	X3.5
تضوع	M	M2
ضوضى	E	E3
متضور	F	F1
ضيائية	A	A10
ضيائي	O	O4.3
ضهي	A	A6.1
مضاهاة	A	A6.1
ضهى	B	B1
ضهل	Z	Z99
ضاهر	Z	Z99
مضاهي	A	A6.1
ضو	Z	Z99
ضويء	Z	Z99
ٱستضاء	Z	Z99
تضوأ	W	W2
ضوأ	W	W2
ضومط	Z	Z99
ضيوم	G	G2.1
ضيون	Z	Z99
ضيم	G	G2.1
ٱستضام	B	B2
مضايق	A	A12
طاء	Z	Z99
طائي	Z	Z99
طاجيكي	Z	Z2
طاجيك	Z	Z2/S2mf
طابة	O	O2/O4.4
طابا	Z	Z99
تضايف	S	S1.1.2
مضافة	H	H4/H1
ضيزى	S	S1.2
ضيعان	I	I1.2
ضاوي	S	S1.2.5
أضوى	S	S7.1-/A2.1
ضوى-	Z	Z99
مضيعة	I	I1.2
تضييع	N	N3.2-/A2.1
مضيع	N	N5.2
طابون	O	O2/F1
طابونة	O	O2/F1
طرش-	Z	Z99
طرس	Z	Z99
طرزي	B	B5
طرش	Z	Z99
طرشي	F	F1
طرشة	X	X3.2
مطرود	Z	Z99
ٱستطرادي	A	A6.1
طردي	O	O2
طردة	H	H4/G2.1
طرخون	Z	Z99
منطرح	J	JJ
ٱطراح	X	X7
طريد	M	M2/G1.2
طريدة	X	X7
ٱستطراد	A	A6.1
ٱطرادي	T	T2
طراد	A	A1.1.1
طرشا	Z	Z99
مطرش	Z	Z99
طارف	Z	Z99
مطرف	Z	Z99
أطروفة	C	C1
طرفي	N	N5.1
مستطرف	O	O4.2
إطراقة	Z	Z99
مطراق	A	A6.3
طرقي	Z	Z99
ٱستطرف	Z	Z99
طرطوس	Z	Z99
طرطير	Z	Z99
طرطرة	Q	Q2.2
طرطر	S	S1.2.3+/Q2.2
طرطوسي	Z	Z5
طرطش	X	X3.2/O1.2
طرطقة	X	X3.2
طرطق	X	X3.2
طرطوفة	F	F1
طرطشة	M	M4
طريحة	A	A1.1.1
طريح	X	X7
طحانة	A	A1.1.1
طحن	F	F1
تطاحن	E	E3
مطحول	Z	Z99
طحيني	F	F1
طحان	F	F1/S2mf
طخروري	W	W3
طخرور	W	W4
طاحن	O	O2/F1
طاحون	H	H1
طحال	Z	Z99
طحالي	Z	Z99
طبوغرافية	Y	Y1/W3
طابية	G	G3/H1c
طبوغرافي	Z	Z99
طبوغرافيا	Y	Y1/W3
طبنجة	G	G3
طحرور	W	W4
طحروري	W	W3
طحل	O	O1.1
طحطحة	A	A1.1.2
طحطح	A	A1.1.2
طخاف	Z	Z99
طخاء	Z	Z99
طرابلسي	Z	Z5
طرابيشي	Z	Z99
طرابزون	Z	Z99
طرابيزة	H	H5
طربيد	G	G3
مطربش	Z	Z99
متطربش	Z	Z99
طروح	N	N3.3
ٱنطرح	Z	Z99
تطارح	A	A9/S1.1.2
طارح	Z	Z99
إطراب	Z	Z99
تطريب	Z	Z99
طرور	N	N3.2+/A2.1
طر-	N	N3.2+/A2.1
طخاءة	Z	Z99
طرار	Z	Z99
أطرأ	Z	Z99
طروب	X	X5.2
طرآني	L	L1
طريء	T	T3
ضهر	W	W3
مضرة	A	A1.1.2
ضرة	Z	Z99
ضرية	S	S4/N5
أضراب	A	A6.1
ضربخانة	Z	Z99
مضراب	K	K5.1/O2
مضرب	Z	Z99
ضريبي	I	I1/G1.1
ضوارب	M	M1
ضري	Z	Z99
ضدية	E	E3
ضحوة	T	T1.3
أضحاة	S	S9
ضحالة	Z	Z99
ضاحكة	B	B1
مضحكة	Z	Z99
ضاحي	X	X3.4
ضاحوي	H	H4/M7
ضدي	Z	Z5
مضخم	K	K3
تضخمي	I	I1.3
ضرط	Z	Z99
ضرطة	B	B1
ضروس	E	E3
ضراس	B	B2
ضراط	Z	Z99
مضارعة	A	A6.1
ضرعي	L	L2
ٱضطرع	Q	Q2.2
أضرس	Z	Z99
ضرج	O	O4.3
مضاربي	X	X2.6
مضربة	H	H5
تضرج	O	O4.3
ضريحي	L	L1-/S1.1.1
مضرج	Z	Z4
مضروج	B	B1
أضحوكة	Z	Z99
ضحاك	E	E4.1+/X3.2
إضباري	G	G1.1/S2mf
أضبور	O	O2/Q1.2
إضبارة	O	O2/Q1.2
ضبارة	O	O2/Q1.2
ضبر	S	S6
ضبس	O	O4.2
ٱنضبط	Z	Z99
ٱضطبن	Z	Z99
مضبط	A	A2.1+/S2mf
مضبطة	T	T1.3
ضبطي	G	G2.1
ضبر-	S	S5
ضبح-	O	O4.3
ضأن	L	L2mfnc
ضأني	F	F1
ضامة	Z	Z99
متضائل	N	N5-/A2.1
تضاؤل	N	N5
ضائن	F	F1
ضب-	A	A15+/I3.2/S2mf
ضب	L	L2mfn
ضبابية	Z	Z99
ضبة	O	O2
ضبب	N	N3.3
ضبن	B	B1
أضج	Z	Z99
مضاجعة	Z	Z99
مضطجع	H	H5
ضجيع	S	S3.2
ضجعي	Z	Z99
ضجعة	Z	Z99
ضحضح	M	M1
ضحوك	E	E4.1+/X3.2
ٱستضحك	Z	Z99
ضحضاح	N	N3.7
تضحضح	M	M1
ضجوع	E	E3
ٱضجع	B	B1
ضجر-	Z	Z99
تضجر	Z	Z99
مضج	E	E3
ضجوج	E	E3
ضجاج	E	E3
مضجر	E	E3
متضجر	E	E3
ٱضطجع	B	B1
ٱنضجع	B	B1
أضجع	Z	Z99
ضجع-	E	E3
مضارع	A	A6.1
ضمخ-	Z	Z99
ضمخ	Z	Z99
مضمحل	A	A10
ضمج	Z	Z99
مضموم	A	A2.2
تضميخ	Z	Z99
ضمادة	B	B3/O2
ضمد	Z	Z99
ضمد-	Z	Z99
ضام	S	S5
ضميمة	N	N5
ضلعي	W	W3/M4
ضليع	S	S1.2.5
ٱستضلع	Z	Z99
تضلع	Z	Z99
ضلاعة	Z	Z99
مضلع	O	O4.5
ضميم	A	A2.2
تضام	S	S5
مضطلع	X	X2.2
متضلع	X	X2.2
مضمد	Z	Z99
مضمدة	B	B3
ضني-	E	E4.1
أضنى	E	E4.1
ضنيك	I	I1.1
مضنك	B	B2
مضانك	Z	Z99
ضنى	E	E4.1
ضني	E	E4.1
ضهد-	S	S7.4
مضنى	B	B2
إضناء	B	B2
ضنية	Z	Z99
ضناكة	I	I1.1
ضنك-	Z	Z99
ضميري	X	X2.1/G2.2
إضمار	A	A10
ضمر	Z	Z99
ٱنضمر	A	A1.1.2
تضمر	B	B3/S2mf
إضماري	O	O4.4
تضامني	S	S8
ضنحاني	Z	Z99
ضن	Z	Z99
ضامن	A	A7+/S2mf
ضلع-	S	S8
مضعف	B	B2
تضاعيف	A	A1.8
تضعضع	X	X9.2
متضعضع	B	B2
ضغطي	N	N3.5
ضغضغة	F	F1/B1
ضغضغ	F	F1/B1
ضعضعة	A	A1.1.2
ضرام	O	O4.6
مضطرم	O	O4.6
تضرم	Z	Z99
ضرم	Z	Z99
ضرغم	L	L2mfn
ضرمة	Z	Z99
إضرام	O	O1.1
ضعضع	A	A1.1.2
تضرية	A	A2.2
ضواري	Z	Z99
ضرو	Z	Z99
ضغوطي	N	N3.5
ضاغطة	O	O2
ضفر	B	B5
ضفور	B	B5
ضافر	Z	Z99
ضفدعي	L	L2mfn
ضفا-	H	H2
ضفوة	N	N5
مضل	A	A5.2
إضلال	A	A5.2
أضلولة	A	A5.3
ضافي	N	N5
ضفف	I	I1.1
ضاغن	E	E3
مضغطي	Z	Z99
مضغاط	O	O2
مضغط	W	W4/N3.1
ضاغوط	X	X4.1/A5.1
ضغوط	Z	Z99
ٱنضغاط	N	N3.4
ٱنضغاطية	Z	Z99
ضغن	E	E3
تضاغن	Z	Z99
ضغن-	Z	Z99
مواعزيز	Z	Z99
تعز	Z	Z99
غاض	W	W4
تغضب	Z	Z99
غضوضة	T	T3
غضيض	T	T3
غضة	A	A5.3
غضوبي	E	E3
إغضاب	E	E3
غضر	A	A13.3
غضير	A	A13.3
غضر-	Z	Z99
مغضب	E	E3
مغضوب	Z	Z99
غضض	S	S8
غصين	L	L3
ٱغتص	Z	Z99
غصة	B	B2
أغص	B	B2
تغشية	Z	Z99
مغشي	B	B1
غصب-	E	E3
غصب	G	G2.1
غصنة	L	L3
أغصن	Z	Z99
مغصوب	A	A9+/S7.1
غضارة	I	I1.1
غضراء	N	N5
غطرة	Z	Z99
غطرس	Z	Z99
غطيط	W	W4
ٱنغط	Z	Z99
تغطرس	Z	Z99
غطرسة	S	S1.2.3
غطريف	S	S7.1+/S2mf
متغطرس	S	S1.2.3
غطريس	S	S1.2.3
أغط	M	M2
إغضاء	X	X5.1
غضن	O	O4.4
تغضين	A	A1.1.1
تغضن	B	B1
غاضن	O	O4.1
متغضن	O	O4.4
غضى	A	A12
أغضى	X	X5.1
غضنفري	L	L2mfn
غضنفر	L	L2mfn
غاشية	O	O2
مغشى	M	M6
مغسلة	Z	Z99
غسالة	Z	Z99
ٱغتسال	B	B4
مغتسل	M	M4/S2mf
غشش	A	A5.2
غساني	Z	Z99
غاسل	B	B4/O3
غسال	Z	Z99
غاسول	B	B4
غزاة	T	T2+/A1.1.1
غازية	X	X7+/Q2.2
مغازل	S	S3.2
مغازلة	S	S3.2
مغزل	O	O2
غوازي	Z	Z99
غس	O	O4.2
غسول	B	B4/O1
غسلة	B	B4
غسقي	T	T1.3
غسق	T	T1.3
ٱنغش	Z	Z99
ٱغتش	Z	Z99
أغشى	O	O2
تغشى	Z	Z99
غشى	O	O2
غشا-	Z	Z99
غشومة	X	X2.2
ٱستغشى	M	M7/A10
غشوة	B	B5
غشيان	N	NN1
غشائي	Z	Z99
غشي	N	NN1
غشاوة	A	A10
غشيم	X	X2.2
غشوم	S	S7.1+/S2mf
غاش	A	A5.2
غشت	Z	Z1m
غشاش	A	A5.2
ٱستغش	Z	Z99
غشتاد	Z	Z99
غشم-	E	E3
غشم	S	S7.1
ٱستغشم	Z	Z99
تغاشم	Z	Z99
غطس-	M	M2
أغلط	Z	Z99
تغالط	Z	Z99
غالط	A	A5.3
غلط-	A	A5.3
غلصمة	Z	Z99
غلطان	A	A5.3
أغلوطة	Z	Z99
غلظ	Z	Z99
غلظ-	Z	Z99
مغالط	A	A5.2
غلس	A	A13.4
غلافكوس	Z	Z99
تغالب	X	X8
غلاسكو	Z	Z2
غلازنوست	G	G1.2
مغلول	G	G2.1
غلاب	X	X9.2
غلباوي	Q	Q2.1
متغلب	X	X9.2+/S7.3
مغلب	X	X9.2
أغلظ	N	N3.7
ٱستغلظ	Z	Z99
ٱستغلق	Z	Z99
غلفانومتر	Z	Z99
مغلفن	O	O4.1
غلاقة	Z	Z99
غلم	X	X5.2
ٱغتلم	Z	Z99
غلم-	Z	Z99
مستغلق	A	A10
غلفنة	Z	Z99
تغلفن	Z	Z99
غلغل	M	M1
متغلغل	X	X3.2
تغليظ	Z	Z99
غلاظة	N	N3.7
غلفة	Z	Z99
غلافي	A	A10
غلفن	X	X5.2
غلافة	Q	Q4.1
أغلف	S	S1.2.4
غليل	X	X5.2
غلول	Z	Z99
غفرائيل	Z	Z99
غفرة	O	O2
غف	A	A9
غطائي	A	A10
ٱغتطى	Z	Z99
غفار	G	G2.2+/S1.2
غفراء	A	A15+/I3.2/S2mf
غفق	W	W4
ٱستغفاري	Z	Z99
مغفر	B	B5
غفارة	Z	Z99
غطيم	N	N3.2
غطم	N	N3.2
تغطيس	X	X5.2
غطسان	M	M2
تغطس	M	M4
غطش-	Z	Z99
غطشاء	Z	Z99
غطشان	N	N3.8
غطش	O	O4.3/A2.1
تغطش	Z	Z99
غفقة	Z	Z99
غقيق	A	A1.1.1
غل-	M	M1
غق-	O	O2
إغفاء	B	B1
غفوة	B	B1
غلل	G	G2.1
ٱنغل	Z	Z99
تغلل	M	M1
أغل	F	F1
أغفى	Z	Z99
غفي-	Z	Z99
غفلية	A	A10
غفلان	A	A1.9
ٱستغفل	Z	Z99
تغافل	A	A1.9
تغفيل	Z	Z99
متغافل	A	A1.9
متغفل	X	X9.1-/S2mf
غفول	A	A1.9
غزلان	Z	Z99
مغدودن	O	O4.2
غدى	Z	Z99
غدان	Z	Z99
غدنة	Z	Z99
غدن	Z	Z99
غدو	Z	Z99
غدوة	T	T1.3
غذ-	Z	Z99
مغدى	Z	Z99
غدية	T	T1.3
ٱغدودن	Z	Z99
مغدق	N	N5.1
غديرة	N	N4
غدار	A	A15
غدراني	W	W3
غدران	Z	Z99
غدر-	G	G2.2
غدارة	G	G3
غدفة	Z	Z99
غدق	N	N5.1
أغدق	B	B4
غدق-	Z	Z99
غداف	L	L2
أغذ	N	N3.8
غذ	Z	Z99
مغتر	S	S1.2.3
غراهام	Z	Z1mf
مغرر	A	A5.2
تغريري	A	A11.2
تغرير	A	A5.2
ٱغترب	Z	Z99
غارب	W	W3
ٱغترابي	M	M1
مغاربي	Q	Q4.3
غروبي	Z	Z99
غرارة	O	O2
غذو	F	F1
غر	A	A5.2
ٱغتذى	Z	Z99
غذا-	F	F1
إغذاذ	Z	Z99
غرر	A	A5.2
ٱستغر	X	X2.6
أغرار	X	X2.2
غدي	Z	Z99
غددي	Z	Z99
أغبس	W	W2
مغبر	O	O1.1
ٱغبرار	E	E2
غبشة	T	T1.3
أغبش	W	W2
ٱغتبط	Z	Z99
أغبط	X	X5.2
غبط-	S	S1.2.2
غباشة	Z	Z99
غبرة	O	O1.1
غب-	Z	Z99
غبب	B	B1
غايز	Z	Z99
غاو	Z	Z1
غبة	B	B1
غبر-	T	T1.3
غبر	O	O4.1
ٱغبر	Z	Z99
تغبر	Z	Z99
ٱغتباط	E	E4.2
مغبوط	A	A1.4
غثى-	Z	Z99
أغثى	O	O4.2
غثوثة	B	B1
غثاثة	B	B1
غثيث	N	N3.7
غثي	B	B2
غثاء	O	O1.1
تغجير	Q	Q2.2
غجري	Z	Z2/S2mf
غجر	Q	Q2.2/E2
مغثي	O	O4.2
غث	N	N3.7
غث-	Z	Z99
مغبون	A	A5.2
غبي-	Z	Z99
غبن	G	G2.1
غبن-	G	G2.2-/S2mf
مغتبط	E	E4.1
تغابى	Z	Z99
غبوة	Q	Q3
غت-	M	M2
تغبية	E	E5
أغبى	S	S1.2.6
غباوة	X	X9.1
غروى	A	A5.1
غراية	Z	Z99
غرا-	Z	Z99
غرنوقي	L	L3
غرنيق	O	O2
غراء	O	O1
غرائي	O	O4.5
تغرية	A	A1.1.1
مغراة	Z	Z99
غرويات	Z	Z99
غروي	O	O4.5
غرنوق	O	O2
غرناطي	Z	Z99
تغرم	Z	Z99
غرم	A	A1.1.2
أغرم	S	S6
غرم-	Z	Z99
غرامة	A	A5.1
غرامي	E	E2
غريني	A	A10
غرين	W	W3
غراميات	S	S3.2
غارية	Z	Z99
غويري	Z	Z99
ٱغتزل	M	M1
تغازل	Z	Z99
غازل	G	G2.1
غزول	S	S3.2
غزلي	E	E2
غزالة	Z	Z99
غزاري	L	L2mfn
غزر	N	N5
غروجان	Z	Z99
غريغوار	Z	Z99
غروزني	Z	Z99
مغرو	A	A1.1.1
مغريات	Z	Z99
غريفيث	Z	Z1mf
غزر-	Z	Z99
غزاوي	Z	Z99
غزي	O	O1.1
أغز	Z	Z99
غرلة	Z	Z99
إغراقي	N	N5.2+/Q2.2
ٱغترز	M	M1
غرز	O	O2
ٱنغرز	M	M1
تغرز	M	M1
أغرز	M	M1
مغرز	K	K6/G2.2
ٱنغراز	M	M1/A10
غراسة	F	F4
غراس	F	F4
غرسة	L	L3
ٱنغرس	Z	Z99
غرز-	A	A1.1.1
مغربل	Z	Z99
غرثيا	Z	Z1mf
غربال	O	O2
غربلة	A	A1.1.1
غربل	A	A1.1.1
غرد-	X	X3.2
مغرد	K	K2
أغرود	Z	Z99
غريد	Z	Z99
غريسة	L	L3
مغرس	F	F4/M7
غرافة	F	F1/O2
مغرفة	Z	Z99
غراف	Z	Z99
ٱغترف	Z	Z99
غرغر	I	I1
ٱغتراف	Z	Z99
تغرق	B	B4/H5
تغريق	L	L1
غرقان	L	L1
غريق	L	L1
ٱغرورق	Z	Z99
غرغرة	A	A1.1.1
تغرغر	B	B4
أغرض	A	A9
تغرض	Z	Z99
غرش	Z	Z99
مغارسي	Z	Z99
مغارسة	Z	Z99
غرضي	A	A6.2
غريض	T	T3
غرضوف	B	B1
متغرض	E	E2
غلمة	Z	Z99
غلامية	Z	Z99
فتيتة	Z	Z99
فتأ-	T	T2
فتيت	O	O2
ٱنفت	A	A1.1.2
فتت	A	A1.1.2
فتاحة	O	O2
ٱستفتاح	T	T2
تفتيح	A	A7+/Q2.2
مفاتحة	A	A1.1.1
مفتاحجي	Z	Z99
فت-	S	S7.1-/A2.1
فايمر	Z	Z99
فانلة	B	B5
فانيسا	Z	Z1f
فئام	Z	Z99
فالجان	Z	Z99
فالتز	Z	Z99
فاهانين	Z	Z99
فاو	Z	Z3
فاينانشال	Z	Z99
فايسغلس	Z	Z99
فاوستينو	Z	Z99
فاوستو	Z	Z99
مفتح	O	O4.2
فتخة	Q	Q1.3
فتاق	B	B2
فتيق	A	A1.1.2
فتقي	Z	Z99
ٱنفتق	Z	Z99
مفتوق	A	A1.1.2
فتكة	A	A1.1.2
فتل	Z	Z99
فتل-	Z	Z99
فاتك	L	L1-/S2mf
أفتك	N	N5
فتق-	B	B1
فتفوتة	F	F1
فاتر	X	X5.2
متفتر	N	N6
تفتر	E	E4.1
فتر-	N	N5-/A2.1
فترينة	Z	Z99
فتاش	X	X2.4/S2mf
فتفت	F	F1
مفتشية	X	X2.4/A5.3/S5+c
تفتيشي	X	X2.4
فتيشة	Q	Q2.2
فال	Z	Z1mf
تفاؤلي	X	X2.6/A5.1+/S1.2
غيل	L	L3
إغاظة	E	E3
مغتاظ	E	E3
منغاظ	E	E3
غيلاد	Z	Z99
غام-	Z	Z99
غيم	W	W4
تغيم	Z	Z99
أغام	Z	Z99
مغيظ	E	E3
ٱغتياظ	E	E3
غيطنة	F	F4
غيطني	F	F4
غيط	L	L3/H3
غيضة	L	L3
غيض	Z	Z99
غيطاني	F	F4/S2mf
غاظ-	E	E3
ٱغتاظ	Z	Z99
ٱنغاظ	Z	Z99
تغيظ	Z	Z99
متغيم	O	O4.3
غيمارايش	Z	Z99
فاسكو	Z	Z99
فاسكيز	Z	Z99
فازلين	B	B4
فازة	O	O2
فارسوفيا	Z	Z2
فاشست	G	G1.2/S2mf
فاشستي	G	G1.2/S2mf
فأل	Z	Z99
فاكر	Z	Z99
فأفأ	Q	Q2.2/B2
فاشستية	G	G1.2
فارغاس	Z	Z1mf
فؤادي	Z	Z99
أغين	O	O4.1
غينادي	Z	Z99
غينة	B	B1
غين	Z	Z99
غيملستوب	Z	Z99
غيني	Z	Z2
فابريس	Z	Z99
فاجبايي	Z	Z99
ٱفتئات	S	S7.1
ٱفتأت	Z	Z99
فابريكة	I	I4/H1c
تفتل	Z	Z99
ٱنفتل	M	M1
فحمة	Z	Z99
أفحم	S	S8
فحم-	Z	Z99
فحوم	O	O4.3
فحمي	O	O1.1
مفحم	X	X9.2+/S7.3
تفحيم	Z	Z99
فحيم	O	O4.3
مستفحل	E	E4.1
تفاحش	O	O4.2
فاحشة	G	G2.2-/S3.2/S2.1f
فحيش	A	A5.1
فحاش	S	S1.2.4
فحش	G	G2.2
مفحشة	G	G2.2-/S3.2/S2.1f
فحيص	Z	Z99
فحاحيل	Z	Z99
فحولة	S	S2.2
متفحص	M	M1
أفحوص	Z	Z99
تفخيخ	Z	Z99
فخت-	A	A1.1.1
تفخيم	X	X3.2
فخفخة	Z	Z99
فخفخ	Z	Z99
مفتخر	E	E4.2+/S1.2
مفخم	A	A11.1
فدباتاك	Z	Z99
فادحة	A	A1.4
فدح	A	A12
ٱستفدح	Z	Z99
فدح-	E	E3
مفاخر	E	E4.2+/S1.2
مفاخرة	E	E4.2+/S1.2
ٱستفخر	Z	Z99
فخرالدين	Z	Z99
فخذي	S	S5
فاخت	A	A11.2
فخت	A	A11.2
فخراني	Z	Z99
فخرو	Z	Z99
فاخورة	Z	Z99
فخاريات	O	O1.1
أفخر	N	N5
فخير	S	S1.2.3
أفحش	N	N5
فج-	M	M8
أفج	N	N3.8
فثء	Z	Z99
فثأ-	O	O4.6
فاتي	Z	Z99
فجأ-	X	X2.6
فجئ-	X	X2.6
مفاجئة	X	X2.6
فاجئ	X	X2.6
فجائية	Z	Z99
فجاءة	N	N3.8
ٱستفتائي	G	G1.2
فتوة	T	T3
مفتول	N	N3.2
ٱفتتن	X	X5.2
فتال	O	O2
فتيلة	O	O2
فتلة	O	O2
فتني	Z	Z99
فتان	X	X5.2
فتية	Z	Z99
فتاء	T	T3
ٱستفتى	Z	Z99
فجيرة	Z	Z99
تفجيري	A	A15
فجفج	Q	Q2.1
فجفاج	Q	Q2.1
فجعنة	S	S1.2.2
تفجعن	Z	Z99
مفجوع	B	B2
فجا-	A	A10
فجاء	Z	Z99
فحش-	Z	Z99
فحيح	X	X3.2
فح	X	X3.2
فح-	X	X3.2
تفجع	E	E6
فجع-	E	E6
أفجع	E	E3
منفجر	A	A15
فاجرة	G	G2.2-/S2.1f
فاجر	G	G2.2
فجعة	S	S1.2.2
فجعان	S	S1.2.2+/S2mf
فجيع	B	B2
فجوع	B	B2
فجاعة	S	S1.2.2
غيرهارد	Z	Z99
متغاير	A	A6.1
إغماءة	Z	Z99
مغمي	B	B2
غمي	N	NN1
أغمى	A	A11.2
غمى	O	O2/X3.4
مغمى	B	B2
غن-	Z	Z99
غنج-	S	S3.2
غنان	X	X3.2
غن	Z	Z99
غمى-	A	A11.2
غملوج	A	A2.1
غمضة	X	X5.2
غمط-	E	E2
ٱغتمض	B	B1
ٱنغمض	N	N3.3
غمط	S	S7.2
غمغم	Q	Q2.2/X3.2
غملاج	A	A2.1
غملج	A	A2.1
غمق-	Z	Z99
غمغمة	Q	Q2.2/X3.2
تغنج	S	S3.2
غنجة	S	S3.2
غنغريني	B	B2
غنافر	E	E3-/S2mf
غنغرينا	B	B2
غنغرينة	B	B2
غنغرين	B	B2
غنم-	A	A9
مغنم	I	I1.1
غنيم	Z	Z99
ٱستغنم	A	A9
أغنم	A	A9
غنغرة	B	B2
تغنغر	Z	Z99
متغنج	S	S3.2
أغنوجة	S	S3.2
مغناج	S	S3.2
غنوج	Z	Z99
تغندر	Z	Z99
غندرة	A	A5.2
غنغر	Z	Z99
غندقجي	Z	Z99
غندورة	Z	Z99
غندر	O	O4.2
غمض-	Z	Z99
أغمص	O	O4.5
غمامي	W	W4
غمامية	Z	Z99
ٱغتم	E	E4.1
ٱنغم	E	E4.1
أغم	E	E6
غمامة	A	A5.1
غام	W	W4
غمد-	O	O2
مغم	E	E6
مغتم	E	E6
مغموم	E	E6
غمم	A	A10
غم-	M	M7/A10
تغالى	N	N5.2
إغلاء	S	S7.2+/Q2.2
غلماني	Z	Z99
غلومة	Z	Z99
غلوم	Z	Z99
مغالي	N	N5.2
مغالى	N	N5.2+/Q2.2
غليسرين	Z	Z99
مغلاة	O	O2
مغلي	F	F1
غلوري	S	S7.2
أغمد	Z	Z99
ٱغتمس	Z	Z99
غميس	A	A10
غماز	M	M4/O2
مغمز	A	A5.1
غميزة	A	A1.1.2
غموس	S	S9
مغموس	M	M2
غمص	Z	Z99
غمص-	S	S7.2
غمش	Z	Z99
غمش-	Z	Z99
غمازة	B	B1
غمزة	Q	Q1.1
ٱنغمر	M	M1
ٱغتمر	Z	Z99
مغمود	A	A10
غامدي	Z	Z99
تغمد	O	O2
غماري	A	A6.2
غمراوي	Z	Z99
غمز	Q	Q1.1
ٱغتمز	A	A11.1-/Q2.2
تغامز	Z	Z99
غمز-	A	A11.1
ٱغتنام	Z	Z99
غنوصي	Z	Z99
غاوي	S	S2/E2+mf
مغواة	A	A15
أغوية	A	A15
غية	A	A5.3
ٱستغوى	A	A5.2
مغوي	O	O4.2
غويانا	Z	Z2
ٱغتاب	A	A11.1-/Q2.2
غائية	X	X6
غائي	N	N4
غوياني	Z	Z2/S2mf
غوى	A	A5.2
غوى-	A	A1.7
غائلة	A	A5.1
مغتال	L	L1
غيلاني	Z	Z99
غيلان	Z	Z99
غال-	A	A9
غولتي	Z	Z99
غولمار	Z	Z99
غونزاليس	Z	Z99
غونار	Z	Z99
غوميش	Z	Z99
غولنر	Z	Z99
ٱستغاب	A	A11.1-/Q2.2
غيبي	A	A10
غيداق	O	O4.2
غاير	Z	Z99
تغايد	Z	Z99
أغيد	O	O4.5
غيد	O	O4.5
تغاير	Z	Z99
غيرية	S	S1.2.2
تغيرية	A	A6.3
تغييرة	A	A9/S1.1.2
غيران	E	E4.1-/S3.2
غاث-	Z	Z99
غيتو	M	M7
غيابة	N	N4
غيبوبة	X	X1
غيابي	S	S1.1.3
غابي	L	L3
غيبية	A	A1.6
غيبوبي	B	B2
تغيبية	S	S1.1.3
مغتاب	Q	Q2.2/A5.2
متغيب	S	S1.1.3
ٱغتياب	Q	Q2.2/A5.2
غوغول	Z	Z99
غوغائية	Z	Z99
مستغاث	Z	Z99
غودرميس	Z	Z99
مغيث	Z	Z99
غوثاه	S	S8
غياث	S	S8
غوديو	Z	Z99
تغور	M	M1
مستغور	Z	Z99
إغارة	E	E3
مغوار	G	G3/S5
ٱستغور	Z	Z99
أغاث	S	S8
ٱغتناء	Z	Z99
غانية	Z	Z99
غنوة	K	K2
غنية	I	I1.1
مستغنى	A	A1.5.2
مغتني	Z	Z99
غوانغدونغ	Z	Z99
غواتيمالي	Z	Z2/S2mf
غواتيمالا	Z	Z2
غو	Z	Z99
غوران	Z	Z2
غويط	N	N3.7
تغوط	B	B1
غوطة	W	W3/L3
غوط	O	O4.1
غائط	B	B1
غائطي	Z	Z99
غوغائي	Z	Z99
غوغاء	S	S5+/O4.2-c
غاغة	S	S5+/O4.2-c
غوطي	Z	Z99
غائص	M	M2
تغوز	Z	Z99
تغويز	O	O1.3
غوز	Z	Z99
غوريلا	L	L2
غورباتشوفي	Z	Z99
غوسبيتش	Z	Z99
غوستاف	Z	Z99
مغاص	Z	Z99
غواصي	M	M4fn
غويشة	B	B5
غوستافو	Z	Z99
غانتز	Z	Z99
غاني	Z	Z2
عطالة	I	I3.1
عطيل	Z	Z1m
مستعطف	X	X7+/Q2.2
معطوف	N	N2
عواطل	K	K1/T1.3
عطاالله	Z	Z99
ٱستعطى	Z	Z99
عاطى	A	A1.1.1
متعطل	I	I3.1
عواطفية	Z	Z99
عاطفية	Z	Z99
عطفة	N	N4
عطوفة	E	E2
ٱستعطف	Z	Z99
ٱعتطف	Z	Z99
تعطف	X	X2.5+/E1
تعاطفي	X	X2.5+/E1
ٱستعطافي	Z	Z99
ٱستعطاف	A	A2.2/S1.2.4
ٱنعطافة	T	T1.3
ٱنعطاف	M	M1
عطوي	Z	Z99
عطوان	Z	Z99
عظاية	L	L2mfn
عف-	K	K2
عظاءة	L	L2mfn
متعاظم	S	S1.2.3
أعظمية	Z	Z99
تعفف	Z	Z99
عفة	A	A9-/G2.2
عفر-	Z	Z99
أعف	N	N5
عفيفي	Z	Z99
عظيمة	A	A1.4
عظموت	O	O4.2
ٱستعطاء	Q	Q2.2
مستعطي	I	I1.1-/S2mf
معاطاة	A	A1.1.1
معطاء	S	S1.2.2
عاظل	Z	Z99
معاظلة	N	N6
معظمة	Z	Z99
عظامي	B	B1
ٱستعظم	Z	Z99
تعظم	A	A10
عطف-	O	O4.4
عطعطة	X	X3.2
عضاه	Z	Z99
تعضية	Z	Z99
تعضيل	Z	Z99
عاضل	B	B1
معضل	A	A12
معضي	Z	Z99
عطب-	L	L1
ٱعتطب	L	L1
تعطب	Z	Z99
أعطب	A	A1.1.2
معضاد	Z	Z99
معاضد	S	S8
تعضيد	S	S8
عضد	X	X5.2
تعاضدي	S	S8
تعاضدية	I	I2.1/S5c
تعضل	Z	Z99
أعضل	Z	Z99
عضل-	S	S8
معضد	S	S8+/S2mf
تعطيب	A	A1.1.2
تعطيس	Z	Z99
عطش-	Z	Z99
معطس	B	B1
عاطوس	F	F3
عطوس	F	F3
أعطش	Z	Z99
عطعط	Q	Q2.2/X3.2
عطشجي	M	M4/S2mf
عاطش	B	B1/F2
عطسة	B	B1
عطري	X	X3.5
عطرية	X	X3.5
عطوبي	S	S1.2.5
عطوب	S	S1.2.5-/O4.1
عاطر	X	X3.5
معطرة	Z	Z99
عطس-	B	B1
عطاردي	Z	Z1/W1
عطارد	Z	Z1/W1
تعطير	Z	Z99
عفر	Z	Z99
عقر-	Z	Z99
معاقد	I	I2.1/S2mf
معقدة	K	K6
عاقر	Z	Z99
أعقر	E	E5
عقيرة	Q	Q2.1
عقارة	A	A1.5.2
عقاقيري	Z	Z99
عقور	O	O4.6
ٱعتقادية	A	A2.1-/X2.1
معقب	Q	Q2.2/S2mf
معاقب	G	G2.1
تعاقبي	N	N4
عقابي	G	G2.1
تعقيبة	Z	Z99
عقيب	Z	Z99
أعقد	A	A12
عقادة	F	F1
عقبولة	B	B2
عقبول	Z	Z5
عاقوري	Z	Z99
معقف	Z	Z99
معقوف	O	O4.4
عقفاء	Z	Z99
أعقف	O	O4.4
عقفة	O	O4.4
منعقف	Z	Z99
عقافة	O	O2
عقيلة	S	S4mf
عقل-	Z	Z99
عقف	O	O4.4
ٱنعقف	Z	Z99
عقص	Z	Z99
عقيصة	B	B5
عقص-	B	B5
معقرب	O	O4.4
معاقرة	B	B2
معقوص	O	O4.1
معقص	Z	Z99
عقف-	O	O4.4
عقعقة	Q	Q2.1
عقعق	Q	Q2.1
عقوبي	G	G2.1
عفش-	S	S9/Q1.1
عفاشة	A	A5.1
عفس	Z	Z99
عفس-	A	A1.1.2
عفارم	Z	Z99
عفص	O	O1.1
عفن	B	B2
عفن-	O	O4.2-/A2.1
عفلق	Z	Z99
عفوصة	Z	Z99
عفرتة	G	G2.2
عفريتة	Z	Z99
عوفرة	Z	Z99
عفرين	Z	Z99
عفرة	O	O1.1
عفار	O	O1.1
عفارة	O	O2
أعفر	O	O1.1
تعفير	B	B4
عفريتي	G	G2.2
تعفرت	Z	Z99
يعفور	L	L2mfn
معفر	O	O4.1
عقيقي	Z	Z99
عقوق	S	S8
عق-	S	S8
متعافي	B	B2
معفى	Z	Z99
أعق	S	S7.2
عاق	S	S8
ٱستعفاء	Q	Q2.2
تعافي	B	B2
متعفن	A	A1.1.2
عفى	A	A10
معفن	A	A1.1.2
تعفني	Z	Z99
عفونة	B	B2
تعافى	B	B2
ٱعتفى	Q	Q2.1
معافاة	S	S6
تعفية	Z	Z99
عفاء	L	L1
ٱستعفى	Z	Z99
معسور	I	I1.1
إعسار	I	I1.1
معسرة	A	A12
عسروي	M	M6
معسر	I	I1.1
متعسر	A	A12
عسف-	E	E3
عسعسة	O	O4.3
عسعس	O	O4.3
عسراوي	M	M6
عسيري	Z	Z5
معسجد	O	O4.3
عسر-	Z	Z99
عسجدي	O	O4.3
عسجد	O	O1.1
عسبر	Z	Z99
ٱستعسر	Z	Z99
تعاسر	Z	Z99
أعسر	M	M6
عاسر	Z	Z99
أعسف	N	N5.2
عيسلان	L	L3
عسلج	L	L3
معسل	X	X3.1
معسول	X	X3.1
تعسيل	B	B1
عسلوج	L	L3
عاسم	Z	Z99
تعشش	Z	Z99
عسي	X	X9.1
عاسي	O	O4.2
عسا-	A	A1.1.2
معسلة	H	H1/L2
عسالة	H	H1/L2
ٱعتساف	A	A6.1
متعسف	S	S7.1+/S2mf
عسوف	S	S7.1+/S2mf
عسفي	A	A1.7
ٱعتسف	A	A6.1
عسقل	L	L3
عسقول	L	L3
عسال	F	F4/L2/S2mf
عسكرة	Z	Z99
عسقلان	Z	Z99
عسيب	Z	Z99
عسوب	S	S7.1+/S2.2m
ٱعتزار	S	S5
عازار	Z	Z99
عزر	Q	Q2.2/G2.1
عزر-	Q	Q2.2/G2.1
عزرائيل	Z	Z99
عزيف	K	K2
ٱنعزل	Z	Z99
معزقة	F	F4/O2
عزق-	F	F4/O2
معزف	Z	Z99
عازب	S	S4
أعزب	S	S2.2m
عزوب	Z	Z99
عزب	S	S3.2
عزب-	Z	Z99
عزبي	Z	Z99
عزبة	F	F4/M7
عزوبية	S	S3.2
عزوبة	S	S3.2
عزلي	M	M2
عزال	B	B5
ٱنعزى	Z	Z99
ٱعتزى	Z	Z99
تعازى	Z	Z99
تعزى	Z	Z99
عزوة	S	S4T1.1.1
معزي	Z	Z99
عساس	Z	Z99
عسة	A	A15+/I3.2/S2mf
عسس	X	X2.4/S5+c
ٱعتس	Z	Z99
عزي-	Z	Z99
معتزم	X	X6
عزمة	X	X6
عازلة	Z	Z99
ٱنعزالية	Z	Z99
ٱنعزالي	G	G1.2/S5
عزوم	X	X6
عزومة	Q	Q2.2
معزم	K	K4/S2mf
ٱعتزام	X	X6
تعزيمي	Z	Z99
تعزيم	S	S9
ٱعتش	Z	Z99
تعشيش	L	L2
عصافة	F	F1
عصفر	Z	Z99
عصفة	A	A1.1.1
عصف	E	E3
أعصف	Z	Z99
معصفر	Z	Z99
عصفورية	B	B3/H1
ٱستعصم	Z	Z99
عصل	O	O4.4
عصل-	O	O4.1
عصعوص	Z	Z99
عصعص	Z	Z99
تعاصر	Z	Z99
ٱنعصر	Z	Z99
تعصر	Z	Z99
عاصر	Z	Z99
عصيدي	Z	Z99
ٱعتصر	M	M2
عصاري	T	T1.3
معصور	N	N3.4
عاصرة	Z	Z99
متعاصر	Z	Z99
تعصير	T	T1.1.2/A2.1
عصم	S	S8
عصامية	S	S7.1+c
عضض	B	B1
عضيض	O	O4.6
متعصي	A	A12
عصياني	G	G2.1
ٱعتصى	Z	Z99
عضة	B	B1
عضاض	O	O4.6
عاضد	S	S8
عضب	O	O4.4
عضوض	O	O4.6
تعاصى	Z	Z99
تعصى	Z	Z99
عصمانلي	Z	Z2
معصومية	S	S3.2/G2.2
عصيمي	Z	Z99
عاصمي	I	I1.1
عصاة	O	O2
عصاية	O	O2
عاصى	S	S8
عصى-	S	S8
عصوي	Z	Z99
عصية	Z	Z99
معتصب	K	K5.1/S2mf
ٱعتصاب	I	I3.1
معشار	Z	Z99
تعشير	Z	Z99
عشرين	T	T3
عشائري	S	S5
عشير	S	S3.1/S2mf
عشور	S	S1.2.1
عشقي	S	S3.2
تعاشق	Z	Z99
معشعش	Z	Z99
عواشر	Z	Z99
عشراوي	Z	Z99
عشاري	N	N5
أعشابي	Z	Z99
عشابة	L	L3
ٱعشوشب	Z	Z99
تعشب	Z	Z99
أعشب	Z	Z99
معشب	L	L3
عشتار	Z	Z99
أعشاري	N	N1/N2
تعاشر	Z	Z99
تعشيق	Q	Q4.3
تعشيقة	Q	Q4.3
أعصب	B	B5
عصب-	E	E2
عصص	Z	Z99
ٱعتصب	G	G2.1
عصاب	B	B3/O2
تعصبي	X	X5.2
تعصيب	Z	Z99
عصابية	B	B2
عص-	O	O4.5/A2.1
عشوائية	A	A1.7
عشم-	Z	Z99
عشم	O	O1.2
معشق	N	N5
معشوقة	E	E2
عواشق	Z	Z99
أعشم	O	O1.2
عشواء	W	W2
عشاوة	W	W2
عشوة	W	W2
تعشى	F	F1
عقيلان	Z	Z99
عيرة	A	A5.4
إعارة	A	A9
عويران	Z	Z99
تعاور	A	A6.1
عور	Z	Z99
إعاري	A	A9
عوز-	Z	Z99
معور	S	S1.2.5
ٱستعاري	Q	Q3
عار-	Z	Z99
تعويذي	Z	Z99
عائدية	S	S5+c
معود	A	A6.2
ٱعتياد	Z	Z99
معاود	N	N6
عاذ	Z	Z99
عوذة	B	B5/A10-/S9
أعاذ	S	S8+/A15
أعوز	I	I1.1
عازة	I	I1.1
عواض	Z	Z99
عويضة	Z	Z99
عوضي	Z	Z99
ٱعتاض	Z	Z99
تعاوضي	Z	Z99
عائض	A	A2.1
عوف	Z	Z99
عاف	M	M1
متعاوض	A	A2.1
معوض	Z	Z99
تعاوض	Z	Z99
تعوض	Z	Z99
عوسج	Z	Z99
عوص-	Z	Z99
عاوز	X	X7
عائز	I	I1.1
إعواز	I	I1.1
ٱعتوص	Z	Z99
ٱعتاص	Z	Z99
أعاض	A	A2.1
عاوض	A	A2.1
ٱعتياص	A	A12
أعوص	N	N5
معوج	Q	Q2.2
عنقود	S	S5
تعنقد	S	S5
متعانق	S	S3.2
معانقة	S	S3.2
عنقاء	Z	Z99
عنقري	Z	Z99
عنقاش	Z	Z99
تعني	X	X8
معنون	S	S7.4
عناة	G	G2.1/S2mf
عاني	S	S7.1
عنقي	B	B1
تعنيف	Q	Q1.2/E2
عنفة	O	O2
عنفوان	A	A11.1
عنفي	E	E3
تعنفص	S	S1.2.3+/Q2.2
متعنفص	S	S1.2.3
عنفص	E	E3
معتني	E	E6
معتنى	A	A1.3
عاج-	Z	Z99
عوج	O	O4.4
عوج-	O	O4.4
عاهن	B	B1
عهن	O	O1.1
تعوج	Z	Z99
ٱعوج	Z	Z99
تعويج	A	A2.1
أعوج	O	O4.4
عاهرة	S	S3.2+/I3.1/S2mf
عاهر	S	S4/G2.2-/S2mf
متعهد	I	I2.1/S2mf
متعاهد	Z	Z99
عهيد	S	S3.1/S2mf
ٱستعهد	Z	Z99
تعاهد	Z	Z99
عهر-	Z	Z99
عهارة	G	G2.2-/S3.2
عهر	S	S4/G2.2-/S2mf
تعهر	Z	Z99
عوفي	Z	Z99
عوفاديا	Z	Z99
أعيل	Z	Z99
عيوف	E	E4.2+/S1.2
عيفان	E	E2
عياف	E	E2
معيل	I	I3.1/S2mf
عيناوي	Z	Z99
عوينات	Z	Z99
عوينة	O	O2
عيون	Z	Z99
عيف	E	E2
عاف-	E	E2
عير	Z	Z99
عيارة	O	O2
عارة	Z	Z99
تعاير	Z	Z99
عاير	N	N3.1
معاير	Z	Z99
عيسوي	S	S9
عياط	Q	Q2.2
عيط	Q	Q2.2
عياش	Z	Z99
ٱعتاش	A	A3
عياني	B	B1
غالو	Z	Z99
غالواي	Z	Z2
غالكينا	Z	Z99
غال	O	O2
غاستون	Z	Z99
غاليري	C	C1/H1
غاما	Q	Q3
غانة	Z	Z2
غامبيل	Z	Z99
غامبي	Z	Z2
غامبيا	Z	Z2
غازوزة	Z	Z99
غازريان	Z	Z99
غابون	Z	Z2
غابوني	Z	Z2
غابرييلا	Z	Z99
غابرييل	Z	Z1mf
غاباني	Z	Z99
غاتوسو	Z	Z99
غاديت	Z	Z99
غاري	Z	Z1m
غارنيت	Z	Z1mf
غارنر	Z	Z1mf
غارمينديا	Z	Z99
عامئذ	Z	Z99
عامذاك	Z	Z99
عولم	Z	Z99
إعوال	Q	Q2.2
عوامة	M	M4/O2
عوان	N	N6
معيوه	B	B2
معوه	B	B2
أعوه	B	B2
معوان	S	S8+/S2mf
معال	A	A2.2
عواقة	O	O2
ٱعتاق	S	S8
تعوق	Z	Z99
عوفر	Z	Z99
معاقة	M	M7
تعويق	S	S8
أعول	Q	Q2.2
تعويقي	T	T4
عوى-	E	E4.1
عاوى	E	E4.1
عيث	Z	Z99
عايد	E	E4.1
عيتاني	Z	Z99
عيتان	Z	Z99
عيدية	A	A9
معايدة	Z	Z99
عيدروس	Z	Z99
عيديد	Z	Z99
عيدي	Z	Z99
عيدو	Z	Z99
عياء	X	X9.1
عيي	X	X9.1
عواء	Z	Z99
ٱستعوى	Z	Z99
معيي	B	B1
معيى	B	B2
عائب	A	A5.1
معاب	A	A5.3
عياب	Z	Z99
عيبة	A	A1.1.2
معنعن	Q	Q4.3
عنعنة	Z	Z99
عليق	F	F1/L2
معلف	O	O2/F4
علوفة	F	F1/L2
أعلف	F	F1
عليقة	L	L3
علاق	Z	Z99
تعليقة	Z	Z99
معلاق	Z	Z99
علاقي	Z	Z99
علوق	A	A5.1
علجوم	Z	Z99
تعالج	B	B3
علالة	S	S8
علولا	Z	Z99
ٱعتل	Q	Q2.2/A5.2
تعلل	Q	Q2.2/A5.2
معلول	B	B2
علج	E	E3-/S2mf
ٱعتلج	X	X8
عليبة	O	O2
علقم	X	X3.1
تعلقم	Z	Z99
علاءالدين	Z	Z99
علاية	N	N3.7
ٱستعلى	N	N5+/A2.1
عليون	Z	Z99
معلاة	A	A11.1
معلى	O	O4.4
عال	Z	Z1m
ٱعتلاء	S	S9
تعلية	M	M2
علنية	A	A5.2
ٱعتلن	Z	Z99
عالك	F	F1/B1
ٱستعلم	Q	Q2.2
علك	O	O1
علك-	F	F1/B1
علمة	Z	Z99
أعلومة	Q	Q1.1
عالماني	S	S9
ٱستعلامي	A	A5.2
معلمي	Z	Z99
تعلامة	P	P1/S2mf
معكنن	E	E3
عكم	O	O2
عكة	Z	Z99
عكاوي	Z	Z5
عك-	Z	Z99
معقام	O	O1.2/B4
معقمة	O	O1.2/B4
عكيك	O	O4.6
عكبر	L	L3
ٱعتكر	A	A5.1-/A2.1
تعكر	A	A5.1-/A2.1
عكر-	Z	Z99
عكدة	Z	Z99
عقام	B	B2
عقمة	A	A1.5.2
عقلاء	Z	Z99
معقولية	A	A5.2
ٱعتقالي	Z	Z99
تعقلية	Z	Z99
أعقل	Z	Z99
متعقل	S	S1.2.6
معتقلي	Z	Z99
عقم-	Z	Z99
عقلنة	X	X2.1
عقلن	X	X2.1
عكار	Z	Z99
عكارة	O	O1.1
معكوسية	Z	Z99
عكش-	Z	Z99
عكوسية	Z	Z99
عكوس	A	A2.1+/A6.1
عكش	Z	Z99
عكم-	O	O2
معتكف	M	M1
عكوف	Z	Z99
عاكس	O	O2
ٱنعكاسي	B	B1
معكر	E	E3-/S2mf
متعكر	E	E6
تعكير	E	E3
عكز-	O	O4.2
تعكز	O	O4.2
معاكسة	E	E3
عكيس	O	O2
تعاكس	Z	Z99
معلا	Z	Z99
مستعلي	M	M1
عنابي	Z	Z5
عنبري	F	F2
عنابة	Z	Z99
عناب	Z	Z99
عنين	S	S7.1
عنت-	Z	Z99
عنت	Z	Z99
إعنات	E	E3
أعنت	E	E6
عنانة	Z	Z99
عنة	Z	Z99
عمياني	X	X3.4-/B2
معماة	Z	Z99
عميان	X	X3.4-/B2
عمائي	A	A1.7
عماية	X	X9.1
تعمية	A	A10
تعامي	X	X3.4
عنن	A	A10
عن-	A	A2.1
عميرام	Z	Z99
معمى	Q	Q3
متعنت	A	A2.1-/X2.1
عنتر	E	E5
عنز	L	L2mfn
عنزة	L	L2mfn
عندمي	O	O4.3
عندم	Z	Z99
عندلة	L	L2
عنيزة	S	S2mf/T3
عنصل	Z	Z99
عانس	S	S3.2-/S2.1f
عنوسة	S	S3.2
عنس-	Z	Z99
عندل	K	K2
معاندة	S	S8
متعنتر	Z	Z99
عناج	Z	Z99
تعنتر	Q	Q2.2
عنترية	E	E5
عنجري	Z	Z99
عنجهانية	E	E4.2+/S1.2
عندية	G	G1.2/X2.1
ٱستعند	Z	Z99
عندذاك	Z	Z5
عنجهاني	E	E4.2+/S1.2
عماء	Z	Z99
عمية	X	X9.1
معمودية	S	S9
معتمدية	M	M7
متعامد	Z	Z99
ٱعتمادية	A	A5.1
تعامدية	S	S5
عميري	Z	Z99
عمير	Z	Z99
ٱستعمر	M	M7/S7.1
أعمر	S	S2
تعمدي	X	X7
عميم	N	N5
عمومية	A	A4.2
تعمم	Z	Z99
علواني	Z	Z99
علوان	H	H4
تعميمي	N	N5
معمداني	S	S9
معمدان	S	S9
عمدية	Z	Z99
عمدي	X	X7
عمارية	Z	Z99
تعمين	Z	Z99
عملاقي	N	N3.2
عملقة	Z	Z99
معاميل	Z	Z99
عمه-	M	M1
تعامى	Z	Z99
تعمى	Z	Z99
عمي-	Z	Z99
عماوي	Z	Z99
تعميل	Z	Z99
عملانية	A	A1.6
معمري	Z	Z99
عمايرة	Z	Z99
معموري	Z	Z99
عامرية	Z	Z99
تعميرة	N	N5.1+/F1
عاموس	Z	Z1m
عماص	Z	Z99
عملاني	A	A1.1.1
عملياتي	A	A1.1.1
ٱعتمل	A	A1.5.1
متصدق	I	I1/S8
مصدقة	Q	Q1.2
زيح	Z	Z99
زياح	Z	Z99
ٱنزاح	M	M1
زيتونة	O	O4.3
مزيت	Z	Z99
تزيد	N	N5+/A2.1
زادة	Z	Z99
مزايدة	I	I2.2
زيود	Z	Z99
زيدان	Z	Z99
ٱستزاد	Z	Z99
مزيتة	Z	Z99
زوان	Z	Z99
زوى	I	I3.1
زوم	F	F2
زام-	X	X3.2
تزوى	I	I3.1
مزوي	O	O4.4
زيبق	O	O1.2
زيباري	Z	Z99
زيال	Z	Z99
تزيى	Z	Z99
زائدي	Z	Z99
زيليكو	Z	Z99
زيمة	Z	Z99
زيلاندي	Z	Z99
زيلاندا	Z	Z2
زيكو	Z	Z99
زيان	O	O4.1
زيناوي	Z	Z99
زيمين	Z	Z99
زيق	B	B5
أزاغ	A	A1.9
زيغ	A	A6.1
زيزفون	Z	Z99
أزيار	Z	Z99
مزداد	B	B1
زيغان	A	A6.1
زاف	Z	Z99
زيفادينوفيتش	Z	Z99
أزيف	Z	Z99
زيوف	A	A5.4
زوليك	Z	Z99
زولوجي	L	L2
زيجي	S	S4
زيج	Z	Z99
ٱزدوج	Z	Z99
زوانغ	Z	Z99
زهي	Z	Z99
مزواج	Z	Z99
ٱزدواجي	N	N1
زواد	O	O2
أزواد	O	O2
مزادة	Z	Z99
ٱزدهاء	O	O4.2
إزهاء	I	I1.1
زهوق	L	L1
أزهق	A	A1.1.2
زهق-	O	O2
ٱزدهف	Z	Z99
زهمة	Z	Z99
زهومة	Z	Z99
زهي-	Z	Z99
زهن	Z	Z99
زوادة	O	O2
زايل	A	A6.1
تزاول	N	N3.3
مزوق	O	O4.2+/A2.1
زواق	O	O4.1
زوق	Z	Z99
تزايل	T	T2
زولوجيا	Z	Z99
مزيل	O	O4.2
مزولة	Z	Z99
زوالي	Z	Z99
زاغ	L	L2
ٱستزار	Z	Z99
تزاور	Z	Z99
زورة	S	S1.1.1
ٱزورار	E	E2
تزاوغ	M	M1/A2.1
زياني	Z	Z99
مسابة	E	E3
تسبيب	Z	Z99
مسبة	E	E3
سبيب	Z	Z99
سبئي	Z	Z99
سبارتا	Z	Z99
أسبت	B	B1
سبت-	E	E3
سباهي	Z	Z99
سبايس	Z	Z99
سبة	S	S7.2
سانديني	Z	Z99
سانغينتي	Z	Z99
ساندور	Z	Z99
ساندرو	Z	Z99
ساندال	Z	Z2
سانشيز	Z	Z1mf
ساو	Z	Z99
ٱستب	Z	Z99
سايمون	Z	Z1m
سايغون	Z	Z2
ساوث	Z	Z99
سبتي	Z	Z99
سباتي	X	X5.2
سباخ	L	L2/B1
سبيخ	Z	Z99
سبخ	W	W3
تسبيخ	B	B2
سبورة	O	O1.1
سبسي	F	F3
سبس	K	K2
سابرة	Z	Z99
مسبر	O	O2
سبخ-	Z	Z99
سبحلة	Z	Z99
سبج	Z	Z99
سبح	S	S7.2+/Q2.2
سبتة	Z	Z2
مسبت	X	X5.2
سبوح	N	N3.8
مسبحة	Z	Z99
سابحة	M	M5fn
تسبحة	S	S9/K2
سانجات	Z	Z99
سانتياغو	Z	Z99
سؤر	N	N5.2+c
سارام	Z	Z99
سئر-	N	N5.2
سادي	E	E3
سادوفي	Z	Z99
سارتر	Z	Z99
ساريد	Z	Z99
ساغو	Z	Z99
ساشا	Z	Z1mf
ساسين	Z	Z99
سازانوف	Z	Z99
ساجة	K	K2
ساتان	B	B5
مزدان	O	O4.1
زينكو	O	O1.1
مزينة	B	B4/S2mf
زيانة	B	B4
زئيف	Z	Z99
زئيفي	Z	Z99
سابونيس	Z	Z99
سابل	Z	Z99
ساباتيني	Z	Z3
سابا	Z	Z99
سافت	Z	Z99
سافين	Z	Z99
سامراء	Z	Z99
سامسون	Z	Z1m
سامبراس	Z	Z1mf
سامارانش	Z	Z99
سامودرا	Z	Z99
سامية	Z	Z99
سانتاندر	Z	Z99
سانتانا	Z	Z1
سانتا	Z	Z1m/S9
سانا	Z	Z99
سآمة	B	B2
سؤوم	B	B1
سأال	X	X2.4
سالاس	Z	Z99
سؤل	Q	Q2.2
ساكيسان	Z	Z99
ساكرامنتو	Z	Z99
سالت	Z	Z99
سالونيك	Z	Z2
سئم	B	B1
أسأم	Z	Z99
ساليناس	Z	Z99
ساليساش	Z	Z99
زهف-	Z	Z99
زلال	B	B1/O1
زلالي	O	O1
زل	L	L3
زكاء	G	G2.2
أزكى	Q	Q3
زلاتكو	Z	Z99
زلج-	M	M1
زليج	O	O4.5
زلج	O	O4.5
ٱنزلج	M	M1
زكي-	N	N3.2+/A2.1
زكا-	X	X9.2
زكوب	Z	Z99
زكيبة	O	O2
زكب-	Z	Z99
زقاء	L	L2/X3.2
زقا-	E	E4.1
زكرة	Z	Z99
زكرياء	Z	Z99
زكانة	X	X9.1
مزكوم	Z	Z99
زكمة	Z	Z99
زكم-	Z	Z99
مزلج	K	K5.1
مزلاج	Z	Z99
أزلف	Z	Z99
تزلف	O	O4.4
زلف	N	N5.2+/Q2.2
زلف-	X	X4.2
زلعوم	B	B1
ٱزدلف	O	O4.4
زلفي	Z	Z99
زلفى	S	S7.2+/Q2.2
زلفة	S	S7.2+/Q2.2
زليف	X	X4.2
زلعة	Z	Z99
زلطة	O	O2
تزلزل	E	E5
زلزالي	Z	Z99
زليجي	Z	Z99
متزلج	K	K5.1/S2mf
مزلزل	M	M1
زلط-	B	B1
زلط	O	O1.1
تزلط	B	B5
زقوم	Z	Z99
ٱزدقم	B	B1
مزغل	G	G2.1
زغل-	A	A5.4
زغطة	B	B1
زغزغ	A	A10
زغلل	O	O4.2
زف-	N	N3.8
زفوف	L	L2mfn
زفة	S	S1.1.1/M1
زغرطة	Z	Z99
زغرط	Z	Z99
زغبي	Z	Z99
زغبر	B	B1
أزغب	O	O4.1
زعانف	M	M4/B5
زغد-	A	A1.1.1
زغد	Z	Z99
زغرب	Z	Z99
زغاري	Z	Z99
زغر-	B	B1
زغدة	A	A1.1.1
زفيف	Z	Z99
مزفة	Z	Z99
زقزق	X	X3.2
زقزاق	L	L2
زقاقي	Z	Z99
زق	Z	Z99
زق-	F	F1
زقازيق	Z	Z99
زقلة	O	O2/G2.1
أزقم	Z	Z99
زقم-	B	B1
زقيلة	M	M3
زقلي	O	O2/G2.1
زفن-	K	K1
مزفلت	H	H1
تزفيت	Z	Z99
زفر-	B	B1
مزفتة	Z	Z99
زفت	O	O1
زفزف	O	O2
زفلتة	O	O4.1/M3
زفزاف	Z	Z99
زفزفة	X	X3.2
متزلف	S	S7.2+/N5.2+/S2mf
زلق-	A	A5.3
زنديق	S	S9/S2mf
زنار	B	B5
تزندق	Z	Z99
زند	O	O1.1
زنزلخت	Z	Z99
زنطارية	B	B2
زنقة	H	H3
زنق	Z	Z99
زنق-	A	A1.7
زنغانة	Z	Z99
زنخ	O	O4.2
زنخ-	Z	Z99
زنبيل	O	O2
زنتري	B	B2
زنبق	L	L3
زنبرك	O	O2
زنبور	L	L2mfn
زنجبار	Z	Z99
زنجبيل	O	O4.3
زنجفر	Z	Z99
زنجير	S	S5+/I2.1c
زنجار	Z	Z99
زنجر	Z	Z99
زناق	B	B5
زنيم	A	A5.1
زهار	L	L3/S2mfn
زهراء	Z	Z99
زهراوي	E	E4.1
زهراني	Z	Z99
زهرية	Z	Z99
مزاهر	K	K2
إزهار	Z	Z99
تزهير	L	L3
مزهرية	O	O2
زهر-	W	W2
تزهد	Z	Z99
زهانجيانغ	Z	Z99
زهد-	X	X2.1
زانية	G	G2.2-/S3.2/S2.1f
زناء	G	G2.2-/S3.2
زنمردة	Z	Z99
زهادة	N	N3.2
زهدي	Z	Z99
ٱستزهد	Z	Z99
تزنبر	Z	Z99
زنأة	A	A9
زمم	O	O2
مزموم	Z	Z99
زلمان	Z	Z99
زلوم	Z	Z99
زلومة	Z	Z99
زمجرة	Q	Q2.2/E3
زمر	A	A1.1.1
زمر-	S	S8
زمخشري	Z	Z99
زلم	Z	Z99
منزلق	M	M1
تزلق	M	M1
زلق	O	O4.5
أزلق	Z	Z99
زلقة	M	M1
زلاقة	Z	Z99
مزلقة	Z	Z99
مزلق	Z	Z99
زموري	Z	Z99
زمار	K	K2/S2mf
زمين	Z	Z99
زمانة	Z	Z99
زمنة	Z	Z99
أزمن	N	N5.2
زمن-	Z	Z99
مزمان	Z	Z99
زمهر	Z	Z99
زنأ	A	A1.7
زنأ-	A	A9
زمهرير	Z	Z99
ٱزمهر	Z	Z99
زمالكي	Z	Z5
زملة	Z	Z99
زمزم	X	X3.2
زمزمية	F	F1/H1
زمردي	O	O4.3
زمرد	O	O4.3
زمارة	K	K2
زمزمة	L	L2mfn
زمط-	A	A1.7
تزامل	Z	Z99
أزمع	X	X6
زمع	X	X6
زمط	A	A1.7
سبيسي	F	F3
تسبسب	M	M4
ٱنسرق	Z	Z99
سرفانتس	Z	Z99
مسرف	N	N5.2
سرعسكر	N	N5
سراق	G	G2.1-/S2mf
منسرق	G	G2.1
سرقين	B	B1
سرقسطي	Z	Z99
سرقسطة	Z	Z99
مستسرق	A	A10
يسروع	L	L2mfn
مسارع	M	M3/N3.8
سرط-	B	B1
تسرط	B	B1
سرسام	Z	Z99
سراس	O	O1
ٱسترط	B	B1
سراط	M	M3
مسارعة	N	N3.8
سراع	N	N3.8
سرع	O	O2
سرك	K	K1
سركي	Z	Z99
سرياوران	Z	Z99
سريبان	Z	Z99
سريالية	C	C1
سارية	E	E1
سريلانكا	Z	Z99
سريلانكي	Z	Z99
سطات	Z	Z99
سزموغرافي	Z	Z99
سزموغراف	Z	Z99
سرينغار	Z	Z99
سروال	B	B5
سرمدي	T	T2
سرمدية	T	T2
سرمان	Z	Z99
سرم	B	B1
سركيس	Z	Z99
سرنديب	Z	Z99
سرنديبي	Z	Z5
تسرية	X	X5.1
سراة	S	S7.1
سرو	Z	Z99
ٱنسرى	Z	Z99
سردينيا	Z	Z2
سردوك	Z	Z99
ٱستسراري	Z	Z99
سراي	H	H1/S7.1
ٱستسرار	Z	Z99
مستسر	Z	Z99
سرب-	M	M4
سارب	A	A11.2
مسرب	M	M6
سربة	L	L2/N5
ٱنسرب	M	M7/A10
أسارير	Z	Z99
سذاب	E	E4.2
سداة	O	O4.1
أسدى	Q	Q2.2
سذبي	Z	Z99
سرر	E	E4.1
سرار	Z	Z99
ٱستسر	Z	Z99
تسار	Z	Z99
تسرر	Z	Z99
ساربة	Z	Z99
سربل	B	B5
سارح	X	X5.1
منسرح	X	X5.1
سريح	Z	Z99
ٱنسرح	Z	Z99
سرح	A	A11.1
سرحان	L	L2mfn
ساروخ	G	G3
سردار	Z	Z99
مسرد	Q	Q4.1
سريدة	I	I1
سرخس	L	L3
سرجين	B	B1
مسرجة	O	O2/W2
سرج-	B	B5
متسربل	B	B5
سربال	B	B5
تسربل	Z	Z99
أسرج	B	B5
سرجي	Z	Z99
أسروجة	A	A5.2
سروجية	O	O2
سروجي	B	B5/L2/S2mf
سراجة	O	O2
سطاد	K	K5.1/H1
مسطبة	H	H5
سفتجة	Z	Z99
سفح-	H	H1
إسفاف	N	N5-/A2.1
سفيفة	Z	Z99
سفوف	Z	Z99
سافح	Z	Z99
تسافح	Z	Z99
سفد-	O	O2
سفاح	Z	Z99
ٱستف	F	F1/B1
سعلى	Z	Z99
سعن	L	L2mfn
سعل-	B	B2
ساعف-	S	S8
مسعط	Z	Z99
سعاية	Q	Q2.2/A5.2
سغب-	Z	Z99
ساغب	F	F1-/B1
مسغبة	F	F1
سغابة	F	F1-/B1
سغب	F	F1-/B1
سفد	Z	Z99
سافد	O	O2
سفط	O	O2
سفع-	O	O4.6
سفساف	S	S1.2.6
سفسفة	A	A5.2
سفسطائي	Z	Z99
سفع	Z	Z99
سفعة	Z	Z99
تسافك	L	L1
سفك-	H	H1
سفق-	A	A10
أسفع	Z	Z99
سفسطي	Z	Z99
سفسطة	Z	Z99
سفري	M	M1
سفرية	M	M1
ٱنسفر	N	N5+/A2.1
سفر-	A	A10
سفود	O	O2
سفرجي	I	I3.1/F1/S2.2m
سفور	A	A10
سفرجل	Z	Z99
سفروت	Z	Z99
مسفر	A	A2.2
تسفير	M	M2
سعوط	F	F3
ٱستعط	Z	Z99
سطع	O	O4.3
أسطع	O	O4.3
مسطر	Q	Q1.2
تسطير	Z	Z99
مسطرين	O	O2
سطيف	Z	Z99
سطل-	F	F2
سعتر	Z	Z99
سطام	O	O3
مسطول	F	F2
ٱنسطل	Z	Z99
مسطار	O	O2
ٱنسطح	Z	Z99
سطحية	O	O4.4
تسطح	Z	Z99
سطح-	O	O4.4
سطيح	O	O4.4
مسطاح	Z	Z99
ساطور	Z	Z99
سطر-	Q	Q2.1
تسطيح	J	JJ
ٱستسعد	Z	Z99
سعدة	Z	Z99
ٱنسعر	Z	Z99
ٱستعر	B	B2-/O4.6
تسعر	B	B2-/O4.6
ساعر	Q	Q2.2
مسعر	O	O2
مسعري	Z	Z99
تسعرة	Z	Z99
تسعيرة	Z	Z99
تسعير	Z	Z99
مسعار	O	O2
سعدانة	B	B1
سعدان	L	L2mfn
سعداوي	Z	Z99
سعدون	Z	Z99
سعدالدين	Z	Z99
سعدات	Z	Z99
سعيدي	Z	Z99
سعدني	Z	Z99
مسيعيد	Z	Z99
مسعد	A	A1.4
ساعدة	W	W3/M4
سدنة	M	M4/S5+c
سدانة	S	S7.1+/S2mf
ستوبووتش	Z	Z99
ستوديو	C	C1/H2
سته	B	B1
تستيف	M	M2
ستف	S	S7.1
ستولياروف	Z	Z99
ستوياكوفيتش	Z	Z99
ستيرويدي	F	F3
ستيرويد	F	F3
ستيفان	Z	Z99
ستيف	Z	Z1mf
ستروب	Z	Z99
ستراوس	Z	Z99
ستانلي	Z	Z1mf
ستايبلز	Z	Z99
ستان	Z	Z1m
ستالينغراد	Z	Z2
ستالينية	Z	Z99
ستايت	Z	Z99
ٱستتر	Z	Z99
ستراسبورغ	Z	Z2
مستستر	A	A10
متستر	A	A10
ستري	E	E4.1+/S2mf
ستيشن	Z	Z99
أسجح	O	O4.2
مساجلة	K	K1
سجم-	M	M4
ساجل	Q	Q2.2
سجق	F	F1
سجاف	H	H5
أسجم	Z	Z99
سجان	Z	Z99
سح-	M	M4
ساجي	X	X3.2
تسجى	Z	Z99
سجا-	Z	Z99
سجف	H	H5
مسجوع	Z	Z99
سجر	Z	Z99
مسجر	M	M1
سجر-	O	O4.6
سجود	E	E2
سجدة	Z	Z99
سجس	E	E4.1
سجع-	X	X3.2
ساجع	Z	Z99
سجعة	Z	Z99
سجع	Z	Z99
ستاليني	G	G1.2
ستاري	Z	Z99
سابقية	N	N4/T1.1.1
تسبيق	Z	Z99
سبقة	I	I1/A1.4
سبك-	A	A1.1.1
سباكة	H	H5
سباك	H	H2/S2mf
سبكي	Z	Z99
ٱنسبك	Z	Z99
سبغ-	Z	Z99
سبوع	S	S9/T1.3
سباط	B	B5
سباطة	N	N5
سبط-	Z	Z99
سبسب	W	W3
ساباط	H	H1
سيباط	H	H1
سبعوني	Z	Z99
مسبك	I	I4/H1c
تسبيك	Z	Z99
سبي	A	A1.7
سبيرز	Z	Z3c
ٱستبى	A	A9
سبورتينغ	Z	Z99
سبيت	Z	Z99
سبيداج	Z	Z99
ستارز	Z	Z99
ستاتين	Z	Z99
ستوني	Z	Z99
سبيلبرج	Z	Z1mf
سبهلل	X	X5.1
مسبوه	S	S8
سبلة	B	B1
أسبل	M	M6
سبكتر	Z	Z99
سابلة	Z	Z99
سبه	Z	Z99
سبنسة	M	M3
سبنس	Z	Z99
مسبول	M	M2
سح	M	M1
سحاح	M	M1
سخن	O	O4.6
سخانة	O	O4.6
أسخن	O	O4.6
سخا-	A	A9
تسخى	Z	Z99
ٱنسد	Z	Z99
تسدد	Z	Z99
سخاوة	S	S1.2.2
مسخم	S	S1.2.4
سخيمة	E	E2
سخف-	Z	Z99
ٱستسخف	Z	Z99
تسخط	E	E4.2
مسخوط	E	E2
ساخط	E	E4.2
سخائف	Z	Z99
سخلة	L	L2mfn
سخام	O	O1.1
سخمة	O	O4.3
تسخم	Z	Z99
سداوي	Z	Z5
سدل	Z	Z99
تسدل	Z	Z99
سدفة	W	W2
سدف	W	W2
ٱنسدم	Z	Z99
سدوم	Z	Z99
سديمي	A	A4.2
سديم	W	W4
سدم	E	E4.1
مسدسة	G	G3
أسداس	Z	Z99
تسديدة	G	G3
سدب	E	E4.2
سديد	A	A1.2
سوداب	Z	Z99
سدر-	Z	Z99
سادر	S	S1.2.3
سدارة	B	B5
سدرة	X	X9.2
مسخطة	E	E3
سحاحير	O	O2
مساحر	E	E4.2+/S1.2
سحارة	S	S9/S2.1f
سحار	K	K4/S2mf
تسحر	Z	Z99
ساحرة	S	S9/S2.1f
سحف-	M	M4
تسحق	Z	Z99
مسحوج	F	F1
سحيباني	Z	Z99
سحتوت	Z	Z99
مسحوب	Z	Z99
ساحب	H	H5
مسحب	H	H2
سحج-	A	A1.1.2
مسحاج	O	O4.4
مسحجة	Z	Z99
مسحج	O	O4.4
سحج	A	A1.1.2
مساحقة	S	S3.2/S2.1
سحاق	S	S3.2/S2.1
مسحاة	O	O2
سختيان	Z	Z99
سحائي	Z	Z99
مسحنة	Z	Z99
سحن-	S	S5+c
سخد	Z	Z99
تسخر	S	S7.1
أسخط	E	E3
سخط-	E	E2
مسخرة	S	S1.2.6
سخرة	Z	Z99
سحيم	Z	Z99
مسحل	O	O4.4
سواحلي	Z	Z2
سحالة	Z	Z99
سحل-	Z	Z99
منسحق	E	E4.1
سحيلي	Z	Z99
سحلب	Z	Z99
أسحم	O	O4.3
سحام	O	O4.3
سحمة	O	O4.3
سحم	O	O4.3
زاعولة	E	E3
زعلان	E	E3
رقاعة	S	S1.2.6
رقاع	B	B5/S2mf
رقيع	G	G2.2
رقع	A	A5.1+/A2.1
رقع-	Z	Z99
مرقعة	B	B5/A1.1.2
مرقعي	B	B5/A1.1.2
رقيم	Q	Q1.2
رقم-	N	N1
مرقع	A	A5.1+/A2.1
مراقص	Z	Z99
رقارق	N	N3.7
رقش-	Z	Z99
رقراق	O	O4.1/O1.2
ترقرق	H	H2
رقرق	O	O1.1
رقش	O	O4.1
أرقش	Z	Z99
رقاص	K	K1/S2mf
رقصي	K	K1
مرقاش	Z	Z99
رقامة	Z	Z99
مرقم	Q	Q1.2/O2
تراكب	Z	Z99
ركابي	Z	Z99
ركة	S	S9
ركاكة	S	S1.2.5
ركاك	S	S1.2.5
مراكبي	Z	Z99
ركد-	A	A2.1
ركاز	O	O2/C1/I1.3
ركزة	T	T2-/T1.3
راكد	A	A2.1
ركيك	S	S1.2.5
راقن	Q	Q1.2/O2
ترقوص	M	M2
رقن	Q	Q1.2
مرقوم	Z	Z99
ترقيم	N	N1
رقاء	K	K4/S2mf
مرتقى	M	M1
مرتقي	A	A5.1
مرقاة	H	H2
أرقى	N	N3.7
ترقيدة	O	O2
ٱرتفق	S	S8
رفاقي	S	S1.2.1
ترفق	Z	Z99
رفق-	Z	Z99
ٱرتفاق	S	S8
مرفوق	S	S3.1
رفه-	Z	Z99
رفل	M	M3fn
مرتفق	S	S8
مترفع	S	S1.2.3
مرافع	G	G2.1/S2mf
ترافع	G	G2.1
أرفاض	S	S9/S2mf
رافضي	S	S9/S2mf
رافضة	G	G2.1
رفيعة	Z	Z99
مرفع	X	X7.2
مرفاع	O	O2
مرفعة	O	O2
رفه	Z	Z99
رقد-	N	N5-/A2.1
رقد	Z	Z99
رقيحي	Z	Z99
ٱرتقاب	X	X2.6
رقوبة	Z	Z99
رقدة	B	B1
ترقيد	A	A1.1.1
راقود	Z	Z99
رقود	B	B1
رقاد	B	B1
رقبى	A	A9
رقوب	X	X2.6
رفو	A	A5.1+/A2.1
رقق	A	A1.1.1
رفا-	A	A5.1+/A2.1
مرفه	O	O4.2
رفاهة	S	S8
رقاق	Z	Z99
ٱرتقب	X	X2.1
مرقوق	Z	Z99
مرقاق	Z	Z99
مركزية	Z	Z99
تراكز	Z	Z99
ترميل	Z	Z99
ترمل	Z	Z99
مرملة	Z	Z99
رميلان	Z	Z99
رميلة	Z	Z99
رمانة	O	O2
ترامى	Z	Z99
رنتيس	Z	Z99
مرنان	Z	Z99
ترامي	N	N3.6
رماية	G	G3
رملة	Z	Z99
رمض	Z	Z99
ٱرتماض	Z	Z99
ٱرتمض	Z	Z99
رمص	Z	Z99
مرمش	Z	Z99
ترمق	X	X2.6
أرمل	S	S4m
رمكة	L	L2fn
أرمك	O	O4.3
رنتيسي	Z	Z99
رنح	S	S7.1
رنوة	X	X3.4
مرناة	Q	Q4.3/S2mf
رنو	X	X3.5
رنا	X	X3.4
ترنيمة	K	K2
أرنى	O	O4.2
رهب-	Z	Z99
رهبوت	E	E5
رهبى	E	E5
ترهب	E	E3-/Q2.2
رهب	E	E5
ترنيم	K	K2
ترنم	K	K2
رندة	Z	Z99
رندي	Z	Z5
ترنيخ	A	A2.1
رنخ	A	A2.1
مرنحة	O	O2/M4
رندح	X	X3.4/N3.8
رندحة	X	X3.4/N3.8
رنم	K	K2
رنكو	Z	Z99
رنق	O	O4.3
رمشة	O	O4.1
أركن	E	E6
ٱرتكن	O	O4.2
مركم	O	O3
ركامي	A	A9
ركني	O	O4.4
ركين	E	E6
ركوة	Z	Z99
إركان	S	S7.1
مراكنة	S	S4
مركن	Z	Z99
ركم	N	N5
ٱرتكم	A	A9
ركضة	M	M1/N3.8+/L2
ركاض	M	M1/N3.8+/S2mf
ٱرتكض	A	A1.1.1
ٱرتكس	N	N5-/A2.1
متراكز	O	O4.4
ركوض	N	N3.8
ركع	Z	Z99
ركم-	A	A9
تركيع	Z	Z99
ركوع	Z	Z99
أركع	Z	Z99
رمم	A	A5.1+/A2.1
ترمم	Z	Z99
رمدي	Z	Z99
رمد	B	B2
ترمد	Z	Z99
ترميد	Z	Z99
راموز	A	A4.1/L3
رمش-	O	O4.1
راموس	E	E4.1
ٱرتمس	Z	Z99
رمس-	A	A10
رمد-	Z	Z99
رامح	Z	Z99
مرمم	C	C1/S2mf
رمث	Z	Z99
مرمة	A	A5.1+/A2.1
رمام	O	O4.2-/A2.1
رميم	O	O4.2-/A2.1
رمثا	Z	Z99
رميثة	Z	Z99
رماح	Z	Z99
رمح-	A	A1.1.1
رمج	S	S6
رمج-	S	S6
ترفض	S	S1.2.3
رفيض	M	M1
رشو	G	G2.2-/I1.1
رشاء	O	O2
ٱرتشى	Z	Z99
رشا-	G	G2.2-/I1.1
رشوان	Z	Z99
ٱرتشاء	G	G2.2-/I1.1
رصص	B	B3
راصدة	O	O2/Y1
راصد	Q	Q1.2/G1.1
رصاد	X	X3.4/S2mf
رصيص	N	N3.4
راشن	N	N5.1
رشمة	A	A1.1.1
رشراش	E	E3
ترشف	F	F2
رشرش	B	B5
رويشد	Z	Z99
راشدي	Z	Z99
رشق-	L	L2
رشم	Z	Z99
رشم-	O	O4.1
رشق	A	A1.1.1
تراشق	Z	Z99
مرصود	G	G2.1
رصدخانة	Z	Z99
راضخ	A	A1.1.2
رضرض	S	S5+c
مرضاخ	O	O2
رضيخة	I	I1.1
رضخ	Z	Z99
رضراض	O	O1.1
رضم	Z	Z99
مرضع	Z	Z99
رضاع	Z	Z99
رضع	B	B1
ٱرتضخ	Z	Z99
رصف	H	H1
رصف-	Z	Z99
ترصيع	A	A1.1.1
رصافة	O	O4.5
رضاب	B	B1
رضيض	A	A1.1.2
رصن-	Z	Z99
رصاف	Q	Q1.2/S2mf
مراشد	S	S9
رشيدي	Z	Z99
رسغ	B	B1
رسف-	Z	Z99
رسراس	O	O4.1
مرسحي	S	S1.1.1
مرسح	K	K4/H1
رسف	Z	Z99
ترسل	Z	Z99
رسالي	Z	Z99
رسولي	S	S9
رسيل	Q	Q2.1/S2mf
تراسل	Z	Z99
رستامية	B	B5/S9
رستم	Z	Z99
رازم	Z	Z99
رزن-	Z	Z99
رزم-	O	O2
رزيق	Z	Z99
ترزن	Z	Z99
رزانة	S	S1.2
رستاق	Z	Z99
رستق	S	S7.1
رسب	O	O1.1
رزنامة	O	O2/T1.3
رسيلة	A	A11.1
مرسال	Z	Z99
رشاحة	Z	Z99
مرشة	Z	Z99
مرسى	M	M7/M4
ٱرتشاح	M	M1/A10
رشد-	Z	Z99
رشدان	Z	Z99
رشدة	Z	Z99
ٱسترشد	Z	Z99
رسن	Z	Z99
رسملة	I	I1
مرسلية	X	X7
ٱسترسال	Z	Z99
إرسالية	N	N5
مسترسل	M	M1
رسامة	S	S9
رسمل	I	I1
ٱرتسام	Q	Q3
ترسيم	A	A1.7
روسم	A	A6.2
رضواني	Z	Z99
رضوانية	Z	Z99
مرغمة	S	S6
راغم	X	X5.2
رغامى	Z	Z99
رغام	B	B1
أرغى	O	O1.2
رغوة	O	O1.2
رغاوة	O	O1.2
رغاوي	O	O1.2
رغاء	Q	Q2.1
رغوي	O	O4.1
أرغاطة	O	O2
رغرغ	B	B4
رغث-	B	B1
رغد-	Z	Z99
رغيبة	X	X7
رغيب	Z	Z99
رغب	J	JJ
رغد	O	O4.2
راغدة	Z	Z99
رغادة	S	S8
رغيد	O	O4.2
رفاف	O	O4.2
رفس-	E	E3
ترافس	E	E3
رفروف	Z	Z99
رفرفة	O	O4.3
رفادة	B	B3/O2
رفسة	E	E3
رفاس	M	M4/O2
رفاص	Z	Z99
رفش	O	O2
رفسنجاني	Z	Z1mf
ٱسترفد	Q	Q2.1
أرفد	S	S8
رفاء	S	S1.2.1
رفت-	X	X3.2
رفء	A	A5.1+/A2.1
رفأ-	A	A5.1+/A2.1
رفتية	Z	Z99
رفث-	Z	Z99
رفد-	S	S8
رفحاء	Z	Z99
رفح	Z	Z99
رفث	S	S1.2.4
ٱرعواء	Z	Z99
رعوية	G	G1.1
رعاع	S	S5+c
رعب-	Z	Z99
رطينى	S	S1.2.6
رطانة	S	S1.2.6
رطن-	Z	Z99
أرعب	E	E5
ٱرتعب	Z	Z99
رعد-	W	W4
مرعوب	E	E5
راعب	E	E5
إرعاب	E	E5
مرطم	O	O2/M4
رطم-	A	A1.8
ٱسترضاء	Z	Z99
ٱسترضائي	E	E3+/A1.1.1
مراضاة	Z	Z99
رضاء	E	E4.2
ترضية	E	E4.2
رطب-	Z	Z99
راطب	O	O4.1/O1.2
ترطب	Z	Z99
أرطب	O	O4.1/O1.2
رعدة	W	W3
رعدي	X	X3.2
رعوم	Z	Z99
رعن-	Z	Z99
رعام	Z	Z99
رعلة	L	L3/O2
مرعوف	Z	Z99
رعن	Z	Z99
رعائي	S	S1.1.1
رعوي	S	S1.1.1
رعو	E	E4.1
أرعن	S	S1.2.6
راعف	Z	Z99
رعيف	Z	Z99
رعرع	Z	Z99
رعش-	M	M1
مرتعد	M	M1
رعديد	E	E5-/S2mf
رعاد	Z	Z99
أرعش	Z	Z99
ٱرتعاش	M	M1
رعف-	B	B1
ٱرتعص	O	O4.4
ترعص	O	O4.4
ترهيب	E	E5
مرهوب	A	A5.1
زبال	Z	Z99
زبل	B	B1
ٱنزبق	Z	Z99
زبانة	I	I2.2/S2c
زبانى	L	L2
زجج	A	A1.4
زبية	X	X5.2
زبانية	Z	Z99
مزبان	Z	Z99
زبق	Z	Z99
زباطة	Z	Z99
زبر-	Q	Q2.2/E2
زبرة	Z	Z99
مزبد	O	O2
زباد	Z	Z99
زبيدي	Z	Z99
زبور	Z	Z99
زوابري	Z	Z99
زبط	O	O1.1
زبط-	L	L2/Q2.1
زبرجد	Z	Z99
زبرج	O	O2
مزجج	X	X5.1
زحير	Q	Q2.2
زحار	Q	Q2.2
زحر-	X	X3.2
مزجى	N	N5
تزجية	K	K1
زحزح	N	N3.3
زحزحة	M	M2
زحايكة	Z	Z99
زحافة	K	K5.1
زحاف	N	N3.8-/A2.1
أزجى	M	M2
زجى	M	M2
زاجر	B	B2
زاجرة	A	A1.7
مزجر	Z	Z99
زجري	Z	Z99
ٱنزجر	Z	Z99
زجل-	A	A1.7
زجل	Z	Z99
زجا-	Q	Q4.2c
زاجل	M	M3
زجال	Z	Z99
زجلي	Z	Z99
زبيد	Z	Z99
ريان	Z	Z99
رياني	Z	Z5
ريموندة	Z	Z99
ترييم	Z	Z99
ريمة	Z	Z99
رينتيرا	Z	Z99
رينوارت	Z	Z99
زاء	Z	Z99
رييكا	Z	Z99
ريينا	Z	Z99
ريوزو	Z	Z99
ريمي	Z	Z99
ريفييرا	Z	Z2
ريكاردو	Z	Z99
ريفكند	Z	Z99
ريفر	Z	Z99
ريغان	Z	Z1mf
ريكر	Z	Z99
ريكوردر	Z	Z99
مريول	B	B5
مريلة	Z	Z99
ريل	B	B1
زاباليتا	Z	Z99
زاج	E	E2
زايست	Z	Z99
زب	B	B1
زاي	Z	Z99
زؤان	Z	Z99
زانة	O	O2
زبد-	O	O2
زبدية	O	O2
زبدي	Z	Z99
أزبد	O	O1.2
زان	L	L3
زامبيا	Z	Z2
زأر	Q	Q2.2/E3
زئير	Q	Q2.2/E3
زاخو	Z	Z99
زاجورا	Z	Z99
زائير	Z	Z2
زاريا	Z	Z99
زامبوانغا	Z	Z99
زؤام	N	N3.8
زئاط	X	X3.2
زأط	Z	Z99
تزحل	M	M2
زراية	S	S7.2
إزراء	S	S7.2
زري	O	O4.2
ٱستزرى	E	E2
ٱزدرى	E	E2
مزرى	O	O4.2
زطمة	Z	Z99
زعبوط	Z	Z99
زعبر	A	A5.2
زعابي	Z	Z99
زعبي	Z	Z99
تزرى	Q	Q2.2
زرى-	Q	Q2.2
زرقاني	Z	Z99
زرقاوي	Z	Z99
زرقاء	Z	Z99
زروق	Z	Z99
زريق	Z	Z99
مزراق	K	K5.1
ٱزرقاق	Z	Z99
زروال	Z	Z99
زرهوني	Z	Z99
زركش	O	O4.1
زرقون	Z	Z99
زعيتر	Z	Z99
زعاترة	Z	Z99
مزعف	L	L1
زعق	B	B1/E4.1
زعاف	L	L1
أزعف	Z	Z99
زعف-	Z	Z99
زعقة	E	E4.1
زعاق	A	A5.1
أزعل	E	E3
زعل-	Z	Z99
زعط	P	P1/G2.1
زعط-	P	P1/G2.1
أزعر	N	N3.7
زعير	Z	Z99
زعر	N	N3.7
منزعج	E	E3
زعج	E	E6
زعارة	S	S1.2.2
زعرور	B	B2
متزعزع	M	M1
مزعزع	E	E5
زعزوع	B	B1
زعزعان	M	M1
زرق	Z	Z99
أزخم	X	X3.5
زخمة	A	A5.1
زخم-	X	X3.5
زرر	Z	Z99
مزراب	O	O2
زريبة	Z	Z99
زرب	Z	Z99
زرب-	M	M4
تزخرف	Z	Z99
تزحلق	M	M1
زحلقة	M	M1
زحلق	M	M1
زحلوي	Z	Z5
مزاحم	S	S7.3+/S2mf
زخار	N	N5.2
تزخر	N	N5.2
زخة	W	W4
زربول	B	B5
زربون	B	B5
مزرعاني	F	F4/S2mf
تزريع	Z	Z99
زريعة	F	F4
ٱستزرع	Z	Z99
ٱزدرع	L	L3
مزارعة	Z	Z99
منزرع	F	F4
ٱزرق	Z	Z99
زرق-	Z	Z99
ٱنزرع	Z	Z99
زرزوري	A	A1.1.1
زرد	Z	Z99
زردة	Z	Z99
ٱزدرد	B	B1
زرد-	M	M3/O2
زردية	Z	Z99
زرادية	Z	Z99
زرادشتي	S	S9/S2mf
زرادشت	Z	Z99
مزرد	B	B1
تاريع	X	X2.4
مريعة	X	X9.2
روحية	S	S9
رواح	M	M1
روحة	A	A1.1.1
راح	F	F2
تروح	O	O1.3
رواحي	Z	Z99
ريحة	X	X3.5
مرواح	E	E2+/S2mf
روحاء	Z	Z99
روجيه	Z	Z99
روجيريو	Z	Z99
روبنسون	Z	Z1mf
روبوت	O	O3
روبل	Z	Z99
تروبص	Z	Z99
روبصة	Z	Z99
روبوط	O	O3
روبير	Z	Z1m
أروج	N	N5
روث	B	B1
روبين	Z	Z1mf
مرياح	Z	Z99
ترويحي	K	K1
روديسي	Z	Z99
راز-	N	N3.5
روديسيا	Z	Z2
رودي	Z	Z99
رودولف	Z	Z1m
روزاريو	Z	Z99
روزفلت	Z	Z99
روسية	Z	Z2
روزيتش	Z	Z99
روزوفيتش	Z	Z99
روزلين	Z	Z99
رودس	Z	Z1mf
رودريجيز	Z	Z99
مستريح	E	E3
مستراح	B	B4/H5
ٱسترواح	O	O2
إراحة	E	E4.1
ترييح	E	E4.1
ٱستراد	X	X7
رويدا	Z	Z99
مرود	Q	Q1.2/O2
مستراد	Z	Z99
رائدة	Z	Z99
روبص	Z	Z99
راهق	X	X4.2
مراهقة	B	B1
رهق-	M	M3
إرهاف	A	A1.1.1
رهيف	A	A13.4
رهل-	Z	Z99
رهن-	I	I1.2/H1
مترهل	N	N3.2
رهل	B	B1
رهف	N	N3.7
أرهف	O	O4.4
رهبنة	Z	Z99
رهج	O	O1.1
ترهبن	Z	Z99
مرهج	Z	Z99
أرهص	Z	Z99
رهف-	Z	Z99
رهط	S	S5+c
رهط-	F	F1
أرهن	Z	Z99
ٱرتهن	Z	Z99
روان	Z	Z1mf
رواندا	Z	Z2
روالبندي	Z	Z2
ترهون	M	M1
رهونة	M	M1
رواندي	Z	Z2
روانو	Z	Z99
رائب	O	O4.5
ترويب	Z	Z99
رهون	M	M1/N3.8
رهين	Z	Z99
مراهنة	I	I1/A1.4
رهنية	I	I1.2/H1
ٱسترهن	Z	Z99
مرهون	Z	Z99
مراهن	I	I1/A1.4
رهاء	Z	Z99
رهوان	Z	Z99
رهو	E	E3
مرتهن	I	I1.1/S2mf
روس	Z	Z1m
روني	Z	Z1mf
رواء	Z	Z99
روند	L	L3
رونالد	Z	Z1m
رون	Z	Z1m
روية	X	X2.1/A1.3
إروائي	A	A9-/O1.2
روميدال	Z	Z99
رومانطيقي	S	S3.2
رولف	Z	Z1m
رولان	Z	Z1
رولا	Z	Z99
رول	I	I3.1
روماريو	Z	Z99
رومانو	Z	Z99
رومنتيكي	S	S3.2
رومتزم	B	B2
رومانيا	Z	Z2
رومانوس	Z	Z99
تريب	Z	Z99
ٱستراب	Z	Z99
ريجينا	Z	Z99
ريستو	Z	Z99
تريث	A	A7
ريسين	Z	Z99
تريش	Z	Z99
ريشتر	Z	Z1
مريش	O	O4.1
ريشي	L	L2
ريتينوم	Z	Z99
ريتشاردسون	Z	Z1
مستريب	A	A7
مستراب	A	A5.1
مرتاب	A	A5.1-/X2.1
لاريب	Z	Z6
ريبو	Z	Z99
ريبي	Z	Z99
ريتز	Z	Z3c
ريتر	Z	Z99
ريبورتاج	Q	Q2.2
ريبراتشا	Z	Z99
رويلي	Z	Z99
روال	B	B1
تريض	Z	Z99
تراوض	Q	Q2.2
تروض	A	A1.1.1
راوض	Z	Z99
روض	A	A1.1.1/E3
ٱرتاض	A	A1.1.1
ٱستراض	Z	Z99
ٱرتاع	Z	Z99
تروع	Z	Z99
ترويض	K	K5.1
روضان	Z	Z99
روشو	Z	Z99
روشنة	Z	Z99
روستوك	Z	Z99
روسكيخ	Z	Z99
مرواس	Z	Z99
رواس	Z	Z99
ترويسة	Q	Q4
روش	Z	Z99
روشة	Z	Z99
روشن	H	H2
روشايلو	Z	Z99
رواش	Z	Z99
روشي	Z	Z99
راع	O	O4.2
ترويع	E	E5
أرواق	L	L2
رواقي	E	E6
روقة	O	O4.2
تروق	Z	Z99
روفر	Z	Z3c
رواقية	Z	Z99
راووق	O	O2
روكتس	Z	Z99
ترويقة	F	F1
ترويق	A	A1.1.1
روفائيل	Z	Z99
روف	Z	Z99
راوغ	N	N5
روغ	A	A1.9
مرتاع	E	E5
ٱرتياع	E	E5
روغان	A	A1.9
رواغ	G	G2.1
روغوزين	Z	Z99
أروغ	N	N5
رويغة	G	G2.2
ٱنسفك	Z	Z99
سفك	M	M2
شافع	T	T1.1.2/S2mf
شفق-	X	X2.5+/E1
تشفعي	Z	Z99
تشفع	S	S8
شفيعي	Z	Z99
شفقي	T	T1.3
شفوق	X	X2.5+/S1.2
شفاهي	B	B1
أشفى	Z	Z99
شافه	Z	Z99
شفنين	K	K5.1
شافن	E	E4.2+/S1.2
شفيع	T	T1.1.2/S2mf
شفعة	Z	Z99
شفط-	F	F2
شفطي	Z	Z99
شفشق	O	O2
شفشف	Z	Z99
شفري	A	A10-/Q1.2
شفطة	F	F2
شفاطة	M	M2
شفعي	Z	Z99
شفع	Z	Z99
مشفوط	Z	Z99
تشفى	Z	Z99
ٱشتفى	Z	Z99
شقير	Z	Z99
شقيري	Z	Z99
شقرة	S	S2.2/O4.3m
شقر	S	S2.2/O4.3m
ٱشقر	Z	Z99
شقرق	Z	Z99
شقرقة	E	E4.1
شقف	Z	Z99
شقاشق	Q	Q2.1
شقشقة	X	X3.2
شقشق	X	X3.2
شقر-	Z	Z99
شقذف	M	M3
ٱنشق	Z	Z99
شقاقي	Z	Z99
ٱستشفائي	Z	Z99
شفائي	B	B3
ٱستشفى	Z	Z99
ٱنشقاقي	G	G2.1
ٱشتقاقي	Z	Z99
شقد	Z	Z99
إشقاح	M	M2
أشقح	N	N3.3
مشقق	A	A1.1.2
مشفر	B	B1
شفير	B	B1
أشعن	Z	Z99
شعنينة	Z	Z99
شعن-	M	M1
ٱشتعالي	E	E6
مشعال	O	O3/W2
شعواء	G	G2.2
شعوذ	K	K5.2
شغوب	E	E3-/S2mf
شغاب	E	E3-/S2mf
شغب-	Z	Z99
شعوذة	Z	Z99
شعيلة	O	O1
شعالي	Z	Z99
شعاري	X	X4.1
شعائري	S	S1.1.1
مشعث	O	O4.2
شعث	O	O4.2
مشعور	A	A6.1
مشعشع	F	F2
شعفار	Z	Z99
شعفة	W	W3
شعط-	O	O4.6
شعشاع	W	W2
مشاغبة	E	E3
شغر-	Z	Z99
ٱشتف	A	A1.5.1
شفف	Q	Q1.2
شف-	Z	Z99
شفوف	Q	Q1.2
شفتشنكو	Z	Z99
شفتورة	Z	Z99
شفتر	B	B1
شفتشي	C	C1
مشغولية	E	E6
شواغل	X	X5.1
شغفي	X	X5.2
شغاف	Z	Z99
ٱنشغف	Z	Z99
شغف-	Z	Z99
شغور	I	I3.1
مشغوف	J	JJ
مشغلة	I	I3.1
شاغول	Z	Z99
شغيل	O	O4.5
تشاغل	Z	Z99
شقافة	Z	Z99
شاقول	Z	Z99
شلتة	H	H5
شلح-	B	B5
شلت	E	E3
شلبي	O	O4.2
شلباية	Z	Z99
شلح	A	A9
مشلح	Z	Z99
تشليح	G	G2.1-/A9
شلاح	Z	Z99
شلادكوفا	Z	Z99
شلاتين	Z	Z99
ٱشتكاء	Q	Q2.2/E2
مشتكي	G	G2.1/S2mf
شكاء	Q	Q2.2/E2
شكية	Q	Q2.2/E2
شكاية	Q	Q2.2/E2
مشتكى	G	G2.1/S2mf
شكولاتي	F	F1
شل	Z	Z3c
مشل	Z	Z99
شلشل	O	O1.2/N5
شميم	X	X3.5
ٱشمأز	Z	Z99
مشموم	X	X3.5
أشم	E	E4.2+/S1.2
شمام	Z	Z99
مشمئز	E	E4.2
شمانية	Z	Z99
شمت	E	E4.2
شمت-	S	S1.2.3
شمبوان	B	B4/O1
شمبانيا	F	F2
شمم	E	E4.2+/S1.2
ٱشتم	X	X3.5
شلق-	A	A6.1
شلق	A	A5.1
شلف	Z	Z99
شلفة	Z	Z99
شلشلة	O	O1.2/M1
شلومو	Z	Z99
شلن	I	I1
شلومي	Z	Z99
شلقم	Z	Z99
شكاة	Q	Q2.2/E2
تشكر	Z	Z99
شكد	S	S1.1.2
مشكوك	X	X2.1/A5.1
شاك	A	A7
شكران	S	S1.2.4
شكور	S	S1.2.4
شكس-	Z	Z99
شكرون	Z	Z99
شكارة	Z	Z99
شكة	E	E3
شكوكي	A	A5.1-/X2.1
متشقلب	K	K1/S2mf
شقلوب	Z	Z5
شقلبة	M	M1
تشقلب	Z	Z99
شقلب	E	E4.1
أشقى	E	E4.1
شقو	A	A1.4
شقاوة	A	A1.4
شقوة	A	A1.4
شقا	A	A12
شاكس	Z	Z99
تشاكس	E	E3
شكيم	O	O2
شكيمة	A	A2.1-/X2.1
شكم	Z	Z99
شكم-	O	O2
متشاكل	A	A6.1
أشكناني	Z	Z99
شاكه	A	A6.1
شكوة	Q	Q2.2/E2
تشاكى	Q	Q2.2/E2
تشكى	Q	Q2.2/E2
مشاكهة	A	A6.1
تشاكل	A	A6.1
مشاكلة	A	A6.1
مشاكس	E	E3
مشاكسة	E	E3
شكاسة	E	E3
شكس	E	E3
شاكل	A	A6.1
شكيل	Z	Z99
شكال	O	O2
شكلية	A	A6.2
ٱستشكل	Z	Z99
تشعث	O	O4.2-/A2.1
شاردة	A	A6.1
متشرد	H	H4
شرود	M	M1
أشرد	Z	Z99
تشردق	M	M3/O2
شرسوف	Z	Z99
شراس	O	O1
تشارس	Z	Z99
شارخ	Z	Z99
شروخ	N	N3.2+/A2.1
شربين	L	L3
شريتح	Z	Z99
شربل	Z	Z99
شربكة	A	A12
شربك	S	S1.1.3
شارجة	Z	Z99
شرحي	Q	Q2.2/A7
مشرح	B	B1/S2mf
ٱنشراح	E	E3
مشرحة	Z	Z99
شراسفي	Z	Z99
شرش	Z	Z99
ٱشترع	G	G2.1
شراعة	Z	Z99
شرطوني	S	S9/A1.1.1
شرطنة	S	S9/A1.1.1
تشرطن	Z	Z99
شريعاتي	Z	Z99
مشرعة	Z	Z99
مشترع	G	G2.1/S2mf
متشرع	G	G2.1/S2mf
ٱشتراعي	G	G2.1
ٱشتراع	G	G2.1
شرطن	S	S9
ٱشتراطية	Q	Q1.2
شراشر	K	K2
شرط-	S	S6
شرشير	Z	Z99
شرشور	Z	Z99
شارط	S	S6
مشارطة	A	A6.1
تشريط	B	B3
تشرط	Z	Z99
تشريب	Z	Z99
مشربية	Z	Z99
تشدخ	Z	Z99
شدخ	A	A1.1.2
شدخ-	A	A1.1.2
شداد	Z	Z99
شادر	A	A9+/H1
شادوف	Z	Z99
شادن	Z	Z99
شدن-	Z	Z99
متشدق	Z	Z99
أشدق	X	X3.2
شخشيخة	X	X3.2
شخيص	A	A11.1
شخشخة	X	X3.2
شخشخ	X	X3.2
شخر-	B	B1/X3.2
شخط-	Q	Q2.2/X3.2
أشخم	O	O4.3
شخليلة	X	X3.2
شخلل	X	X3.2
مشدوه	X	X2.5
شدياق	Z	Z99
ٱشرأب	Z	Z99
ٱشرئباب	Z	Z99
شرار	O	O4.3
شراري	O	O4.6
شرري	O	O4.6
شربة	F	F2
شريب	F	F2+++/S2mf
شرابة	B	B5
شربتلي	Z	Z99
شرورة	Z	Z99
شرة	G	G2.2
تشذر	Z	Z99
شذر	Z	Z99
شذب	A	A1.1.1
شذب-	A	A1.1.1
شواذ	Z	Z99
شوذر	Z	Z99
شاذلية	Z	Z99
شراني	G	G2.2
شرر-	Z	Z99
شذي	X	X3.5
شذو	Z	Z99
شرعابي	Z	Z99
شرف-	Z	Z99
مشاطرة	S	S1.1.3
ٱشتطار	A	A6.1
شطيرة	F	F1
شطارة	X	X9.1
شطرة	A	A4.1
شطرنجي	K	K5.2
شطن-	A	A1.7
شطفة	N	N5.1
شطف	B	B4
شطف-	O	O1.2
ٱنشطر	A	A1.1.2
شطر-	Z	Z99
تشاطأ	M	M7/G1.1
شطب-	A	A10
شطيطة	Z	Z99
شطي	Z	Z99
شط	W	W3/M4
شطب	A	A10
شطح	M	M1
شطح-	M	M1
تشطيب	T	T2
شطن	O	O2/A1.7
شظف-	B	B2-/S3.2
أشعبي	S	S1.2.2+/S2mf
مشعاب	O	O2
أشعب	Z	Z99
شعباني	E	E2
شعيب	O	O4.2
ٱنشعاب	A	A2.2
منشعب	O	O4.4
شعث-	Z	Z99
مشعبذ	L	L2/Q2.1
شعبذة	Z	Z99
شعبذ	K	K5.2
شعيبي	Z	Z99
ٱستشعاع	Z	Z99
مستشع	O	O4.3
تشعع	Y	Y1
شظي-	Z	Z99
ٱنشعب	A	A6.1
شعوبية	Z	Z99
شعوبي	A	A6.3+/S5
ٱشتعب	A	A6.1
ٱشتط	Z	Z99
شصرة	L	L2mfn
شراق	Z	Z99
شراقة	Z	Z99
شراقي	Z	Z99
ٱستشرق	Z	Z99
تشرق	Z	Z99
تشريق	Z	Z99
إشراقي	Z	Z99
شرم-	A	A6.1
شركسي	Z	Z2/S2mf
تشريك	Z	Z99
شارق	A	A5.1
مستشرف	M	M7
شارف	Z	Z99
شرافة	H	H2
شريفي	Z	Z99
شرافي	Z	Z99
شريفبور	Z	Z99
أشرفي	Z	Z99
مشارفة	S	S7.1
تشريفاتي	S	S1.1.1
تشريفة	Z	Z99
أشرفية	Z	Z99
أشرم	Z	Z99
شرمط	Z	Z99
ششخان	Z	Z99
ششخانة	G	G3
شسوع	Z	Z99
شست	O	O1.1
أشزر	X	X2.1/A5.1
مششخن	Z	Z99
ششم	Z	Z99
شص	Z	Z99
ششنجي	Z	Z99
ششني	A	A4.1/L3
ششمة	B	B4/H5
تشازر	Z	Z99
ٱشتراء	I	I2.2
شره-	Z	Z99
شرنقة	A	A1.7
شرموطة	O	O2
شرموط	O	O2
شرودر	Z	Z99
شروال	B	B5
شري	Z	Z99
شروى	S	S7.1+/S2mf
شروة	I	I2.2
شرى-	I	I2.2
أشمت	S	S1.2.3
شمات	Z	Z99
شائن	G	G2.2
مشين	G	G2.2
شيمية	W	W3/M4
شيناماسا	Z	Z99
متشيوع	E	E2
تشيوع	Z	Z99
شيهم	L	L2
شينوي	Z	Z99
شيمبانزي	L	L2mfn
مشيمة	Z	Z99
شيال	I	I3.1/S2mf
شيلد	Z	Z99
شيالة	M	M2
شيلة	A	A12
شال-	M	M2
شيللر	Z	Z99
شيلم	Z	Z99
شامة	B	B1
شام-	X	X2.6
شيلي	Z	Z2
شيلمان	Z	Z99
صؤابة	S	S1.2.6-/S2
صابات	Z	Z99
صبحان	O	O4.2
صباحية	Z	Z99
ٱستصبح	W	W2
صابئي	Z	Z99
صباحة	O	O4.2
صبوح	O	O4.2
تصبر	A	A1.1.1
تصبيح	Q	Q2.2/S1.2.4
ٱستصباح	W	W2
صبوء	N	N3.2+/A2.1
صبأ-	N	N3.2+/A2.1
صئي	X	X3.2
تصبب	M	M4
صأى-	X	X3.2
صاج	Z	Z99
صبب	W	W3
صبيب	A	A1.1.1
صباب	O	O2
مصبوب	S	S7.1
صبابة	N	N5.2+c
أشيك	N	N5
شياكة	O	O4.2
شيخوخي	S	S7.1
مشيخي	Z	Z99
شياخة	Z	Z99
شويخ	Z	Z99
شيوخ	Z	Z99
شاد-	B	B1/O4.4
شيزوفرانا	B	B2-/X1
شيرج	Z	Z99
شيرت	B	B5
شير	Z	Z99
تشيخ	Z	Z99
شياحة	O	O2
شيبو	Z	Z99
شيبان	T	T3
شيباء	Z	Z99
مشيب	Z	Z99
شيات	B	B5
شيح	O	O1.2
شياح	Z	Z99
شيحان	Z	Z99
شيحي	Z	Z99
شيزوفراني	B	B2-/X1
شيش	O	O2
شايعة	Q	Q2.2
مشايع	S	S5
إشاعية	Z	Z99
مشايعة	S	S5
شيوعية	Z	Z99
متشيع	S	S5
مشتاع	S	S3.1/S2mf
شيفرون	Z	Z3c
تشييف	A	A1.1.1
أشياف	Z	Z99
شيف	O	O2
شايع	Z	Z99
شيطنة	G	G2.1
شيط	O	O4.6
أشاط	O	O4.6
شاط-	Z	Z99
شيشيني	Z	Z99
شيشة	Z	Z99
تشيط	Z	Z99
تشييط	O	O4.6
تشيطن	Z	Z99
مشيط	O	O4.6
ٱستشاطة	O	O4.6
إشاطة	O	O4.6
ٱصطبر	A	A1.1.1
صبرا	Z	Z99
صديدي	Z	Z99
صدود	S	S8
تصخر	Z	Z99
تصخير	Z	Z99
إصداد	Z	Z99
صدؤ-	Z	Z99
صداح	K	K2
مصدأ	O	O4.1
أصدأ	O	O4.1
صخير	Z	Z99
صحي-	Z	Z99
صحى	X	X2.2
مصحون	O	O4.1
صحم	Z	Z99
أصحل	X	X3.2
أصحى	X	X2.2
ٱصطخب	Q	Q2.2/X3.2
مصطخب	X	X3.2
ٱصطخاب	X	X3.2
صخاب	X	X3.2
صدح	O	O2
صادح	K	K2/S2mf
صدغي	T	T1.1
متصدع	A	A1.1.2
مصدوع	A	A1.1.2
تصديع	B	B2
مصادف	Z	Z99
تصادفي	N	N6
تصادق	S	S1.2.1
صديقي	Z	Z99
تصدق	Z	Z99
صداعي	B	B2
صدعة	A	A6.1
صدار	B	B5
تصديري	I	I2.2/M2
صديري	B	B5
صدرة	B	B5
ٱستصدر	X	X4.1
ٱصطدار	A	A9
ٱستصدار	A	A9
ٱنصدع	Z	Z99
صدع-	K	K1/T1.3
مصدور	Z	Z99
صحل	X	X3.2
تصحيف	A	A5.3
صباغة	O	O4.3
مصبغة	O	O4.3
مصبع	O	O2
أصبوع	B	B1
صابغ	Z	Z99
مصبوغ	O	O4.3
صبان	Z	Z99
صابوني	B	B4
صبن	B	B4
ٱصطباغ	B	B1/O4.3
صباع	B	B1
إصبعي	B	B1
أصبر	N	N5
تصبير	S	S8
صبارة	Z	Z99
صبرة	N	N5
مصابرة	T	T2
ٱصطبار	T	T2
صبير	Z	Z99
صبره	Z	Z99
صابورة	N	N3.5/O2
مصبر	S	S8
مصبنة	Z	Z99
تصبين	B	B4
مصح	B	B3/H1c
مصحة	B	B3/H1c
صحاح	Z	Z99
صحية	Z	Z99
صتامي	Z	Z99
أصحر	W	W3
صحارة	O	O2
صحفة	O	O2
تصحف	Z	Z99
صحف	A	A5.3
تصحير	W	W5
صتامة	Z	Z99
صتمة	Z	Z99
ٱستصبى	Z	Z99
صباء	T	T1.3/T3
تصابى	Z	Z99
تصبى	Z	Z99
تصبن	B	B4
صبو	Z	Z99
صبوة	T	T1.3/T3
صابي	T	T3
صبياني	T	T3-/S2mf
صبوي	T	T3
شايب	Z	Z99
شائب	O	O4.3
شنيشل	Z	Z99
شنشن	X	X3.2
شنارق	L	L3
شنار	S	S7.2
شنر	Q	Q2.2/A5.2
شنشنة	X	X3.2
شناطة	Z	Z99
شنعة	Z	Z99
شناعة	Z	Z99
شنع	Q	Q2.2/A5.2
شنع-	Z	Z99
شنخوبة	W	W3
شناخ	W	W3
مشنة	O	O2
شنأ-	E	E2
شنون	Z	Z99
شمواه	Z	Z99
شمندورة	M	M4/O2
شناءة	E	E2
شانئ	G	G2.2
تشنجي	N	N6
شنج	B	B3/S2mf
شنج-	Z	Z99
شنب	Z	Z99
أشنع	O	O4.2
شهابي	Z	Z99
شهيب	Z	Z99
شهب-	O	O4.3
شنودة	Z	Z99
شنهقة	Z	Z99
أشهب	O	O4.3
شهباء	Z	Z99
شاهر	Z	Z99
شهر-	Q	Q2.2
إشهاد	Z	Z99
مستشهد	S	S9/S2mf
شنهق	X	X3.2
شنكل	O	O2
شنف	B	B5
تشنيف	Z	Z99
شنغوب	O	O2
تشنيع	G	G2.1-/Q2.2
شنق	M	M2
شنكار	Z	Z99
مشنقي	G	G2.2
مشنوق	G	G2.1
مشنقة	G	G2.1/L1
شمندر	L	L3
شملان	Z	Z99
شمروخ	Z	Z99
شمراخ	L	L3
مشمر	M	M6
شمراني	Z	Z99
شمس-	Z	Z99
شامس	W	W4
تشمس	K	K1/W4
أشمس	Z	Z99
شمري	Z	Z99
شمار	L	L3
شمخاني	Z	Z99
تشامخ	E	E4.2+/S1.2
شمخ-	S	S7.2
شامت	E	E3
متشامخ	S	S1.2.3
ٱشمخر	Z	Z99
شمرة	L	L3
تشمر	Z	Z99
مشمخر	S	S1.2.3
ٱشمخرار	E	E4.2+/S1.2
شامسي	Z	Z99
شموس	S	S8
مشمع	O	O4.1/O1.2
شمعدان	H	H5
شماعة	Z	Z99
شماع	I	I2.2/M4
شملة	B	B5
أشمل	N	N5
شملول	Z	Z99
مشتمل	A	A1.8
مشمول	A	A1.8
ٱشمطاط	Z	Z99
شمشم	X	X2.3
شمشمة	B	B1
شماس	S	S9/S2mf
مشمس	W	W4
شميسي	Z	Z99
شمط-	Z	Z99
ٱشمط	Z	Z99
أشمط	O	O4.3
شميطلي	Z	Z99
شميط	Z	Z99
شمط	Z	Z99
شهراني	Z	Z99
مشهراوي	Z	Z99
شاول	E	E3
أشال	M	M2
شول	Z	Z99
شوكران	Z	Z99
شولة	Q	Q3
مشال	M	M2
شولقي	X	X3.1
مشولة	Z	Z99
مشول	O	O2/F4
شاك-	B	B2
شوفيني	S	S5+/Z2
شوفينية	S	S5+/Z2
شوفة	X	X3.4
تشوف	X	X2.1
تشوق	X	X7
مشوق	X	X7
ٱشتاق	X	X7
شومة	O	O2
شوماخر	Z	Z1mf
شيئية	G	G2.2/S5
شييء	Z	Z99
شيئي	G	G2.2/S5
تشيأ	Z	Z99
مشواة	O	O2
شوية	Z	Z99
تشيئة	Z	Z99
أشاب	Z	Z99
تشيء	Z	Z99
شوا	Z	Z99
شواء	Z	Z99
شون	Z	Z1mf
شوندر	L	L3
شونة	F	F4/H1
تشوين	Z	Z99
شوه-	Z	Z99
شوى-	F	F1
شائه	O	O4.4
أشوه	O	O4.4
شائظ	O	O4.6
شواظ	X	X5.2
ٱشتهاء	S	S1.2.2
مشهي	F	F1/N4
تشهي	S	S1.2.2
شهوان	S	S1.2.2
شهوي	S	S3.2
مشتهي	S	S1.2.2
مشتهى	O	O4.2
مشوب	A	A6.3
شوب	A	A2.1
شوارتز	Z	Z1
تشهية	Z	Z99
تشهيل	N	N3.8+/A2.1
أشهل	N	N3.7
مشهر	X	X2.2
شهروز	Z	Z99
ٱشتهار	X	X2.2
مشاهرة	N	N6
شهرزاد	Z	Z99
شهق-	X	X3.2
شهلة	N	N3.7
شهل	B	B1
شوبق	Z	Z99
شوبك	Z	Z99
أشوش	E	E5
شوش	X	X2.5
شوستيكوف	Z	Z99
شوستر	Z	Z99
مشورب	Z	Z99
شاش	Z	Z99
شواش	O	O4.2
شوشرة	X	X3.2
شويش	Z	Z99
مستشارية	Z	Z99
شوح	L	L3
شودري	Z	Z99
شوتلر	Z	Z99
شوبكي	Z	Z99
شور	M	M1
مشاورة	Q	Q2.1
مشاور	S	S8+/S2mf
تشاوري	S	S8
إشارجي	Z	Z99
إشاري	A	A6.2
شختور	M	M4fn
شخبطة	Q	Q1.2
سمحاق	Z	Z99
سمد-	Z	Z99
متسامح	S	S7.4
مسامحة	G	G2.2
سماحي	Z	Z99
سمد	F	F4
سمود	Z	Z99
سميد	F	F1
مسمد	F	F4/O1
سامد	O	O4.4
تسميد	Z	Z99
ٱستسمح	Q	Q2.2/S1.2.4
سماجة	O	O4.2
مسموم	E	E3
سمباتوي	X	X2.5+/E1
مسامية	Z	Z99
مسامي	O	O4.1
سمبوسق	Z	Z99
سامت	Z	Z99
سمج	O	O4.2
سمج-	Z	Z99
سمت	M	M3
سمدور	B	B1
سمسرة	I	I2.2
سمسيرة	K	K5.1
سمسر	Z	Z99
سمور	O	O4.3
سامرة	Z	Z99
سميسمة	Z	Z99
سمط-	O	O4.6
مسمط	Z	Z99
سماط	F	F1
سمط	O	O1.1
سوامر	Z	Z99
سمرين	Z	Z99
سمار	N	N3.8
ٱسمر	Z	Z99
سماري	Z	Z99
سميرة	Z	Z99
مسماري	Z	Z99
أسمراني	Z	Z99
أسمري	Z	Z99
سلينيوم	Z	Z99
سلية	Z	Z99
مسلكي	I	I3.1
تسليك	B	B4
سلكي	O	O2
أسلك	O	O2
سلاقون	Z	Z99
مسلوك	A	A5.1
سلماوي	Z	Z99
سلمى	Z	Z99
ٱستلم	A	A9
تسالم	Z	Z99
متسلق	M	M1
مسلوقة	F	F1
سلفيت	Z	Z99
سلفيد	Z	Z99
مسلفت	H	H1
سلفات	Z	Z99
سلفت	Z	Z99
سلق	O	O4.6
سلاقي	L	L2mfn
سليقة	X	X1/A6.2
سلاقة	Z	Z99
سلاق	S	S9
سلموي	Z	Z99
سلي-	X	X2.2
سلى	S	S8
سلواة	L	L2
سلوة	S	S8
أسلى	S	S8
سلوبودان	Z	Z99
سلوفيني	Z	Z99
سلوفينيا	Z	Z2
سلوفاكي	Z	Z2
سلوفاكيا	Z	Z2
تسالي	K	K1
مسلاة	K	K1
سالمي	Z	Z99
سويلم	Z	Z99
مسالمة	S	S1.2.1
سلامى	Z	Z99
سلوم	Z	Z99
مستلم	A	A9+/S2mf
سلاملك	Z	Z99
سلا-	X	X2.2
سلانيك	Z	Z2
سلندر	O	O4.4
سلمون	O	O4.3
تسامع	Z	Z99
مسمعة	K	K3
سندس	Z	Z99
سندسي	Z	Z99
سندروس	Z	Z99
سندان	O	O2
سندال	O	O2
مسندم	Z	Z99
سندويش	F	F1
سنديك	Z	Z99
سندياني	O	O1.1
سنديان	Z	Z99
سندويتش	Z	Z99
مستندي	A	A1.1.1
سنود	S	S8
سنيجيب	Z	Z99
سنجق	O	O2
سنجابي	O	O4.3
سناج	O	O1.1
سنجة	G	G3
سنح	A	A2.1
سنوح	A	A2.1
سنخ	N	N5.2
سناخة	Z	Z99
سنور	L	L2
سنسكريت	Z	Z99
سنمار	Z	Z99
سنمورة	F	F1
مسنم	H	H1
تسنم	Z	Z99
تسنيم	Z	Z99
تسنه	Z	Z99
مسانهة	N	N6
أسنى	N	N5
سناء	A	A5.1
سنا-	W	W2
سنمة	W	W3
سنطور	Z	Z99
سنطير	Z	Z99
سنطة	B	B2
سنط	Z	Z99
سنسكريتي	Z	Z99
سنطورس	Z	Z99
سنغافوري	Z	Z2/S2mf
سنكسار	Z	Z99
سنكري	Z	Z99
سنفرة	O	O1.1
سنف	L	L2
سنتيم	Z	Z99
سمن-	Z	Z99
سمائل	Z	Z99
سمولة	Z	Z99
سمول	Z	Z99
أسمن	Z	Z99
سمانى	L	L2
مسمن	N	N3.2
سمانة	L	L2mfn
سمون	Z	Z99
سمل	B	B5/A1.1.2
ٱستمل	A	A1.1.2
سموق	N	N3.7
سماقي	Z	Z99
سمق-	Z	Z99
سموع	Z	Z99
سامع	X	X3.2/S2mf
مسمكة	W	W3/M4
سمكرة	Z	Z99
أسمل	Z	Z99
سمل-	A	A1.1.2
سمكرية	Z	Z99
سمكري	Z	Z99
سمنتو	O	O1.1
سمانجوني	O	O4.3
مسننة	Z	Z99
سناتور	G	G1.2/S2mf
مسنن	O	O4.4
مسنون	O	O4.4
تسنين	B	B1
سنباذج	O	O2/O4.5
سنبوق	M	M4fn
سنتلتر	Z	Z99
سنبلي	O	O2
سنبلة	S	S9
سنبك	L	L2
سنان	O	O2/F1
تسامى	S	S7.3
سماوة	Z	Z99
سامى	S	S7.3
سمهري	N	N3.7
سمندر	L	L2
أسماء	Z	Z99
سن-	B	B3
سميناري	Z	Z99
سميثسونيان	Z	Z99
مسيمي	Z	Z99
تسليفة	I	I1.1
تسليف	I	I1.1
سقاوة	Z	Z99
سقوي	Z	Z99
ٱستسقائي	Z	Z99
مساقاة	Z	Z99
ٱستك	Z	Z99
سك	Z	Z99
ٱنسكب	A	A1.1.1/O1.2
سكاربوروه	Z	Z2
مسكوكة	I	I1
أسك	X	X3.2
مسقى	Z	Z99
سقاية	A	A9-/O1.2
أسقم	Z	Z99
سقم-	Z	Z99
سقلبي	Z	Z99
سقام	B	B2
مسقام	B	B2
سقي	F	F4
ٱستسقى	Z	Z99
أسقى	A	A9-/O1.2
سكبة	L	L3
سكيب	H	H1
تساكر	Z	Z99
سكر-	Z	Z99
سكتلاندي	Z	Z99
سكتلاند	Z	Z2
سكرة	F	F2
سكرامنتو	Z	Z99
سيكارة	F	F3
سيكار	F	F3
سكاكر	F	F1
سكتلندي	Z	Z99
سكتلند	Z	Z2
ساكب	Z	Z99
مسكوبية	O	O2
ٱنسكاب	A	A1.1.1
مسكب	O	O2
سكيبة	Z	Z99
منسكب	H	H1
سكباج	Z	Z99
ساكت	X	X3.2
سكوتي	Z	Z99
سكات	X	X3.2
أسكت	X	X3.2
سقلبة	Z	Z99
سقلب	Z	Z99
سفان	M	M4/S2mf
سفانة	M	M4fn
سفين	O	O2
سفن	O	O2
سفلاق	Z	Z99
سفنج	O	O1.1
سفه-	Z	Z99
سفه	S	S1.2.6
تسافه	Z	Z99
سفلقة	B	B4
مسفلت	H	H1
سفل-	Z	Z99
تسفل	Z	Z99
سفاك	E	E3
سفل	Z	Z99
سفلة	S	S7.1
سفلتة	O	O4.1/M3
سفلت	Z	Z99
سافل	S	S7.1
سفالة	S	S7.1
سفيه	S	S1.2.6
سفاهة	S	S1.2.6
ساقطة	O	O2
سقطراء	Z	Z99
إسقاطي	A	A10
سقاطة	Z	Z99
سقيط	W	W4
سقع-	E	E3
مسقعة	F	F1
مسقف	A	A10
تسقيف	H	H1
سقيفة	H	H1
سقطي	Z	Z99
سافياء	Z	Z99
سفيت	Z	Z99
مسفى	K	K6
أسفى	M	M1
سفى-	M	M1
سفيتة	Z	Z99
سقر	Z	Z99
سقالة	H	H1
سقسقة	X	X3.2
سقراطي	Z	Z1
سكرتاه	I	I1/A15
سكرتارية	S	S7.1
سليخ	B	B1
سليخة	Z	Z99
سلاخ	Z	Z99
تسلخ	F	F1/L3
سلخ-	T	T2
سلخانة	L	L1-/F1/H1c
مسلاخ	Z	Z99
أسلس	N	N5
سلس-	Z	Z99
منسلخ	G	G1.2/S2mf
سلحفائية	N	N3.8
سلحفائي	L	L2mfn
سلجم	F	F1
سلح-	Z	Z99
سلج	Z	Z99
سلتكس	Z	Z99
سلتا	Z	Z99
سلح	Z	Z99
تسالح	Z	Z99
سلاحدار	G	G3
سليح	S	S9/S2.2m
سلسبيل	Z	Z99
تسلف	A	A9
ٱستلف	A	A9
سلف-	N	N4
ٱنسلع	A	A6.1
سلع-	A	A5.1
سلفة	S	S4f
مسلفة	Z	Z99
سليف	N	N4/S2mf
سلافة	Z	Z99
سلاف	Z	Z99
سلطانوف	Z	Z99
سلطانية	O	O2/F1
سلطوية	S	S7.1
سلاطة	S	S1.2.4
سلطوي	S	S7.1
متسلسل	T	T2
سليطي	Z	Z99
ٱسلنطح	Z	Z99
تسلطن	Z	Z99
سلطن	Z	Z99
مسلطح	N	N3.7
سلاطح	N	N3.7
ٱنسلت	Z	Z99
سلت-	N	N5
سكنى	H	H1
سكاكيني	Z	Z99
سكونية	M	M8
تساكن	Z	Z99
مسكونة	Z	Z99
مسكوني	S	S9/S5
سكوبلار	Z	Z99
سكندينافي	Z	Z2
سكندينافيا	Z	Z2
سكنجبين	Z	Z99
أسكفة	H	H2
ساكف	H	H2
سكرين	O	O1.1
سكسوني	Z	Z2
سكروز	O	O1.1
سكرجة	O	O2
سكرتو	Z	Z99
تسكسك	Z	Z99
إسكافي	B	B5/S2mf
إسكاف	B	B5/S2mf
سكافة	B	B5
سكوتينيوتيس	Z	Z99
سلافيانكا	Z	Z99
سلافي	Z	Z99
سلاء	Z	Z99
تسلب	Z	Z99
ٱستلب	A	A9
سلبند	O	O2/L2
سلاب	Z	Z99
أسلاب	I	I1.1
ٱنسلال	M	M1/A10
سكيزوفرينيا	B	B2-/X1
سكيزوفريني	B	B2-/X1
سكيت	Z	Z99
سكي	K	K5.1
سكولاري	Z	Z99
سكيكدة	Z	Z99
سكيلاري	Z	Z99
مسلة	O	O2
سلالي	S	S4c
سليلة	S	S4mfn
ٱنسل	M	M1/A10
مسناة	M	M4/M7
سنا	Z	Z99
شبورة	W	W4
شابورة	W	W4
شبور	K	K2
شوبير	Z	Z99
شبرق	Z	Z99
شبرقة	Z	Z99
شبوط	L	L2mfnc
شباط	T	T1.3
شبط	A	A1.7
شبشب	B	B5
شبر-	Z	Z99
شبث	Z	Z99
شاين	Z	Z1mf
شاينيو	Z	Z99
شاؤول	Z	Z99
شاويش	Z	Z99
شاوش	G	G3/S7.1+/S2mf
شبب	S	S3.2
تشبب	Z	Z99
شبث-	A	A1.7
شبت	Z	Z99
شبابة	Z	Z99
شبوب	B	B2
شبع-	Z	Z99
شبع	E	E4.2
مشتبك	L	L3
شبكشي	Z	Z99
مشبك	A	A1.1.1
أشبل	S	S1.1.1
شبلي	Z	Z99
شبينة	S	S4f
شبين	S	S4/S2.2m
شبام	Z	Z99
شبول	Z	Z99
شبيك	Z	Z99
شبيكة	O	O2
شبق-	Z	Z99
شبق	G	G2.2
شبعان	N	N5.1
شبعة	Z	Z99
شبقي	G	G2.2
تشبك	Z	Z99
شبك	B	B5
شبك-	A	A2.2
شاورمة	Z	Z99
شأو	W	W3
سينغال	Z	Z2
سينغالي	Z	Z2/S2mf
سينغ	Z	Z99
سيمياء	S	S9
سيموني	Z	Z1f
سينودس	S	S9c
سيوة	Z	Z99
شؤبوب	W	W4
سيويرت	Z	Z99
سيوه	Z	Z99
سيمونوف	Z	Z99
سيمنز	Z	Z99
سيلان	Z	Z99
سيلفا	Z	Z99
مسيل	Z	Z99
سائلي	M	M1
سيلفرمن	Z	Z99
سيلفيو	Z	Z99
سيمنت	Z	Z99
سيمبا	Z	Z99
سيمانتيك	Q	Q3
سيليش	Z	Z99
شاباك	Z	Z99
شاباليكين	Z	Z99
شامخاني	Z	Z99
شامير	Z	Z99
أشأم	G	G2.2
شؤم	A	A5.1
ٱستشأم	Z	Z99
شانتاج	G	G2.1
شانغهاي	Z	Z2
شأو-	M	M3
شاهي	F	F2
شاهاني	S	S7.1+/S2.2m
شانفيل	Z	Z99
تشاءم	Z	Z99
شالوم	Z	Z99
شاروني	Z	Z99
شاذروان	H	H1
شارلي	Z	Z1m
شاربينغ	Z	Z99
شاتيسغار	Z	Z99
شاسي	M	M3
شأفة	L	L3
شالكه	Z	Z99
شاكيل	Z	Z99
شاكوش	O	O2
شافيز	Z	Z99
إشبين	S	S4/S2.2m
إشبينة	S	S4f
مشحري	Z	Z99
مشحرية	Z	Z99
مشحر	Z	Z99
شحار	O	O1.1
شحر	Z	Z99
شحرور	Z	Z99
شحطة	O	O4.3
شحط	Z	Z99
شحط-	Z	Z99
مشحذ	A	A1.1.1
شحاذة	Q	Q2.2
شاح	A	A10
شحي	Z	Z99
مشجي	Z	Z5
شجوي	E	E6
شجو	E	E4.1
مشاحة	A	A7
شحب-	Z	Z99
شحادة	Z	Z99
شحاتة	Z	Z99
شحوب	B	B2
شحوبة	Z	Z99
شحاطة	K	K5.1
شاحط	N	N3.3
شحور	O	O4.3
شحورة	Z	Z99
شحانية	Z	Z99
شحاني	Z	Z99
تشاحن	Z	Z99
شحوار	O	O1.1
شخ-	B	B1
شخبط	Q	Q1.2
مشخخة	B	B4
مشخة	B	B4
شخ	B	B1
شحناء	E	E3
شحمة	O	O4.4
شحيم	O	O1
شحامة	N	N3.2+/A2.1
شحم-	Z	Z99
مشحمة	Z	Z99
تشحم	O	O4.2
أشحن	M	M4fn
مشحم	O	O4.5
شجا	E	E4.1
أشجى	E	E4.1
شتيم	Q	Q2.2/S1.2.4
مشاتمة	Q	Q2.2/S1.2.4
شتام	S	S7.2
تشاتم	E	E2
شاتم	E	E2
شتنبر	T	T1.3
شتا-	Z	Z99
شاتي	W	W4
مشتاة	Z	Z99
مشتى	Z	Z99
تشتى	Z	Z99
شتيلة	Z	Z99
شتيل	L	L3
شبا	Q	Q2.1
شباة	Q	Q2.1
مشابهة	A	A6.1
شبهان	O	O1.1
شت-	M	M1
تشتت	Z	Z99
شتل-	L	L3
شترات	Z	Z99
شتاين	Z	Z99
شتان	Z	Z99
شتوتغارت	Z	Z99
شجن-	Z	Z99
شجران	Z	Z99
أشجر	L	L3
ٱشتجر	E	E3
شجى	X	X5.2
شجي-	Z	Z99
شجا-	E	E4.1
أشجن	E	E4.1
تشاجر	E	E3
شاجر	E	E3
شجة	B	B2
شجب-	E	E6
شج-	B	B2
شتيفي	Z	Z1f
شتيرن	Z	Z99
أشجب	E	E6
شجر-	A	A2.1
مشجب	Z	Z99
شجاب	Z	Z99
سيالة	W	W3/M4
سورنسن	Z	Z99
سوزا	Z	Z99
سورفي	Z	Z99
سوراتشاي	Z	Z99
مسور	M	M6
سوس-	Z	Z99
سايس	K	K5.1
سائس	K	K5.1
تسوس	Z	Z99
تسور	N	N3.2
ساور	E	E3
سوخ	M	M1
سويداء	E	E4.1
ساخ-	B	B4/H5
سويج	Z	Z99
سيجان	O	O1.1
سيادي	S	S7.1
تسودن	Z	Z99
سودن	Z	Z99
سؤدد	S	S7.1
مسوس	L	L2mfn
سوستة	B	B5/O2
تساوق	Z	Z99
ٱستاق	Z	Z99
ساوق	S	S3.1
سوفوكليس	Z	Z99
سوقية	X	X7
ساقة	Z	Z99
سياقة	N	N5
سويق	L	L3
سوقة	X	X4.1
سوفسطائي	Z	Z99
تسويفي	T	T4
ساعاتي	Z	Z99
ساغ-	A	A9
ساعتئذ	Z	Z99
مسوط	Z	Z99
سوسن	Z	Z99
أساغ	B	B1
تسوغ	I	I2.2
تسويف	T	T1.1.3
مستساغ	X	X3.1
تسويغ	I	I2.2
مساغ	A	A7
ساج	O	O1.1
سوتي	Z	Z99
سهف-	Z	Z99
سهاف	Z	Z99
مسهر	K	K1/S5+c
سهار	Z	Z99
سهف	B	B1/F2
سهل-	Z	Z99
ٱستسهل	Z	Z99
تسهل	Z	Z99
ساهل	Z	Z99
سهران	B	B1
أسهر	Z	Z99
سهب	W	W3
سهد-	Z	Z99
سنيور	Z	Z99
سنيه	Z	Z99
سنوكر	K	K5.2
سهد	Z	Z99
تسهد	Z	Z99
ساهد	B	B1
سهاد	B	B2
سهلي	Z	Z99
مسهل	B	B3
سوازيلاند	Z	Z2
سوازيلاندي	Z	Z2
سواريه	Z	Z99
سواري	K	K5.1/S2.2m
مستاء	E	E4.1
سوباتشاي	Z	Z99
سوبارو	Z	Z99
سوتومايور	Z	Z99
سوتو	Z	Z99
سوبرمركت	I	I2.2/H1c
سوبرمان	Z	Z99
ٱستاء	Z	Z99
سوأ	Z	Z99
سهام	Z	Z99
أسهمي	N	N5.1
سهوم	E	E4.1
مستسهل	A	A12
متساهل	S	S7.4
مسهم	A	A9
سهو	X	X5.1
سو	Z	Z1f
ساهي	S	S2.1/X2.2
سهوان	S	S2.1/X2.2
سهوة	M	M7
سواق	M	M3/S2mf
مساق	A	A5.1+/A2.1
سيراليوني	Z	Z99
سيرام	Z	Z99
سيراليون	Z	Z99
سيراكوز	Z	Z99
سيراس	O	O1
سيرج	Z	Z99
سيريالي	A	A5.2
سيرفرز	Z	Z99
سيرجيو	Z	Z99
سيرجي	Z	Z1m
تسيار	M	M1
ٱنساح	F	F1
أساح	Z	Z99
تسيج	Z	Z99
سيبيري	Z	Z99
سيخان	M	M1
مسيري	Z	Z99
تساير	Z	Z99
سيدا	Z	Z99
سيريالية	C	C1
سيريتل	Z	Z99
سيكوبات	B	B2-/S2mf
سيكوباتي	Z	Z99
سيكوران	Z	Z99
سيفيرومورسك	Z	Z99
سيفون	M	M2
سيكورتاه	I	I1/A15
سيكوسوماتي	Z	Z99
سيال	N	N5
سيلية	Z	Z99
سيكولوجي	X	X1
سيفان	Z	Z99
مسايفة	O	O2
سيزوفريني	B	B2-/X1
سيسبان	L	L3
سيزوفرينيا	B	B2-/X1
سيريوونغ	Z	Z99
سيرينا	Z	Z99
سيستان	Z	Z99
سيسميك	Z	Z99
سياف	L	L1-/S2mf
تسيطر	S	S7.1
سيشور	Z	Z99
سيسيل	Z	Z1mf
سيبيريا	Z	Z2
سيبو	Z	Z99
سولاويسي	Z	Z99
سولوفان	O	O1.1
سولانا	Z	Z99
سولار	O	O1.2
سوليدير	Z	Z99
سوليفان	Z	Z1mf
ٱنسام	Z	Z99
تساوم	I	I1.3
أسام	Z	Z99
ساوم	I	I1.3
سوقر	I	I1/A15
مسوقر	I	I1/A15
ٱنسياق	S	S1.2.3
تسويقة	I	I1.3
سوك	B	B4
سواك	Z	Z99
سوكسومكيت	Z	Z99
مسوكر	I	I1/A15
سوكر	I	I1/A15
مسواك	Z	Z99
ٱستام	I	I1.3
سيامة	S	S9
سيان	Z	Z99
ساب-	M	M4
سيام	Z	Z99
سويني	Z	Z3c
سويريس	Z	Z99
سيبروفلوكساسين	Z	Z99
سيباستيان	Z	Z1m
سيبا	Z	Z99
سائب	A	A5.3
سويتش	O	O3
سوية	A	A6.1
سوناطراك	Z	Z99
سونلغاز	Z	Z99
سومو	Z	Z99
سومطرة	Z	Z2
سائمة	Z	Z99
سونيا	Z	Z1f
سوهارتو	Z	Z1m
سوا	S	S1.2.6
سوهاجي	Z	Z5
سوهاج	Z	Z99
فدر	Z	Z99
