lemma	top	first_tag
&	Z	Z5
&amp;	Z	Z5
&pound;	I	I1
'	Z	Z5
'72ish	T	T1.3
'80ish	T	T1.3
'castle	Z	Z2
'bout	Z	Z5
'cause	Z	Z5/A2.2
'cos	Z	Z5
'course	Z	Z4
'd	A	A7
'e	Z	Z8m
'em	Z	Z8
'im	Z	Z8m
'is	Z	Z8
'll	T	T1.1.3
'm	A	A3
'n'	Z	Z5
'r'	A	A3
're	A	A3
's	Z	Z5
't	Z	Z8
'til	Z	Z5
'till	Z	Z5
'un	N	N1
've	A	A9
*	Z	Z5
*%	N	N5
*'c	O	O4.6
*-a-year	N	N5
*-acre	N	N3.6
*-bed	N	N3.2/H4
*-employee	N	N3.2
*-foot	N	N3.7
*-full	N	N3.4
*-hour	T	T1.3
*-inch	N	N3.7
*-metre	N	N3.7
*-mile	N	N3.3
*-minute	T	T1.3
*-month	T	T1.3
*-odd	N	N5
*-page	Q	Q1.2
*-plus	N	N5
*-point	N	N3.1
*-something	N	N5
*-somethings	N	N5
*-storey	H	H1/N3.7
*-strong	N	N3.2
*-weekly	N	N6
*-year	T	T1.3
*-year-old	T	T3
*-year-olds	T	T3
*kbps	N	N3.8/Y2
*mb	N	N3.2/Y2
*mw	N	N3/O3
*acre	N	N3.6
*cms	N	N3.7
*ha	N	N3.6
*hectare	N	N3.6
*kph	N	N3.8
+	Z	Z5
-reuter	Z	Z3c
-based	M	M6
-listed	I	I2.1
-synth	K	K3
-type	A	A4.1
1-click	Z	Z3c
1-year	T	T1.3
1/2	N	N1
1/4	N	N1
10	N	N1
10-15%	N	N5
10-year	T	T1.3
10.00ish	T	T3
100%	N	N5.1
100-odd	N	N1
100k	I	I1
100e	Z	Z3
106	Z	Z3fn
10k	I	I1
10p	I	I1
11+	P	P1
110k	I	I1
12+	P	P1
12-dimensional	O	O4.1
12-hour	T	T1.3
12-month	T	T1.3
12-storey	H	H1/N3.7
14-year-olds	T	T3
15-second	T	T3
150-word	Q	Q1.2
150-year-old	T	T3
16-year	T	T1.3
16-year-old	T	T3
160-something	N	N1
16xxi	Z	Z3fn
17-year	T	T1.3
17-year-old	T	T3
17-year-olds	T	T3
17.5%	N	N5
18-foot	N	N3.7
18-year	T	T1.3
18-year-old	T	T3
18-year-olds	T	T3
19th	N	N4
1pm	T	T1.1.2
2-bit	N	N5
2-litre	N	N3.4
2/3	N	N1
20-25%	N	N5
20-odd	N	N1
20-something	N	N1
20-year	T	T1.3
200k	I	I1
21-year-old	T	T3
21st-century	T	T1.3
23-year-old	T	T3
24-hour	T	T1.3
25-year	T	T1.3
250k	I	I1
27.5%	N	N5
28-year-old	T	T3
28th	N	N4
2d	O	O4.4
3,000-year-old	T	T3
3-com	Z	Z3c
3-course	F	F1
3-month	T	T1.3
3-weekly	N	N6
3-year	T	T1.3
3/4	N	N1
30-odd	N	N1
30-plus	T	T3
30-seater	N	N5
30-year-old	T	T3
30k	I	I1
34-year-old	T	T3
34dd	N	N3.2
35-year-old	T	T3
360-degree	O	O4.4
360gt	Z	Z3
39c	O	O4.6
3d	O	O4.4
3g	Q	Q1.3/Y2
3hj	Z	Z5
3i	Z	Z3c
3x	N	N2
3rd	N	N4
4-year	T	T1.3
40-fold	N	N5
40-minute	T	T1.3
40-ton	N	N3.5
401(k)	I	I1
40k	I	I1
42-year-old	T	T3
44-year-old	T	T3
45-year-old	T	T3
450k	I	I1
47-store	I	I2.2/H1c
4fs	Z	ZZ2
4th	N	N4
5	N	N1
5-a-side	K	K5.1
5-day	T	T1.3
5-hour	T	T1.3
5-year	T	T1.3
5/6	N	N1
50-60%	N	N5
50/50	A	A7
50c	O	O4.6
50k	I	I1
52-week	T	T1.3
53-year-old	T	T3
58-year-old	T	T3
5c	O	O4.6
5k	I	I1
5p	I	I1
6-foot	N	N3.7
6-month	T	T1.3
600k	I	I1
620	N	N1
62ish	T	T3
650k	I	I1
69-year-old	T	T3
6th	N	N4
7-day	T	T1.3
7/8-length	N	N3.7
70-80%	N	N5
70-odd	N	N1
75/25	N	N5
757	M	M5fn
8ae	Z	Z5
9-way	M	M6
90'	T	T1.3
90-mile	N	N3.3
95ish	T	T3
96-year-old	T	T3
98-pound	N	N3.5
99.9%	N	N5
999	N	N1
=	Z	Z5
a'level	P	P1
a'levels	P	P1
a-z	Z	Z3
a-bomb	G	G3
a-level	P	P1
a-levels	P	P1
a-road	M	M3
a-thirty-five	Z	Z3
a1	Z	Z2
a10	Z	Z2
a12	Z	Z2
a123	Z	Z5
a2	Q	Q1.2/N3.2
a25	Z	Z2
a3	Z	Z2
a3-sized	N	N3.2/Q1.2
a34	Z	Z2
a35	Z	Z2
a4	N	N3.2
a40	M	M3/Z2
a5	Q	Q1.2
a69	M	M6
aa	F	F2
ab	P	P1
abc1	S	S5
abcc	Z	Z3c
abco	Z	Z3c
abh	E	E3
abm	G	G3
abs	O	O1.1
abta	Z	Z3c
abtgi	Z	Z3c
ac	Z	Z3c
ac/dc	S	S3.2/S2mf
acas	S	S5+c
acc	G	G2.1/S2mf
acca	Z	Z3c
acdc	O	O3
acg	Z	Z3c
achpr81	Z	Z3
achr69	Z	Z3
aclu	Z	Z3/G1.2
acnac	Z	Z3c
acp	Z	Z3
acpo	Z	Z3c
acsm	Z	Z3c
actt	Z	Z3c
ad	T	T1.1.1
adhd	B	B2-/X5.1
adsl	Y	Y2
adt	Z	Z3c
aeb	Z	Z3c
aee	Z	Z3c
aei	Z	Z3c
agb	Z	Z3c
agm	S	S1.1.3+c
ai	B	B3
aids	B	B2
aids-related	B	B2
aids/hiv	B	B2
aito	Z	Z3c
aj	Z	Z1mf
ak-47	G	G3
ak-47s	G	G3
ak-74	G	G3
ak47	G	G3
amm	Z	Z3c
ammb	Z	Z3c
anc	G	G1.2/S5
ansi	Z	Z3/Q1.3
ao	P	P1
aob	X	X4.1
aol	Z	Z3c/Y2
ap	Z	Z3c
apb	G	G2.1/Q1.1
apc	P	P1
apex	M	M5/Q1.2
api	Z	Z3/Q4.2
apm	I	I1/K1
apmc97	Z	Z3
apr	I	I1.2
apt	A	A11.1
aqha	Z	Z3c
ari	Z	Z3c
ars57	G	G2.1/M4/S2.2
arsp73	G	G2.1/M4/S2.2
as90	Z	Z3
asa	Y	Y1
asap	Z	Z3c
asas	Y	Y1
asb	S	S9/Q4.1
ascii	Y	Y2
asean	Z	Z3
asean-5	Z	Z3c
asli	Z	Z3c
asm	K	K4/S2mf
asolo	Z	Z3c
aspca	Z	Z3/L2
at&amp;t	Z	Z3c
atc	G	G3c
atm	I	I1/Y2
atnt	Z	Z3c
ato	P	P1c
atos	P	P1c
atp	P	P1
atract	Z	Z3
ats	Z	Z3c
atv	Z	Z3c
auteurs	Q	Q4.3/S2mf
avc	Z	Z3c
avi	Y	Y2
awol	G	G3/G2.1
awp	K	K1
awps	K	K1
azt	B	B3
aaahh	Z	Z4
aagh	Z	Z4
aahh	Z	Z4
aaron	Z	Z1m
abagaveny	Z	Z2
abbey	Z	Z3c
abbeyfield	Z	Z3c
abbot	Z	Z1
abbots	Z	Z1c
abbott	Z	Z1mf
abbotts	Z	Z3c
abdou	Z	Z1m
abdul	Z	Z1m
abdullah	Z	Z1m
abel	Z	Z1m
aberdale	Z	Z2
aberdares	Z	Z2
aberdeen	Z	Z2
aberdulais	Z	Z2
abergavenny	Z	Z2
aberystwyth	Z	Z2
abigail	Z	Z1f
abkhazians	Z	Z2/S2mf
aborigine	M	M7/S2mf
abraham	Z	Z1m
abram	Z	Z1m
abu	Z	Z1m
abyssinian	Z	Z2
academy	P	P1c
acapulco	Z	Z2
accenture	Z	Z3c
accident	Z	Z3c
accidents	Z	Z3c
accord	Z	Z3c
accra	Z	Z2
accrington	Z	Z2
acenet	Z	Z3c/Y2
aceh	Z	Z2/S2mf
achedale	Z	Z2
achilles	Z	Z1m
acholi	Z	Z2/S2mf
acidhead	Z	Z3c
ackerley	Z	Z1mf
ackford	Z	Z2
acquafoil	Z	Z3
acropolis	Z	Z2
actalaunch	Z	Z3c
activate	Z	Z3c
active	Z	Z3fn
acton	Z	Z2
acts	A	A5.4
adam	Z	Z1m
adamsdown	Z	Z2
addas	Z	Z3c
addey	Z	Z1m
addidas	Z	Z3c
addington	Z	Z2
addlestone	Z	Z2
adelaide	Z	Z2
aden	Z	Z2
adenoids	B	B1
adidas	Z	Z3c
adivasis	Z	Z2/S2mf
adler	Z	Z1mf
administrator	S	S7.1+/S2mf
admiral	G	G3/S2.2m
admiralty	Z	Z3c
ado	Z	Z1
adolf	Z	Z1m
adonis	Z	Z1
adrian	Z	Z1m
adriana	Z	Z1f
adriano	Z	Z1m
adriatic	Z	Z2
adtranz	Z	Z3c
adventism	S	S9
adventist	S	S9/S2mf
adygeis	Z	Z2/S2mf
adzhars	Z	Z2/S2mf
aegean	Z	Z2
aerial	Z	Z3
aeroball	Z	Z3c
aeroflot	Z	Z3c/M5
aerosmith	Z	Z3c
aerospace	Z	Z3c
aesop	Z	Z1
afars	Z	Z2/S2mf
affector	B	B5/Z3c
affin-oua	Z	Z3c
affin-uob	Z	Z3c
afghan	Z	Z2/S2mf
afghanistan	Z	Z2
afghans	Z	Z2/S2mf
africa	Z	Z2
african	Z	Z2
african-american	Z	Z2
african-americans	Z	Z2/S2mf
african-arabic	Z	Z2
africans	Z	Z2/S2mf
afrid	Z	Z3c
afrikaan	Z	Z2/S2mf
afrikaaner	Z	Z2/S2mf
afrikaaners	Z	Z2/S2mf
afrikaans	Z	Z2/S2mf
afrikaner	Z	Z2/S2mf
afrikaners	Z	Z2/S2mf
afro	Z	Z2
afro-american	Z	Z2/S2mf
afro-americans	Z	Z2/S2mf
afro-brazilian	Z	Z2/S2mf
afro-brazilians	Z	Z2/S2mf
afro-caribbean	Z	Z2
afro-colombian	Z	Z2
afro-colombians	Z	Z2/S2mf
afta	Z	Z3c
agassi	Z	Z1mf
agatha	Z	Z1f
agfa	Z	Z3c
aggra	Z	Z2
agila	L	L3
agincourt	Z	Z2
agnes	Z	Z1f
agora	Z	Z2
ah-ha	Z	Z4
aha	Z	Z4
ahab	Z	Z1m
ahhh	Z	Z4
ahmadiyya	S	S9/S2mf
aida	Z	Z3
aided	S	S8
aiden	Z	Z1m
aigle	Z	Z3c
aintree	Z	Z1m
airbus	M	M5
airdree	Z	Z2
airedale	Z	Z2
airfix	Z	Z3c
airtight	A	A1.7
airtour	Z	Z3c
airway	Z	Z3c
aitken	Z	Z1mf
ajax	Z	Z3c
akan	Z	Z2/S2mf
akela	K	K1/S2mf
akhbar	Z	Z1m
akinoglu	Z	Z1
akira	Z	Z1m
akomo	Z	Z2c
akon	Z	Z3
al	Z	Z1m
aladdin	Z	Z3
alam	Z	Z1m
alan	Z	Z1m
alarg	Z	Z2
alaska	Z	Z2
alastair	Z	Z1m
alban	Z	Z2
albania	Z	Z2
albanian	Z	Z2
albanians	Z	Z2/S2mf
albans	Z	Z2
albany	Z	Z1m
alberfuera	Z	Z2
albermyle	Z	Z2
albert	Z	Z1m
alberto	Z	Z1m
albion	Z	Z3c
alcatraz	Z	Z2
alcester	Z	Z2
alco	Z	Z3c
aldborough	Z	Z2
aldenbury	Z	Z2
alderbury	Z	Z2
aldershot	Z	Z2
aldgate	Z	Z2
aldridge	Z	Z2
aldrow	Z	Z2
alec	Z	Z1m
alegan	Z	Z3c
alensheare	Z	Z3c
alenthorpe	Z	Z2
alex	Z	Z1mf
alexander	Z	Z1m
alexandra	Z	Z1f
alexandria	Z	Z1f
alexandrian	Z	Z2
alexandrina	Z	Z1f
alf	Z	Z1m
alfa	Z	Z3c
alfred	Z	Z1m
algarve	Z	Z2
algebra	N	N2
algeria	Z	Z2
algerian	Z	Z2
algiers	Z	Z2
ali	Z	Z1mf
aliai	Z	Z3c
alicante	Z	Z2
alice	Z	Z1f
alison	Z	Z1f
alistair	Z	Z1m
alitalia	Z	Z3c
all-england	M	M7
all-souls	Z	Z3
allah	Z	Z1
allan	Z	Z1m
allaston	Z	Z2
alldays	Z	Z3c
allders	Z	Z3c
allen	Z	Z1mf
allerdale	Z	Z2
allerton	Z	Z1mf
alleyn	Z	Z1mf
alliance	Z	Z3c
allie	Z	Z1f
allies	S	S5
allingham	Z	Z1mf
alloa	Z	Z2
almarose	Z	Z3c
almeida	Z	Z3c
almighty	Z	Z1/S9
alnwick	Z	Z2
alouitius	Z	Z1m
alpasso	Z	Z2
alpha	W	W1
alphonsus	Z	Z1m
alpiniste	Z	Z3
alps	Z	Z2
alsace	Z	Z2
alsatian	Z	Z2/S2mf
alston	Z	Z2
alternately	A	A6.3
alton	Z	Z1mf
altrincham	Z	Z2
altringham	Z	Z2
alum	Z	Z2
alytalia	Z	Z3c
alzheimer	Z	Z1mf
amal	Z	Z3
amalfi	Z	Z2
amanah	Z	Z3c
amanda	Z	Z1f
amazon	S	S2.1f
amazon.co.uk	Z	Z3c/Y2
amazon.com	Z	Z3c/Y2
amazon.de	Z	Z3c/Y2
amazonian	Z	Z2/S2mf
ambassador	G	G1.1/S2mf
amber	Z	Z1f
amberley	Z	Z2
ambler	Z	Z1
ambleside	Z	Z2
amboseli	Z	Z2
ambrose	Z	Z1m
ambulatory	M	M1
amcom	Z	Z3c
ameco	Z	Z3c
amelia	Z	Z1f
america	Z	Z2
american	Z	Z2/S2mf
american-style	Z	Z2/A4.1
americanism	Z	Z2
americanisms	Z	Z2
americanization	Z	Z2/A6.1
americanize	Z	Z2/A6.1
americano	F	F2
americanos	F	F2
americans	Z	Z2/S2mf
americas	Z	Z2
amerindian	Z	Z2/S2mf
amerindians	Z	Z2/S2mf
amersham	Z	Z2
amey	Z	Z3
amhara	Z	Z2/S2mf
amicable	Z	Z3c
amicables	Z	Z3c
amiga	Z	Z3c
amin	Z	Z1m
amlarose	Z	Z3
ammal	Z	Z3
ammonite	T	T1.1.1/S5
amnesty	Z	Z3c
amos	Z	Z1m
ampang	Z	Z2
ampstead	Z	Z2
amstead	Z	Z2
amsteel	Z	Z3c
amsteel-owner	Z	Z3c/A9
amsterdam	Z	Z2
amstrad	Z	Z3c
amundsen	Z	Z1
amway	Z	Z3c
amy	Z	Z1f
anadin	Z	Z3
anaesthese	Z	Z2
anaesthetists	B	B3/S2mf
ananda	Z	Z1m
anasey	Z	Z2
anatolian	Z	Z2
anatomical	B	B1
andalusia	Z	Z2
andersen	Z	Z1
anderson	Z	Z1mf
andes	Z	Z2
anding	Z	Z2
andorra	Z	Z2
andorran	Z	Z2/S2mf
andorrans	Z	Z2/S2mf
andover	Z	Z2
andre	Z	Z1m
andrea	Z	Z1f
andreotti	Z	Z1mf
andrew	Z	Z1m
anette	Z	Z1f
anfield	Z	Z2
angel	Z	Z2
angelnet	Z	Z3c/Y2
angela	Z	Z1f
angeles	Z	Z2
angelica	Z	Z1f
angelo	Z	Z1m
angie	Z	Z1f
angiers	Z	Z2
angio	Z	Z1m
anglesey	Z	Z2
anglican	S	S9
anglicanism	S	S9
anglicism	Q	Q3
anglo	Z	Z2
anglo-afro-caribbean	Z	Z2
anglo-catholic	S	S9
anglo-dutch	Z	Z2
anglo-french	Z	Z2
anglo-indian	Z	Z2
anglo-saxon	Q	Q3
anglophone	Q	Q3/Z2/S3mf
angola	Z	Z2
angolan	Z	Z2
angolans	Z	Z2/S2mf
anguilla	Z	Z2
angulin	Z	Z2
angus	Z	Z1m
anhwei	Z	Z2
ania	Z	Z1f
animism	S	S9
anis	Z	Z1m
anita	Z	Z1f
ankara	Z	Z2
anna	Z	Z1f
annabel	Z	Z1f
annapurna	Z	Z2
anne	Z	Z1f
annerdimes	Z	Z3c
annette	Z	Z1f
annie	Z	Z1f
annunciation	S	S9
ansai	Z	Z1
anseal	Z	Z3
ansell	Z	Z1mf
anston	Z	Z2
answorth	Z	Z2
antal	Z	Z3c
antara	Z	Z3c
antarctic	M	M7
antarctica	Z	Z2
ante	Z	Z5
anteater	L	L2
anthony	Z	Z1m
anthropology	S	S1.1.1
anti-war	G	G3/E2
antichrist	S	S9
antichrists	Z	Z1m/E2
antigua	Z	Z2
antiguans	Z	Z2/S2mf
antiharlesan	Y	Y2/O4.3
antilles	Z	Z2
antioch	Z	Z2
antipodes	Z	Z2
anton	Z	Z1m
antonella	Z	Z1f
antonia	Z	Z1f
antonio	Z	Z1m
antony	Z	Z1m
antram	Z	Z2
antrim	Z	Z2
antwerp	Z	Z2
antwerpen	Z	Z2
anyaoku	Z	Z1mf
anzac	G	G3
aokam	Z	Z3c
aorta	B	B1
aoun	Z	Z1mf
apache	Z	Z2/S2mf
aparoma	B	B2
aparscorosis	B	B2
apax	Z	Z3c
apennines	Z	Z2
aphrodite	S	S9/Z1f
apiit	Z	Z3c/P1
apocalypse	S	S9/Q4.1
apollo	Z	Z3m
appenzell	Z	Z3/F1
apple	Z	Z3c
apple1	Z	Z3/Y2
apple2	Z	Z3/Y2
appleby	Z	Z2
apr.	T	T1.3
april	T	T1.3
apsley	Z	Z3c
aqua	Z	Z3c
aquadry	B	B5/Z3c
aquarian	S	S9
aquarians	S	S9/S2mf
aquarius	S	S9
aquascutum	Z	Z3c
aquinas	Z	Z1
aquitaine	Z	Z2
arab	Z	Z2
arab-malaysia	Z	Z2
arab-malaysian	Z	Z2
arabia	Z	Z2
arabian	Z	Z2/S2mf
arabic	Z	Z2/Q3
arabica	F	F2/L2
arabs	Z	Z2/S2mf
aragon	Z	Z1m
arakanese	Z	Z2/S2mf
aran	Z	Z2
arancha	Z	Z1f
arbo	Z	Z3c
arboo	Z	Z3c
arborio	F	F1
arbos	Z	Z3c
arbroath	Z	Z2
arcadia	Z	Z3c
arcadian	Z	Z3c
archbishop	S	S9/S2mf
archbishopric	S	S9
archbishops	S	S9/S2mf
archeli	Z	Z3c
archer	K	K5.1/S2mf
archers	Z	Z3c
archery	Z	Z3
archetype	A	A4.1
archibald	Z	Z1m
archie	Z	Z1m
archimandrite	S	S9/S2m
arctic	Z	Z2
arctrex	Z	Z3c
arden	Z	Z2
ardennes	Z	Z2
ardmell	Z	Z3c
ardrishaig	Z	Z2
ardwick	Z	Z2
argan	Z	Z3
argentina	Z	Z2
argentine	Z	Z2/S2mf
argentinean	Z	Z2/S2mf
argentineans	Z	Z2/S2mf
argentines	Z	Z2/S2mf
argentinian	Z	Z2/S2mf
argentinians	Z	Z2/S2mf
argh	Z	Z4
argo	Z	Z3c
argos	Z	Z3c
argyle	Z	Z2
argyll	Z	Z2
arian	S	S5
ariel	Z	Z1mf
aries	S	S9
aristotle	Z	Z1m
arizona	Z	Z2
ark	Z	Z3c
arlacino	Z	Z1m/K4
arlecchino	Z	Z1m/K4
arles	F	F1
arlington	Z	Z2
armada	G	G3/M4
armageddon	A	A1.1.2
armagnac	F	F2
armani	Z	Z1m
armenia	Z	Z2
armenian	Z	Z2/S2mf
armenians	Z	Z2/S2mf
armitage	Z	Z1mf
armstrong	Z	Z1mf
arndale	Z	Z2
arndales	Z	Z3c
arnley	Z	Z2
arnold	Z	Z1mf
aroma	X	X3.1
aromatherapy	B	B3
arr	Z	Z2
arrad	Z	Z3
arran	Z	Z2
arremanche	Z	Z2
arrundel	Z	Z2
arrundell	Z	Z2
arrup	Z	Z3c
arrups	Z	Z3c
arry	Z	Z1m
arsonium	O	O1.1
artemide	Z	Z1m
arthur	Z	Z1m
artillery	Z	Z2
artois	Z	Z1mf
arundel	Z	Z2
arvon	Z	Z2
asante	Z	Z2/S2mf
ascots	Z	Z3c
asda	Z	Z3c
ashby-de-la-zouche	Z	Z2
ashdon	Z	Z2
ashdown	Z	Z1mf
ashfeld	Z	Z2
ashfield	Z	Z2
ashford	Z	Z2
ashgate	Z	Z2
ashington	Z	Z2
ashley	Z	Z1mf
ashlington	Z	Z2
ashridge	Z	Z2
ashtod	Z	Z2
ashton	Z	Z2
ashwood	Z	Z2
asia	Z	Z2
asia-pacific	Z	Z2
asiamoney	Z	Z3c
asian	Z	Z2/S2mf
asian-fusion	Z	Z2/A1.8
asians	Z	Z2/S2mf
asiatic	Z	Z2
aspasia	Z	Z1f
aspatria	Z	Z2
aspel	Z	Z1mf
assam	Z	Z3/F2
assisi	Z	Z2
assizes	G	G2.1
assn	S	S5+c
assn.	S	S5+c
assoc.	S	S5+c
assumptionist	S	S9/S2mf
assyrian	Z	Z2/S2mf
assyrians	Z	Z2/S2mf
astaire	Z	Z1mf
astati	Z	Z2
asterdome	Z	Z3
asteria	Z	Z3c
asti	Z	Z2
aston	Z	Z2
astra	Z	Z3
astrazeneca	Z	Z3c
astrakhan	B	B5
astrid	Z	Z1f
astrio	Z	Z3c
astro	Z	Z3
astrology	S	S9
aswan	Z	Z2
atanas	Z	Z1m
athenian	Z	Z2
athens	Z	Z2
atkins	Z	Z1mf
atkinson	Z	Z1mf
atlanta	Z	Z2
atlantic	Z	Z2
attacliffe	Z	Z2
attenborough	Z	Z1mf
attila	Z	Z1
attlee	Z	Z1
aubyn	Z	Z2
auchtermuchty	Z	Z2
auckland	Z	Z2
audi	Z	Z3c
audrey	Z	Z1f
aug	T	T1.3
aug.	T	T1.3
augsburg	Z	Z2
august	T	T1.3
august/september/october	T	T1.3
augustine	Z	Z1m
augustines	Z	Z1m
augustinian	S	S9
augusto	Z	Z1m
augustus	Z	Z1m
auriol	Z	Z1mf
aus	Z	Z2
auschwitz	Z	Z2
aussie	Z	Z2/S2mf
aussies	Z	Z2/S2mf
austell	Z	Z2
austen	Z	Z1mf
austin	Z	Z1mf
australasia	Z	Z2
australasian	Z	Z2
australia	Z	Z2
australian	Z	Z2/S2mf
australian-educated	P	P1/Z2
australianism	Z	Z2
australians	Z	Z2/S2mf
austria	Z	Z2
austria-hungarian	Z	Z2
austria-hungary	Z	Z2
austrian	Z	Z2
austrians	Z	Z2/S2mf
austro-hungarian	Z	Z2
auto-by-tel	Z	Z3c/Y2
autobahn	M	M3
autoform	Z	Z3c
autrey	Z	Z1mf
auvergne	Z	Z2
auxiliaries	B	B3/S2mf
auxiliary	S	S7.1
avans	P	P1/S2mf
avars	Z	Z2/S2mf
aviemore	Z	Z2
avimore	Z	Z2
avory	Z	Z3
avril	Z	Z1f
axel	Z	Z3c
axioms	X	X4.1
axminster	Z	Z2
aya	Z	Z2
ayac	Z	Z2
ayatollah	S	S9/S2.2m
ayckbourne	Z	Z1mf
aylesbury	Z	Z2
ayling	Z	Z1m
ayr	Z	Z2
ayre	Z	Z2
ayretree	Z	Z2
ayrshire	Z	Z2
ayrton	Z	Z1m
ayrtree	Z	Z2
azande	Z	Z2/S2mf
azerbaijan	Z	Z2
azerbaijani	Z	Z2/S2mf
azerbaijanis	Z	Z2/S2mf
azman	Z	Z1m
azmi	Z	Z1m
azoreans	Z	Z2/S2mf
azores	Z	Z2
aztec	T	T1.1.1/S2mf
aztecs	T	T1.1.1/S2mf
b	Z	Z5
b&q	Z	Z3c
b&amp;q	Z	Z3
b-tec	P	P1
b-tech	P	P1
b-toto	Z	Z3c
b-film	Q	Q4.3
b-movie	Q	Q4.3
b-road	M	M3
b-side	K	K3
b.a.	P	P1
b.c.	T	T1.1.1
b.ed	P	P1
b.tech	P	P1
b.tech.	P	P1
b17	Z	Z3
b2b	I	I2.1
b2c	Z	Z3c
b6	Z	Z2
ba	P	P1
bac	I	I1
bacc	Z	Z3c
bacs	I	I1
bae	Z	Z3c
basf-petronas	Z	Z3c
basic	Y	Y2
bb	Z	Z3c
bba	P	P1/I2.1
bbc	Z	Z3c
bbc1	Z	Z3c
bbc2	Z	Z3c
bbh	Z	Z3
bbn	Z	Z3c
bbq	F	F1
bbsrc	Z	Z3/G1.1c/Y1/B1
bc	T	T1.1.1
bcg	B	B3
bcp	S	S9/Q4.1
bcu	Q	Q4.3
bd	Z	Z3
bde	Z	Z5
bea	Z	Z3c
bec	Z	Z3c
bgce	P	P1
bgces	P	P1
bgt	Z	Z3
bgt3	Z	Z3
bhs	Z	Z3c
bhta	Z	Z3c
bi	Z	Z3c
bicc	Z	Z3c
bids	Z	Z3c
biol	P	P1
bl	S	S9
bla	Z	Z3c
bmc	Z	Z3
bme	Z	Z3c
bmrb	Z	Z3c
bmw	Z	Z3/M3
bmw-rover	Z	Z3c/M3
bmws	Z	Z3/M3
bmx	M	M3
bnfl	Z	Z3c
bnm	Z	Z3c
bnp	Z	Z3c
boac	Z	Z3c/M5
boas	Z	Z3c
bol.com	Z	Z3c/Y2
bp	Z	Z3c
bp/shell	Z	Z3c
bps	B	B1
br	Z	Z3
br&amp;b	Z	Z3c
brave	Z	Z3c
bs	Z	Z3
bs5750	Z	Z3
bs750	Z	Z3
bsa	Z	Z3
bse	B	B2
bsi	Z	Z3c
bsm	Z	Z3c
bsn	Z	Z3c
bsr	Z	Z3c
bst	B	B1
bsc	P	P1
bskyb	Z	Z3c
bt	Z	Z3c
btec	P	P1
btis	Z	Z3c
btr	Z	Z3c
btw	Z	Z4
btwc72	Z	Z3
btoto	Z	Z3c
buckta	Z	Z3c
bupa	Z	Z3c
bx60040	Z	Z3
bzw	Z	Z3
babangida	Z	Z1
babba	F	F1
babcock	Z	Z1
babe	Z	Z1mf
babel	Z	Z1m
babson	Z	Z3
babylon	Z	Z2
babylonian	Z	Z2
bacardi	Z	Z3
bach	Z	Z1mf
bacon	Z	Z1
badong	Z	Z3c
baganda	Z	Z2/S2mf
baghdad	Z	Z2
bagley	Z	Z2
baha'i	Z	Z2
bahais	S	S9/S2mf
bahamas	Z	Z2
bahamian	Z	Z2/S2mf
bahamians	Z	Z2/S2mf
bahrain	Z	Z2
bahrainis	Z	Z2/S2mf
bailey	Z	Z2
bainbridge	Z	Z2
baird	Z	Z1mf
bairstow	Z	Z1mf
bairstows	Z	Z3c
bak	Z	Z1m
bakelite	Z	Z3
baker	Z	Z1mf
bakersfield	Z	Z2
bakewell	Z	Z2
bakhtiaris	Z	Z2/S2mf
balachnaba	Z	Z2
balcombe	Z	Z2
balford	Z	Z2
balfour	Z	Z1mf
bali	Z	Z1
balkan	Z	Z2
balkans	Z	Z2
balkars	Z	Z2/S2mf
balle	Z	Z2
balleck	Z	Z1
ballham	Z	Z2
balloch	Z	Z2
balls	Z	Z4
ballycastle	Z	Z2
ballymena	Z	Z2
balmoral	Z	Z2
baltic	Z	Z2
baltimore	Z	Z2
baluchis	Z	Z2/S2mf
baluchistan	Z	Z2
bambi	Z	Z3
bambridge	Z	Z2
bamingo	Z	Z1mf
bananas	Z	Z3c
banbury	Z	Z2
bangkok	Z	Z2
bangladesh	Z	Z2
bangladeshi	Z	Z2
bangladeshis	Z	Z2/S2mf
bangledeshi	Z	Z2
bangor	Z	Z2
bangsar	Z	Z2
banham	Z	Z2
bank	Z	Z2
bankside	Z	Z2
bannister	Z	Z1mf
banqueting	F	F1
banqueting-house	H	H1/F1
banstead	Z	Z1
banting	Z	Z2
bantu	Z	Z2/S2mf
banyarwanda	Z	Z2/S2mf
baptist	S	S9/S2mf
baptists	S	S9/S2mf
bar-b-q	F	F1
barbadian	Z	Z2
barbadians	Z	Z2/S2mf
barbados	Z	Z2
barbara	Z	Z1f
barber	Z	Z1mf
barbican	Z	Z2
barbie	Z	Z3f
barbies	Z	Z3f
barbour	B	B5/Z3c
barbuda	Z	Z2
barbudans	Z	Z2/S2mf
barcelona	Z	Z2
barclay	Z	Z3c
barclaycard	I	I1.1/O2/Q1.1
barclays	Z	Z3c
barco	Z	Z1mf
bardot	Z	Z1mf
barents	Z	Z2
bari	Z	Z2
barker	Z	Z1mf
barlow	Z	Z1mf
barnabus	Z	Z1m
barnados	Z	Z3c
barnard	Z	Z1mf
barnardo	Z	Z1mf
barnardos	Z	Z3c
barnes	Z	Z2
barnesandnoble.com	Z	Z3c/Y2
barnet	Z	Z2
barnett	Z	Z1mf
barney	Z	Z1mf
barnforth	Z	Z1mf
barnham	Z	Z1mf
barnic	Z	Z1mf
barnmouth	Z	Z2
barnsley	Z	Z2
barnstaple	Z	Z2
barnum	Z	Z1m
baron	S	S7.1+/S2.2m
baroness	S	S7.1+/S2.1f
baronet	S	S7.1+/S2.2m
baroque	T	T1.1.1
barr	Z	Z1mf
barratt	Z	Z1mfc
barratts	Z	Z3c
barrie	Z	Z1mf
barristers	G	G2.1/S2mf
barrow	Z	Z2
barry	Z	Z1mf
barrymore	Z	Z1mf
barrytown	Z	Z2
bart	Z	Z1m
bartholomew	Z	Z1m
bartok	Z	Z1mf
barton	Z	Z1mf
barts	Z	Z3c
basarwa	Z	Z2/S2mf
basel	Z	Z2
basham	Z	Z1m
bashkirs	Z	Z2/S2mf
basics	Z	Z3
basil	Z	Z1m
basildon	Z	Z2
basingbourne	Z	Z2
basingstoke	Z	Z2
baskerville	Z	Z1mf
basmati	F	F1
basotho	Z	Z2/S2mf
basque	Z	Z2/S2mf
bassow	Z	Z2
bastille	Z	Z2
bastow	Z	Z2
basu	Z	Z1mf
bateman	Z	Z1
bates	Z	Z1mf
bath	Z	Z2
bathgate	Z	Z2
batik	C	C1
batman	Z	Z3m
batswana	Z	Z2
battersea	Z	Z2
battini	Z	Z3c
battleford	Z	Z2
baume	Z	Z1m
bavaria	Z	Z2
bavarian	Z	Z2
bawdsley	Z	Z2
baydon	Z	Z1mf
bayeaux	Z	Z2
bayonne	F	F1
bayswater	Z	Z2
baywatch	Z	Z3c
baz	Z	Z1mf
bazaar	Z	Z3c
bcal	Z	Z3c
beachers	Z	Z3c
beacon	Z	Z3c
beacons	Z	Z2
beaconsfield	Z	Z2
beade	Z	Z1mf
beales	Z	Z3c
beaman	Z	Z1mf
beardon	Z	Z1mf
bearsden	Z	Z2
beatles	Z	Z3c/K2
beatrice	Z	Z1f
beattie	Z	Z1mf
beatty	Z	Z1mf
beau	Z	Z1m
beaulieu	Z	Z2
beaumont	Z	Z1mf
beaupre	Z	Z2
beauty	Z	Z3mfn
beaver	L	L2mfn
beavers	Z	Z3c
beawar	Z	Z2
beazer	Z	Z3c
becca	Z	Z1f
bechtel	Z	Z3c
beckenham	Z	Z2
becker	Z	Z1mf
beckhalls	Z	Z2
beckton	Z	Z1mf
becky	Z	Z1f
beconsfield	Z	Z2
bedales	Z	Z3
beddgelert	Z	Z2
beddows	Z	Z3c
bedford	Z	Z1mf
bedfords	Z	Z3c
bedfordshire	Z	Z2
bedlingdons	L	L2mfn
bedlington	Z	Z2
bedlow	Z	Z2
bedouin	Z	Z2/S2mf
beeb	Z	Z3
beecham	Z	Z1mf
beefeater	Z	Z3c
beeko	Z	Z1m
beesands	Z	Z2
beeston	Z	Z2
beethoven	Z	Z1mf
beetle	Z	Z3
beets	Z	Z1m
bef	Z	Z1f
behaviours	S	S1.1.1
beijing	Z	Z2
beirut	Z	Z2
bekalan	Z	Z3c
belarus	Z	Z1
belarusian	Z	Z2/S2mf
belarusians	Z	Z2/S2mf
belarussian	Z	Z2
belchum	Z	Z1
belfast	Z	Z2
belfield	Z	Z2
belfields	Z	Z2
belgariad	Z	Z3
belgian	Z	Z2/S2mf
belgians	Z	Z2/S2mf
belgium	Z	Z2
belgrade	Z	Z2
belgrano	Z	Z3fn
belgrave	Z	Z2
belgravia	Z	Z2
belinda	Z	Z1f
belize	Z	Z2
belizean	Z	Z2/S2mf
belizeans	Z	Z2/S2mf
bell	Z	Z3c
bella	Z	Z3
bellbins	Z	Z1m
belldon	Z	Z2
belle	Z	Z1f
bellevue	Z	Z2
bellfields	Z	Z2
bellham	Z	Z2
belling	Z	Z1mf
bellmarsh	Z	Z2
bellstaffe	Z	Z3/B5
belorussia	Z	Z2
belorussian	Z	Z2/S2.2mf
belsay	Z	Z2
belsen	Z	Z2
belstone	F	F1
ben	Z	Z1m
benchers	Z	Z3c
bendel	Z	Z2
benderloch	Z	Z2
benedictine	S	S9/S2mf
benedictus	S	S9/K2
benelmadena	Z	Z2
benelux	M	M7
benetton	Z	Z3
benety	Z	Z3c
bengal	Z	Z2
bengali	Z	Z2/S2mf
benidorm	Z	Z2
benin	Z	Z2
beninese	Z	Z2/S2mf
benitses	Z	Z2
benjamin	Z	Z1mf
benji	Z	Z3mn
benn	Z	Z1mf
benneton	Z	Z3c
bennett	Z	Z1mf
benomie	Z	Z1
benshore	Z	Z2
benson	Z	Z1mf
bensons	Z	Z3c
bentalls	Z	Z3c
bentile	Z	Z3
bentley	Z	Z1
benton	Z	Z2
benue	Z	Z2
benylin	Z	Z3
benz	Z	Z3c
benzes	Z	Z3c
beppers	Z	Z3c
berber	Z	Z2
berbers	Z	Z2/S2mf
berg	Z	Z3
berger	Z	Z3
bergermans	Z	Z3c
berghan	Z	Z3
berghaus	Z	Z3c
berjaya	Z	Z3c
berk	Z	Z1mf
berkeley	Z	Z1mf
berkenheau	Z	Z2
berkensy	Z	Z2
berkhampstead	Z	Z2
berkley	Z	Z2
berkov	Z	Z1mf
berkshire	Z	Z2
berlei	Z	Z3c
berlin	Z	Z2
bermondsey	Z	Z2
bermuda	Z	Z2
bern	Z	Z2
bernadette	Z	Z1f
bernard	Z	Z1mf
bernardo	Z	Z1m
berni	Z	Z3
bernstein	Z	Z1
berry	Z	Z1mf
bert	Z	Z1
bertham	Z	Z2
berthold	Z	Z1m
bertie	Z	Z1m
bertram	Z	Z1m
berwick	Z	Z2
berwyns	Z	Z2
beryl	O	O1.1
besar	Z	Z3c
besford	Z	Z2
bessie	Z	Z1f
betamax	Z	Z3
beteeri	Z	Z2
beth	Z	Z1f
bethlehem	Z	Z2
bethnal	Z	Z2
bethnell	Z	Z2
bett	Z	Z1mf
betty	Z	Z1f
bev	Z	Z1f
bevan	Z	Z3
beverage	Z	Z1mf
beverley	Z	Z2
beverly	Z	Z1f
bevis	Z	Z1mf
bexhill	Z	Z2
bexley	Z	Z2
bezos	Z	Z1
bhagdad	Z	Z2
bhali	Z	Z2
bhd	Z	Z3c
bhikhu	Z	Z1m
bhutan	Z	Z2
bhutanese	Z	Z2/S2mf
biactol	Z	Z3
biafrans	Z	Z2/S2mf
bianca	Z	Z1f
biarritz	Z	Z2
biasion	Z	Z1mf
bibendum	Z	Z1
biblical	S	S9/Q4.1
bicester	Z	Z2
biddington	Z	Z2
bidet	Z	Z1mf
bidford	Z	Z2
bidoun	Z	Z2/S2mf
bierschinkenwurst	F	F1
bierwurst	F	F1
bieulieu	Z	Z2
bigg	Z	Z2
biharis	Z	Z2/S2mf
bikkie	Z	Z3
bilbao	Z	Z2
bilbridge	Z	Z2
billericay	Z	Z2
billy	Z	Z1m
bilthwells	Z	Z2
binariang	Z	Z3c
binchy	Z	Z1mf
bing	Z	Z1m
bingley	Z	Z2
binns	Z	Z3c
bio	Z	Z3
bio-tex	Z	Z3
bioindustry	I	I4/Y1/L1
biomed	Z	Z3/Q4.2/B3
bioplus	Z	Z3
biochemist	Y	Y1/S2mf
biotechnology	Y	Y1
birds	Z	Z3c
birkatex	Z	Z3c
birkenhead	Z	Z2
birley	Z	Z1
birmingham	Z	Z2
birtex	Z	Z3c
birthwells	Z	Z2
biscay	Z	Z2
bishko	Z	Z1m
bishop	S	S9/S2m
bishopbriggs	Z	Z2
bishopston	Z	Z2
bisley	Z	Z2
bisto	Z	Z3
bitscavious	L	L2mfn
bitton	Z	Z3c
blackburn	Z	Z2
blackfriars	Z	Z3c
blackhall	Z	Z2
blackheath	Z	Z2
blackpool	Z	Z2
blackwell	Z	Z1mf
blackwood	Z	Z2
blaenavon	Z	Z2
blair	Z	Z1
blairgowrie	Z	Z2
blake	Z	Z1mf
blakely	Z	Z2
blakes	Z	Z3c
blanc	Z	Z1mf
blanche	Z	Z1mf
blandish	Z	Z1mf
blankenburg	Z	Z2
blarney	Z	Z2
bleadale	Z	Z2
blears	Z	Z1mf
bleath	Z	Z2
blenkensop	Z	Z1mf
blickley	Z	Z2
blighty	Z	Z2
blimhill	Z	Z2
blimp	Z	Z1m
blitz	G	G3
bloc	S	S5+c
blockey	Z	Z1mf
blockheads	Z	Z3
bloggs	Z	Z1mf
blogs	Z	Z1mf
bloom	Z	Z1mf
bloomberg	Z	Z3c
bloomingdales	Z	Z3c
bloomsbury	Z	Z2
blossom	Z	Z1f
blu-tac	O	O1.1
bluecoat	K	K1/S2mf
blurr	Z	Z3c
blyne	Z	Z2
blyton	Z	Z1mf
boar	Z	Z3c
boardmans	Z	Z3c
bob	Z	Z1
bobble	Z	Z3
bobby	Z	Z1m
bobworth	Z	Z2
boca	Z	Z2
bockwurst	F	F1
boddingtons	Z	Z3c
bodem	Z	Z1mf
boden	Z	Z1
boden-doyle	Z	Z1mf
bodmin	Z	Z2
bodram	Z	Z2
bodran	Z	Z2
bodrum	Z	Z2
bodwell	Z	Z2
bodylight	Z	Z3
bodylights	Z	Z3
boeing	Z	Z3c/M5
boeings	M	M5fn
boer	Z	Z2/S2mf
bogart	Z	Z1mf
bogarts	Z	Z3c
bognor	Z	Z2
bogota	Z	Z2
boheme	Z	Z3
bohemia	Z	Z2
bohemian	C	C1/S2mf
bold	Z	Z3
bolero	K	K1
bolger	Z	Z1mf
bolingbroke	Z	Z1mf
bolinger	Z	Z3c
bolivia	Z	Z2
bolivian	Z	Z2/S2mf
bolivians	Z	Z2/S2mf
bollsover	Z	Z2
bologna	Z	Z2
bolognaise	F	F1
bolshevik	G	G1.2/S2mf
bolshevism	G	G1.2/X2.1
bolshie	G	G1.2
bolton	Z	Z2
bombay	Z	Z2
bomburst	Z	Z3c
bon	Z	Z1mf
bona	Z	Z3
bond	Z	Z1mf
bonds	Z	Z3c
bonesgate	Z	Z2
bongo	Z	Z3c
bonham	Z	Z1mf
bonifacia	Z	Z1f
bonington	Z	Z1
bonner	Z	Z1mf
bonnie	Z	Z1f
bonny	Z	Z1mf
bonwick	Z	Z3c
bony	B	B1
bookbinding	Q	Q4.1
booker	Z	Z1mf
bookhouse	Z	Z3
bookpages	Z	Z3c/Y2
bookwood	Z	Z2
boolean	Y	Y2
boon	Z	Z3c
bootle	Z	Z2
boots	Z	Z3c
bordeaux	Z	Z2
border	Z	Z3c
bordino	Z	Z1
boreham	Z	Z1mf
borge	Z	Z1mf
borlays	Z	Z3c
borneo	Z	Z2
boroughs	Z	Z3c
borrowdale	Z	Z2
borsch	Z	Z3c
borstal	G	G2.1/H1c
bosch	Z	Z3c
bosnia	Z	Z2
bosnia-herzegovina	Z	Z2
bosnian	Z	Z2/S2mf
bosnian-muslim	Z	Z2
bosnians	Z	Z2/S2mf
bosphorous	Z	Z2
bosphorus	Z	Z2
bostick	Z	Z3
boston	Z	Z2
boswell	Z	Z3
botswana	Z	Z2
bottomley	Z	Z1mf
boud	Z	Z1
bougue	Z	Z2
boulangerie	F	F1/H1
bourbon	Z	Z1mf
bourne	Z	Z1mf
bournehill	Z	Z2
bournemouth	Z	Z2
bournmouth	Z	Z2
bournville	Z	Z3c
bovis	Z	Z3c
bovril	Z	Z3
bow	Z	Z2
bowater	Z	Z3c
bowden	Z	Z2
bowen	Z	Z1mf
bowerings	Z	Z3c
bowey	Z	Z1mf
bowie	Z	Z1mf
bowland	Z	Z2
bowles	Z	Z1mf
bowmaker	Z	Z3c
bowood	Z	Z2
bowsers	Z	Z3c
boyston	Z	Z3c
bozan	Z	Z3c
brabanti	Z	Z3c
brack	Z	Z2
brackett	Z	Z1mf
bracknel	Z	Z2
bracknell	Z	Z2
brad	Z	Z1m
bradenham	Z	Z3
bradey	Z	Z1mf
bradford	Z	Z2
bradman	Z	Z1mf
bradshaw	Z	Z1mf
brahman	S	S5
brahms	Z	Z1mf
brain	Z	Z1mf
brampton	Z	Z2
bramshot	Z	Z2
branchov	Z	Z2
brandon	Z	Z1mf
branhope	Z	Z2
brannagh	Z	Z1mf
branson	Z	Z1mf
branston	Z	Z3c
brasilia	Z	Z2
brasso	Z	Z3c/B4
bratislava	Z	Z2
braun	Z	Z1mf
braveheart	Z	Z1
brawn	F	F1
brayshaw	Z	Z1
brazil	Z	Z2
brazilian	Z	Z2/S2mf
brazilians	Z	Z2/S2mf
breacon	Z	Z2
break-up	A	A1.1.2
brean	Z	Z2
brecht	Z	Z1mf
brecklin	Z	Z2
brecon	Z	Z2
breconshire	Z	Z2
bremner	Z	Z1
brenda	Z	Z1f
brennen's	Z	Z3c
brent	Z	Z2
brentford	Z	Z2
brentfords	Z	Z3c
bresaola	F	F1
bresch	Z	Z1mf
brescia	Z	Z2
breton	Z	Z2/S2mf
brett	Z	Z1mf
brewer	Z	Z1mf
brewerton	Z	Z1
brian	Z	Z1m
brickbond	Z	Z3
brideshead	Z	Z2
bridgehouse	Z	Z2
bridgend	Z	Z2
bridget	Z	Z1f
bridgetown	Z	Z2
bridgett	Z	Z1f
bridgette	Z	Z1f
bridgewater	Z	Z2
bridport	Z	Z2
bridsal	Z	Z2
brie	F	F1
bries	F	F1
brigadier	G	G3/S7.1+/S2mf
brigg	Z	Z1mf
briggs	Z	Z1mf
brigham	Z	Z1
brighams	Z	Z1
brighton	Z	Z2
brill	Z	Z1mf
brimingham	Z	Z2
brindley	Z	Z2
brink	Z	Z1mf
brio	Z	Z3c
brisbane	Z	Z2
bristol	Z	Z2
brit	Z	Z2/S2mf
britain	Z	Z2
britannia	Z	Z3
britannica	Z	Z3
british-made	A	A1.1.1/Z2
britisher	Z	Z2/S2mf
briton	Z	Z2/S2mf
britons	Z	Z2/S2mf
brits	Z	Z2/S2mf
brittany	Z	Z2
brittas	Z	Z1mf
britten	Z	Z1mf
brixham	Z	Z2
brixton	Z	Z2
broadbent	Z	Z3c
broadgate	Z	Z3c
broadley	Z	Z2
broadmoor	Z	Z2
broadstairs	Z	Z2
broadston	Z	Z2
broadwalk	Z	Z2
broadwater	Z	Z2
broadway	Z	Z2
broccoli	Z	Z1mf
brockenhurst	Z	Z2
brockham	Z	Z2
brom	Z	Z2
bromfield	Z	Z2
bromley	Z	Z2
bromsgrove	Z	Z2
bromwich	Z	Z2
brondefield	Z	Z1mf
bronx	Z	Z2
brook	Z	Z1mf
brooke	Z	Z1mf
brookes	Z	Z3c
brookfield	Z	Z1
brooklands	Z	Z3c
brooklyns	Z	Z2
brookside	Z	Z3c
broomhill	Z	Z2
broughton	Z	Z2
brown	Z	Z1mf
browne	Z	Z1
brownhills	Z	Z3c
brownies	Z	Z3c
bruce	Z	Z1mf
bruford	Z	Z1mf
bruges	Z	Z2
brugge	Z	Z2
brum	Z	Z2
brummie	Z	Z2/S2mf
brummiedom	Z	Z2
brummies	Z	Z2/S2
brummy	Z	Z2/S2
brundle	Z	Z2
brunei	Z	Z2
bruneian	Z	Z2/S2mf
bruneians	Z	Z2/S2mf
brunel	Z	Z1mf
brunell	Z	Z1mf
brunhope	Z	Z2
brunnel	Z	Z1mf
bruno	Z	Z1mf
brunswick	Z	Z1
bruntingthorpe	Z	Z2
brussel	Z	Z2
brussels	Z	Z2
bruxelles	Z	Z2
bryn	Z	Z3fn
bubis	Z	Z2/S2mf
buchanan	Z	Z1mf
bucharest	Z	Z2
bucketeer	Z	Z3c
buckfast	Z	Z3/F2
buckhurst	Z	Z2
buckingham	Z	Z2
buckinghamshire	Z	Z2
bucks	Z	Z2
budapest	Z	Z2
buddha	Z	Z1m
buddhism	S	S9
buddhist	S	S9
buddhist-influenced	Z	Z2
buddhists	S	S9/S2mf
buddy	Z	Z1m
bude	Z	Z2
budeaux	Z	Z2
budgen	Z	Z3c
budvar	Z	Z2
budweiser	Z	Z3c
buffalo	Z	Z2
buffeted	A	A12
bufori	Z	Z3c
bugbury	Z	Z2
bugsy	Z	Z1m
bulgaria	Z	Z2
bulgarian	Z	Z2/S2mf
bulgarians	Z	Z2/S2mf
bulger	Z	Z1mf
bull	Z	Z1
bulldozers	M	M3/A1.1.2
bullens	Z	Z3c
bullied	E	E3
bullmore	Z	Z1
bullock	Z	Z1mf
bullseye	Z	Z3c
bumble	Z	Z3
bumiputera	Z	Z2/S2mf
bumiputeras	Z	Z2/S2mf
bumiputra	Z	Z2/S2mf
bums	Z	Z3
bunbury	Z	Z2
burberry	Z	Z3c
burchill	Z	Z1mf
burford	Z	Z2
burgh	Z	Z1mf
burke	Z	Z1mf
burkina	Z	Z2
burkinabese	Z	Z2/S2mf
burley	Z	Z2
burlington	Z	Z2
burlingtons	Z	Z3c
burma	Z	Z2
burmese	Z	Z2
burndell	Z	Z3c
burnham	Z	Z2
burnley	Z	Z2
burnock	Z	Z2
burnside	Z	Z1mf
burpham	Z	Z2
burrell	Z	Z1mf
burroughs	Z	Z1mf
burscough	Z	Z2
burstow	Z	Z3c
burstows	Z	Z3c
burt	Z	Z1m
burton	Z	Z1mf
burton-on-trent	Z	Z2
burtons	Z	Z3c
burundi	Z	Z2
burundian	Z	Z2
burundians	Z	Z2/S2mf
bury	Z	Z2
buryats	Z	Z2/S2mf
burylands	Z	Z2
bush	Z	Z3c
busham	Z	Z2
bushey	Z	Z2
bushman	M	M7/S2.2m
bushmen	M	M7/S2.2m
businessweek	Z	Z3/Q4.2
businesspeople	I	I2.1/S2mf
bussell	Z	Z1m
buster	Z	Z1m
butchery	L	L1
butland	Z	Z2
butler	Z	Z1mf
butlers	Z	Z3c
butlin	Z	Z1mf
butlins	Z	Z3c
buxton	Z	Z2
bx	Z	Z3
byefleet	Z	Z2
byelorussia	Z	Z2
byfield	Z	Z1mf
byfleet	Z	Z2
bynam	Z	Z2
bynar	Z	Z2
byrds	Z	Z3c
byzantine	Z	Z2/T1.1.1
c	Z	Z5
c#	Y	Y2
c&amp;a	Z	Z3c
c'mon	Z	Z4
c-programme	Y	Y2
c.v.	Q	Q1.2
c1	S	S5
c2s	Z	Z3
c90	Z	Z3fn
c90s	K	K3
cab	Z	Z3c
cad	Y	Y2/G2.1
cadu	Z	Z3c
calus	Z	Z3c
cams	P	P1
cap	P	P1
capd	B	B3
capitb	Z	Z3c
cat	Z	Z3
cat84	Z	Z3
cats	X	X2.4/A5/P1
cb	Q	Q1.3
cbcp	P	P1
cbcps	P	P1
cbd	Z	Z3c
cbi	Z	Z3c
cc	N	N3.4
ccf	Z	Z3c
ccoa	Z	Z3c
ccp	G	G1.2/Z3
ccpr	Z	Z3
cct	Z	Z3c
ccta	Z	Z3c
cctv	Q	Q4.3
cd	K	K3
cd-rom	Y	Y2
cdc	Z	Z3c
cdcs	Z	Z3c
cdp	Z	Z3c
cdq	A	A5.1/I2.2
cdr84	G	G2.1/M1
cdrc	Z	Z3c
ce	Z	Z3
cedaw	Z	Z3
cedaw79	Z	Z3
ceec	Z	Z3c
cef	Z	Z3c
celt	P	P1/Z3c
ceo	S	S7.1+/S2mf
ceos	S	S7.1+/S2mf
cerd	Z	Z3
cerd65	Z	Z3
cescr	Z	Z3
cet	C	C1
cfc	O	O1/W5
cfe	P	P1c
cge	Z	Z3c
cgt14	I	I1/Q1.2
ch	Z	Z3c
cha	Z	Z3c
ci	Z	Z3c
cia	Z	Z3c
cic	Z	Z3
cid	G	G2.1c
cif	Z	Z3c
cii	Z	Z3c
cimb	Z	Z3c
cipfa	Z	Z3c
cis	Z	Z3c
citb	Z	Z3c
ciu	Z	Z3c
cj	Z	Z3c
cjs	Z	Z3c
cls	Z	Z3
cmg	Z	Z3c
cmsr	G	G3
cna	Z	Z3c
cnc	O	O2
cnd	Z	Z3c
cnp	Z	Z3c/Q4.3
co2	O	O1.3
coc	Z	Z3c
cohse	Z	Z3c
cp	P	P1
cpa	B	B2
cpc	Z	Z3c
cpe	P	P1
cpm	B	B3/S2mf
cpo	S	S7.1+/S2mf
cpsa	Z	Z3c
cpve	P	P1
crc	Z	Z3
crc89	Z	Z3
crn	Z	Z3c
cro	G	G2.1c
crs61	Z	Z3
crx	Z	Z3
csa	Z	Z3c
csce	Z	Z3
cses	P	P1
csfb	Z	Z3
cso	Z	Z3c
csr51	G	G2.1/M1
csrp67	G	G2.1/M1
cssp54	Z	Z3
csv	Z	Z3c
csys	P	P1
ct	B	B3
cta	Z	Z3
ctd	M	M1/Q1.1
ctg	Z	Z3c
cto	S	S7.1+/S2mf
cu	Z	Z3c
cv	Q	Q1.2
cvt	M	M3/P1
cvs	Q	Q1.2
cwc93	Z	Z3
cx500	Z	Z3
cabaret	Z	Z3
caboc	F	F2
cadaball	Z	Z1mf
cadbrey	Z	Z3c
cadbury	Z	Z3c
cadbury-schweppes	Z	Z3c
cadburys	Z	Z3c
cadillac	Z	Z3c
caelygirl	Z	Z3c
caerleon	Z	Z2
caernavon	Z	Z2
caerphilly	Z	Z2
caerwent	Z	Z2
caesar	Z	Z1m/T1.1.1
cagjac	Z	Z3c
caine	Z	Z1mf
cairngorms	Z	Z2
cairns	Z	Z1mf
cairo	Z	Z2
cait	Z	Z1
caithness	Z	Z2
cakerawala	Z	Z3c
cal	Z	Z1m
calabrese	L	L3
calais	Z	Z2
calavan	Z	Z1m
calbrook	Z	Z2
calcutta	Z	Z2
caledonian	Z	Z2
calegat	Z	Z2
calella	Z	Z2
calfe	Z	Z1mf
calgary	Z	Z2
calgate	Z	Z2
calif	Z	Z2
calif.	Z	Z2
california	Z	Z2
california-based	Z	Z2/M6
californian	Z	Z2
caligula	Z	Z1m
calimantan	Z	Z2
calkett	Z	Z1mf
callaghan	Z	Z1mf
callard	Z	Z3c
callas	Z	Z1mf
callback	Q	Q1.3
callington	Z	Z2
callor	Z	Z2
calor	Z	Z3c
calsiford	Z	Z2
calstock	Z	Z2
calvados	Z	Z2
calvary	Z	Z2
calvert	Z	Z3
calvinist	S	S9/S2mf
cam	Z	Z2
cambell	Z	Z1mf
camberley	Z	Z2
camberly	Z	Z2
camberlys	Z	Z3c
camberwell	Z	Z2
cambia	Z	Z3c
cambodia	Z	Z2
cambodian	Z	Z2
cambodians	Z	Z2/S2mf
cambozola	F	F1
cambridge	Z	Z2
cambridge-trained	P	P1
cambridgeshire	Z	Z2
camden	Z	Z2c
camel	Z	Z3c
camellia	L	L3
camelot	Z	Z2/S9
camembert	F	F1
camemberts	F	F1
cameron	Z	Z1mf
cameroon	Z	Z2
cameroonians	Z	Z2/S2mf
camille	Z	Z1f
camley	Z	Z2
cammer	Z	Z1mf
cammy	Z	Z3c
camonhill	Z	Z2
camparie	Z	Z3c
campbell	Z	Z1mf
campere	Z	Z2
campjack	B	B5/Z3c
camps	Z	Z1mf
camptors	Z	Z3c
camut	Z	Z1m
canada	Z	Z2
canadian	Z	Z2
canadian-chinese	Z	Z2
canadians	Z	Z2/S2mf
canaria	Z	Z2
canary	Z	Z2
cancercare	Z	Z3c
cancerian	S	S9/S2mf
cancheles	Z	Z3c
candi	Z	Z2
candida	Z	Z1f
candlelight	Z	Z3c
candover	Z	Z2
candy	Z	Z1f
caneria	Z	Z2
canes	Z	Z3c
canne	Z	Z2
cannes	Z	Z2
cannock	Z	Z2
canoeists	M	M4/S2mf
canon	Z	Z3c
cant	Z	Z1mf
cantatas	K	K2
cantels	Z	Z3c
canterbury	Z	Z2
canton	Z	Z2
cantona	Z	Z1mf
cantonas	Z	Z1mf
cantonese	Z	Z2
cantonia	Z	Z2
canyon	W	W3
cape	Z	Z2
caper	L	L3
capetown	Z	Z2
capitol	Z	Z2
capp	Z	Z1mf
capperley	Z	Z2
caprich	Z	Z3c
capricorn	S	S9
capuchin	S	S9/S2mf
caraguela	Z	Z2
carcinoma-pathology	B	B3
cardamoms	F	F1
cardanious	L	L3
cardew	Z	Z1
cardiff	Z	Z2
cardiffian	Z	Z2
cardigan	Z	Z2
cardin	Z	Z1mf
careco	Z	Z3c
carecall	Z	Z3c
carelli	Z	Z1mf
carew	Z	Z2
carey	Z	Z1mf
cargrammes	Q	Q1.3
caribbean	Z	Z2
caribbeans	Z	Z2/S2mf
carl	Z	Z1m
carla	Z	Z1f
carlisle	Z	Z2
carlo	Z	Z1m
carlsberg	Z	Z3c
carlsholm	Z	Z3c
carlton	Z	Z3c
carmel	Z	Z2
carmelite	S	S9/S2mf
carmen	Z	Z1f
carmichael	Z	Z1mf
carmichaels	Z	Z3c
carmogal	Z	Z3c
carnaby	Z	Z2
carnac	Z	Z2
carne	Z	Z1mf
carnegie	Z	Z1mf
carnegy	Z	Z1mf
carnes	Z	Z2
carol	Z	Z1f
carole	Z	Z1f
carolina	Z	Z2
caroline	Z	Z1f
carolyn	Z	Z1f
carpenter	Z	Z1mf
carpenters	Z	Z3c
carphone	Z	Z3c
carr	Z	Z1mf
carre	Z	Z1mf
carrick	Z	Z2
carrie	Z	Z1f
carrite	Z	Z3
carrot	Z	Z1mf
carshalton	Z	Z2
carter	Z	Z1
carters	Z	Z3c
cartland	Z	Z1mf
carwithen	Z	Z2
casablanca	Z	Z2
casbalitz	Z	Z1mf
cascade	O	O4.4
cascine	Z	Z2
cashmere	O	O1.1
casino	K	K5.2/H1c
casio	Z	Z3
caspar	Z	Z1m
casper	Z	Z1m
cassandra	Z	Z1f
cassie	Z	Z1f
cassius	Z	Z1m
castle	Z	Z1mf
castlebrook	Z	Z2
castleton	Z	Z2
castro	Z	Z1mf
castrol	Z	Z3c
casualty	Z	Z3c
catalans	Z	Z2/S2mf
catch-22	A	A12
catdown	Z	Z2
caterina	Z	Z1f
catford	Z	Z2
cath	Z	Z1f
cathay	Z	Z3c
cathcar	Z	Z3c
catherine	Z	Z1f
catherines	Z	Z1f
cathy	Z	Z1f
catley	Z	Z2
catriona	Z	Z1f
caucasian	Z	Z2/S2mf
caucasus	Z	Z2
cavalier	Z	Z3
cavalry	G	G3c
cavendish	Z	Z1mf
cavern	Z	Z3
caxton	Z	Z1mf
cayman	Z	Z2
cazares	Z	Z2
cazenove	Z	Z1m
ceausescu	Z	Z1mf
cebiche	F	F1
cecil	Z	Z1mf
ceefax	Z	Z3
cefax	Z	Z3
ceilidh	K	K1
celcom	Z	Z3c
celebrant	S	S9/S2mf
celia	Z	Z1f
cell-phone	Q	Q1.3
celladry	B	B5/Z3c
cellnet	Z	Z3c/Y1
celts	Z	Z2/S2mf
cemlyn	Z	Z2
centena	Z	Z2
central	Z	Z3c
centrica	Z	Z3c
ceram	Z	Z3c
ceredigian	Z	Z2
ceridian	Z	Z3c
ceuta	Z	Z2
ceylonese	Z	Z2
chad	Z	Z2
chadderton	Z	Z2
chaddy	Z	Z2
chadians	Z	Z2/S2mf
chai	Z	Z1m
chaifetz	Z	Z1m
chaired	S	S7.1
chalfont	Z	Z2
chalford	Z	Z2
challenger	Z	Z3fn
challis	Z	Z1mf
chamberlain	Z	Z1mf
chambers	Z	Z3c
chamine	Z	Z2
chamonix	Z	Z2
champaign	Z	Z2
chan	Z	Z1m
chancellor	G	G1.1/S2mf
chancery	G	G2.1/H1
chandler	Z	Z1mf
chandlers	Z	Z2
chanel	Z	Z3c
chang	Z	Z1
changwon	Z	Z2
chao	Z	Z1
chapel	Z	Z2
chapelfield	Z	Z2
chaplin	Z	Z1mf
chare	Z	Z3
charford	Z	Z2
charlene	Z	Z1f
charles	Z	Z1m
charleston	Z	Z2
charlie	Z	Z1m
charlotte	Z	Z1f
charlottes	Z	Z1f
charlotteville	Z	Z2
charlsdon	Z	Z2
charlton	Z	Z1mf
charmaine	Z	Z1f
charmeney	Z	Z2
charmian	Z	Z1
charnrose	Z	Z3c
charterhouse	Z	Z3c
chas	Z	Z1m
chateauonline	Z	Z3c/Y2
chatham	Z	Z2
chatterbox	Q	Q2.1/N5+mf
chatterley	Z	Z1mf
chatterly	Z	Z1mf
chaucer	Z	Z1m
chaz	Z	Z1
cheah-foong	Z	Z1f
cheam	Z	Z2
cheapside	Z	Z2
chechens	Z	Z2/S2mf
cheddar	Z	Z2
chee	Z	Z1m
cheeky	Z	Z3
cheers	Z	Z3c
chek	Z	Z1m
chekiang	Z	Z2
chelmsford	Z	Z2
chelmsley	Z	Z2
chelsea	Z	Z2
cheltenham	Z	Z2
chen	Z	Z1mf
cheng	Z	Z1m
cher	Z	Z1f
cheras	Z	Z2
cherbourg	Z	Z2
cheri	Z	Z1f
cherie	Z	Z1f
cheriton	Z	Z2
chernobyl	Z	Z2
cherry	Z	Z1mf
chertsey	Z	Z2
chesham	Z	Z2
cheshire	Z	Z2
cheshunt	Z	Z2
chessington	Z	Z2
chester	Z	Z2
chester-le-street	Z	Z3c
chesterfield	Z	Z2
chestertons	Z	Z3c
chet	Z	Z1m
cheval	Z	Z3c
cheviot	M	M7
cheviots	L	L2
chevrolets	M	M3/Z3c
chevron	Z	Z3c
chi	Z	Z1mf
chiang	Z	Z1
chicago	Z	Z2
chichester	Z	Z2
chickebanga	Z	Z2
chien	Z	Z1
childrens	Z	Z3c
chile	Z	Z2
chilean	Z	Z2
chileans	Z	Z2/S2mf
chilli	F	F1
chillie	F	F1
chillingham	Z	Z2
chillworth	Z	Z2
chiltern	Z	Z2
chilterns	Z	Z2
chin	Z	Z2/S2mf
china	Z	Z2
chinagraph	Z	Z3
chinatown	Z	Z2
chinese	Z	Z2/Q3
chinese-american	Z	Z2/S2mf
chinese-language	Z	Z2/Q3
chinese-tea	F	F2/Z2
chingford	Z	Z2
chini	Z	Z2
chino	Z	Z2
chirk	Z	Z2
chiropodist	B	B3/S2mf
chirstland	Z	Z2
chiswick	Z	Z2
chiting	Z	Z1f
chloe	Z	Z1f
chloramphenicol	B	B3
chong	Z	Z1m
choong	Z	Z1m
chorley	Z	Z2
chort	Z	Z2
chou	Z	Z1
chouinard	Z	Z3
chow	L	L2mfn
choy	Z	Z1m
chris	Z	Z1mf
chrissie	Z	Z1f
chrissy	Z	Z1f
christ	Z	Z1m
christchurch	Z	Z2
christendom	S	S9
christenof	Z	Z3c
christian	Z	Z1mf
christian-type	S	S9
christianity	S	S9
christianos	Z	Z2
christians	S	S9/S2mf
christie	Z	Z1mf
christies	Z	Z3c
christina	Z	Z1f
christine	Z	Z1f
christmas	S	S9/T1.3
christmases	S	S9/T1.3
christmastime	S	S9/T1.3
christopher	Z	Z1m
christor	Z	Z3c
chromalex	Z	Z3c
chronicle	Z	Z3c
chrysler	Z	Z3c
chu	Z	Z1
chubb	Z	Z1mf
chung	Z	Z1mf
church	Z	Z2
church-house	S	S9/H1
churchill	Z	Z1mf
churchillian	Z	Z1
chuvash	Z	Z2/S2mf
cicely	Z	Z1f
cilgerran	Z	Z2
cinderella	Z	Z1f
cinderellas	Z	Z3c
cindy	Z	Z1f
cinemagraphics	Q	Q4.3
cinzano	Z	Z3
circassians	Z	Z2/S2mf
circle	Z	Z3c
cirencester	Z	Z2
cirrus	Z	Z3c
cisco	Z	Z3c
cistercian	S	S9/S2mf
citadel	Z	Z2
citibank	Z	Z3c
citicorp	Z	Z3c
citigroup	Z	Z3c
citiscape	Z	Z3c/Y2
citro	Z	Z3c
citroen	Z	Z3c
city	M	M7/I2.1c
civic	G	G1.1
clacton	Z	Z2
clair	Z	Z1f
claire	Z	Z1f
clapham	Z	Z2
clapton	Z	Z2
clare	Z	Z1f
clarence	Z	Z1m
claret	Z	Z1
clarey	Z	Z1mf
clarisse	Z	Z1f
clark	Z	Z1mf
clarke	Z	Z1mf
clarksfield	Z	Z2
clarkson	Z	Z1mf
clarksons	Z	Z3c
claudia	Z	Z1f
claudine	Z	Z1f
claudius	Z	Z1m
claus	Z	Z1m
claverdon	Z	Z2
claybury	Z	Z2
claygate	Z	Z2
clearasil	Z	Z3
clee	Z	Z1m
cleese	Z	Z1mf
cleeseman	Z	Z1mf
cleethorpes	Z	Z2
clegg	Z	Z1
clem	Z	Z1m
cleo	Z	Z1f
cleopatra	Z	Z1f
clerkenwell	Z	Z2
clerris	Z	Z3c
cleveland	Z	Z2
cliff	Z	Z1mf
cliffe	Z	Z1mf
cliffhanger	Z	Z3c
clifford	Z	Z1m
clift	Z	Z1mf
clifton	Z	Z2
clinique	Z	Z3c
clinkers	B	B5/Z3c
clint	Z	Z1m
clinton	Z	Z1mf
clio	Z	Z3fn
clive	Z	Z1mf
clodwick	Z	Z2
clonein	Z	Z2
clonmell	Z	Z2
cloonan	Z	Z1
clotheswise	Z	Z3c
cloud	Z	Z1m
clough	Z	Z1mf
clover	Z	Z3
clubland	Z	Z3c
clumcastle	Z	Z2
cluttons	Z	Z3c
clwyd	Z	Z2
clyde	Z	Z2
co-op	Z	Z3c
co-operative	Z	Z3c
co-ordinating	S	S7.1
coalworth	Z	Z2
coates	Z	Z1mf
cobham	Z	Z2
coby	Z	Z1m
coca-cola	Z	Z3
cockermouth	Z	Z2
cockermouthian	Z	Z2
coco	Z	Z1f
codrington	Z	Z1mf
cognac	Z	Z2
cohen	Z	Z1mf
cohn	Z	Z1
cointreau	Z	Z3
coke	Z	Z3
col	G	G3/S2mf
col.	G	G3/S7.1+/S2mf
colbeck	Z	Z1
colchester	Z	Z2
coldfield	Z	Z2
colditz	Z	Z2/G3
coldstream	Z	Z2
cole	Z	Z1mf
colecotes	Z	Z2
coleen	Z	Z1f
colemans	Z	Z3c
coles	Z	Z3c
coleshill	Z	Z2
colgate/palmolive	Z	Z3c
colin	Z	Z1m
colindale	Z	Z2
colins	Z	Z3c
coliper	Z	Z3fn
coliseum	Z	Z2
colleen	Z	Z1f
collerado	Z	Z3c
colliac	Z	Z3c
collier	Z	Z1mf
colliers	Z	Z3c
collins	Z	Z1mf
collis	Z	Z1mf
colne	Z	Z2
colo.	Z	Z2
cologne	B	B4
colombia	Z	Z2
colombian	Z	Z2
colombians	Z	Z2/S2mf
colombo	Z	Z1mf
colon	Z	Z2
colorado	Z	Z2
cols.	G	G3/S7.1+/S2mf
colshaw	Z	Z2
colt	Z	Z3
colts	Z	Z3
columbia	Z	Z2
columbian	Z	Z2/S2mf
columbine	Z	Z2
columbus	Z	Z1m
colwyn	Z	Z2
compsych	Z	Z3c
comard	Z	Z3c
comet	Z	Z3c
comfort	Z	Z3
commander	S	S7.1+/S2mf
commerzbank	Z	Z3c
commodore	M	M4/S2mf
commons	G	G1.1
commonwealth	S	S5+c
commonwealths	S	S5+c
como	Z	Z2
comorians	Z	Z2/S2mf
comoros	Z	Z2
compaq	Z	Z3c
compline	S	S9
compounded	N	N5+/A2.1
comshare	Z	Z3c
concord	Z	Z3fn
concorde	Z	Z3fn
conder	Z	Z1m
coneco	Z	Z3c
confederacy	Z	Z2c
confederates	S	S8+/S2mf
confucian	X	X2.1
confucianism	X	X2.1
confucianist	X	X2.1/S2mf
confucianists	X	X2.1/S2mf
confucius	Z	Z1m
congo	Z	Z2
congolese	Z	Z2/S2mf
congrat	Z	Z2
congregation-house	S	S9/H1
congress	Z	Z3c
conley	Z	Z1mf
connecticut	Z	Z2
connels	Z	Z3c
connely	Z	Z1mf
connery	Z	Z1mf
connie	Z	Z1
conniston	Z	Z2
connoisseur	Z	Z3
connors	Z	Z3c
conomara	Z	Z2
conquistadors	T	T1.1.1/S2mf
conrad	Z	Z1mf
conran	Z	Z1mf
conrans	Z	Z3c
conrole	Z	Z1mf
conservatism	G	G1.2
conservatives	G	G1.2/S2mf
conserving	A	A1.3
consignia	Z	Z3c
conspirers	G	G2.2-/S2mf
constable	Z	Z1mf
constabulary	G	G2.1c
constance	Z	Z1f
constantinople	Z	Z2
consul	Z	Z3fn
consulate	Z	Z3c
contemporary	T	T1.1.2
contemptibles	Z	Z3
contessa	Z	Z3c
contingency	A	A7
contrition	E	E4.1
convolute	Z	Z3
conway	Z	Z2
conyers	Z	Z1
cook	Z	Z1mf
cooke	Z	Z1mf
cooking	Z	Z2
cooks	Z	Z3c
cookshop	Z	Z3c
cookson	Z	Z1mf
cooksons	Z	Z3c
coombe	Z	Z2
coon	Z	Z3
coons	Z	Z3
coop	Z	Z3c
cooper	Z	Z1mf
copeland	Z	Z2
copenhagen	Z	Z2
coppermine	Z	Z2
copts	S	S9/S2mf
corby	Z	Z2
corcoran	Z	Z3c
corcovado	Z	Z2
cordelia	Z	Z1f
cordoba	Z	Z2
corelli	Z	Z1
corfu	Z	Z2
corgi	L	L2mfn
corinthian	Z	Z2
cork	Z	Z2
corkhill	Z	Z1mf
corks	Z	Z3c
corman	Z	Z1mf
cornelia	Z	Z1f
cornelius	Z	Z1m
cornerstone	Z	Z3c
corney	Z	Z3c
cornflakes	F	F1
cornhill	Z	Z3c
corning	Z	Z3c
cornish	Z	Z2
cornishman	Z	Z2/S2.2m
cornwall	Z	Z2
corolli	Z	Z1mf
coronets	B	B5/S7.1
corp	I	I2.1
corporated	S	S5
corpus	Q	Q3
correspondent	Z	Z3c
corsica	Z	Z2
corsicans	Z	Z2/S2mf
cortauld	Z	Z3c
cortina	Z	Z3
cortot	Z	Z1mf
cos	Z	Z2
cosham	Z	Z2
cosmo	Z	Z1m
cosmopolitan	Z	Z3c
costain	Z	Z3c
costea	Z	Z1
costner	Z	Z1mf
cosworth	Z	Z3
cotswolds	Z	Z2
cottenham	Z	Z2
cotteridge	Z	Z2
cottesloe	Z	Z2
cottridge	Z	Z2
could'ne	A	A7
coulston	Z	Z2
countdown	Z	Z3c
countrywide	Z	Z3c
countrywise	Z	Z3c
coupe	M	M3fn
courtaulds	Z	Z3c
courtenay	Z	Z1mf
courtney	Z	Z3c
coutts	Z	Z3c
coutu	Z	Z1
cove	Z	Z2
coven	Z	Z2
covent	Z	Z2
coventry	Z	Z2
covington	Z	Z1
cowbridge	Z	Z2
cowbry	Z	Z2
cowdenbeath	Z	Z2
cowe	Z	Z1
cowell	Z	Z1mf
cowerbridge	Z	Z2
cowes	Z	Z2
cowley	Z	Z2
coyles	Z	Z1
crabtree	Z	Z1mf
cracker	Z	Z3c
crag	W	W3
crags	W	W3
craig	Z	Z1mf
craigh	Z	Z1m
craigland	Z	Z2
craigs	Z	Z3c
cramlington	Z	Z2
crammington	Z	Z2
crane	Z	Z1mf
cranfield	Z	Z2
cranington	Z	Z2
cranleigh	Z	Z2
crantock	Z	Z2
crated	A	A1.1.1
craven	Z	Z1mf
crawford	Z	Z1mf
crawley	Z	Z2
crawshaw	Z	Z1mf
crayne	Z	Z2
cree	Z	Z2/S2mfc
creme	O	O1.2
cremlin	Z	Z2
crescent	M	M3/H3
cressex	Z	Z2
crest	Z	Z3c
cresys	Z	Z3c
cretan	Z	Z2
crete	Z	Z2
crewe	Z	Z2
crewman	Z	Z1
cribbins	Z	Z1mf
cricklewood	Z	Z2
crier	Q	Q2.1/S2mf
crimea	Z	Z2
crimean	Z	Z2
crimewatch	Z	Z3c
crionphenic	B	B3
crisp	Z	Z1mf
cristianos	Z	Z2
cristo	Z	Z1mf
croatia	Z	Z2
croatian	Z	Z2/S2mf
croatians	Z	Z2/S2mf
crochet	Z	Z1mf
crocket	Z	Z2
crockle	Z	Z2
croesus-like	O	O4.1
croft	Z	Z1mf
crofts	Z	Z3c
croma	Z	Z2
cromford	Z	Z2
crompton	Z	Z1
cromster	Z	Z3c
cromwell	Z	Z1mf
cromwells	Z	Z3c
cronin	Z	Z1mf
cronins	Z	Z3c
crosbie	Z	Z1mf
crosby	Z	Z2
crosse	Z	Z1mf
crosses	Z	Z3c
crothers	Z	Z1mf
crowbar	Z	Z3c
crowmoor	Z	Z2
crown	Z	Z3c
crowther	Z	Z2
croydon	Z	Z2
crucible	Z	Z3c
crufts	Z	Z3
crum	Z	Z1mf
crunchie	Z	Z3
crunchies	Z	Z3
crusar	Z	Z2
cruz	Z	Z2
crysants	L	L3
cuba	Z	Z2
cuban	Z	Z2/S2mf
cubans	Z	Z2/S2mf
cubby	Z	Z1m
cubicegg	Z	Z3c
cubs	L	L2mfn
cuchods	Z	Z3c
cuckham	Z	Z2
culley	Z	Z1
cumberland	Z	Z2
cumbernauld	Z	Z2
cumbria	Z	Z2
cumbrian	Z	Z2
cunard	Z	Z3
cunick	Z	Z3c
cunningham	Z	Z1
cupid	Z	Z1m/S3.2
cupping	X	X3.1/F2
curator	C	C1/S2mf
curchods	Z	Z3c
cure	Z	Z3c
curie	Z	Z1mf
currie	Z	Z1mf
currys	Z	Z3c
curtanes	Z	Z3c
curtis	Z	Z1m
curtis-allen	Z	Z3c
cushing	Z	Z1mf
cut	Z	Z2
cuthbert	Z	Z1m
cutting	Z	Z1mf
cwmdu	Z	Z2
cwymbryn	Z	Z2
cwynbryn	Z	Z2
cyberjaya	Z	Z3/Y2
cyberia	Z	Z3c
cyclades	Z	Z2
cyclops	Z	Z1/S9
cypress	Z	Z2
cypriot	Z	Z2
cypriots	Z	Z2/S2mf
cyprus	Z	Z2
czech	Z	Z2
czechoslovak	Z	Z2
czechoslovakia	Z	Z2
czechoslovakian	Z	Z2/S2mf
czechoslovaks	Z	Z2/S2mf
czechs	Z	Z2/S2mf
d	Z	Z5
d'eschella	Z	Z1mf
d'urbervilles	Z	Z1mf
d-day	G	G3/T1.2
d-jay	K	K3/S2mf
d.i.y	C	C1
d.j.	K	K3/S2mf
d120	K	K3
d16	Z	Z3
d90	K	K3
dar	Z	Z3c
dasp	Z	Z3c
dat	K	K3
dbm	Z	Z3
dc	Z	Z2
dc6	M	M4fn
dcd	Z	Z3
dd	P	P1
ddc	Z	Z3c
ddtm	Z	Z3
der	Z	Z3c
detr	Z	Z3
dfe	Z	Z3c
dg	S	S7.1+/S2mf
dgs	S	S7.1+/S2mf
dha	Z	Z3
dhs	Z	Z3c
dhss	Z	Z3c
disero	H	H4/M7
dj	K	K3
djing	K	K3
djs	Q	Q4.3/S2mf
dk	Z	Z3
dkb	Z	Z3
dkny	Z	Z3c
dl	Z	Z3c
dm	B	B5
dmm	Z	Z3
dms	B	B5
dna	B	B1
dnt	B	B3
dp	C	C1/S2mf
dpf	B	B5/I4
dpp	Z	Z3c
drb-hicom	Z	Z3C
dro	Z	Z3mf
dsl	Z	Z3
dsm	G	G3
dso	G	G3
dss	Z	Z3c
dss2	Z	Z3
dti	Z	Z3c
dvd	K	K3
davinci	Z	Z1
dabasir	Z	Z1m
dabie	Z	Z2
dacoit	G	G2.1-/S2mf
dacoits	G	G2.1-/S2mf
daewoo	Z	Z3c
daf	Z	Z3c
dagenham	Z	Z2
dahl	Z	Z1mf
daim	Z	Z1m
daimler	Z	Z3fnc
dakar	Z	Z2
dakkar	Z	Z2
dakota	Z	Z2
dal	Z	Z3
dale	Z	Z1m
dalesman	Z	Z3c
daley	Z	Z1mf
dalkeith	Z	Z2
dalkey	Z	Z3
dallas	Z	Z2
dalmatian	Z	Z2
dalston	Z	Z2
dam	Z	Z3c
damansara	Z	Z2
damascus	Z	Z2
dambar	Z	Z1mf
dame	S	S7.1+/S2.1f
damien	Z	Z1m
damon	Z	Z1m
dan	Z	Z1m
dana	Z	Z1f
danaharta	Z	Z3c
danamodal	Z	Z3c
dandy	Z	Z3c
dane	Z	Z2/S2mf
danepak	Z	Z3
danes	Z	Z2/S2mf
daneshaw	Z	Z2
dangerous	Z	Z3
dani	Z	Z1mf
daniel	Z	Z1m
daniela	Z	Z1f
danielle	Z	Z1f
daniels	Z	Z1mf
danimac	Z	Z3c
danimax	Z	Z3c
danish	Z	Z2/Q3
danksko	Z	Z3c
dankworths	Z	Z3c
danley	Z	Z2
danny	Z	Z1m
daphne	Z	Z1f
daras	Z	Z3
darcey	Z	Z1m
darcy	Z	Z1mf
dardry	Z	Z3c
dargins	Z	Z2/S2mf
darius	Z	Z1m
darjeeling	Z	Z2
darkey	Z	Z1mf
darley	Z	Z2
darling	Z	Z1mf
darlington	Z	Z2
darlston	Z	Z2
darnel	Z	Z2
darnford	Z	Z2
darren	Z	Z1m
darryl	Z	Z1mf
dart	Z	Z2
dartford	Z	Z2
dartmoor	Z	Z2
dartmouth	Z	Z2
darty	Z	Z1m
darussalam	Z	Z2
darwen	Z	Z2
darwin	Z	Z1mf
dash	Z	Z3
databank	Y	Y2
datacom	Z	Z3c
datapost	Z	Z3c
dateline	Z	Z3c/Y2
datingdirect.com	Z	Z3c/Y2
datuk	Z	Z3
dauphin	S	S7.1+/S2.2m
dave	Z	Z1m
davenport	Z	Z1mf
david	Z	Z1m
davidson	Z	Z1mf
davies	Z	Z1mf
davis	Z	Z1mf
davro	Z	Z1mf
davy	Z	Z1mf
dawe	Z	Z1mf
dawlish	Z	Z2
dawson	Z	Z1mf
daycoin	Z	Z3c
daytime	Z	Z3c
deacon	Z	Z1mf
deaconess	S	S9/S2.1f
deal	Z	Z2c
dean	Z	Z1mf
deary	Z	Z1mf
deb	Z	Z1f
debbie	Z	Z1f
debby	Z	Z1f
debenhams	Z	Z3c
deborah	Z	Z1f
debra	Z	Z1f
dec	Z	Z3c
december	T	T1.3
decembers	T	T1.3
decker	Z	Z3mf
decoid	Z	Z3
decoits	Z	Z2/S2mf
deddycker	Z	Z1mf
dee	Z	Z2
deegan	Z	Z1m
def	Z	Z3
defiant	Z	Z3fn
deidre	Z	Z1f
deirdre	Z	Z1f
del	Z	Z1m
delaney	Z	Z1mf
delat	Z	Z2
delaware	Z	Z2
delcoid	Z	Z3
delf	Z	Z2
delgado	Z	Z1mf
delhaize	Z	Z3c
delhi	Z	Z2
dell	Z	Z3c/Y2
deloitte	Z	Z1m
delores	Z	Z1f
delors	Z	Z1mf
delph	Z	Z2
delphi	Z	Z3c
delpit	Z	Z1
delta	Z	Z3c
dem	G	G1.2/S2mf
demetrius	Z	Z1m
democrat	G	G1.2/S2mf
democrats	Z	Z3c
demon	Z	Z3c
dempster	Z	Z1mf
dems	Z	Z3
den	Z	Z1m
denbigh	Z	Z2
dene	Z	Z2
deneuve	Z	Z1mf
denise	Z	Z1f
denmark	Z	Z2
dennick	Z	Z1
denning	Z	Z1mf
dennis	Z	Z1m
denny	Z	Z1mf
denons	Z	Z3c
denshire	Z	Z2
denton	Z	Z2
denver	Z	Z2
denzal	Z	Z3c
denzil	Z	Z1m
deoxyribonucleic	O	O1
derby	Z	Z2
derbyshire	Z	Z2
derege	Z	Z3c
dereham	Z	Z2
derek	Z	Z1mf
derlayli	Z	Z2
derrick	Z	Z1m
derriford	Z	Z2
derwent	Z	Z3
deryn	Z	Z1m
desdemona	Z	Z1f
desko	Z	Z3c
desmond	Z	Z1mf
desmund	Z	Z1m
detroit	Z	Z2
dettol	Z	Z3c
deutchmark	I	I1
deutschland	Z	Z2
deutschmark	I	I1
deutschmarks	I	I1
devon	Z	Z2
devonport	Z	Z2
devonshire	Z	Z2
devotions	S	S9
dewhurst	Z	Z1mf
dewhursts	Z	Z3c
dewsbury	Z	Z2
deycoid	Z	Z3c
deyfield	Z	Z2
dhabi	Z	Z2
dhekelia	Z	Z2
di	Z	Z1f
digi	Z	Z3c
diadem	B	B5/S7.1
diadora	Z	Z2
diageo	Z	Z1m
dialler	Q	Q1.3
diana	Z	Z1f
diane	Z	Z1f
dianne	Z	Z1f
dick	Z	Z1m
dickenfield	Z	Z2
dickens	Z	Z1mf
dickensian	T	T3
dickie	Z	Z1m
dickins	Z	Z1mf
dicky	Z	Z1m
dictaphones	Q	Q1.3
didcot	Z	Z2
didier	Z	Z1m
dido	Z	Z1f
didsdale	Z	Z1mf
diego	Z	Z1m
dieppe	Z	Z2
digest	Q	Q4.2
digital	Z	Z3c
dillon	Z	Z3
dillons	Z	Z3c
dilys	Z	Z1f
dinah	Z	Z1f
dinefwr	Z	Z2
dingle	Z	Z3c
dingles	Z	Z3c
dingwall	Z	Z1mf
dingwalls	Z	Z3c
dinka	Z	Z2/S2mf
dinky	Z	Z3c
dinnington	Z	Z2
dino	Z	Z1m
diogenes	Z	Z1m
dion	Z	Z1mf
diouf	Z	Z1mf
dirk	Z	Z1m
disbury	Z	Z2
discos	Z	Z3
disdale	Z	Z1mf
disney	Z	Z3c
disneyland	Z	Z2
disneyworld	Z	Z3c
disprins	Z	Z3
diss	Z	Z2
district	Z	Z3c
ditchley	Z	Z3c
ditton	Z	Z2
div	G	G3/S5+c
div.	G	G3/S5+c
dive	Z	Z3c
diver	Z	Z1mf
divinas	S	S9
dixon	Z	Z1mf
dixons	Z	Z3c
djibouti	Z	Z2
djiboutians	Z	Z2/S2mf
djkarta	Z	Z2
do-it-all	Z	Z3c
doberman	Z	Z1mf
dobson	Z	Z1mf
dobsons	Z	Z3c
doc	Z	Z3mf
docherty	Z	Z1mf
docklands	Z	Z2
docks	Z	Z2
dodi	Z	Z1m
dodo	Z	Z3mn
dogethlyn	Z	Z2
doggie	Z	Z1m
doggy	L	L2mfn
dolan	Z	Z1mf
dolans	Z	Z3c
dolaucothi	Z	Z2
dolby	Z	Z1mf
dolley	Z	Z1mf
dolly	Z	Z1f
dolomites	Z	Z2
dome	Z	Z2
domecq	Z	Z3c
domesday	Z	Z3
dominic	Z	Z1m
dominica	Z	Z2
dominican	S	S9/S2mf
dominique	Z	Z1
dominus	Z	Z3c
don	Z	Z1m
donald	Z	Z1mf
donatella	Z	Z1f
doncaster	Z	Z2
donegal	Z	Z2
donington	Z	Z2
donna	Z	Z1f
donnington	Z	Z2
donovan	Z	Z1mf
doonican	Z	Z1mf
dorcas	Z	Z1f
dorchester	Z	Z2
dordogne	Z	Z2
dore	Z	Z2
dorey	Z	Z1mf
doris	Z	Z1f
dorking	Z	Z2
dorma	Z	Z3c
dorothea	Z	Z1f
dorothy	Z	Z1f
dorrit	Z	Z1mf
dorse	Z	Z2
dorset	Z	Z2
dorsetshire	Z	Z2
doubleclick	Z	Z3c/Y2
doubtfire	Z	Z1mf
doug	Z	Z1m
dougal	Z	Z1m
doughnuts	F	F1
doughties	Z	Z3c
douglas	Z	Z1m
dourdoigne	Z	Z2
dove	Z	Z3
dover	Z	Z2
dow	Z	Z3
dow-corning	Z	Z3c
down	Z	Z1mf
downes	Z	Z1mf
downley	Z	Z2
downs	Z	Z1mf
downside	Z	Z3c
downstown	Z	Z2
dows	Z	Z3c
doylsdon	Z	Z2
dr	B	B3/S2mf
drabble	Z	Z1mf
draches	Z	Z2
dracula	Z	Z1m
dragnet	Z	Z3c
drake	Z	Z1mf
drakes	Z	Z3c
dramfield	Z	Z2
drapergate	Z	Z3c
draq	Z	Z2
dray	M	M3
drayton	Z	Z2
dreadnought	Z	Z3fn
dreamcoat	B	B5
dresburg	Z	Z2
drewry	Z	Z3c
dreyfus	Z	Z1mf
drobles	Z	Z1mf
droitwich	Z	Z2
droll	Z	Z1
dronfield	Z	Z2
droyt	Z	Z1m
drumchapel	Z	Z2
druze	S	S9/S2mf
druzes	S	S9/S2mf
drysdale	Z	Z1m
dual-labour	I	I3.1
dubai	Z	Z2
dublin	Z	Z2
dubonnet	Z	Z3c
ducha	Z	Z3
duchy	M	M7/S7.1
duckenfield	Z	Z2
duckhams	Z	Z3c
duckinfield	Z	Z2
ducksford	Z	Z2
duckworth	Z	Z1mf
dudiston	Z	Z2
dudley	Z	Z1mf
dudly	Z	Z2
duffield	Z	Z2
duido	Z	Z1m
duke	Z	Z1mf
dukedom	M	M7
dulles	Z	Z1
dulux	Z	Z3c
dumas	Z	Z1mf
dumbo	Z	Z3mn
dumfries	Z	Z2
dunbar	Z	Z3c
dunbeg	Z	Z2
dunblane	Z	Z2
duncan	Z	Z1m
dundalk	Z	Z2
dundee	Z	Z2
duneadon	Z	Z2
dunfermline	Z	Z2
dungeon	Z	Z2
dunhill	Z	Z3c
dunig	Z	Z3c
dunkin	Z	Z3c
dunkirk	Z	Z2
dunlop	Z	Z3c
dunn	Z	Z1mf
dunnyfield	Z	Z2
dunoon	Z	Z2
dunstable	Z	Z2
dunstone	Z	Z1
duplo	Z	Z3
dupont	Z	Z3c
duponts	Z	Z3c
duran	Z	Z3c
durass	Z	Z2
durban	Z	Z2
durex	Z	Z3c
durham	Z	Z2
durlacher	Z	Z1
durrants	Z	Z3c
dury	Z	Z1mf
dusseldorf	Z	Z2
duston	Z	Z2
dutch	Z	Z2
dutchman	Z	Z2
dutfield	Z	Z1
duthie	Z	Z1
dwarf	N	N3.2-/S2mf
dyffryn	Z	Z2
dyke	Z	Z1mf
dylan	Z	Z1m
dynasty	Z	Z3
düsseldorf	Z	Z2
e	Z	Z5
e&q	Z	Z3c
e&amp;q	Z	Z3
e-mall	I	I2.2/Y2
e-mail	Y	Y2
e-r	K	K1
e-ing	F	F3
e.e.c.	Z	Z3c
e.t.	Z	Z3
e17	Z	Z2
e2	Z	Z2
e240	Z	Z3
e4	A	A4.1
ea	Z	Z3
eap	P	P1/Q3
ec	Z	Z2c
eca	Z	Z3c
ecch@cranfield.ac.uk	Z	Z3c/Y2
ecch@crantield.ac.uk	Z	Z3c/Y2
ecg	B	B3
echr50	Z	Z3
ecj	Z	Z3c
econ	P	P1
ecosoc	Z	Z3
ecs	Z	Z3c
ect	B	B3
edi	Y	Y2
eec	Z	Z3c
eecj	Z	Z3c
efa	Z	Z3
efer	Z	Z3c
efta	Z	Z3c
egm	Z	Z3
eho	Z	Z3
eids	Z	Z3
eldr	Z	Z3c
elt	P	P1/Q3
emi	Z	Z3c
engr	P	P1
eo	Z	Z3c
eomt	P	P1
eon	Z	Z3c
ep	G	G1.1c
epc	Z	Z3
epcm	Z	Z3
epf	Z	Z3
epl	Z	Z3
eplp	Z	Z3c
epoc	Z	Z3
epp	Z	Z3c
epro	Z	Z3c
epsrc	Z	Z3c
epu	Z	Z3
erdf	Z	Z3c
erl	Z	Z3
esl	P	P1/Q3
esn	X	X9.1
esp	P	P1/Q3
esrc	Z	Z3c/X2.4
ess	Z	Z3
et	Z	Z3
eta	T	T1.2
etpm	Z	Z3c
ets	P	P1
eu	Z	Z3c
eusb	Z	Z3
eagle	Z	Z3c
eakings	Z	Z3c
eakins	Z	Z3c
ealing	Z	Z2
earl	S	S7.1+/S2m
easiflex	Z	Z3c
east/west	M	M6
eastbourne	Z	Z2
eastbury	Z	Z2
eastcote	Z	Z3c
eastend	Z	Z2
eastenders	Z	Z3c
easter	S	S9/T1.3
easterhouse	Z	Z2
eastern	M	M6
easterner	Z	Z2/S2mf
easterners	Z	Z2/S2mf
eastfield	Z	Z2
easthouse	Z	Z2
eastleigh	Z	Z2
eastwood	Z	Z1mf
easyjet	Z	Z3c/M5
easynet	Z	Z3c
easyshop	Z	Z3c
eaves	Z	Z3c
ebbervale	Z	Z2
eccelsfield	Z	Z2
eccles	Z	Z2
eccleshall	Z	Z2
echidna	L	L2
echo	Z	Z3c
eckington	Z	Z2
ecstasy	Z	Z3c
ecu	I	I1
ecuador	Z	Z2
ed	Z	Z1m
eda	Z	Z1f
edale	Z	Z2
eddie	Z	Z1m
eddings	Z	Z1mf
eddistone	Z	Z2
eddy	Z	Z1m
edefeel	Z	Z1mf
eden	Z	Z2
edenderry	Z	Z2
edgar	Z	Z1m
edgarton	Z	Z1mf
edgbaston	Z	Z2
edgeley	Z	Z2
edgington	Z	Z3
edgware	Z	Z2
edinburgh	Z	Z2
edith	Z	Z1f
edmonton	Z	Z2
edmund	Z	Z1m
edmunds	Z	Z1mf
edmundsbury	Z	Z2
edna	Z	Z1f
edo	Z	Z2/S2mf
edward	Z	Z1m
edwardian	T	T1.1.1/S2mf
edwin	Z	Z1m
edwina	Z	Z1f
eee	Z	Z4
effendowicz	Z	Z1
effingham	Z	Z3c
egbaston	Z	Z2
eggbuckland	Z	Z2
egham	Z	Z2
egon	Z	Z1mf
egypt	Z	Z2
egyptian	Z	Z2/S2mf
egyptians	Z	Z2/S2mf
eicknell	Z	Z2
eifel	Z	Z2
eiffel	Z	Z1mf
eiger	Z	Z2
eileen	Z	Z1f
einstein	Z	Z1mf
eipe	Z	Z2
eire	Z	Z2
eisner	Z	Z1
eisteddfod	K	K2/S7.3+c
eisteddfods	K	K2/S7.3
ekins	Z	Z3c
elaine	Z	Z1f
elat	Z	Z2
eldon	Z	Z1mf
eleanor	Z	Z1f
electone	Z	Z3
electra	Z	Z1mf
electrolux	Z	Z3c
elgin	Z	Z1mf
elhikhu	Z	Z1
eliot	Z	Z1m
elizabeth	Z	Z1f
elizabethan	T	T3
elland	Z	Z2
ellat	Z	Z2
elle	Z	Z3c
ellen	Z	Z1f
ellened	Z	Z1f
ellenium	Z	Z3
ellie	Z	Z1f
elliot	Z	Z1mf
ellis	Z	Z1mf
ellory	Z	Z1m
elly	Z	Z1f
elm	L	L3
elmdon	Z	Z2
elms	Z	Z3c
elouise	Z	Z1f
elpasso	Z	Z2
elsa	Z	Z1f
elton	Z	Z1mf
elu	Z	Z3c
elvis	Z	Z1m
ely	Z	Z1m
elysee	Z	Z2
emap	Z	Z3
embankment	Z	Z2
embassy	G	G1.1c
embroidery	C	C1
emell	Z	Z1mf
emilia	Z	Z1f
emily	Z	Z1f
eminence	A	A11.1
emirate	Z	Z2
emirates	Z	Z2
emissaries	G	G1.1/S2mf
emissary	G	G1.1/S2mf
emkay	Z	Z3c
emm	Z	Z4
emma	Z	Z1f
emmanuel	Z	Z1m
emmerdale	Z	Z3c
emoryville	Z	Z2
emperor	S	S7.1
empire	Z	Z3c
emrail	Z	Z3c
emrod	Z	Z1m
emsley	Z	Z3c
emu	L	L2
enchantments	S	S9
encyclical	S	S9/Q1.2
endfieldonian	Z	Z2/S2mf
endsleigh	Z	Z3c
enfield	Z	Z2
enfieldonian	Z	Z2/S2mf
eng	Z	Z2/Q3
engels	Z	Z1
england	Z	Z2
english	Z	Z2/Q3
english-educated	Z	Z2/P1
english-language	Z	Z2/Q3
english-speaking	Z	Z2/Q3
englishman	Z	Z2/S2.2m
englishmen	Z	Z2/S2.2m
englishness	Z	Z2/S1.2
engraver	C	C1/S2mf
enid	Z	Z1f
ennerdale	Z	Z2
enrolled	Q	Q2.2
enron	Z	Z3c
enterprise	Z	Z3fn
eom	Z	Z3c
epcot	Z	Z3c
ephesian	Z	Z2
ephesians	Z	Z3
ephesus	Z	Z2
epiphany	S	S9
episcopalian	S	S9
epping	Z	Z2
epsom	Z	Z2
epson	Z	Z3c
epsons	Z	Z3c
eq	Z	Z3c
equinox	Z	Z3c
equitable	Z	Z3c
erck	Z	Z1
erddig	Z	Z2
erdington	Z	Z2
ergo	Z	Z5
eric	Z	Z1m
ericsson	Z	Z3c
erik	Z	Z1m
erikson	Z	Z1mf
eriksson	Z	Z1
erith	Z	Z2
eritrea	Z	Z2
eritreans	Z	Z2/S2mf
ernest	Z	Z1m
eros	Z	Z1m/S3.2
erpingham	Z	Z1mf
erskine	Z	Z1mf
ervin	Z	Z1m
escada	Z	Z3c
escador	Z	Z3c
escariot	Z	Z1
escort	Z	Z3
escorted	S	S3.1
esher	Z	Z2
eskdale	Z	Z2
eskimo	Z	Z2/S2mfc
eskimos	Z	Z2/S2mfc
eslem	Z	Z3
espace	Z	Z3
esperanto-land	Q	Q3
espine	Z	Z2
espresso	F	F2
esq	S	S2.2m
esqs	S	S2.2m
esquire	S	S2.2m
esserton	Z	Z2
essex	Z	Z2
esso	Z	Z3c
estella	Z	Z1f
estelle	Z	Z1mf
esther	Z	Z1f
estonia	Z	Z2
estonian	Z	Z2
estonians	Z	Z2/S2mf
estopona	Z	Z2
ethiopia	Z	Z2
ethiopian	Z	Z2
ethnomedicine	B	B3
etna	Z	Z2
eton	Z	Z2
etruscan	Z	Z2
eucharist	S	S9
eucharistic	S	S9
euclid	Z	Z1m
eugenia	Z	Z1f
eunice	Z	Z1f
eunuch	S	S2.2m
euphrates	Z	Z2
eureka	Z	Z4
euro	Z	Z2
euro-american	Z	Z2
euro-elections	G	G1.2
euro-election	G	G1.2/X7+/Z2
eurobond	I	I1
eurocheque	I	I1
eurocrat	G	G1.1/S2mf
eurodisney	Z	Z3c
eurojargon	Q	Q3/Z2
euromoney	I	I1/Z2
europa	Z	Z3
europak	Z	Z3c
europe	Z	Z2
europe-wide	M	M7
european	Z	Z3
european-made	A	A1.1.1/Z2
europeans	Z	Z2/S2mf
eurovision	Z	Z3c
eusebia	Z	Z1f
euston	Z	Z2
eva	Z	Z1f
evangelical	S	S9
evans	Z	Z1mf
eve	Z	Z1f
eveco	Z	Z3c
even-service	S	S9
everest	Z	Z2
everglades	Z	Z2
everit	Z	Z1mf
everton	Z	Z3c
everyidea	Z	Z3c
eves	T	T1.2
evesham	Z	Z2
evian	Z	Z3c
evo	Z	Z3c
evoid	Z	Z3
evos	Z	Z3c
evostick	Z	Z3
ewan	Z	Z1mf
ewart	Z	Z1mf
ewe	Z	Z2/S2mf
ewell	Z	Z2
ewen	Z	Z1m
ewenny	Z	Z2
ewing	Z	Z1mf
ewings	Z	Z3c
ex	Z	Z5
ex-directory	Q	Q1.3
examining	X	X2.4
excalibur	Z	Z3/G3
excel	Z	Z3c
excellency	S	S7.1+/S2.2m
exchequer	G	G1.1/I1c
exeter	Z	Z2
exeunt	K	K4/M1
exhibitionist	G	G2.1-/S2.2m
exley	Z	Z1
exmoor	Z	Z2
expander	Z	Z3
expandite	Z	Z3
expandites	Z	Z3
expedia	Z	Z3c/Y2
experian	Z	Z3
expo	Z	Z3c
express	Z	Z3c
exxon	Z	Z3c
ezra	Z	Z1m
f	Z	Z5
f-reg	Z	Z3
f1	Z	Z3
fa	Z	Z3c
fao	Z	Z3
fass	P	P1/Z3c
fc	K	K5.1/S5+c
fcf	I	I1
fcfs	I	I1
fcw	Z	Z3
fd	Z	Z3/G2
fdi	Z	Z3
fdis	Z	Z3
fdp	Z	Z3c
fe	P	P1
fewsnet	Z	Z3
fimbra	Z	Z3c
finis	T	T2
fis	I	I1.1/G1.1
fm	Q	Q4.3
fmbra	Z	Z3c
fmcg	Z	Z3c
fmd	Z	Z3c
fme	B	B3/S2mf
fmln	Z	Z3c
fortran	Y	Y2
fosenet	Z	Z3
fpi	Z	Z3
fpn	Q	Q2.2
fpr	Z	Z3
frg	Z	Z3
fsa	Z	Z3
fsb	Z	Z3
fss	P	P1/Z3c
ft	Z	Z3c
ftse	I	I2.1
ftse-100	I	I2.1
fwetalk.com	Z	Z3c/Y2
fx	Q	Q4.3
fy	T	T1.3/I1
fy00	T	T1.3/I1
fy01	T	T1.3/I1
fy02	T	T1.3/I1
fy07	T	T1.3/I1
fy0l	T	T1.3/I1
fy2000	T	T1.3/I1
fy2002	T	T1.3/I1
fy96	T	T1.3/I1
fy97	T	T1.3/I1
fy98	T	T1.3/I1
fy99	T	T1.3/I1
fyi	Z	Z4
fabians	G	G1.2/S2mf
fable	S	S9
facebook	Z	Z3c/Y2
faders	K	K3
fadies	K	K3
faed	Z	Z1mf
fagan	Z	Z1mf
faggons	Z	Z2
fahd	Z	Z1mf
fahrenheit	O	O4.6
fairchild	Z	Z1mf
fairclough	Z	Z1
fairfield	Z	Z2
fairford	Z	Z2
fairsworth	Z	Z2
fairview	Z	Z3c
fairwater	Z	Z2
falcon	Z	Z3c
falconbridge	Z	Z1mf
falcons	Z	Z3
falkirk	Z	Z2
falklands	Z	Z2
falmer	Z	Z2
falmers	Z	Z3c
falmouth	Z	Z2
fangs	Z	Z2/S2mf
fantasia	Z	Z3c
fantosi	Z	Z3
fara	Z	Z2
fareham	Z	Z2
farnborough	Z	Z2
farnham	Z	Z2
faro	Z	Z2
farr	Z	Z1mf
farrah	Z	Z1f
farrahs	Z	Z3c
farrell	Z	Z1mf
farringdon	Z	Z2
farthing	Z	Z1mf
faschi	Z	Z3c
fashinu	Z	Z1mf
faso	Z	Z2
fatima	Z	Z2
faulconbridge	Z	Z1mf
faversham	Z	Z2
fawlty	Z	Z1mf
fay	Z	Z1mf
fay-powell	Z	Z1mf
fayed	Z	Z1m
fayette	Z	Z2
fayre	Z	Z1m
fazwinna	Z	Z1f
feb	T	T1.3
february	T	T1.3
federation	S	S5+c
feeble	Z	Z1mf
feins	Z	Z1
felcra	Z	Z3c
felcras	Z	Z3c
felda	Z	Z3c
feldberg	Z	Z1
felicity	Z	Z1f
felina	Z	Z1f
felixstowe	Z	Z2
feltham	Z	Z1mf
femail	Z	Z3
fenchurch	Z	Z2
fender	Z	Z3c
fendi	Z	Z3c
fenham	Z	Z2
fenhem	Z	Z1mf
fennell	Z	Z1
fenton	Z	Z1m
fenwick	Z	Z3c
fenwicks	Z	Z3c
ferdinand	Z	Z1m
fergie	Z	Z1f
ferguson	Z	Z1mf
fern	Z	Z1f
fernandez	Z	Z1mf
fernandinos	Z	Z2/S2mf
fernbank	Z	Z3c
fernhill	Z	Z2
ferosapore	Z	Z2
ferranti	Z	Z3c
ferrantis	Z	Z3c
ferrari	Z	Z3c
ferrers	Z	Z3c
ferris	Z	Z1f
festiniog	Z	Z2
fetishism	S	S9
fez	Z	Z2
fiat	Z	Z3c
fiddler	Z	Z1mf
fidelity	Z	Z3c
fielding	Z	Z1mf
fiesta	Z	Z3fn
fife	Z	Z2
fiftieth	N	N1
fifty	N	N1
figaro	Z	Z3c
figuera	Z	Z2
fiji	Z	Z2
fijian	Z	Z2/S2mf
fijians	Z	Z2/S2mf
filipino	Z	Z2/S2mf
filipinos	Z	Z2/S2mf
filo	Z	Z3c
fina	Z	Z3c
finbar	Z	Z1m
finch	Z	Z1
finchley	Z	Z2
findis	Z	Z3c
finelow	Z	Z3c
finland	Z	Z2
finn	Z	Z1mf
finnes	Z	Z1
finningley	Z	Z2
finningly	Z	Z2
finns	Z	Z2/S2mf
finola	Z	Z1f
finsbury	Z	Z1
fiona	Z	Z1f
fione	Z	Z1f
firebird	Z	Z3c
firenza	Z	Z2
firesend.co.uk	Z	Z3c
firestar	Z	Z1
firestone	Z	Z3c
fischer	Z	Z3
fishburn	Z	Z3c
fisher	Z	Z1
fisheries	F	F4/M4
fishguard	Z	Z2
fissons	Z	Z3c
fitch	Z	Z1mf
fitjitsu	Z	Z3c
fitz	Z	Z1m
fitzgerald	Z	Z1
fitzpatrick	Z	Z1
fitzwater	Z	Z1mf
fixit	Z	Z3c
flaading	Z	Z2
flackwell	Z	Z2
flametree	Z	Z3c
flamingo	L	L2mfn
flanders	Z	Z2
flash	Z	Z3
fleet	Z	Z2
fleetwood	Z	Z2
fleming	Z	Z1
flemings	Z	Z2/S2mf
flemish	Z	Z2
flemming	Z	Z1mf
flextronics	Z	Z3c
flimby	Z	Z2
flint	Z	Z1mf
flora	Z	Z3
florence	Z	Z2
florida	Z	Z2
florida-based	Z	Z2/M6
flow	Z	Z2
floyd	Z	Z1mf
fogarty	Z	Z1
foh	Z	Z1
foirstar	Z	Z1
folio	Q	Q1.2
folkard	Z	Z1
folkestone	Z	Z2
fonda	Z	Z1mf
fontainbleu	Z	Z2
foo	Z	Z1mf
foraker	Z	Z2
forbes	Z	Z3c
forbishen	Z	Z1mf
ford	Z	Z1mf
fords	Z	Z3c/M3
forecast.com	Z	Z3c/Y2
forest	Z	Z3c
forester	Z	Z1mf
forestry	F	F4
formica	O	O1.1
forrest-lands	W	W3
forster	Z	Z1mf
forsters	Z	Z1mf
forsyte	Z	Z1mf
forsyth	Z	Z1mf
forsythe	Z	Z1mf
fortifications	G	G3
fortrand	Z	Z2
fortronic	Z	Z3
fossil	Z	Z3c
foster	Z	Z1mf
foster-designed	Z	Z1
fosters	Z	Z3c
foucault	Z	Z1
fourlane	Z	Z2
fox	L	L2mfn
foxfire	Z	Z3c
foxham	Z	Z2
foxside	Z	Z2
foxtrot	K	K1
foyboys	Z	Z3c
framlington	Z	Z2
framlingtons	Z	Z3c
franc	I	I1
franca	Z	Z1f
francais	Z	Z2
france	Z	Z2
france-based	Z	Z2/M6
francesca	Z	Z1f
francis	Z	Z1m
franciscan	Z	Z3/S2mf
francisco	Z	Z1m
franco	Z	Z1mf
francois	Z	Z1m
francoise	Z	Z1f
frangi	Z	Z1
franglais	Q	Q3
frank	Z	Z1m
frankenstein	Z	Z1mf
frankfurt	Z	Z2
frankie	Z	Z1mf
franklin	Z	Z1m
fransisco	Z	Z1m
frantees	Z	Z3c
fraser	Z	Z1mf
frasier	Z	Z1m
frazer	Z	Z1mf
fred	Z	Z1m
freda	Z	Z1f
freddie	Z	Z1m
frederick	Z	Z1m
fredrick	Z	Z1mf
freemans	Z	Z3c
freemarket	Z	Z3c
freeserve	Z	Z3c
freetown	Z	Z2
freiberg	Z	Z2
freire	Z	Z1
french	Z	Z2
french-	Z	Z2
french-based	Z	Z2/M6
frenchman	Z	Z2/S2.2m
frenchmen	Z	Z2/S2.2m
freshfields	Z	Z2
freud	Z	Z1mf
freudian	B	B3/X1
friar	S	S9/S2.2m
friday	T	T1.3
fridays	T	T1.3
frieda	Z	Z1f
friedrichshafen	Z	Z2
friends	Z	Z3c
friesian	Z	Z2
frimley	Z	Z2
frisians	Z	Z2/S2mf
frisk	Z	Z3c
friulians	Z	Z2/S2mf
frizington	Z	Z2
frome	Z	Z2
fronterian	Z	Z3c
frontier	Z	Z3c
frost	Z	Z1mf
froteri	L	L2mfn
frutti	Z	Z3
fry	Z	Z1
fudge	Z	Z3mn
fuengerola	Z	Z2
fuengirola	Z	Z2
fuhrer	S	S7.1+/S2.2m
fuji	Z	Z3c
fujimori	Z	Z1mf
fukien	Z	Z2
fulford	Z	Z2
fulham	Z	Z2
furness	Z	Z2
fylde	Z	Z2
führer	S	S7.1+/S2.2m
g.b.	Z	Z2
g.m.	Z	Z3c
g/kids	S	S4mf
ga	Z	Z3c
gatt	Z	Z3
gb	Z	Z2
gb11	Z	Z3
gbas	Z	Z3
gbf	Z	Z3
gbh	G	G2.1/E3
gbn	Z	Z3
gce	P	P1
gchq	Z	Z3
gcse	P	P1
gdn	Z	Z3
gdp	I	I1.1
gdr	Z	Z2
ge	Z	Z3
gec	Z	Z3c
genia	Z	Z3/Y2/X2.2
gfk	Z	Z3c
gft	Z	Z3c
ghq	Z	Z3
gi	Z	Z3c
gis	Z	Z3/Y2
gjw/bsmg	Z	Z3
gl	Z	Z3
glc	Z	Z3c
glner	Z	Z3c/M3fn
glr	Z	Z3c
gm	Y	Y1/A2.1
gmbq	Z	Z3c
gmex	Z	Z3
gmo	Y	Y1/A2.1
gmos	Y	Y1/A2.1
gmp	Z	Z3c
gmr	Z	Z3c
gmt	Z	Z3/T1
gnt	M	M3
gnvq	P	P1
go4	N	N1
goe	Z	Z3
gp	B	B3/S2mf
gp100	Z	Z3fn
gpa	P	P1
gpo	Z	Z3c
gprs	Z	Z3
gre	P	P1
grid-based	Y	Y2
gris	Z	Z3
gsbq	P	P1
gsce	P	P1
gsl	P	P1
gsm	N	N3.5
gsoh	E	E4.1
gt	Z	Z3c
gta	P	P1/S2mf
gtx	Z	Z3
guil	Z	Z1
gus	Z	Z3c
gvt	Y	Y2
gwr	Z	Z3c
gabatini	Z	Z1mf
gabawfawr	Z	Z2
gabon	Z	Z2
gabonese	Z	Z2/S2mf
gabriel	Z	Z1mf
gabriele	Z	Z1f
gabriella	Z	Z1f
gabrielle	Z	Z1f
gael	Z	Z2/S2mf
gaelic	Z	Z2/Q3
gaetano	Z	Z1m
gage	Z	Z1mf
gail	Z	Z1f
gaillen	Z	Z1mf
gainsborough	Z	Z1mf
gairloch	Z	Z2
gal	Z	Z1mf
galbrack	Z	Z2
galbraith	Z	Z1mf
galgate	Z	Z2
galilee	Z	Z2
gallagher	Z	Z1mf
galleria	Z	Z3c
galliano	Z	Z1
gallic	Z	Z2
gallini	Z	Z1mf
galloway	Z	Z2
gallows	G	G2.1/L1
gallup	Z	Z3c
galstone	Z	Z2
galway	Z	Z2
gambia	Z	Z2
gambian	Z	Z2
gambians	Z	Z2/S2mf
gameboy	Z	Z3/K5.2
gamuda	Z	Z3c
ganges	Z	Z2
ganna	Z	Z1m
ganquan	Z	Z2
gao	Z	Z1
gap	Z	Z3c
garcia	Z	Z1mf
garda	G	G2.1c
gardener	Z	Z1mf
gardiner	Z	Z1mf
gardner	Z	Z1mf
gareth	Z	Z1m
garfunkel	Z	Z1mf
garland	Z	Z1mf
garner	Z	Z1mf
garnet	Z	Z1mf
garnett	Z	Z1mf
garry	Z	Z1m
garth	Z	Z1m
gartmore	Z	Z1mf
garu	Z	Z3c
gary	Z	Z1m
gascony	Z	Z2
gascoyne	Z	Z1mf
gascoynes	Z	Z3c
gash	Z	Z1mf
gateshead	Z	Z2
gateway	Z	Z3c
gateways	Z	Z3c
gatorade	F	F2
gatwick	Z	Z2
gauch	Z	Z2
gauches	Z	Z2
gaudie	Z	Z1mf
gaul	Z	Z2/S2mf
gaulle	Z	Z1mf
gauls	Z	Z2/S2mf
gavin	Z	Z1m
gaviria	Z	Z1mf
gawd	Z	Z4
gaynor	Z	Z1mf
gaza	Z	Z2
gazza	Z	Z1m
ged	Z	Z1m
gee	Z	Z1mf
geldof	Z	Z1mf
geldorf	Z	Z1mf
gemas	Z	Z3c
gemini	S	S9
geminian	S	S9/S2mf
gemma	Z	Z1f
gene	Z	Z1m
genesis	Z	Z3
geneva	Z	Z2
genna	Z	Z1f
genoa	Z	Z2
genting	Z	Z3c
genyth	Z	Z2
geoconference	Z	Z3c
geoff	Z	Z1m
geoffrey	Z	Z1m
geographic	Z	Z3c
geophysics	W	W3/Y1
geordie	Z	Z2/S2mf
geordies	Z	Z2/S2mf
george	Z	Z1m
georgetown	Z	Z2
georgia	Z	Z2
georgiadis	Z	Z1m
georgian	Z	Z2
georgina	Z	Z1f
gerald	Z	Z1m
geraldine	Z	Z1f
geralds	Z	Z3c
gerard	Z	Z1m
gerleys	Z	Z3c
germaine	Z	Z1f
german	Z	Z2/S2mf
german-jewish	Z	Z2
german-language	Z	Z2/Q3
german-speaking	Z	Z2/Q3
germanic	Z	Z2
germans	Z	Z2/S2mf
germany	Z	Z2
germolene	Z	Z3
gerrards	Z	Z3c
gerry	Z	Z1mf
gertie	Z	Z1f
gertrude	Z	Z1f
geseke	Z	Z2
gestalt	B	B3/X1
gestaltist	B	B3/X1
gethin	Z	Z1f
gevano	Z	Z2
ghana	Z	Z2
ghanaian	Z	Z2/S2mf
ghanaians	Z	Z2/S2mf
ghent	Z	Z2
ghia	Z	Z3fn
ghost	Z	Z3
gibbs	Z	Z1mf
gibraltar	Z	Z2
gibson	Z	Z1mf
giffnock	Z	Z2
gifford	Z	Z1mf
giggs	Z	Z1mf
gilbare	Z	Z2
gilbert	Z	Z1mf
giles	Z	Z1mf
gill	Z	Z1mf
gillian	Z	Z1f
gillingham	Z	Z2
gilmore	Z	Z1mf
gilzine	Q	Q4.2
gina	Z	Z1f
ginelli	Z	Z1mf
gino	Z	Z1m
giorgio	Z	Z1m
gipsy	S	S2mf
giza	Z	Z2
gizlane	Z	Z3c
gladdick	Z	Z2
gladstone	Z	Z1mf
glamorgan	Z	Z2
glansdale	Z	Z1mf
glasgow	Z	Z2
glasgwegian	Z	Z2/S2mf
glasgwegians	Z	Z2/S2mf
glastonbury	Z	Z2
glaswegian	Z	Z2/S2mf
glaswegians	Z	Z2/S2mf
glaxo	Z	Z3c
glaxosmithkline	Z	Z3c
gleedless	Z	Z3c
gleeson	Z	Z1mf
gleevers	Z	Z2
glenbourne	Z	Z3c
glencoe	Z	Z2
glenda	Z	Z1f
glendower	Z	Z1mf
glenfiddich	Z	Z3c
glenfinnon	Z	Z2
glengate	Z	Z2
glenlivet	Z	Z3c
glenmoor	Z	Z3c
glenn	Z	Z1mf
glenrhonda	Z	Z2
glenrothes	Z	Z2
glimpston	Z	Z2
global	Z	Z3c
gloria	Z	Z1f
glory	S	S7.2
glos	Z	Z2
glossop	Z	Z2
gloucester	Z	Z2
gloucesters	Z	Z1mf
gloucestershire	Z	Z2
glover	Z	Z1mf
glydden	Z	Z1mf
glyddon	Z	Z1mf
glyndebourne	Z	Z2
glynn	Z	Z1mf
glynys	Z	Z1f
goa	Z	Z2
goanese	Z	Z2
god	S	S9
god-given	S	S9/A9
godalming	Z	Z2
godfather	Z	Z3
godfrey	Z	Z1mf
godley	Z	Z1mf
godot	Z	Z1
gods	S	S9
godspell	Z	Z3
goenen	Z	Z1mf
goett	Z	Z1mf
gogh	Z	Z1mf
golanski	Z	Z1mf
gold	Z	Z3
goldberg	Z	Z1mf
goldman	Z	Z1
goldsmith	Z	Z1mf
goldsmiths	Z	Z3c
goldsworth	Z	Z1mf
goldwyn	Z	Z1mf
golf	Z	Z3
gong	Z	Z1mf
gooch	Z	Z1mf
goodhew	Z	Z1mf
goodhope	Z	Z3c
goodison	Z	Z2
goodman	Z	Z1mf
goodwin	Z	Z1mf
goodwood	Z	Z2/K5.1
goodyear	Z	Z3c
goofy	Z	Z3m
google	Z	Z3c/Y2
gooreng	F	F1
goosewell	Z	Z2
goran	Z	Z2
gorbachev	Z	Z1mf
gorbachov	Z	Z1mf
gorbles	Z	Z2
gordon	Z	Z1mf
gordy	Z	Z1m
gore-tex	Z	Z3/B5/O1.1
gore-texes	Z	Z3/B5/O1.1
gorston	Z	Z2
gosforth	Z	Z2
gosling	Z	Z1mf
gosport	Z	Z2
gossard	Z	Z1mf
gothenburg	Z	Z2
gough	Z	Z1
gould	Z	Z1mf
gourock	Z	Z2
govan	Z	Z2
governmental	G	G1.1
govett	Z	Z1
gower	Z	Z1mf
goya	Z	Z1mf
grabiner	Z	Z1
gracie	Z	Z1f
graeme	Z	Z1m
graf	Z	Z1mf
graff	Z	Z1mf
grafton	Z	Z1mf
graham	Z	Z1mf
grainger	Z	Z2
grainhills	Z	Z3c
grampian	Z	Z2
granada	Z	Z3c
grange	Z	Z2
grangers	Z	Z3
grant	Z	Z1mf
grantchester	Z	Z2
grantham	Z	Z3c
grantley	Z	Z1
grasmere	Z	Z2
grassmere	Z	Z2
grattans	Z	Z3c
gravesend	Z	Z2
gravesham	Z	Z2
gray	Z	Z1mf
grays	Z	Z3c
grazianni	Z	Z3c
grea	Z	Z1f
grease	Z	Z3
greaves	Z	Z1mf
greavesie	Z	Z1m
grecian	Z	Z2/S2mf
greece	Z	Z2
greek	Z	Z2/S2mf
greek-catholic	S	S9
greeks	Z	Z2/S2mf
greenback	Z	Z2
greenbank	Z	Z2
greene	Z	Z1mf
greenfield	Z	Z2
greenford	Z	Z2
greengate	Z	Z2
greenhills	Z	Z2
greenland	Z	Z2
greenlanders	Z	Z2/S2mf
greenman	Z	Z1mf
greenock	Z	Z2
greenpeace	Z	Z3c
greensport	Z	Z3c
greenwich	Z	Z2
greer	Z	Z1mf
greg	Z	Z1m
gregor	Z	Z1m
gregorian	Z	Z1
gregory	Z	Z1mf
gregstown	Z	Z2
grenada	Z	Z2
grenadian	Z	Z2/S2mf
grenadians	Z	Z2/S2mf
grenall	Z	Z1
grenfell	Z	Z3c/B5/O1.1
grenoble	Z	Z2
grenock	Z	Z2
gresham	Z	Z1mf
greshams	Z	Z3c
gretna	Z	Z2
grey	Z	Z1mf
greyfriars	Z	Z3c
griffeths	Z	Z1mf
griffith	Z	Z1mf
grimaud	Z	Z2
grimm	Z	Z1mf
grimsby	Z	Z2
grimstone	Z	Z2
griracker	Z	Z2
groat	Z	Z2
grobachev	Z	Z1mf
grockle	M	M1/S2mf
grockles	M	M1/S2mf
grosvenor	Z	Z1mf
grotton	Z	Z2
groucho	Z	Z1
grouse	Z	Z3c
grove	Z	Z1mf
groves	Z	Z3c
grue	Z	Z1mf
grunfeld	Z	Z1
guadeloupans	Z	Z2/S2mf
guadeloupe	Z	Z2
guam	Z	Z2
guan	Z	Z1
guanghua	Z	Z3
guardian	Z	Z3c
guatemala	Z	Z2
guatemalan	Z	Z2/S2mf
guatemalans	Z	Z2/S2mf
gucci	Z	Z3c
gudang	Z	Z3c
gudgeon-rogers	Z	Z1
guerney	Z	Z1mf
guernsey	Z	Z2
guianese	Z	Z2/S2mf
guildford	Z	Z2
guildfordian	Z	Z2
guildfordians	Z	Z2/S2mf
guilds	S	S5
guilford	Z	Z1mf
guinea	Z	Z2
guinea-bissau	Z	Z2
guinea-bissauans	Z	Z2/S2mf
guinean	Z	Z2
guineans	Z	Z2/S2mf
guiness	Z	Z3c
guinness	Z	Z3c
gujarat	Z	Z2
gulf	Z	Z3c
gulfstream	Z	Z2
gulfstreams	Z	Z2
gummer	Z	Z1mf
gunawan	Z	Z3c
gunnerslake	Z	Z2
gurney	Z	Z1mf
guru.com	Z	Z3c/Y2
gurun	Z	Z2
guthrie	Z	Z3c
guttenberg	Z	Z2
guv	S	S7.1+/S2mf
guy	Z	Z1mf
guyana	Z	Z2
guyanese	Z	Z2/S2mf
gwellen	Z	Z1mf
gwen	Z	Z1f
gwent	Z	Z2
gwyn	Z	Z1mf
h	Z	Z5
hc2	Z	Z2
hci	Y	Y2
hcima	Z	Z3
hctb	Z	Z3/P1
hefce	P	P1/Z3c
hgs	Z	Z3c
hgv	M	M3fn
hiv	B	B2
hiv-positive	B	B2
hiv/aids	B	B2
hk	Z	Z2
hk$105,000	I	I1
hlg	Z	Z3c
hls	Z	Z3c
hmi	P	P1/S2mf
hms	Z	Z3
hmso	Z	Z3c
hmv	Z	Z3c
hnc	P	P1
hnd	P	P1
ho	N	N3.1
horton	Z	Z1mf
hp	Z	Z3c
hp3000	Z	Z3
hq	Z	Z3c
hr	Z	Z3c
hrc	Z	Z3c
hrd	I	I2.1
hrt	B	B3
hsbc	Z	Z3c
hsc	Z	Z3
hscsd	Z	Z3c
hssc	Z	Z3c
html	Y	Y2
htv	Z	Z3c
hvg	M	M3fn
hvnt	Z	Z3c
habble	Z	Z2
habeshaw	Z	Z1
habitat	Z	Z3c
hackenthorpe	Z	Z2
hacker	Z	Z1mf
hackitt	Z	Z1mf
hackney	Z	Z2
hademas	Z	Z1mf
hades	S	S9
hadid	Z	Z1mf
haematologist	B	B3/S2mf
haematology	B	B3
haemophiliac	B	B2-/S2mf
hagar	Z	Z1mf
hague	Z	Z2
haig	Z	Z1mf
hailsham	Z	Z1mf
hailsworth	Z	Z2
hailwood	Z	Z2
haines	Z	Z1mf
haiti	Z	Z2
haitian	Z	Z2/S2mf
haitians	Z	Z2/S2mf
haken	Z	Z2
hale	Z	Z1mf
halen	Z	Z1mf
halesowen	Z	Z2
halewood	Z	Z2
haley	Z	Z1mf
halfords	Z	Z3c
halifax	Z	Z2
halim	Z	Z1m
halkidiki	Z	Z2
hallam	Z	Z1mf
hallard	Z	Z1mf
halle	Z	Z2
hallercamp	Z	Z2
hallmarked	C	C1
halloween	T	T1.3/S9
hallows	S	S9/S2mf
hallucin	Z	Z3c
hallware	O	O2
halpen	Z	Z1mf
halsowen	Z	Z2
halton	Z	Z2
hamble	Z	Z2
hambro	Z	Z3c
hambros	Z	Z3c
hamburg	Z	Z2
hamdan	Z	Z1m
hamden	Z	Z1mf
hamell	Z	Z1mf
hamilton	Z	Z1mf
hamish	Z	Z1m
hamlet	Z	Z1m
hamlets	Z	Z3c
hamley	Z	Z1mf
hamlington	Z	Z2
hammersmith	Z	Z2
hammond	Z	Z1
hampshire	Z	Z2
hampshire-based	Z	Z2
hampstead	Z	Z2
hampton	Z	Z2
hamzah	Z	Z1m
han	Z	Z2/S2mf
hanbrook	Z	Z1mf
hancock	Z	Z1mf
handcock	Z	Z1mf
handelsblatt	Z	Z1m
handsworth	Z	Z2
handycross	Z	Z2
hangbull	Z	Z2
hanglet	Z	Z3c
hank	Z	Z1m
hanks	Z	Z1mf
hanley	Z	Z1mf
hanna	Z	Z1mf
hannah	Z	Z1mf
hanoi	Z	Z2
hanover	Z	Z2
hanra	Z	Z3
hans	Z	Z1m
hansborough	Z	Z2
hansen	Z	Z1
hanson	Z	Z1mf
hansworth	Z	Z2
hants	Z	Z2
harari	Z	Z2
harbin	Z	Z2
harbourne	Z	Z2
hardboard	O	O1.1
harden	Z	Z1mf
harding	Z	Z1mf
hardy	Z	Z1mf
harefield	Z	Z2
harewood	Z	Z2
haringey	Z	Z2
harlequin	Z	Z1m/K4
harlequins	Z	Z1m/K4
harlesden	Z	Z2
harleys	Z	Z3c/S7.1+/S2mf
harlstone	Z	Z2
harmondsworth	Z	Z3
harold	Z	Z1m
harpenden	Z	Z2
harpers	Z	Z3c
harrishock	Z	Z3c
harriers	Z	Z3c
harriet	Z	Z1f
harringtons	Z	Z3c
harris	Z	Z1mf
harrison	Z	Z1mf
harrisons	Z	Z3c
harrods	Z	Z3c
harrogate	Z	Z2
harrop	Z	Z1mf
harrow	Z	Z2
harrowgate	Z	Z2
harry	Z	Z1mf
hart	Z	Z1mf
hartland	Z	Z1mf
hartlepool	Z	Z2
hartley	Z	Z1mf
harvard	Z	Z1mf
harvesters	Z	Z3c
harvey	Z	Z1mf
harvey-jones	Z	Z1mf
harwich	Z	Z2
hashim	Z	Z1m
haskell	Z	Z1mf
haslehill	Z	Z2
haslingden	Z	Z2
hastings	Z	Z1mf
hastock	Z	Z2
hatchams	Z	Z3c
hatters	B	B5/S2mf
hatton	Z	Z2
hauptstede	Z	Z1mf
hausa	Z	Z2/S2mf
havana	Z	Z2
havannah	Z	Z2
havant	Z	Z2
havard	Z	Z2
haven	Z	Z3c
haversham	Z	Z2
havershaw	Z	Z2
hawaii	Z	Z2
hawaiian	Z	Z2
hawardian	Z	Z2
hawke	Z	Z1mf
hawkings	Z	Z1
hawkins	Z	Z1
hawkshead	Z	Z3c
hawley	Z	Z1
hawthorn	Z	Z1mf
haybury	Z	Z2
haydn	Z	Z1mf
haydock	Z	Z2
hayes	Z	Z2
haygarth	Z	Z1
hayle	Z	Z2
hayling	Z	Z2
haymarket	Z	Z2
hayside	Z	Z3
haythornthwaite	Z	Z1
haywain	F	F4
haywards	Z	Z1mf
hazaras	Z	Z2/S2mf
hazchems	O	O1/A15
hazel	Z	Z1f
hazell	Z	Z1mf
hazelmere	Z	Z2
hazlemere	Z	Z2
headland	Z	Z3c
healey	Z	Z1mf
healthcare	B	B3
heatex	Z	Z3c
heath	Z	Z1mf
heathcote	Z	Z2
heathenism	S	S9
heather	Z	Z1mf
heathfield	Z	Z2
heathrow	Z	Z2
heaton	Z	Z2
hebran	Z	Z2
hebredies	Z	Z2
hebrew	Z	Z2/Q3
hebrides	Z	Z2
hector	Z	Z1m
hectors	Z	Z3c
heely	Z	Z1f
heidelburg	Z	Z2
heider	Z	Z2
heidi	Z	Z1f
heighley	Z	Z2
heineken	Z	Z2
heinekin	Z	Z3c
heiniken	Z	Z3c
heinz	Z	Z3c
helen	Z	Z1f
helena	Z	Z1f
helene	Z	Z1f
helens	Z	Z1c
helensborough	Z	Z2
helensburgh	Z	Z2
helly	Z	Z1
helmut	Z	Z1m
helsinki	Z	Z2
helvellyn	Z	Z2
helvetica	Z	Z3
hemmings	Z	Z3c
hempstead	Z	Z2
henders	Z	Z2
hendersgill	Z	Z2
henderson	Z	Z1mf
hendersons	Z	Z3c
hendon	Z	Z2
hendrix	Z	Z1mf
heng	Z	Z1m
henley	Z	Z2
henrich	Z	Z1m
henrietta	Z	Z1f
henry	Z	Z1mf
heraklion	Z	Z3c
herald	Z	Z3c
herbert	Z	Z1m
herbie	Z	Z1m
herculean	N	N3.2
hercules	Z	Z1m
hereditaments	S	S1.1.4
hereford	Z	Z2
herefordshire	Z	Z2
herman	Z	Z1m
hermanduphiloma	B	B2
hermaphrodites	S	S2n
hermes	Z	Z3c
hermeskiele	Z	Z2
hermetic	S	S5
hermitage	Z	Z3c
herne	Z	Z2
heroine	Q	Q4.1/S2f
heron	Z	Z3c
herring	Z	Z1mf
herriot	Z	Z1m
hertford	Z	Z2
hertfordshire	Z	Z2
herts	Z	Z2
herzegovina	Z	Z2
heseltine	Z	Z1mf
hesseltine	Z	Z1mf
heston	Z	Z1mf
hew	Z	Z1m
hewlett	Z	Z1mf
hewlett-packard	Z	Z3c/Y2
hewlitt	Z	Z1mf
hexham	Z	Z2
heybrook	Z	Z2
heysham	Z	Z2
hezbollah	Z	Z3
hezell	Z	Z2
hhhh	Z	Z4
hi-tec	Z	Z3c
hi-de-hi	Z	Z3/Q4.3
hian	Z	Z1m
hibs	Z	Z3c
hicks	Z	Z1mf
hicksville	M	M7/A11.1
hierdahl	Z	Z1mf
higgings	Z	Z1mf
higgins	Z	Z1mf
high-treason	G	G2.1
highbury	Z	Z2
highcross	Z	Z2
highfield	Z	Z2
highgate	Z	Z2
highland	M	M7
highlander	Z	Z2/S2mf
highlanders	Z	Z2/S2mf
highlecks	Z	Z2
highway	Z	Z3
hijinx	Z	Z3c
hilary	Z	Z1mf
hildas	Z	Z1mf
hildegaard	Z	Z1f
hillhead	Z	Z2
hillmarsh	Z	Z2
hillsborough	Z	Z2
hillside	Z	Z2
hillstones	Z	Z2
hillyer	Z	Z1mf
hilton	Z	Z3c
hilversum	Z	Z2
himalaya	Z	Z2
himalayan	Z	Z2
himalayas	Z	Z2
himatic	Z	Z3c
hinderwell	Z	Z2
hindi	Z	Z2
hindman	Z	Z1
hindu	S	S9
hinduism	S	S9
hinduja	Z	Z1
hindujas	Z	Z1
hindus	S	S9/S2mf
hinge	Z	Z1mf
hinman	Z	Z1
hinterland	W	W3
hippodrome	Z	Z3c
hiroshima	Z	Z2
hirst	Z	Z1mf
hiscock	Z	Z1mf
hispanic	Z	Z2
histo-pathologist	B	B3/S2mf
histology	B	B3
histopathologist	B	B3/S2mf
histopathology	B	B3
historica	Z	Z3c
hitachi	Z	Z3c
hitchcock	Z	Z1mf
hitchin	Z	Z2
hitler	Z	Z1mf
hiu	Z	Z1m
hival	Z	Z2
hmm-mm	Z	Z4
hmmm	Z	Z4
hmmmm	Z	Z4
hmong	Z	Z2/S2mf
hobbit	Z	Z3mn
hobhouse	Z	Z3c
hockenheim	Z	Z2
hockley	Z	Z2
hoddeston	Z	Z1mf
hodge	Z	Z1mf
hodges	Z	Z1mf
hodgkinson	Z	Z1mf
hodgkinsons	B	B2
hoe	Z	Z2
hoechsts	Z	Z3c
hoey	Z	Z1mf
hog-yards	H	H3/F4
hogan	Z	Z1mf
hogarth	Z	Z1
hoggett	Z	Z1mf
hogsmill	Z	Z2
hokaido	Z	Z2
holbert	Z	Z1mf
holbien	Z	Z1mf
holbiens	Z	Z3
holborn	Z	Z2
holden	Z	Z1mf
holden-brown	Z	Z3c
holderly	Z	Z1mf
holinplast	Z	Z3c
holland	Z	Z2
hollander	Z	Z2/S2mf
hollanders	Z	Z2/S2mfnc
hollick	Z	Z1m
hollinger	Z	Z1m
hollingsworth	Z	Z1mf
holloway	Z	Z2
holly	Z	Z1f
hollywood	Z	Z2
hollywood-style	Z	Z2/A4.1
holme	Z	Z1
holmer	Z	Z2
holmes	Z	Z1mf
holsters	O	O2/G3
holston	Z	Z2
holyhead	Z	Z2
homcrest	Z	Z3c
homebase	Z	Z3c
homecrest	Z	Z3c
homelink	Z	Z3c
homeloans	Z	Z3c
homer	Z	Z1m
homespots	Z	Z3c
homestead	Z	Z2
homestores	Z	Z3c
honda	Z	Z3c
honduran	Z	Z2/S2mf
hondurans	Z	Z2/S2mf
honduras	Z	Z2
honeywell	Z	Z3c
hong	Z	Z1m
honick	Z	Z2
hons	P	P1
honshu	Z	Z2
hooe	Z	Z2
hooker	Z	Z1mf
hooper	Z	Z1mf
hoover	Z	Z3c
hopeh	Z	Z2
hopei	Z	Z2
hopkins	Z	Z1mf
hopper	Z	Z3c
horatio	Z	Z1m
horizon	Z	Z3c
horlicks	Z	Z3
hormer	Z	Z2
hornby	Z	Z1mf
horne	Z	Z1mf
horner	Z	Z1mf
hornfords	Z	Z3c
hornsby	Z	Z2
hornshire	Z	Z2
horrocks	Z	Z1mf
horseshoe	Z	Z2
horsham	Z	Z2
horwich	Z	Z2
hoskins	Z	Z1mf
hotimsky	Z	Z1
hotpoint	Z	Z3c
hotspur	Z	Z3c
hotspurs	Z	Z3c
houltons	Z	Z3c
houndsworth	Z	Z2
hounslow	Z	Z2
houseman	Z	Z1mf
houston	Z	Z2
hove	Z	Z2
hovercraft	M	M4fnc
hoverport	M	M4/M7c
hovis	Z	Z3c
howard	Z	Z1mf
howards	Z	Z3c
howe	Z	Z1mf
howell	Z	Z1
howells	Z	Z1mf
hows	Z	Z1mf
howson	Z	Z1mf
hoxton	Z	Z2
hoy	Z	Z1m
hoyam	Z	Z2
hoyan	Z	Z2
hsieh	Z	Z2
hubert	Z	Z1m
huddersfield	Z	Z2
huddlestone	Z	Z1mf
hudson	Z	Z1mf
hue-and-cry	E	E4.1
hugh	Z	Z1m
hughes	Z	Z1mf
hughie	Z	Z1m
hugo	Z	Z1mf
huguenot	S	S9/S2mf
huguenots	S	S9/S2mf
huh	Z	Z4
hull	Z	Z2
hulme	Z	Z1mf
humanists	S	S9/S2mf
humberside	Z	Z2c
hume	Z	Z1mf
humphrey	Z	Z1m
humphreys	Z	Z1mf
humphries	Z	Z1mf
hungarian	Z	Z2
hungarian-jewish	Z	Z2
hungarian-born	Z	Z2
hungarians	Z	Z2/S2mf
hungary	Z	Z2
hungerford	Z	Z2
hunniford	Z	Z1mf
hunsworth	Z	Z1
hunt	Z	Z1mf
hunter	Z	Z1mf
hunters	Z	Z3c
huntingdon	Z	Z2
hupeh	Z	Z2
hurd	Z	Z1mf
hurley	Z	Z1
hurst	Z	Z1mf
husein	Z	Z1m
hussain	Z	Z1m
hussein	Z	Z1mf
hussey	Z	Z1
hutchins	Z	Z1m
hutchison	Z	Z1
huti	Z	Z2
hutu	Z	Z2/S2mf
huxwell	Z	Z1mf
hyatt	Z	Z3c
hyde	Z	Z2
hydrangeas	L	L3
hydro	Z	Z3c
hydrodry	B	B5/Z3c
hydrology	Y	Y1/O1.2
hyman	Z	Z1
hymatt	Z	Z3c
hype	Z	Z3c
hythe	Z	Z2
i	Z	Z8mf
i-village	Z	Z3c/Y2
i.r.a.	Z	Z3c
i.t.v.	Z	Z3c
iaps	Z	Z3c
ibm	Z	Z3c
ibnl	Z	Z3c
ic1	S	S5
ic3	S	S5
icb	Z	Z3c
icc	Z	Z3c
iccpr66	Z	Z3
iccprp66	Z	Z3
iccprp89	Z	Z3
icdt	Y	Y2
iceic	Z	Z3c
icesr66	Z	Z3
ici	Z	Z3c
icj	Z	Z3
icl	Z	Z3c
icp	Z	Z3c
ics	Z	Z3c
ict	Z	Z3c
ict-related	Y	Y2
idd	Q	Q1.3
ideaglobal	Z	Z3c
ideaglobal.com	Z	Z3c/Y2
ie-based	Y	Y2
iee	Z	Z3c
ieed	P	P1/Z3c
ielts	P	P1/Q3
iep	P	P1
ifa	Z	Z3c
ifcs	Z	Z3c
ig	Z	Z3c
igcr	Z	Z3
igv	Z	Z3c
ihl	Z	Z3
iht3	G	G1.1/Q1.2
ii	N	N1
iii	N	N1
iip	Z	Z3c
ijm	Z	Z3c
ilo	Z	Z3
imax	Q	Q4.3/H1
imd	Z	Z3/P1
imf	Z	Z3
imf-administered	S	S7.1+/I1
imf-type	A	A4.1
imi	Z	Z3c
imp	Z	Z3c
impm	Z	Z3c
imro	Z	Z3c
insead	Z	Z3c/P1c
ioi	Z	Z3c
iom	Z	Z3
ip	Y	Y2
ipa	Q	Q3
ipms	Z	Z3c
ipo	Z	Z3/I2.2
ipos	Z	Z3/I2.2
ippr	Z	Z3
ipps	Z	Z3
iq	X	X9.1
ir	Z	Z3
ir110	G	G1.1/Q1.2
ir34	G	G1.1/Q1.2
ir80	G	G1.1/Q1.2
ir82	G	G1.1/Q1.2
ir91	G	G1.1/Q1.2
ira	Z	Z3c
iro	Z	Z3
isbn	N	N1/Q4.1
isdn	Y	Y2
isis	Z	Z3c
isl	Z	Z3/A5.1
isp	Z	Z3
isps	Z	Z3
it	Y	Y2
it-friendly	Y	Y2
it-related	Y	Y2
it-savvy	X	X2.2+/Y2
itb	Z	Z3c
itc	Z	Z3c
itma	Z	Z3
itmoc	P	P1
itn	Z	Z3/Q4.3
itu	B	B3c
itv	Z	Z3c
itv1	Z	Z3
ivf	B	B3/S3.2
ivr	Z	Z3
ivs	Z	Z3c
iws	P	P1
iacobescu	Z	Z1
ian	Z	Z1m
iberia	Z	Z3c
iberian	Z	Z2/S2mf
ibiza	Z	Z2
ibrahim	Z	Z1m
ibrox	Z	Z2
ibuprofen	B	B3
icarus	Z	Z1m
iceberg	Z	Z3
iceland	Z	Z2
icelanders	Z	Z2/S2mf
icelandic	Z	Z2
icon	Y	Y2
idaho	Z	Z2
idealab	Z	Z3c
identikit	A	A6.1
idrus	Z	Z1m
igbo	Z	Z2/S2mf
ightham	Z	Z2
iian	Z	Z1m
ike	Z	Z1m
ikea	Z	Z3c
ikia	Z	Z3c
ilchester	Z	Z2
ilford	Z	Z2
ilier	Z	Z2
illey	Z	Z1mf
ilosa	Z	Z1f
imaldi	Z	Z1mf
iman	Z	Z1m
imman	S	S9/S2mf
imogen	Z	Z1f
imperial	S	S7.1
imperialistic	S	S7.1
impian	Z	Z3c
importunities	A	A11.1
imposture	S	S6
impulse	Z	Z3
inc	I	I2.1
independent	Z	Z3c
india	Z	Z2
india-malaysia	Z	Z2
india-based	Z	Z2
indian	Z	Z2
indian-controlled	Z	Z2/S7.1
indiana	Z	Z2
indianapolis	Z	Z2
indians	Z	Z2/S2mf
indies	Z	Z2
indo-china	Z	Z2
indo-chinese	Z	Z2/S2mf
indonesia	Z	Z2
indonesian	Z	Z2
indonesians	Z	Z2/S2mf
industrially	I	I4
indy	Z	Z3
infirmary	B	B3/H1c
ingels	Z	Z1
inglais	Z	Z2
inglesi	Z	Z1mf
ingush	Z	Z2/S2mf
insbrook	Z	Z2
intasun	Z	Z3c
intel	Z	Z3c
inter	Z	Z3c
inter-american	Z	Z2
inter-rail	M	M3
interbrew	Z	Z3c
interflora	Z	Z3c
internat	Z	Z3/Y2
internet	Y	Y2
internet-based	Y	Y2
internet-crazed	E	E2+/Y2
internet-only	Y	Y2
internet-related	Y	Y2
interpretive	X	X2.5
interrailing	M	M3
intramural	S	S5
introit	S	S9/K2
introits	S	S9/K2
introjection	E	E1
inuit	Z	Z2/S2mf
inveraray	Z	Z2
invergowrie	Z	Z2
inverkeithing	Z	Z2
inverness	Z	Z2
invicta	Z	Z3c
iowa	Z	Z2
ipedex	Z	Z3c
ipoh	Z	Z2
ipoh-padang	Z	Z2
ipoh-rawang	Z	Z2
ipswich	Z	Z2
iran	Z	Z2
iranians	Z	Z2/S2mf
iraq	Z	Z2
iraqi	Z	Z2
iraqis	Z	Z2/S2mf
ircon	Z	Z3c
ireland	Z	Z2
irene	Z	Z1f
iris	Z	Z1f
irish	Z	Z2/S2mf
irishman	Z	Z2
irishmen	Z	Z2
irishness	Z	Z2
irlam	Z	Z2
irnbru	Z	Z3
irving	Z	Z1mf
irwell	Z	Z2
irwin	Z	Z1m
isaac	Z	Z1m
isabel	Z	Z1f
isabella	Z	Z1f
isabelle	Z	Z1f
isaiah	Z	Z1m
isenbard	Z	Z1m
ishi	Z	Z1
isidore	Z	Z1m
islam	S	S9
islamabad	Z	Z2
isle	W	W3
isleworth	Z	Z2
islington	Z	Z2
islos	Z	Z2
ism	X	X4.1
isobel	Z	Z1f
isotex	Z	Z3c
israel	Z	Z2
israeli	Z	Z2
israelis	Z	Z2/S2mf
israelite	Z	Z2/S2mf
israelites	Z	Z2/S2mf
istabul	Z	Z2
istambul	Z	Z2
istanbul	Z	Z2
italia	Z	Z2
italian	Z	Z2/S2mf
italian-style	Z	Z2/A4.1
italians	Z	Z2/S2mf
italy	Z	Z2
ithaca	Z	Z2
itshide	Z	Z3c
ivan	Z	Z1m
ivel	Z	Z3c
ives	Z	Z1mf
ivor	Z	Z1m
ivorian	Z	Z2
ivorians	Z	Z2/S2mf
ivy	Z	Z1f
ivybridge	Z	Z2
izmir	Z	Z2
j	Z	Z5
j'adore	Z	Z3/B4
j-card	Y	Y2/C1
j.b.	Z	Z3c
j.k.	Z	Z1mf
jacks	Z	Z3c
jam	Z	Z3
jba	Z	Z3c
jbic	Z	Z3c
jcb	M	M3fn
jfb	Z	Z3c
jfk	Z	Z1m
jgc	Z	Z3c
jhp	Z	Z3c
jig	Z	Z3c
jisc	Z	Z3c
jj	Z	Z3c
jp	Z	Z1
jps	Z	Z3c
jts	Z	Z3c
jvc	Z	Z3c
jwt	Z	Z3c
jya	P	P1
jyas	P	P1/S2mf
jaafar	Z	Z1m
jabatan	Z	Z3c
jabesh	Z	Z1m
jacaranda	L	L3
jack	Z	Z1m
jackal	Z	Z1m
jackaman	Z	Z1m
jacker	Z	Z1m
jackie	Z	Z1mf
jacko	Z	Z1m
jackson	Z	Z1mf
jacksons	Z	Z3c
jacob	Z	Z1m
jacobean	T	T1.1.1
jacobs	Z	Z3c
jacqueline	Z	Z1f
jacques	Z	Z1mf
jade	Z	Z1f
jaegar	Z	Z3c
jaeger	Z	Z1
jag	Z	Z3
jagger	Z	Z1mf
jaguar	Z	Z3c
jaime	Z	Z1
jainism	S	S9
jains	S	S9/S2mf
jaja	Z	Z2
jakarta	Z	Z2
jake	Z	Z1m
jalan	Z	Z2
jamaica	Z	Z2
jamaican	Z	Z2
jamaicans	Z	Z2/S2mf
jamar	Z	Z3c
james	Z	Z1m
jameson	Z	Z1mf
jamie	Z	Z1mf
jan	T	T1.3
jane	Z	Z1f
janet	Z	Z1f
janice	Z	Z1f
janitorial	B	B4
january	T	T1.3
january-february	T	T1.3
jap	Z	Z2/S2mf
japan	Z	Z2
japanese	Z	Z2/S2mfnc
japanese-language	Z	Z2/Q3
japaneseyen	I	I1
jaques	Z	Z1m
jarjoua	Z	Z2
jarrett	Z	Z1mf
jarrow	Z	Z2
jaruzelski	Z	Z1mf
jasmine	Z	Z1f
jason	Z	Z1mf
jasper	Z	Z1m
jaspool	Z	Z2
java	Z	Z2
java-based	Y	Y2
jay	Z	Z1mf
jaya	Z	Z3c
jayne	Z	Z1f
jean	Z	Z1f
jeanette	Z	Z1f
jeannau	Z	Z1mf
jed	Z	Z1m
jeep	Z	Z3c
jeeves	Z	Z1
jeez	Z	Z4
jeff	Z	Z1m
jeffery	Z	Z1m
jeffrey	Z	Z1m
jehovah	S	S9m
jehovah-nissi	S	S9
jekyll	Z	Z1mf
jelebu	Z	Z2
jellicoe	Z	Z1mf
jen	Z	Z1f
jennie	Z	Z1f
jennifer	Z	Z1f
jennings	F	F2/Z3c
jenny	Z	Z1f
jennycliff	Z	Z2
jenson	Z	Z1mf
jephie	Z	Z1m
jeremy	Z	Z1m
jerry	Z	Z1mf
jersey	Z	Z2
jerusalem	Z	Z2
jesmond	Z	Z2
jess	Z	Z1f
jessica	Z	Z1f
jessie	Z	Z1f
jesuit	S	S9/S2mf
jesus	Z	Z1m
jet	Z	Z3c
jets	Z	Z3c
jew	S	S9/S2.2m
jewry	S	S9/S5
jews	S	S9/S2mf
jeyaratnem	Z	Z1
jez	Z	Z1
jicnars	Z	Z3c
jicrars	Z	Z3c
jiffy	Z	Z3c
jill	Z	Z1f
jim	Z	Z1m
jimi	Z	Z1m
jimmy	Z	Z1m
jingling	Z	Z3
jinx	A	A1.4
jiuhong	Z	Z1mf
jo	Z	Z1fm
joan	Z	Z1f
joanna	Z	Z1f
joanne	Z	Z1f
joberg	Z	Z2
jobhurg	Z	Z2
jobwise	I	I3.1
jock	Z	Z1m
jodie	Z	Z1f
jody	Z	Z1f
joe	Z	Z1m
joel	Z	Z1m
joely	Z	Z1
joey	Z	Z1m
johanesberg	Z	Z2
johannesburg	Z	Z2
john	Z	Z1m
johnnie	Z	Z1m
johnno	Z	Z1m
johnny	Z	Z1m
johnson	Z	Z1mf
johor	Z	Z2
jojo	Z	Z1m
jon	Z	Z1m
jonah	Z	Z1m
jonathan	Z	Z1m
jonathon	Z	Z1m
jone	Z	Z1mf
jones	Z	Z1mf
joneses	Z	Z1/S5
jonnie	Z	Z1m
jordan	Z	Z2
jordanian	Z	Z2/S2mf
jordanians	Z	Z2/S2mf
jordie	M	M7/S2mf
jordies	M	M7/S2mf
joseph	Z	Z1m
josh	Z	Z1m
joshua	Z	Z1m
joshy	Z	Z1m
josie	Z	Z1f
jovi	Z	Z1mf
joy	Z	Z1f
joyce	Z	Z1mf
jr	Z	Z3
juanita	Z	Z1f
jubail	Z	Z2
judaism	S	S9
judas	Z	Z1
jude	Z	Z1mf
judith	Z	Z1f
judy	Z	Z1f
juilliard	Z	Z3
julia	Z	Z1f
julian	Z	Z1m
julie	Z	Z1f
juliet	Z	Z1f
julio	Z	Z1m
julius	Z	Z1m
july	T	T1.3
june	T	T1.3
june-ish	T	T1.3
jung	Z	Z1mf
jungian	Z	Z3
junglee	Z	Z3c
jupiter	Z	Z1/W1
jurgeon	Z	Z1m
jurmala	Z	Z2
jusco	Z	Z3c
jusef	Z	Z1m
justice	G	G2.1/S2.2m
justin	Z	Z1mf
justine	Z	Z1f
jutland	Z	Z2
k-w	Z	Z3
k-based	X	X2.2
k-economy	X	X2.2/I2.1
k-economy-based	X	X2.2/I2.1
k-economy-driven	X	X2.2/I2.1
k-vision	X	X2.2
k-worker	X	X2.2/I2.1/S2mf
k-workers	X	X2.2/I2.1/S2mf
k2	Z	Z3c
k800ex	Z	Z3fn
kadas	Z	Z3c
kaf	Z	Z3c
kbmg	Z	Z3c
kc	Z	Z3c
kc-3	Z	Z3c
kcc	Z	Z3c
kcfm	Z	Z3
kdeb	Z	Z3
ke	Z	Z3
kfc	Z	Z3c
kgb	Z	Z3c
kimm	Z	Z3c
kisu	Z	Z3c
kl	Z	Z2
klets	Z	Z3c
klk	Z	Z3
klm	Z	Z3c
klse	Z	Z3
klse-listed	I	I2.1/Z3c
km	N	N3.3
kmt	G	G1.2/Z3
knce	Z	Z3c
kp	Z	Z3c
kpmg	Z	Z3c
ks-100	Z	Z3c
ks-100e	Z	Z3c
ks-b	Z	Z3c
ks-b1	Z	Z3c
ks-b1s	Z	Z3c
ks-b2	Z	Z3c
ks-b3	Z	Z3c
ks-e	Z	Z3c
ks-p	Z	Z3c
ks-p1	Z	Z3c
ks-p2	Z	Z3c
kse	Z	Z3c
ktm	Z	Z3c
ktmb	Z	Z3c
ktmbs	Z	Z3c
kws	Z	Z3c
kaarg	Z	Z3c
kabang	Z	Z1mf
kabardins	Z	Z2/S2mf
kabul	Z	Z2
kacakraft	Z	Z3c
kachin	Z	Z2/S2mf
kadix	Z	Z3c
kaffir	Z	Z2/O4.3mf
kaifu	Z	Z1mf
kalahari	Z	Z2
kaldi	Z	Z1m
kaleigh	K	K1
kalenjin	Z	Z2/S2mf
kalms	Z	Z1
kalmyks	Z	Z2/S2mf
kampala	Z	Z2
kampuchea	Z	Z2
kampung	Z	Z2
kanak	Z	Z2/S2mf
kane	Z	Z1mf
kango	Z	Z3c
kao	Z	Z1
kapar	Z	Z2
kaplicky	Z	Z1
karachais	Z	Z2/S2mf
karachi	Z	Z2
karachie	Z	Z2
karakalpaks	Z	Z2/S2mf
karang	Z	Z3c
karaoke	K	K3
karber	Z	Z2
karelians	Z	Z2/S2mf
karen	Z	Z1f
karenni	Z	Z2/S2mf
karl	Z	Z1m
karnak	Z	Z2
karrimat	Z	Z3c
karrimor	Z	Z3c
karuizawa	Z	Z2
kash	Z	Z3
kashmir	Z	Z2
kashmiri	Z	Z2/S2mf
kashmiris	Z	Z2/S2mf
kasi	Z	Z1
kassion	Z	Z2
kate	Z	Z1f
kath	Z	Z1f
kathalonia	Z	Z2
katharine	Z	Z1f
katherina	Z	Z1f
katherine	Z	Z1f
kathleen	Z	Z1f
kathryn	Z	Z1f
kathy	Z	Z1f
katie	Z	Z1f
katmandu	Z	Z2
katy	Z	Z1f
kawasaki	Z	Z3c
kay	Z	Z1mf
kay-o	Z	Z1
kayaks	M	M4
kayes	Z	Z1
kayleigh	Z	Z1f
kays	Z	Z3c
kayster	Z	Z2
kazakh	Z	Z2
kazakhs	Z	Z2/S2mf
kazakhstan	Z	Z2
keane	Z	Z1mf
keanu	Z	Z1m
keats	Z	Z1mf
keble	Z	Z3c
kedah	Z	Z2
kedai	Z	Z3
kee	Z	Z1mf
keel	Z	Z1mf
keele	Z	Z2
keenan	Z	Z1mf
keighley	Z	Z2
keiran	Z	Z1m
keith	Z	Z1mf
kelanamas	Z	Z3c
kelau	Z	Z3c
kellerman	Z	Z1mf
kellog	Z	Z3c
kelloggs	Z	Z3c
kellogs	Z	Z3c
kelly	Z	Z1mf
kelsley	Z	Z2
kelty	Z	Z1
kelvinside	Z	Z2
kemaman	Z	Z2
kempas	Z	Z2
kempock	Z	Z2
ken	Z	Z1m
kenanga	Z	Z3c
kendal	Z	Z2
kendall	Z	Z1mf
kenilworth	Z	Z2
kennedy	Z	Z1mf
kennet	Z	Z2
kenneth	Z	Z1m
kennett	Z	Z1
kennington	Z	Z2
kenny	Z	Z1mf
kensington	Z	Z2
kent	Z	Z2
kentish	Z	Z2
kentucky	Z	Z2
kenwood	Z	Z3c
kenya	Z	Z2
kenyan	Z	Z2
kenyon	Z	Z1mf
kenyons	Z	Z2/S2mf
kenzian	G	G1.2
keong	Z	Z1m
keramat	Z	Z3c
kerpark	Z	Z2
kerr	Z	Z1mf
kerry	Z	Z2
kershaw	Z	Z1mf
kershaws	Z	Z3c
kersley	Z	Z2
kessels	Z	Z2
keswick	Z	Z2
ketch	M	M4
kets	Z	Z1
ketts	Z	Z2
kev	Z	Z1m
kevin	Z	Z1m
kew	Z	Z2
keyham	Z	Z2
keyne	Z	Z1mf
keynes	Z	Z1mf
keynesian	Z	Z3
kfarmelki	Z	Z2
khaar	Z	Z2
khairul	Z	Z1m
khalid	Z	Z1m
khan	Z	Z1mf
khayelitsha	Z	Z2
khazanah	Z	Z3c
khir	Z	Z1
khong	Z	Z1m
khrushchev	Z	Z1
khuat	Z	Z1m
kiangsu	Z	Z2
kiat	Z	Z1m
kidderminster	Z	Z2
kiddicraft	Z	Z3c
kidsgrove	Z	Z2
kidwelly	Z	Z2
kiel	Z	Z2
kieron	Z	Z1m
kiethly	Z	Z2
kiev	Z	Z2
kiki	Z	Z1f
kikuyu	Z	Z2/S2mf
kilbride	Z	Z2
kilbridge	Z	Z2
kilbrige	Z	Z2
kilcraighan	Z	Z2
kildonnel	Z	Z2
kilimanjaro	Z	Z2
kilkenny	Z	Z2
killamarsh	Z	Z2
killie	Z	Z1
kilmarnock	Z	Z2
kilmisty	Z	Z2
kilpatrick	Z	Z2
kilroy	Z	Z1mf
kilsyth	Z	Z2
kim	Z	Z1mf
kimberley	Z	Z1f
kimblerley	Z	Z2
kimbundu	Z	Z2/S2mf
kindersley	Z	Z1
kingdom	Z	Z1mf
kingfisher	Z	Z3c
kings	Z	Z3c
kingsbury	Z	Z1mf
kingsfield	Z	Z2
kingsheefs	Z	Z3c
kingside	Z	Z2
kingsizer	Z	Z3
kingsley	Z	Z1mf
kingston	Z	Z2
kingsway	Z	Z2
kingswell	Z	Z2
kingswood	Z	Z2
kinks	Z	Z3
kinnock	Z	Z1mf
kinswoman	S	S4/S2.1f
kinta	Z	Z3c
kipling	Z	Z1mf
kipp	Z	Z2
kirby	Z	Z2
kiribati	Z	Z2
kiribatian	Z	Z2/S2mf
kiribatians	Z	Z2/S2mf
kirk	Z	Z1mf
kirkby	Z	Z2
kirkland	Z	Z2
kirkpatrick	Z	Z1mf
kirkson	Z	Z1
kirsta	Z	Z1f
kirsty	Z	Z1f
kissay	Z	Z1mf
kitchener	Z	Z1mf
kitchens	Z	Z3c
kitsburg	Z	Z2
kitter	Z	Z1mf
kiwi	L	L2
klang	Z	Z2
klangvalley	Z	Z2
klaus	Z	Z1m
kleenex	Z	Z3c
kleeneze	Z	Z3c
klein	Z	Z1mf
knap	Z	Z2
knightsbridge	Z	Z2
knoppler	Z	Z1mf
knossos	Z	Z2
knott	Z	Z1mf
knowledgelink	Z	Z3c
knowles	Z	Z1mf
knowlesly	Z	Z2
knox	Z	Z1mf
knutsford	Z	Z2
kobal	Y	Y2
kobe	Z	Z2
kochia	Z	Z3
kodak	Z	Z3c
koflach	Z	Z3c
kohl	Z	Z1mf
kolb	Z	Z1
kolhapur	Z	Z2
komatsu	Z	Z3c
komi	Z	Z2/S2mf
kompass	Z	Z3c
kon-tiki	Z	Z3
kong	Z	Z2
konigs	Z	Z3
koochis	Z	Z2/S2mf
korea	Z	Z2
korean	Z	Z2
korn	Z	Z3c
kos	Z	Z2
kosciusko	Z	Z2
kraft	Z	Z3c
krankies	Z	Z3
kravitz	Z	Z1mf
krays	Z	Z1mf
kremlin	Z	Z2
kretam	Z	Z3c
krishna	Z	Z1m
kriss	Z	Z1mf
kristen	Z	Z1f
kristofferson	Z	Z1mf
krona	Z	Z3
kronia	Z	Z2
kronneburg	Z	Z3c
kronneburgs	Z	Z3c
krugman	Z	Z1
krypton	O	O1.1
kuching	Z	Z2
kuching-born	Z	Z2
kumin	Z	Z3c
kumygaigumi	Z	Z3c
kumyks	Z	Z2/S2mf
kunming	Z	Z2
kunta	Z	Z1mf
kurd	Z	Z2/S2mf
kurdish	Z	Z2
kurds	Z	Z2/S2mf
kurtz	Z	Z3c
kuru	Z	Z2
kuwait	Z	Z2
kuwaiti	Z	Z2/S2mf
kuwaitis	Z	Z2/S2mf
kwangsi	Z	Z2
kwangtung	Z	Z2
kwikfit	Z	Z3c
kwiksave	Z	Z3c
kylie	Z	Z1f
kyncoed	Z	Z2
kyrgyz	Z	Z2/S2mf
kyrgyzstan	Z	Z2
kyushu	Z	Z2
l	Z	Z5
l.a.u.t.r.o	Z	Z3c
la	Z	Z2
la1	M	M6
lael	P	P1/Z3c
lan	Y	Y2
lasmo	Z	Z3c
lbc	Z	Z3c
lbd	B	B5
lbsb	Z	Z3
lddc	Z	Z3c
ldvc	Z	Z3c
le	Z	Z3c
lex	Z	Z3c
liffe	Z	Z3c
llanbeva	Z	Z2
lms	P	P1
lp	K	K3
lpg	Z	Z3
lps	K	K3
lq1050	Z	Z3
lq850	Z	Z3
lrt	Z	Z3
lsd	F	F3
lsds	F	F3
lse	Z	Z2
lta	Z	Z3c
ltr	Z	Z3
lums	P	P1/Z3c
luth	Z	Z3c
luvle	P	P1/Y2
lvi	Z	Z3c
lwt	Z	Z3
lx	O	O1.3
labatts	Z	Z3c
labour	G	G1.2/Z3c
labourised	G	G1.2
labrador	Z	Z2
labuan	Z	Z2
labyrinth	Z	Z3c
lacoste	Z	Z1mf
lacostes	Z	Z3c
lada	Z	Z1f
ladakh	Z	Z2
ladbrokes	Z	Z3c
lady	Z	Z3c
ladybird	Z	Z3c
lago	Z	Z1
lagos	Z	Z2
lahore	Z	Z2
lailham	Z	Z2
laing	Z	Z3c
lairy	O	O4.1
lakeland	Z	Z3c
lakeside	Z	Z3
lakota	Z	Z3c
lam	Z	Z1
lamaism	S	S9
lamaist	S	S9/S2mf
lamaists	S	S9/S2mf
lambert	Z	Z1mf
lambeth	Z	Z2
lamborghini	Z	Z1mf
lambridge	Z	Z2
lambrusco	Z	Z2
lamin	Z	Z1m
lamphey	Z	Z2
lamplagh	Z	Z2
lamu	Z	Z2
lana	Z	Z1f
lanarkshire	Z	Z2
lancashire	Z	Z2
lancaster	Z	Z2
lance	Z	Z1m
lanchester	Z	Z2
lancia	Z	Z3fnc
lancome	Z	Z3c
lancs	Z	Z2
landau	M	M3fn
landtoft	Z	Z2
lane	Z	Z1mf
lanes	Z	Z3c
langall	Z	Z2
langdale	Z	Z2
langdon	Z	Z1mf
langerhans	Z	Z1mf
langford	Z	Z1mf
langham	Z	Z1mf
langhams	Z	Z3c
langkawi	Z	Z2
langledge	Z	Z2
langley	Z	Z1mf
langtons	Z	Z3c
langtreys	Z	Z3c
lannedyn	Z	Z2
lanza	Z	Z1mf
lanzarote	Z	Z2
lanzarotte	Z	Z2
lao	Z	Z2/S2mf
lapland	Z	Z2
lapp	Z	Z2
lappish	Z	Z2
lapps	Z	Z2/S2mfc
lar	Z	Z2
lara	Z	Z1f
larer	Z	Z2
larkin	Z	Z1mf
larry	Z	Z1m
lashley	Z	Z1
lassar	Z	Z2
lassie	Z	Z3fn
latham	Z	Z1mf
latin	Z	Z2/Q3
latur	Z	Z2
latvia	Z	Z2
latvian	Z	Z2/S2mf
latvians	Z	Z2/S2mf
laucho	Z	Z1m
laugharne	Z	Z2
laughharne	Z	Z2
launceston	Z	Z2
laura	Z	Z1f
laurel	Z	Z1mf
laurence	Z	Z1m
laurens	Z	Z3c
laurent	Z	Z1mf
laurie	Z	Z1mf
lautro	Z	Z3c
lave	Z	Z1
lawcett	Z	Z1mf
lawrence	Z	Z1mf
lawrie	Z	Z1
lawson	Z	Z1mf
lawtec	Z	Z3
lazards	Z	Z1
lazarus	Z	Z1m
lazells	Z	Z2
lazio	Z	Z3
lazzards	Z	Z3c
lea	Z	Z1mf
lea-anne	Z	Z1f
leach	Z	Z1mf
leadenhall	Z	Z2
leaders	Z	Z3c
leagas	Z	Z3c
leahy	Z	Z1
leaky	Z	Z1mf
leamington	Z	Z2
leanne	Z	Z1f
lear	Z	Z1m
learjet	Z	Z3c/M5
leas	Z	Z3c
leatherhead	Z	Z2
lebanese	Z	Z2
lebanon	Z	Z2
lebensraum	Z	Z1
lechlade	Z	Z2
lecosse	Z	Z2
ledbury	Z	Z2
lederhosen	B	B5
ledgers	Q	Q1.2/I1
lee	Z	Z1mf
lee-anne	Z	Z1f
leech	Z	Z1mf
leeds	Z	Z2
lees	Z	Z2
leesfield	Z	Z2
legion	Z	Z3c
lego	Z	Z3c
lehman	Z	Z1
lehmann	Z	Z1mf
lei	Z	Z1
leicester	Z	Z2
leicestershire	Z	Z2
leigh	Z	Z2
leighton	Z	Z2
leith	Z	Z1mf
leleux	Z	Z1
lelo	Z	Z1m
lembaga	Z	Z3c
lemington	F	F1
len	Z	Z1m
lena	Z	Z1f
lenin	Z	Z1m
leningrad	Z	Z2
lennon	Z	Z1mf
lennox	Z	Z1mf
lenny	Z	Z1m
leo	Z	Z1m
leominster	Z	Z2
leon	Z	Z1m
leona	Z	Z1f
leonardo	Z	Z1m
leonards	Z	Z1
leonie	Z	Z1f
leotzi	Z	Z1m
leper	B	B2-/S2mf
leppard	Z	Z1mf
leroy	Z	Z1
les	Z	Z1m
lesley	Z	Z1f
leslie	Z	Z1mf
lesotho	Z	Z2
lester	Z	Z1m
levant	Z	Z1m
levell	Z	Z1mf
leven	Z	Z2
levi	Z	Z3c
levin	Z	Z1m
levis	B	B5
leviticus	S	S9/Q4.1
lewes	Z	Z2
lewis	Z	Z1m
lewisham	Z	Z2
lexon	Z	Z3c
leyland	Z	Z2
leyton	Z	Z2
lezghins	Z	Z2/S2mf
li	Z	Z1
liaigre	Z	Z1m
liam	Z	Z1m
liang	Z	Z1
lianne	Z	Z1f
liao	Z	Z1
liberia	Z	Z2
liberian	Z	Z2
liberians	Z	Z2/S2mf
liberties	Z	Z3c
liberty	Z	Z3c
libfraumilch	F	F2
libra	S	S9
librium	B	B3
libya	Z	Z2
libyan	Z	Z2/S2mf
libyans	Z	Z2/S2mf
lido	H	H4/H1c
liechtenstein	Z	Z2
liechtensteiner	Z	Z2/S2mf
liechtensteiners	Z	Z2/S2mf
liecke	F	F1
liedale	Z	Z2
liew	Z	Z1m
life	Z	Z3c
lifes	I	I2.1
liftoff	Z	Z3c
lightnings	Z	Z3
lightwater	Z	Z2
lil	Z	Z1f
lilianyap	Z	Z1f
lille	Z	Z2
lillehamer	Z	Z2
lilly	Z	Z1mf
lilo	M	M4
lilt	Z	Z3
lily	Z	Z1f
lim	Z	Z1
lima	Z	Z2
limara	Z	Z1f
limassol	Z	Z2
limehouse	Z	Z2
limerick	Z	Z2
limewood	Z	Z2
limmasol	Z	Z2
limoges	Z	Z2
lims	Z	Z1
lin	Z	Z1mf
lina	Z	Z1f
lincoln	Z	Z2
lincolnshire	Z	Z2
lind	Z	Z1mf
linda	Z	Z1f
linden	Z	Z2
lindhouse	Z	Z2
lindi	Z	Z1f
lindos	Z	Z2
lindsey	Z	Z1f
linen	O	O1.1
lingen	Z	Z2
lingi	Z	Z2
linux	Y	Y2
lion	Z	Z3fnc
lionel	Z	Z1m
liphook	Z	Z2
lipman	Z	Z1mf
lisa	Z	Z1f
lisbon	Z	Z2
liskeard	Z	Z2
listeria	B	B2
litany	S	S9
litchfield	Z	Z2
literacy	Q	Q1.2
lithuania	Z	Z2
lithuanian	Z	Z2
lithuanians	Z	Z2/S2mf
littleborough	Z	Z2
littlehampton	Z	Z2
littlewood	Z	Z1mf
littlewoods	Z	Z3c
littleworth	Z	Z2
liu	Z	Z1
liulin	Z	Z1
liverpool	Z	Z2
liverpudlian	Z	Z2
livingstone	Z	Z1mf
liz	Z	Z1f
lizard	Z	Z2
llan	Z	Z2
llanberis	Z	Z2
llanblethian	Z	Z2
llancarvon	Z	Z2
llandough	Z	Z2
llandrindod	Z	Z2
llandudno	Z	Z2
llandysul	Z	Z2
llanedyn	Z	Z2
llanerchaeron	Z	Z2
llaneth	Z	Z2
llangenith	Z	Z2
llangennith	Z	Z2
llangeth	Z	Z2
llangethly	Z	Z2
llangharen	Z	Z2
llangollen	Z	Z2
llanned	Z	Z2
llanpritter	Z	Z2
llanrwst	Z	Z2
llanyn	Z	Z2
lligwy	Z	Z2
llosa	Z	Z1mf
lloyd	Z	Z1m
lloyds	Z	Z3c
lockeil	Z	Z2
lockerbie	Z	Z2
loddo	Z	Z1
logi	Z	Z3c
logistic	A	A1.1.1
loh	Z	Z1m
loire	Z	Z2
lomand	Z	Z2
lomax	Z	Z3c
lombeth	Z	Z2
london	Z	Z2
london-based	Z	Z2/M6
londoner	Z	Z2/S2mf
longbridge	Z	Z2
longcross	Z	Z2
longlands	Z	Z2
longley	Z	Z2
longmaston	Z	Z2
longstaff	Z	Z1
lonrho	Z	Z3c
lonsdale	Z	Z2
loo	Z	Z3
looe	Z	Z2
look	Z	Z3c
loop	Z	Z3c
loot	Z	Z3c
lords	G	G1.1
lordship	S	S7.1
loreal	Z	Z3c
lorenzo	Z	Z2
lorna	Z	Z1f
lorraine	Z	Z1f
lothian	Z	Z1
lotus	Z	Z3c
loudwater	Z	Z2
loughborough	Z	Z2
loughor	Z	Z2
louie	Z	Z1m
louis	Z	Z1m
louisa	Z	Z1f
louise	Z	Z1f
louma	Z	Z3
lourdes	Z	Z2
louvre	Z	Z3c
lovejoy	Z	Z3c
lovell	Z	Z1mf
lovesy	Z	Z1mf
lovett	Z	Z1mf
lovgren	Z	Z1
lowcost	Z	Z3c
lowe	Z	Z1mf
lowes	Z	Z3c
lowesmore	Z	Z2
lowestoft	Z	Z2
lowlanders	M	M7/S2mf
lowlands	Z	Z2
ltd	I	I2.1
lu	Z	Z1
luyu	Z	Z1
lube	Z	Z3c
luca	Z	Z1m
lucas	Z	Z3c
lucia	Z	Z1f
luciana	Z	Z1f
lucifer	S	S9mn
lucozade	Z	Z3
lucy	Z	Z1mf
lucy69	Z	Z3
ludlow	Z	Z2
lufthansa	Z	Z3c/M5
luigi	Z	Z1m
luke	Z	Z1m
lulu	Z	Z1f
lumberjacks	F	F4/S2mf
lumley	Z	Z1mf
lumpur	Z	Z2
lunding	Z	Z2
lunerberger	Z	Z2
luo	Z	Z2/S2mf
lurcher	L	L2mfn
lusami	Z	Z3c
lusardi	Z	Z1mf
lushan	Z	Z2
lutheran	S	S9/S2mf
lutherans	S	S9/S2mf
luton	Z	Z2
lux	Z	Z3
luxembourg	Z	Z2
luxembourger	Z	Z2/S2mf
luxembourgers	Z	Z2/S2mf
luxor	Z	Z2
lviv	Z	Z2
lwelleyn	Z	Z1mf
lybia	Z	Z2
lyceum	Z	Z3
lydia	Z	Z1f
lye	Z	Z2
lyle	Z	Z1m
lyme	Z	Z2
lyn	Z	Z1f
lynam	Z	Z1
lynch	Z	Z1mf
lynda	Z	Z1f
lynham	Z	Z2
lynn	Z	Z1f
lynx	Z	Z3c
lyon	Z	Z1mf
lyons	Z	Z3c
lythans	Z	Z2
lythe	Z	Z2
lyttleton	Z	Z1mf
lyvres	Z	Z2
m	Z	Z5
m&g	Z	Z3c
m&m	Z	Z3c
m&amp;g	Z	Z3
m&amp;m	Z	Z3
m&oslash;ller	Z	Z1mf
m&oslash;n	Z	Z1mf
m-plant	Z	Z3c
m-plants	Z	Z3c
m-sixteens	G	G3
m.p.	G	G1.1/S2mf
m.p.s	G	G1.1/S2mf
m1	Z	Z2
m18	Z	Z2
m25	Z	Z2
m3	Z	Z2
m4	M	M3/Z2
m40	M	M3/Z2
m42	M	M3/Z2
m45	M	M3/Z2
m5	M	M3/Z2
m6	Z	Z2
m60	Z	Z2
m61	Z	Z2
m62	M	M6
m65	Z	Z2
m66	Z	Z2
mahb	Z	Z3
mai	Z	Z3c
math	P	P1
mb	P	P1/B3
mba	P	P1/I2.1
mbc	K	K5.2
mbe	Z	Z3
mbf	Z	Z3c
mbns	Z	Z3c
mbo	Z	Z3c
mbq	P	P1
mc	S	S1.1.1/S2mf
mcb	K	K5.2
mci	Z	Z3c
mco	G	G3/M4/S2mf
mcos	G	G3/M4/S2mf
mcq	P	P1
mcqs	P	P1
mcu	Q	Q4.3
mcing	S	S1.1.1
md	B	B3/P1
mda	Q	Q1.2/T1.1.1c
mdc	Z	Z3
mdd	P	P1/Z3c
mdt	A	A6.3+/S5+c
meb	Z	Z3c
mejn	Z	Z3
mep	G	G1.1/S2mf
mepc	Z	Z3c
mes	Z	Z3c
mfi	Z	Z3c
mg	Z	Z3cfn
mgb	Z	Z3
mgc	Z	Z3c
mgf	Z	Z3
mgm	Z	Z3c
mgns	Z	Z3c
mgo	Z	Z3c
mi	Z	Z2
midf	Z	Z3c
midi	K	K3
mier	Z	Z3c
mimas	Z	Z3/Y2/X2.2
misc	Z	Z3c
mit	Z	Z3/P1
mk	Z	Z3
mlit	P	P1
mmc	Z	Z3c
mmds	Z	Z3
mmtc	Z	Z3
mncs	Z	Z3
moh	Z	Z3
mol.com	Z	Z3c/Y2
mori	Z	Z3c
mot	M	M3
mongolia	Z	Z2
mp	G	G1.1/S2mf
mp3	K	K3
mpeg	C	C1/Y2
mpi	Z	Z3c
mphil	P	P1
mps	G	G1.1/S2mf
mra	Z	Z3c
mrc	Z	Z3c
mrca	Z	Z3c
mrcb	Z	Z3c
mrcpath	B	B3/P1
mrsa	L	L2
mres	P	P1
msc	Z	Z3c
msc-status	Y	Y2
msci	P	P1
msn	Z	Z3c/Y2
mss	Q	Q1.3
mt	Z	Z3
mtc	Z	Z3c
mtf	Z	Z3c
mti	Z	Z3
mtv	Z	Z3c
mts	Z	Z3
musc	P	P1
mvp	Z	Z3
mw	Z	Z3
mx	Z	Z3
maastrict	Z	Z2
mabbs	Z	Z1mf
mabel	Z	Z1f
mable	Z	Z1f
macclean	Z	Z1mf
macfisheries	Z	Z3c
maclaren	Z	Z1mf
maclaurin	Z	Z1
maclennan	Z	Z1
macao	Z	Z2
macau	Z	Z2
macbeth	Z	Z1mf
macclesfield	Z	Z2
macdonald	Z	Z1mf
macdonalds	Z	Z3c
macduff	Z	Z1mf
mace	Z	Z3c
macedonia	Z	Z2
macedonian	Z	Z2
macedonians	Z	Z2/S2mf
maces	Z	Z3c
maceys	Z	Z3c
machan	Z	Z2
machiavelli	Z	Z1mf
machiavellian	A	A5.1
macintosh	Z	Z3c
mackayhart	Z	Z1mf
mackenzie	Z	Z1
mackintosh	B	B5
macklins	Z	Z3/S2mf
macknizies	Z	Z1
maclean	Z	Z1mf
macleod	Z	Z1
macmillan	Z	Z1mf
macormick	Z	Z1mf
macro	Z	Z3c
madagascar	Z	Z2
madame	S	S2.1f
madeira	Z	Z1
madeley	Z	Z1mf
maderville	Z	Z2
madingley	Z	Z1
madison	Z	Z1
madonna	Z	Z1f
madotter	Z	Z2
madras	Z	Z2
madrid	Z	Z2
mae	Z	Z1f
maeon	Z	Z2
maerdy	Z	Z2
maeve	Z	Z1m
mag	Z	Z1f
magalasi	Z	Z1
magaluf	Z	Z2
magdalene	Z	Z1f
mager	Z	Z3c
maggie	Z	Z1f
maggiore	Z	Z2
maghreb	Z	Z2
magnani	Z	Z1
magnificat	S	S9/K2
magnum	Z	Z1m
magnus	Z	Z1m
magnusson	Z	Z1mf
magpie	Z	Z3c
maharaja	S	S7.1+/S2.2m
mahathir	Z	Z1
mahler	Z	Z1mf
maidenhead	Z	Z2
maidevale	Z	Z2
maidstone	Z	Z2
mail	Z	Z3c
maile	Z	Z3c
main	Z	Z3
maincrest	Z	Z3c
maine	Z	Z2
maisie	Z	Z3
maitland	Z	Z1
maj.	S	S7.1
majestic	Z	Z3c
majestics	Z	Z3c
majorca	Z	Z2
maju	Z	Z3c
makallah	Z	Z2
makita	Z	Z3c
malacca	Z	Z2
malaga	Z	Z2
malagasies	Z	Z2/S2mf
malaig	Z	Z2
malakoff	Z	Z3c
malawi	Z	Z2
malawian	Z	Z2/S2mf
malawians	Z	Z2/S2mf
malaya	Z	Z2
malayan	Z	Z3c
malayawata	Z	Z3c
malaysia	Z	Z2
malaysia-thailand	Z	Z2
malaysiastreet	Z	Z3c
malaysiastreet.com	Z	Z3c/Y2
malaysian	Z	Z2/S2mf
malaysian-made	A	A1.1.1/Z2
malcolm	Z	Z1m
malden	Z	Z1mf
maldives	Z	Z2
maldivian	Z	Z2/S2mf
maldivians	Z	Z2/S2mf
maldon	Z	Z1mf
mali	Z	Z2
malian	Z	Z2/S2mf
malians	Z	Z2/S2mf
malibu	Z	Z2
malice	Z	Z3
malindi	Z	Z2
malling	Z	Z1mf
mallings	Z	Z3c
mallone	Z	Z1mf
mallory	Z	Z1mf
malo	Z	Z2
malta	Z	Z2
maltese	Z	Z2/S2mf
maltin	Z	Z3c
malvern	Z	Z2
mam	S	S4f
mamboza	Z	Z2
mamma	S	S4f
manchester	Z	Z2
mancunian	Z	Z2/S2mf
mandarin-speaking	Z	Z2/Q3
mandela	Z	Z1mf
mandella	Z	Z1mf
manderville	Z	Z2
mandeville	Z	Z2
mandy	Z	Z1f
manfred	Z	Z1m
manga	Z	Z3c
mango	Z	Z1mf
manhattan	Z	Z2
manicure	B	B4
manila	Z	Z2
manjrekar	Z	Z1mf
manjung	Z	Z2
manmil	Z	Z3c
mann	Z	Z1mf
mannesmann	Z	Z3c
manor	Z	Z3c
manpower	Z	Z3c
mans	Z	Z2
mansell	Z	Z1mf
mansfield	Z	Z2
mantis	L	L2mfn
mantoon	Z	Z2
mao	Z	Z1m
maoris	Z	Z2/S2mf
maples	Z	Z3c
mappin	Z	Z3c
mar	T	T1.3
mara	Z	Z2
maradonna	Z	Z1mf
marbella	Z	Z2
marc	Z	Z1m
march	T	T1.3
marco	Z	Z1m
marconi	Z	Z3c
marcus	Z	Z1m
margaret	Z	Z1f
margate	Z	Z2
margery	Z	Z1f
margory	Z	Z1f
marguerite	Z	Z1f
marhouse	Z	Z2
mari	Z	Z2/S3mf
maria	Z	Z1f
marian	Z	Z1f
mariana	Z	Z1f
marianne	Z	Z1f
marie	Z	Z1f
marie-theresa	Z	Z1f
marilyn	Z	Z1f
marina	Z	Z1f
marinas	Z	Z3
marines	G	G3
mario	Z	Z1m
marion	Z	Z1f
maritime	M	M4
marj	Z	Z1f
marjohn	Z	Z2
marjorie	Z	Z1f
mark	Z	Z1m
markell	Z	Z2
market-towns	M	M7
markham	Z	Z2
marklin	Z	Z3c
marks	Z	Z3c
markwick	Z	Z1mf
marlbro	Z	Z3c
marlbrough	Z	Z2
marley	Z	Z3c
marloes	Z	Z2
marlon	Z	Z1m
marlow	Z	Z2
marmite	F	F1/Z3c
maroons	Z	Z2/S2mf
marple	Z	Z2
marquis	S	S7.1+/S2.2m
marrakech	Z	Z2
marriott	Z	Z3c
marrots	Z	Z3c
marrybrown	Z	Z3c
mars	Z	Z3c
marsden	Z	Z2
marseilles	Z	Z2
marsh	Z	Z2
marshal	Z	Z1mf
marshall	Z	Z1mf
marshallese	Z	Z2/S2mf
martell	Z	Z3c
martens	Z	Z1mf
martha	Z	Z1f
martial	G	G3
martian	W	W1
martians	W	W1
martin	Z	Z1mf
martindale	Z	Z1mf
martini	Z	Z3c
martinicans	Z	Z2/S2mf
martinique	Z	Z2
martins	Z	Z3c
marton	Z	Z1
marty	Z	Z1mf
marvel	Z	Z3c
marx	Z	Z1mf
marxism-leninism	G	G1.2/X2.1
mary	Z	Z1f
maryland	Z	Z2
maryport	Z	Z2
masaaki	Z	Z1m
masai	Z	Z2/S2mf
maserati	Z	Z3c/M3
maslow	Z	Z1
masonic	S	S5
masque	K	K1
massachusetts	Z	Z2
masscorp	Z	Z3c
massimiliano	Z	Z1m
massimo	Z	Z1m
mastermind	Z	Z3c
mastiff-dogs	L	L2
maston	Z	Z3c
matchborough	Z	Z2
matchbrough	Z	Z2
matchsticks	Z	Z3
mateus	Z	Z3c
matheson	Z	Z1mf
matrade	Z	Z3
matsuoka	Z	Z1mf
matt	Z	Z1m
matterhorn	Z	Z2
matthew	Z	Z1m
matutes	Z	Z1mf
maud	Z	Z1f
maude	Z	Z1mf
maureen	Z	Z1f
maurice	Z	Z1m
mauritania	Z	Z2
mauritanian	Z	Z2/S2mf
mauritanians	Z	Z2/S2mfnc
mauritian	Z	Z2/S2mf
mauritians	Z	Z2/S2mf
mauritius	Z	Z2
mavis	Z	Z1f
mawes	Z	Z2
max	Z	Z1m
maxell	Z	Z3c
maxine	Z	Z1f
maxis-time	Z	Z3c
maxwell	Z	Z1mf
may	T	T1.3
maya	Z	Z3
maybank	Z	Z3c
mayer	Z	Z1mf
mayfair	Z	Z2
mayfield	Z	Z2
mayhew	Z	Z3
maynard	Z	Z1mf
mayor	G	G1.1/S2m
mayors	G	G1.1/S2m
mayotteans	Z	Z2/S2mf
mazlo	Z	Z1mf
mazola	Z	Z3c
mazowiecki	Z	Z1mf
mcalpine	Z	Z1mf
mcalpines	Z	Z3c
mccadder	Z	Z1mf
mccaffrey	Z	Z1
mccains	Z	Z3c
mccann	Z	Z1mf
mccarthy	Z	Z1mf
mccartney	Z	Z1mf
mcclain	Z	Z1mf
mcclaire	Z	Z1mf
mcclare	Z	Z1mf
mccoist	Z	Z1mf
mccolls	Z	Z3c
mccoy	Z	Z1mf
mccracken	Z	Z1
mcdonald	Z	Z1mf
mcdonalds	Z	Z3c
mcenroe	Z	Z1mf
mcewans	Z	Z3c
mcewen	Z	Z3c
mcferguson	Z	Z1mf
mcgill	Z	Z1
mcgrath	Z	Z1mf
mcgraw-hill	Z	Z3c
mcguinness	Z	Z1mf
mckay	Z	Z1mf
mckays	Z	Z3c
mckeachie	Z	Z1
mckellar	Z	Z1mf
mckenna	Z	Z1mf
mckinsey	Z	Z3c
mclaren	Z	Z1mf
mclibel	Z	Z3
mcmath	Z	Z1
mcmenarry	Z	Z1mf
mcnally	Z	Z1mf
mcneil	Z	Z1mf
mcpherson	Z	Z1mf
mcqueen	Z	Z1mf
mcvities	Z	Z3c
mccynlth	Z	Z2
mead	Z	Z3c
meadowbank	Z	Z2
meadowell	Z	Z2
meadowhall	Z	Z2
meanga	Z	Z2
measat	Z	Z3c
measat-1	Y	Y1/Z3c
measat-2	Y	Y1/Z3c
measat-3	Y	Y1/Z3c
measat-4	Y	Y1/Z3c
mecca	Z	Z2
meccano	Z	Z3c
mechanica	Z	Z3
mechanised	O	O3
med	Z	Z2
medallion	B	B5
medan	Z	Z2
medellin	Z	Z2
mediaone	Z	Z3c
mediatel	Z	Z3c
medicare	Z	Z3c
meditation	X	X2.1
mediterranean	Z	Z2
medline	Z	Z3/Y2/X2.2+/B3
medway	Z	Z2
meena	Z	Z1f
meer	Z	Z1
meg	Z	Z1f
megabowl	Z	Z2
megadeath	Z	Z3c
megan	Z	Z1f
megasteel	Z	Z3c
megastore	Z	Z3c
melanie	Z	Z1f
melbourne	Z	Z2
melburn	Z	Z1mf
meline	Z	Z1f
melissa	Z	Z1f
mellors	Z	Z1mf
melorian	Z	Z3
melrose	Z	Z2
melsey	Z	Z2
melton	Z	Z2
melvyn	Z	Z1m
memorial	H	H1
memphis	Z	Z2
menair	Z	Z2
mencap	Z	Z3c
mendonca	Z	Z1mf
meningitis	B	B2
menlo	Z	Z3
menorca	Z	Z2
mensa	Z	Z3c
mensan	Z	Z3/S2mf
menteri	Z	Z3
menton	Z	Z2
merc	Z	Z3fn
mercantile	Z	Z3c
mercat	Z	Z3c
mercedes	Z	Z3c/M3
mercer	Z	Z3c
mercury	Z	Z1/W1
meridan	Z	Z2
meriden	Z	Z2
meringue	F	F1
merlin	Z	Z1m/S9
merlyn	Z	Z1m
mermansk	Z	Z2
mero	Z	Z2
meron	Z	Z2
merrell	Z	Z3c
merrill	Z	Z3c
merriman	Z	Z1mf
merrin	Z	Z1
merrydown	Z	Z3c
merryhill	Z	Z2
merryl	Z	Z1mf
mersey	Z	Z2
merseyside	Z	Z2
merthyr	Z	Z2
merton	Z	Z2
mervin	Z	Z1m
meryl	Z	Z1f
mesdaq	Z	Z3c
mesereau	Z	Z1mf
mesolithic	T	T1.1.1
mesopotamia	Z	Z2
messer	Z	Z3
messiah	S	S9/S2mf
messiahs	S	S9/S2mf
messrs	S	S2.2m
metallica	Z	Z3c
metcalfe	Z	Z1
meteorology	Y	Y1/W4
methadone	B	B3
methodist	S	S9/S2mf
methodists	S	S9/S2mf
metoroll	Z	Z3c
metro-centre	M	M7
metrovision	Z	Z3c
metroland	Z	Z3c
metropole	Z	Z3
metros	Z	Z3c
mexican	Z	Z2/S2mf
mexicans	Z	Z2/S2mf
mexico	Z	Z2
meyrtha	Z	Z2
mezzo	Z	Z3
mig	M	M5fnc
miami	Z	Z2
mic	Z	Z3
micasa	Z	Z3c
mich.	Z	Z2
michael	Z	Z1m
michaela	Z	Z1f
michelangelo	Z	Z1m
michele	Z	Z1f
michelin	Z	Z3c
michelle	Z	Z1f
michigan	Z	Z2
mick	Z	Z1m
mickerfield	Z	Z2
mickey	Z	Z1m
micklethwaite	Z	Z2
micklewood	Z	Z1mf
micra	Z	Z3fn
microban	Z	Z3c
microbiology	Y	Y1
microcare	Z	Z3c
micromax	Z	Z3c
micronesian	Z	Z2/S2mf
micronesians	Z	Z2/S2mf
microsoft	Z	Z3c
microstation	Z	Z3
microsystems	Z	Z3c
mid-ethiopia	Z	Z2
midvalley	Z	Z2
middle-east	Z	Z2
middlemarch	Z	Z3
middlerich	Z	Z2
middlesborough	Z	Z2
middlesbrough	Z	Z2
middlesex	Z	Z2
middleton	Z	Z1mf
middlewood	Z	Z2
midge	Z	Z3mn
midgener	Z	Z2
midget	N	N3.2-/S2mf
midland	Z	Z3c
midlander	Z	Z2/S2mf
midlanders	Z	Z2/S2mf
midlands	Z	Z2
midlothian	Z	Z2
midwear	Z	Z3c
midwest	Z	Z2
miguel	Z	Z1m
mijas	Z	Z2
mike	Z	Z1m
mikelive	K	K3
mikle	Z	Z1m
milan	Z	Z2
milanaise	Z	Z2
milano	Z	Z2
milbank	Z	Z2
milburn	Z	Z2
mildrid	Z	Z1f
milecross	Z	Z2
milford	Z	Z2
miliband	Z	Z1
militia	G	G3c
milk-woman	F	F2/S2.1f
milky	Z	Z3m
millbank	Z	Z2
miller	Z	Z1mf
millercare	Z	Z3c
millers	Z	Z3c
millet	Z	Z3c
millett	Z	Z1mf
milligan	Z	Z3c
millom	Z	Z2
millor	Z	Z2
mills	Z	Z1mf
millwall	Z	Z2
milne	Z	Z1mf
milton	Z	Z1mf
milwall	Z	Z2
milward	Z	Z1mf
milwaukee	Z	Z2
mimi	Z	Z1f
mimosa	L	L3
mind	Z	Z3c
mindanao	Z	Z2
minder	Z	Z3c
mindlessly	S	S1.2.6
minehead	Z	Z2
ming	Z	Z1mf
minh	Z	Z1m
mini-grip	A	A1.7
minneapolis	Z	Z2
minnesota	Z	Z2
minnow	Z	Z2
minogue	Z	Z1mf
minorca	Z	Z2
minories	Z	Z3
minster	S	S9/H1
mintel	Z	Z3c
mintons	Z	Z3c
mintzberg	Z	Z1
miranda	Z	Z1f
miras	Z	Z3c
miri	Z	Z2
miriam	Z	Z1f
mirzan	Z	Z1m
misada	Z	Z2
mischievous	Z	Z3c
miserables	Z	Z3
mishing	Z	Z2
missenden	Z	Z2
misshigan	Z	Z2
missionary	S	S9/S2mf
mississippi	Z	Z2
missus	S	S4f
mistress	S	S2.1f
misys	Z	Z1
mitchell	Z	Z1mf
mitsubishi	Z	Z3c/M3
mitsui	Z	Z3c
mitsy	Z	Z3
mitterand	Z	Z1mf
mitterrand	Z	Z1mf
mm	Z	Z4
mmm	Z	Z4
mmmm	Z	Z4
moasic	Z	Z3
moba	Z	Z3c
mobil	Z	Z3c
mobileone	Z	Z3c/O1.3
mobilo	Z	Z3
moby	Z	Z1
modigliani	Z	Z1mf
mogadishu	Z	Z2
mohamad	Z	Z1m
mohammed	Z	Z1m
mohammedans	S	S9
mohan	Z	Z2
mohawk	Z	Z2/S2mf
mohawks	Z	Z2/S2mf
mohicans	Z	Z2
moira	Z	Z1f
molby	Z	Z1mf
moldavia	Z	Z2
moldovan	Z	Z2/S2mf
moldovans	Z	Z2/S2mf
moldt	Z	Z1
mole	Z	Z1mf
molesey	Z	Z2
molian	Z	Z1
molly	Z	Z1f
mombassa	Z	Z2
momentum	Z	Z3c
mon	T	T1.3
mona	Z	Z1f
monaco	Z	Z2
monasons	Z	Z3c
moncrieff	Z	Z1mf
monday	T	T1.3
mondays	T	T1.3
monegasques	Z	Z2/S2mf
monet	Z	Z1mf
moneypenny	Z	Z3c
mongolian	Z	Z2
mongolians	Z	Z2/S2mf
monica	Z	Z1f
monisha	Z	Z1f
monk	Z	Z1mf
monkeys	Z	Z3
monknash	Z	Z2
monlika	Z	Z3c
monroe	Z	Z1mf
monrovia	Z	Z2
monsa	Z	Z2
monseigneur	S	S7.1+/S2.2m
monserrat	Z	Z2
monsieur	S	S2.2m
monsoon	Z	Z3c
mont	Z	Z2
montague	Z	Z1mf
montana	Z	Z2
montegos	Z	Z3c
montenegrins	Z	Z2/S2mf
montessori	Z	Z1mf
montevellier	Z	Z2
montford	Z	Z1mf
montgomery	Z	Z1mf
monton	Z	Z2
montreal	Z	Z2
montserrat	Z	Z2
monty	Z	Z1m
moor	Z	Z2
moorcroft	Z	Z3
moore	Z	Z1mf
moorgate	Z	Z2
moorhaven	Z	Z2
moorhead	Z	Z1mf
moorish	Z	Z2
morag	Z	Z1f
morart	Z	Z1mf
morass	W	W3
moravians	Z	Z2/S2mf
mordovians	Z	Z2/S2mf
more	Z	Z3c
morecambe	Z	Z2
morefoot	Z	Z3c
morell	Z	Z1mf
morgan	Z	Z1mf
moritz	Z	Z2
morley	Z	Z1mf
mormon	S	S9/S2mf
mormons	S	S9/S2mf
moroccan	Z	Z2/S2mf
moroccans	Z	Z2/S2mf
morocco	Z	Z2
morpass	Z	Z1mf
morpeth	Z	Z2
morphy	Z	Z3c
morris	Z	Z1mf
morrison	Z	Z1mf
morrissey	Z	Z1mf
morse	Z	Z1mf
morticia	Z	Z1f
mortimer	Z	Z1mf
morton	Z	Z1mf
moscow	Z	Z2
moseley	Z	Z2
moselle	Z	Z2
mosely	Z	Z2
moses	Z	Z1m
mosquitos	Z	Z3
moss	Z	Z1mf
moss-side	Z	Z2
mossad	Z	Z3c
mothercare	Z	Z3c
mothercombe	Z	Z2
motherwell	Z	Z2
motor	Z	Z3c
motorcraft	Z	Z3c
motorcycling	Z	Z3c
motorhead	Z	Z3c
motorola	Z	Z3c
motorworld	Z	Z3
motsford	Z	Z1mf
mottram	Z	Z1m
motz	Z	Z3c
mouldy	Z	Z1mf
mount	W	W3
mountbatten	Z	Z1mf
mounteplain	Z	Z2
mountford	Z	Z1mf
mountgould	Z	Z2
mountview	Z	Z3c
mousehole	Z	Z2
mouther	Z	Z1mf
mowbray	Z	Z1mf
moygashi	Z	Z1mf
mozambican	Z	Z2/S2mf
mozambicans	Z	Z2/S2mf
mozambique	Z	Z2
mozart	Z	Z1m/K2
mr	S	S2.2m
muddeford	Z	Z2
muffin	F	F1
mugabe	Z	Z1
muhibbah	Z	Z3c
muir	Z	Z1mf
mujahideen	Z	Z3
muji	Z	Z1
mulberry	Z	Z1mf
mulcahy	Z	Z1
mull	Z	Z2
mullen	Z	Z1mf
muller	Z	Z1mf
mullion	Z	Z2
multimate	Z	Z3c
multiserve	Z	Z3c
mumbles	Z	Z2
munchie	Z	Z3
mungo	Z	Z1m
munich	Z	Z2
munsley	Z	Z2
muppets	K	K5.2
murdoch	Z	Z1mf
murdochs	Z	Z3c
murdock	Z	Z1mf
murdocks	Z	Z3c
murfield	Z	Z2
muriel	Z	Z1f
murphy	Z	Z1mf
murphys	Z	Z3c
murray	Z	Z1
murraybank	Z	Z2
murrayfield	Z	Z2
murrays	Z	Z3c
murreyfield	Z	Z2
muscles	Z	Z3mf
musician	K	K2/S2mf
musk	Z	Z3
musketeers	G	G3/S2m
muslims	S	S9/S2mf
muslin	O	O1.1
musorgsky	Z	Z1mf
mustang	Z	Z3
mustapha	Z	Z1m
muswell	Z	Z2
mutiny	E	E3-/S7.1
mutley	Z	Z2
mutual	Z	Z3c
mutuals	Z	Z3c
muzyka	Z	Z1
mwalabunju	Z	Z1mf
mwanawasa	Z	Z1
mwldan	Z	Z2
mwnt	Z	Z2
myanmar	Z	Z2
myon	Z	Z2
mysamara	Z	Z2
mythrin	Z	Z3c
n/s	F	F3
naafi	Z	Z3c
napec	Z	Z3c
nasa	Z	Z3
nasdaq	Z	Z3c
nato	Z	Z3
natvacs	Z	Z3/I3.1
nawem	Z	Z3c
nb	Z	Z5
nbq	Z	Z3c
nbs	Z	Z3c
nc	O	O2
ncb	Z	Z3c
ncl	Z	Z3c
nco	G	G3/S2mf
ncp	Z	Z3c
ncvq	P	P1
ndc	Z	Z3
nds	B	B3
neb	Z	Z3c
nec	Z	Z2
nei	Z	Z3c
nel	Z	Z3c
nes	Z	Z3c
nfc	Z	Z3c
nfl	G	G3
nft	Z	Z3c
ngo	G	G1.1-/S5
ngos	G	G1.1-/S5
ngs	Z	Z3
nh	Z	Z2
nhl	Z	Z3c
nhs	Z	Z3c
ni	I	I1/A15
nic	Z	Z3c
nitc	Z	Z3
nkk	Z	Z3
nld	Z	Z3
nm	Z	Z3c
nme	Z	Z3c
nneb	Z	Z3c
nod	Z	Z3c
noplat	I	I1
npd	Z	Z3c
npi	Z	Z3c
npls	Z	Z3
npv	I	I1.3
nra	B	B1
nrs	Z	Z3c
nsf	Z	Z3c
nsgcc	Z	Z3c
nspcc	Z	Z3c
nswk	Z	Z3
nswsb	Z	Z3
nt	S	S9/Q4.1
nta	Q	Q4.3/S2mf
ntf	Z	Z3/I1.1
nu	Z	Z3c
nuj	Z	Z3c
nupe	Z	Z3c
nvq	P	P1
nvq1	P	P1
nvq2	P	P1
nvqs	P	P1
nwfp	Z	Z3
ny	Z	Z2
nz	Z	Z2
nactem	Z	Z3/G1.1c/Y2/X2.2
nabarro	Z	Z1m
nabrasca	Z	Z2
naccache	Z	Z1mf
nados	Z	Z3c
naffe	Z	Z3c
naga	Z	Z2/S2mf
nagasaki	Z	Z2
naggshead	Z	Z3c
nairobi	Z	Z2
naisby	Z	Z2
najdecki	Z	Z1m
nakayama	Z	Z1mf
nalgo	Z	Z3c
namibia	Z	Z2
namibian	Z	Z2/S2mf
namibians	Z	Z2/S2mf
nancy	Z	Z1f
nanking	Z	Z2
nansen	Z	Z1
nantgarw	Z	Z2
naomi	Z	Z1f
napa	Z	Z2
napier	Z	Z1mf
naples	Z	Z2
napoleon	Z	Z1m
napoleonic	T	T1.1.1
napoli	Z	Z2
nardelli	Z	Z1
nares	Z	Z1mf
narita	Z	Z2
nasda	Z	Z3c
naseby	Z	Z2
nash	Z	Z1mf
nasirbagh	Z	Z2
nat	Z	Z1m
nat.pro.	Z	Z3c
nat.prov.	Z	Z3c
natwest	Z	Z3c
natal	Z	Z2
natalie	Z	Z1f
natasha	Z	Z1f
natassia	Z	Z1f
nathada	Z	Z2
nathan	Z	Z1m
nathaniel	Z	Z1m
national	Z	Z3c
nationalist	M	M7/S5
nativity	S	S9/T2
natlie	Z	Z1f
nauru	Z	Z2
nauruan	Z	Z2/S2mf
nauruans	Z	Z2/S2mf
nauticalink	Z	Z3c
nautilus	Z	Z3fn
navana	Z	Z2
navi	Z	Z1
naxos	Z	Z2
nayalan	Z	Z2
nazareth	Z	Z2
nazi	G	G1.2
naziism	G	G1.2
nazir	Z	Z1m
ndebele	Z	Z2/S2mf
neadham	Z	Z2
neale	Z	Z1mf
neath	Z	Z2
ned	Z	Z1m
needlework	C	C1
neely	Z	Z2
neeman	Z	Z1mf
neeson	Z	Z1mf
neff	Z	Z1mf
negeri	Z	Z2
neighbours	Z	Z3c
neil	Z	Z1mf
neill	Z	Z1m
nell	Z	Z1f
nellie	Z	Z1f
nelly	Z	Z1f
nelson	Z	Z1mf
neo-imperialism	G	G1.2/X2.1
neopolitan	Z	Z3
nepal	Z	Z2
nepalese	Z	Z2/S2mf
neptune	Z	Z1/W1
nerissa	Z	Z1f
nesbitt	Z	Z1mf
nescafe	Z	Z3c
nescliffe	Z	Z2
nesco	Z	Z3c
nessie	Z	Z3fn
nestle	Z	Z3c
net-based	Y	Y2
netvalue	Z	Z3
netheredge	Z	Z2
netherlander	Z	Z2/S2mf
netherlanders	Z	Z2/S2mf
netherlands	Z	Z2
netherthorpe	Z	Z2
netherton	Z	Z2
netscape	Z	Z3c/Y2
neurology	B	B3
neutrino	O	O1
nev	Z	Z1m
nevada	Z	Z2
nevers	Z	Z2
neville	Z	Z1mf
nevis	Z	Z2
newyear	Z	Z3
newark	Z	Z2
newbiggen	Z	Z2
newbury	Z	Z2
newcastle	Z	Z2
newdicott	Z	Z2
newgate	Z	Z2
newington	Z	Z2
newlands	Z	Z2
newlyn	Z	Z2
newman	Z	Z1
newmarket	Z	Z2
newport	Z	Z2
newquay	Z	Z2
newry	Z	Z2
newsagency	Q	Q4.2/I2.2
newsnight	Z	Z3
newswise	Z	Z3/Y2/X2.2
newton	Z	Z1mf
newtown	Z	Z2
next	Z	Z3c
ng	Z	Z1
niagara	Z	Z2
nicaragua	Z	Z2
nicaraguan	Z	Z2/S2mf
nicaraguans	Z	Z2/S2mf
nicey	Z	Z1m
nichola	Z	Z1f
nicholas	Z	Z1m
nichole	Z	Z1f
nichols	Z	Z1mf
nicholson	Z	Z1mf
nick	Z	Z1m
nickelodeon	Z	Z3
nicky	Z	Z1f
nicola	Z	Z1f
nicole	Z	Z1f
nieh	Z	Z1
niel	Z	Z1m
nielsen	Z	Z1mf
nigel	Z	Z1m
niger	Z	Z2
nigeria	Z	Z2
nigerian	Z	Z2/S2mf
nigerians	Z	Z2/S2mf
nigerien	Z	Z2/S2mf
nigeriens	Z	Z2/S2mf
nightingale	Z	Z1mf
nike	Z	Z3c
nikon	Z	Z3c
nikwax	Z	Z3c
nile	Z	Z2
nincity	Z	Z3c
nina	Z	Z1f
ninex	Z	Z3c
ningkang	Z	Z2
nintendo	Z	Z3
nipon	Z	Z3
niro	Z	Z1mf
nirvana	Z	Z3c
nissan	Z	Z3c
niueans	Z	Z2/S2mf
nivea	Z	Z3c
niven	Z	Z1mf
nixon	Z	Z1
nizam	Z	Z1m
no.2s	B	B5
noah	Z	Z1m
nobel	Z	Z1
nobu	Z	Z1
noel	Z	Z1m
nokia	Z	Z3
nolan	Z	Z2
nomad	M	M1/S2mf
nomads	M	M1/S2mf
nomadu	Z	Z3
nomura	Z	Z3c
non-commercial	I	I2.1
non-existent	A	A3
non-verbally	Q	Q3
nonesuch	Z	Z3c
nong	Z	Z1
nora	Z	Z1f
norbert	Z	Z1m
norbury	Z	Z2
nordic	Z	Z2
nordin	Z	Z1
nordstrom	Z	Z3c
norfield	Z	Z2
norfolk	Z	Z2
noriega	Z	Z1mf
norma	Z	Z1f
norman	Z	Z1mf
normandy	Z	Z2
normanism	Z	Z2
normanton	Z	Z2
norse	Z	Z2
north-south	Z	Z2
north-west	M	M6
northwest	M	M6
northampton	Z	Z2
northamptonshire	Z	Z2
northants	Z	Z2
northbridge	Z	Z2
northcliffe	Z	Z1mf
northend	Z	Z2
northfield	Z	Z2
northgate	Z	Z2
northshields	Z	Z2
northumberland	Z	Z2
northumbria	Z	Z2
northumbrian	Z	Z2
northwestern	Z	Z3
northwood	Z	Z3c
norton	Z	Z2
norway	Z	Z2
norwegian	Z	Z2/S2mf
norwegians	Z	Z2/S2mf
norwich	Z	Z2
norwood	Z	Z2
nottingham	Z	Z2
nottinghamshire	Z	Z2
notts	Z	Z2
nouveau	T	T3
nov	T	T1.3
nova	Z	Z3
noveau	Z	Z3/F2
november	T	T1.3
nuba	Z	Z2/S2mf
nuer	Z	Z2/S2mf
nuffield	Z	Z3c
number10	Z	Z2
nunko-nono	Z	Z2
nurenberg	Z	Z2
nurofen	B	B3
nutcracker	Z	Z3
nuvomedia	Z	Z3c
nyra	Z	Z2
o'brien	Z	Z1
o'briens	Z	Z1mf
o'connor	Z	Z1mf
o'groats	Z	Z2
o'hare	Z	Z1mf
o'levels	P	P1
o'er	N	N5.2
o'level	P	P1
o-level	P	P1
o.f.m.cap	Z	Z3c
o.s.b.	Z	Z3c
oap	T	T3+/S2mf
oaps	T	T3+/S2mf
oas	Z	Z3
oau	Z	Z3
oaur69	G	G2.1/Z2
ocas	Z	Z3
ocha	Z	Z3
ocu	G	G2.1c
ocus	G	G2.1c
od	F	F3
odp	S	S7.4+/M1
oecd	Z	Z3
ohb	Z	Z3c
ohchr	Z	Z3
ohp	O	O3
okish	A	A5.1
onc	P	P1
ond	P	P1
onh	P	P1
oo	N	N3.1
opcs	Z	Z3c
opec	Z	Z3
or	I	I2.1/X2.4
osce	Z	Z3
osk	Z	Z3
ot	B	B3/S2mf
ott	N	N5.2
ovm	Z	Z3c
oyl	Z	Z3
oakhurst	Z	Z2
oakley	Z	Z2
oasis	Z	Z3c
oates	Z	Z1mf
oban	Z	Z2
oben	Z	Z2
obese	N	N3.4
observatory	Y	Y1/H1
observer	Z	Z3c
oceania	Z	Z2
oceanian	Z	Z2/S2mf
oceanians	Z	Z2/S2mf
ochancroove	Z	Z2
ockley	Z	Z2
octavia	Z	Z1f
october	T	T1.3
oddessey	Z	Z3c
odeon	Z	Z3c
odyssey	Z	Z3
oedipal	X	X1
oedipus	Z	Z1m
offertory	S	S9
ofsted	Z	Z3c
oftel	Z	Z3c
ofwat	Z	Z3
ogmore	Z	Z2
ohh	Z	Z4
ohio	Z	Z2
oi	Z	Z1
ojwatch	Z	Z3c
ok.	Z	Z4
oka	Z	Z2
okeechobee	Z	Z2
okehampton	Z	Z2
oklahoma	Z	Z2
olands	Z	Z3c
olavs	Z	Z1f
oldbury	Z	Z2
oldermarston	Z	Z2
oldham	Z	Z2
oldy	Z	Z3c
ole	Z	Z2
olive	Z	Z1mf
oliver	Z	Z1m
olivers	Z	Z3c
olivetti	Z	Z3c
olivia	Z	Z1f
olivier	Z	Z1mf
ollen	Z	Z1
olswang	Z	Z1
olympia	Z	Z2
olympic	Z	Z3c
omaha	Z	Z2
oman	Z	Z2
omand	Z	Z1
omanis	Z	Z2/S2mf
omar	Z	Z1m
omega	Z	Z3c
ommerton	Z	Z1mf
omron	Z	Z3c
ondigital	Z	Z3c
onassis	Z	Z1
onesaturday	Z	Z3c
ong	Z	Z1
ontario	Z	Z2
ooooh	Z	Z4
oooooh	Z	Z4
oostende	Z	Z2
ophelia	Z	Z1f
options	Z	Z3c
opus	Z	Z3c
oracle	Z	Z3
oradore	Z	Z2
oratory	Q	Q2.2
oregon	Z	Z2
oren	Z	Z1mf
orgasmicwines	Z	Z3c
orient	Z	Z2
orion	Z	Z3fnc
orissa	Z	Z2
orkney	Z	Z2
orlando	Z	Z1m
orleans	Z	Z2
oromo	Z	Z2/S2mf
orsino	Z	Z1m
ortega	Z	Z1mf
orton	Z	Z1
orwell	Z	Z1mf
osaka	Z	Z2
osborne	Z	Z1mf
oscar	Z	Z1m
oscars	Z	Z3
osh	Z	Z3c
oslo	Z	Z2
osman	Z	Z1m
osmond	Z	Z1m
ossetians	Z	Z2/S2mf
ostend	Z	Z2
ostende	Z	Z2
osterley	Z	Z2
oswald	Z	Z1m
oswerstrey	Z	Z2
oswestry	Z	Z2
othello	Z	Z1m
ottawa	Z	Z2
otterbank	Z	Z2
otterburn	Z	Z2
ottershaw	Z	Z2
ottershore	Z	Z2
ottley	Z	Z2
ottoman	Z	Z2/S2mf
ough	Z	Z4
ouse	Z	Z2
ouve	Z	Z1m
oval	Z	Z2
ovambo	Z	Z2/S2mf
ove	Z	Z1m
ovimbundu	Z	Z2/S2mf
owen	Z	Z1m
owna	Z	Z2
owning	Z	Z3c
oww	Z	Z4
oxbridge	P	P1/Z2c
oxfam	Z	Z3c
oxford	B	B5
oxfordshire	Z	Z2
oxo	Z	Z3c
oxon	Z	Z2
oxy	Z	Z3
oxypads	Z	Z3
oxytab	Z	Z3
ozzie	Z	Z1m
p-economy	A	A1.1.1/I2.1
p-medication	B	B3
p-medications	B	B3
p.e	K	K5.1
p.e.	K	K5.1
p.g.	Z	Z1mf
p/b	I	I1.3
p/e	I	I1.3
p4	P	P1
p45	I	I3.1-/Q1.2
p45s	Q	Q1.2/G1.1
pa	I	I2.1/S2mf
pace	Z	Z3c
paicv	Z	Z3
paye	I	I1.1/I3.1
pbl	X	X2.3+/P1
pbw	Z	Z3c
pc	Y	Y2
pcb	O	O3
pcca	Z	Z3
pcp	F	F3
pcr	Y	Y1
pcv	B	B3
pcs	Y	Y2
pd	P	P1
pda	Z	Z3c
pdce	P	P1
pdf	Z	Z3c
pdfm	Z	Z3c
pdsa	Z	Z3c
pdsm	Z	Z3c
pdz	Z	Z3
pe	P	P1/K5.1
peps	I	I1.1
pfa	Z	Z3c
pfi	Z	Z3
pg	P	P1
pgce	P	P1
pgsa	Z	Z3c
phi	Z	Z3c
phil	P	P1
phys	P	P1
pkk	Z	Z3
pla	G	G1.2/Z3
plo	Z	Z3c
pm	G	G1.1/S2mf
pmt	B	B2
pnb	Z	Z3c
pnc	G	G2.1/Y2
pnf	K	K5.1
pnhb	Z	Z3c
pnsb	Z	Z3c
poli	P	P1
pos	Q	Q3
poss	Q	Q3
pow	G	G3/S2mf
pows	G	G3/S2mf
ppa	I	I1.3
ppcg48	Z	Z3
ppe	P	P1
ppk	Z	Z3
ppl	K	K3
pps	G	G1.1/S2mf
ppt	Y	Y2
prw53	Z	Z3
ps2	Z	Z3
psa	Z	Z3
psh	B	B1
psv	M	M3
psybt	Z	Z3c
pt	K	K5.1
pta	S	S1.1.1c
ptc	Z	Z3c
ptce	P	P1
ptfe	Y	Y1
ptp	Z	Z3c
ptt	Z	Z3c
ptts	Z	Z3c
pu	O	O1
pv	O	O1
pv(fcf)	I	I1
pvc	O	O1.1
pa'o	Z	Z2/S2mf
pacific	Z	Z2
pacino	Z	Z1mf
packard	Z	Z1mf
packer	Z	Z1mf
paddington	Z	Z2
paddy	Z	Z2/S2mf
paddypower	Z	Z3c
paechter	Z	Z1
paganini	Z	Z1mf
page	Z	Z1mf
pagemaker	Z	Z3
pages	Z	Z3c
pahang	Z	Z2
pahang-selangor	Z	Z2
paige	Z	Z1mf
paignton	Z	Z2
paintbrush	Z	Z3
paisley	Z	Z1mf
paki	Z	Z2/S2mf
pakis	Z	Z2/S2mf
pakistan	Z	Z2
pakistani	Z	Z2/S2mf
pakistanis	Z	Z2/S2mf
palace	Z	Z3c
palais	Z	Z3c
palaniappan	Z	Z1
palasades	Z	Z3c
palatino	Z	Z3
palauan	Z	Z2/S2mf
palauans	Z	Z2/S2mf
palestine	Z	Z2
palestinian	Z	Z2
palestinians	Z	Z2/S2mf
palin	Z	Z1mf
pall	Z	Z3
palladianism	H	H1
palma	Z	Z2
palmeira	Z	Z2
palmer	Z	Z1mf
palmers	Z	Z3c
palmerston	Z	Z1mf
pam	Z	Z1f
panama	Z	Z2
panamanian	Z	Z2/S2mf
panamanians	Z	Z2/S2mf
panasonic	Z	Z3c
pancras	Z	Z2
panda	Z	Z3
pangalos	Z	Z1m
pangbourne	Z	Z2
pankaj	Z	Z1m
panorama	Z	Z3c
pantai	Z	Z3c
pantin	Z	Z1mf
pantone	Z	Z1mf
papal	S	S9
papalona	Z	Z2
papandreaou	Z	Z1
papanikolaou	Z	Z1
paperworkers	Q	Q1.2/S2mf
paphos	Z	Z2
papua	Z	Z2
paraguay	Z	Z2
paraguayan	Z	Z2/S2mf
paraguayans	Z	Z2/S2mf
paramo	Z	Z3c
parchment	Q	Q1.2
paris	Z	Z2
parisian	Z	Z2
parker	Z	Z1mf
parkhead	Z	Z2
parkhurst	Z	Z2
parkinson	Z	Z1mf
parkinsons	B	B2
parkridge	Z	Z2
parks	Z	Z3c
parkstone	Z	Z2
parkway	Z	Z2
parkwell	Z	Z2
parsons	Z	Z1mfn
parthenon	Z	Z2/S9
partigate	Z	Z2
parton	Z	Z1mf
partridge	Z	Z1mf
partwell	Z	Z3c
pascal	Z	Z1mf
pashley	Z	Z1mf
pasinev	Z	Z1mf
pasinevs	Z	Z3c
pasir	Z	Z3
passey	Z	Z3c
passionist	S	S9/S2mf
passover	S	S9/T1.3
pat	Z	Z1mf
patagonia	Z	Z2
patagonian	Z	Z2
patak	Z	Z1
patant	Z	Z1
patel	Z	Z1mf
pathans	Z	Z2/S2mf
pathfinder	Z	Z3
patience	Z	Z1f
patrick	Z	Z1mf
patricks	Z	Z1
patten	Z	Z1mf
patterdale	Z	Z2
patterson	Z	Z1mf
paul	Z	Z1m
paula	Z	Z1f
paulina	Z	Z1f
pauline	Z	Z1
paulo	Z	Z1m
pavaro	Z	Z1mf
pavarotti	Z	Z1mf
pavilion	Z	Z3c
pavilions	Z	Z3c
payless	Z	Z3
paynesville	Z	Z2
paz	Z	Z2
peacock	Z	Z1mf
peanuts	Z	Z3
peapod	Z	Z3c
pearce	Z	Z1mf
pearcy	Z	Z1mf
pearl	Z	Z3c
pearson	Z	Z1mf
pearsons	Z	Z3c
peaton	Z	Z1mf
peaudouce	Z	Z3c
pebble	Z	Z3f
peckham	Z	Z2
peddle	Z	Z1mf
pedigree	Z	Z3
pedro	Z	Z1m
peebles	Z	Z2
peels	Z	Z3c
peep	Z	Z1f
peer-to-peer	A	A6.1
peerless	Z	Z3c
pegasus	S	S9/L2mnc
peggy	Z	Z1f
pegnanton	Z	Z2
pei-tai-ho	Z	Z2
peking	Z	Z2
pelanduk	Z	Z3c
pelepas	Z	Z3c
pemba	Z	Z2
pembroke	Z	Z1mf
pembrokeshire	Z	Z2
penang	Z	Z2
penarth	Z	Z2
penbryn	Z	Z2
penbury	Z	Z2
pencoed	Z	Z2
pendyne	Z	Z2
penelope	Z	Z1f
penge	Z	Z2
penguin	Z	Z3c/Q4.1
penhalagan	Z	Z1mf
peninsular	Z	Z2
penitential	E	E4.1-/G2.1
pennard	Z	Z2
pennine	Z	Z2
pennines	Z	Z2
pennsylvania	Z	Z2
pennystone	Z	Z2
pennzoil	Z	Z3c
penrith	Z	Z2
pentagon	Z	Z3c/G3
pentecost	S	S9/T1.3
pentecostal	S	S9
pentecostals	S	S9/S2mf
pentium	Y	Y2
pentwyn	Z	Z2
penygant	Z	Z2
penzance	Z	Z2
peoplepc	Z	Z3c
peover	Z	Z2
pepe	Z	Z3c
peplow	Z	Z1mf
pepsi	Z	Z3c
perak	Z	Z2
percy	Z	Z1mf
peregrine	Z	Z1m
pericoronitis	B	B2
perini	Z	Z1
perkasa	Z	Z3c
perkins	Z	Z1
perky	Z	Z3mn
permanent	Z	Z3c
pernod	Z	Z3
perodua	Z	Z3c
perpignan	Z	Z2
perrier	Z	Z3c
perry	Z	Z1mf
perrys	Z	Z3c
persia	Z	Z2
persian	Z	Z2/S2mf
persil	Z	Z3c
pertex	Z	Z3/B5/O1.1
perth	Z	Z2
perthshire	Z	Z2
peru	Z	Z2
peruvian	Z	Z2
peruvians	Z	Z2/S2mf
perwaja	Z	Z3c
peshawar	Z	Z2
petaling	Z	Z2
petani	Z	Z3
pete	Z	Z1m
peter	Z	Z1m
peterborough	Z	Z2
peters	Z	Z1mf
petersburg	Z	Z2
petersburgh	Z	Z2
petersfield	Z	Z2
pethern	Z	Z2
petra	Z	Z3c
petres	Z	Z3c
petronas	Z	Z3c
petrus	Z	Z3
pettigrew	Z	Z1
pettywin	L	L3
peugeot	Z	Z3c
peveralls	Z	Z3c
peverill	Z	Z2
pevsner	Z	Z1mf
peyton	Z	Z2
pez	Z	Z1m
phd	P	P1
pharaoh	S	S7.1+/S2.2m
pharisee	S	S9/T1.1.1
pharisees	S	S9/T1.1.1
pharmaniaga	Z	Z3c
pharo	S	S7.1+/S2.2m
pharos	S	S7.1+/S2.2m
phebe	Z	Z1f
philadelphia	Z	Z2
philby	Z	Z1mf
phileo	Z	Z3c
philharmonic	Z	Z3c
philip	Z	Z1m
philippa	Z	Z1f
philippine	Z	Z2
philippines	Z	Z2
philippino	Z	Z2/S2mf
philips	Z	Z3c
phillimore	Z	Z1mf
phillip	Z	Z1m
phillippa	Z	Z1f
phillips	Z	Z3c
philly	Z	Z2
phipps	Z	Z1mf
phoenix	S	S9
phonecard	Q	Q1.3
photographically	C	C1
phyllis	Z	Z1f
physician	B	B3/S2mf
physicians	B	B3/S2mf
picasso	Z	Z1nf
piccadilly	Z	Z2
pickard	Z	Z1
pickering	Z	Z2
picketts	Z	Z1mf
pickmere	Z	Z2
pickwick	Z	Z3c
pierce	Z	Z1mf
pierre	Z	Z1m
pierrer	Z	Z3c
piers	Z	Z1m
pilates	K	K5.1
pilgrim	S	S9/S2mf
pilkington	Z	Z1mf
pilkingtons	Z	Z3c
pilks	Z	Z3c
pillier	Z	Z1mf
pilling	Z	Z2
pimms	Z	Z3
pine	P	P1
pinewood	Z	Z2
pinfield	Z	Z2
pingus	Z	Z3
pinmill	Z	Z3c
pinner	Z	Z2
pinocchio	Z	Z1m/K4
pinter	Z	Z1mf
pip	Z	Z1mf
piper	Z	Z3c
pirelli	Z	Z3c
pisa	Z	Z2
pisces	S	S9
pistols	G	G3
pitprop	Z	Z3c
pithlockrie	Z	Z2
pitlochry	Z	Z2
pitro	Z	Z2
pitstein	Z	Z1mf
pitts	Z	Z1mf
pittsmore	Z	Z2
pius	Z	Z1m
pixar	Z	Z3c
pizzaland	Z	Z3c
planetall	Z	Z3
plas	Z	Z2
plasgwyn	Z	Z2
plato	Z	Z1m
platt	Z	Z1mf
plavsic	Z	Z1
playstation	K	K5.2/Y2
playa	Z	Z2
playas	Z	Z2
playboy	Z	Z3c
playgroup	S	S5/T3--c
plaza	Z	Z2
pledge	Z	Z3
plu	Z	Z1mf
pluto	Z	Z1/W1
plymothian	Z	Z2
plymouth	Z	Z2
plympton	Z	Z2
plymstock	Z	Z2
poas	Z	Z3c
pojom	Z	Z2
poland	Z	Z2
polaroid	Z	Z3c/C1
polartec	Z	Z3c
poles	Z	Z2/S2mf
polish	Z	Z2/Q3
polly	Z	Z1f
pollybelle	Z	Z3c
pollybelles	Z	Z3c
polo	Z	Z3
polperro	Z	Z2
polyanthus	L	L3
polycoss	Z	Z2
polydor	Z	Z3c
polyliner	Z	Z3c
polynesian	Z	Z2/S2mf
polynesians	Z	Z2/S2mf
polytech	P	P1/H1c
pomaks	Z	Z2/S2mf
pomfret	Z	Z2
pomp	O	O4.2
pompei	Z	Z2
pompeii	Z	Z2
pompey	Z	Z2
pontadillas	Z	Z2
pontefract	Z	Z2
ponteland	Z	Z2
pontiff	S	S9/S7.1+/S2.2m
pontins	Z	Z3c
ponty	Z	Z2
pontyclean	Z	Z3c
pontypool	Z	Z2
pontypridd	Z	Z2
pony	L	L2mfn
poole	Z	Z2
poon	Z	Z1
poop	M	M4
pope	S	S7.1+/S9m
popeye	Z	Z1m
poppy	Z	Z1f
porchester	Z	Z2
porchses	Z	Z3c
porridge	Z	Z3
porsche	Z	Z3c
porsches	Z	Z3c
portabello	Z	Z2
porthcaul	Z	Z2
porthcawl	Z	Z2
porthdinllaen	Z	Z2
porthor	Z	Z2
portia	Z	Z1f
portillo	Z	Z1mf
portland	Z	Z2
portlight	Z	Z3
portrait	Z	Z3c
portsea	Z	Z2
portshields	Z	Z2
portslade	Z	Z2
portsmouth	Z	Z2
portswood	Z	Z2
portugal	Z	Z2
portugese	Z	Z2/Q3
portuguese	Z	Z2/Q3
positano	Z	Z2
post-it	Q	Q1.2
post-disaster	A	A1.1.2/N4
potentates	S	S7.1+/S2mf
pottertons	Z	Z3c
pottock	Z	Z1mf
pounders	Z	Z3c
poundstretcher	Z	Z3
powell	Z	Z1mf
powergen	Z	Z3c
powerpoint	Z	Z3
powersworth	Z	Z2
powys	Z	Z2
prada	Z	Z3
prague	Z	Z2
prahad	Z	Z1
prai	Z	Z3c
prairie	W	W3/L3
pratt	Z	Z1mf
praxisline	Z	Z3c/Y2
predictors	X	X2.6
premier	Z	Z3c
prentice	Z	Z1mf
presbyteries	H	H1/S9
presbytery	H	H1/S9
prescott	Z	Z1mf
presidency	S	S7.1
preskill	Z	Z1
presley	Z	Z1mf
presov	Z	Z2
presto	Z	Z3c
preston	Z	Z2
prestwater	Z	Z2
preswood	Z	Z2
pret	Z	Z3c
pretoria	Z	Z2
priceline.com	Z	Z3c/Y2
pricewaterhousecoopers	Z	Z3c
priesthood	S	S9
priestland	Z	Z2
priestly	Z	Z1mf
prima	Z	Z3c
primus	Z	Z3c
prince	Z	Z1mf
princeton	Z	Z2
princetown	Z	Z2
principality	S	S7.1+/M7
principles	Z	Z3c
pringles	Z	Z3c
priscilla	Z	Z1f
pritt	Z	Z3c
prix	Z	Z3
process	Z	Z3c
proclaimers	Z	Z3c/K2
procope	Z	Z1
procter	Z	Z3c
proctor	Z	Z1mf
procurators	S	S7.1+/S2mf
prof	P	P1/S2mf
prolific	Z	Z3c
promet	Z	Z3c
proops	Z	Z1mf
prophet	S	S9/S2mf
prophetess	S	S9/S2.1f
proprinter	Z	Z3
protean	Z	Z1
protestantism	S	S9
protestants	S	S9/S2mf
proton	Z	Z3c/M3
protons	Z	Z3c/M3
proust	Z	Z1mf
prov	Z	Z3c
provence	Z	Z2
provident	Z	Z3c
provincial	M	M7
prowes	Z	Z1mf
pru	Z	Z3c
prudence	Z	Z1f
prudential	Z	Z3c
prussian	Z	Z2/S2mf
psion	Z	Z3c/Y2
psions	Z	Z3c/Y2
psycho	Z	Z3
pte	Z	Z3c
pubmed	Z	Z3/Y2/X2.2+/B3
puccini	Z	Z1mf
puchong	Z	Z2
pucini	Z	Z3
pud	Z	Z3mn
pudsey	Z	Z3
puicini	Z	Z3
pulitzer	Z	Z1
puma	Z	Z3c
punch	Z	Z3c
punctilios	A	A4.2
punjab	Z	Z2
punjabis	Z	Z2/S2mf
purbright	Z	Z2
purbrook	Z	Z2
puritan	S	S9
purne	Z	Z2
purser	M	M4/S2mf
purton	Z	Z2
putney	Z	Z2
putra	Z	Z3
putra-lrt	Z	Z3
pwthelli	Z	Z2
pygmalion	Z	Z3
pyrenees	Z	Z2
python	Z	Z3c
q	Z	Z5
qa	Z	Z3c
qc	G	G2.1/S2mf
qe2	Z	Z3c
qsw	S	S1.1.1/S2mf
qxl	Z	Z3
qantas	Z	Z3c/M5
qatar	Z	Z2
qataris	Z	Z2/S2mf
qing	Z	Z1
quaker	S	S9/S2mf
quakers	S	S9
quant	Z	Z1mf
quantel	Z	Z3
quark	Z	Z3
quasimodo	Z	Z1m
quavers	Z	Z3
quayside	Z	Z2
qudos	Z	Z3c
quebec	Z	Z2
quedos	Z	Z3c
queen	Z	Z3c
queenie	Z	Z1f
queens	Z	Z2
queensbury	Z	Z2
queensland	Z	Z2
queenstown	Z	Z2
queensway	Z	Z2
quentin	Z	Z1m
quest	X	X2.4
questionmark	Z	Z3
quinton	Z	Z1mf
quirk	Z	Z1mf
quito	Z	Z2
qume	Z	Z3c
r2	Z	Z3
r4	Q	Q4.3
ra	P	P1/S2mf
raaf	M	M5/G3c
rac	Z	Z3c
rada	Z	Z3c
rae	X	X4.2/P1
raf	Z	Z3c
ragb	Z	Z3
raob	Z	Z3c
rasro	H	H4/M7
rbi	Z	Z3c
rct	Z	Z3c
re	S	S9
rebt	B	B3/X1
rei	Z	Z3
renc	Z	Z3c
rf	Z	Z3
rfc	Z	Z3c
rg1	Z	Z5
rgn	B	B3/S2mf
rgs	Z	Z3c
rhb	Z	Z3c
rhi	Z	Z3c
rhm	Z	Z3c
riba	Z	Z3c
rics	Z	Z3c
rm	Z	Z3
rmc	Z	Z3c
rmp	Z	Z3
rml	I	I1.3
rn	Z	Z3c
rng	Y	Y2
rnli	Z	Z3c
roc	Z	Z3c
rohas-euco	Z	Z3
rop	Q	Q4.2
rpm	N	N3.8
rsa	Z	Z3c
rsa4	P	P1
rsea	Z	Z3c
rsi	B	B2
rspb	Z	Z3c
rspca	Z	Z3c
rsva	Z	Z3c
rtc	Z	Z3c
rtitb	Z	Z3c
rtm	Z	Z3c
ruc	Z	Z3c
rab	Z	Z1m
rabbi	S	S9/S2mf
rabbis	S	S9/S2mf
rabness	Z	Z2
rachael	Z	Z1f
rachel	Z	Z1f
rachmaninov	Z	Z1mf
rackham	Z	Z3c
rackharn	Z	Z1
rackman	Z	Z3c
radcliffe	Z	Z1mf
radford	Z	Z1mf
radice	Z	Z1
radion	Z	Z3
radipole	Z	Z2
radmeads	Z	Z2
radox	Z	Z3
raeburn	Z	Z1mf
raeburns	Z	Z3c
raesbury	Z	Z2
raffles	Z	Z3c
rafion	Z	Z3
rafsanjani	Z	Z1mf
ragastan	Z	Z2
raglan	Z	Z2
rags	Z	Z3c
railnchief	Z	Z3c
railcard	M	M3/O2/Q1.1
railtrack	Z	Z3c
rainham	Z	Z2
raj	Z	Z1m
raji	Z	Z1m
raleigh	Z	Z3c
ralph	Z	Z1m
ramadan	S	S9/T1.3
rambo	Z	Z3
ramphal	Z	Z1mf
ramsau	Z	Z2
ramsden	Z	Z1
ramses	Z	Z1m
ramsey	Z	Z1mf
ramsgate	Z	Z2
ranbaxy	Z	Z3c
randalls	Z	Z1
rangers	Z	Z3c
rangoon	Z	Z2
ranguar	Z	Z2
ranhill	Z	Z3c
rania	Z	Z1f
rank	Z	Z3c
rankhill	Z	Z2
rankine	Z	Z3c
ransom	Z	Z3c
ranson	Z	Z1mf
rapide	Z	Z3c
rascal	Z	Z3c
rashid	Z	Z1m
ratcliffe	Z	Z1mf
ratner	Z	Z1
raton	Z	Z2
rattan	Z	Z1mf
raus	Z	Z4
ravel	Z	Z3c
ravenshire	Z	Z2
ravier	Z	Z3c
rawalpindi	Z	Z2
rawang	Z	Z2
rawang-ipoh	Z	Z2
rawang-seremban	Z	Z2
rawhide	Z	Z3c
rawlings	Z	Z1mf
rawplug	O	O2
rayliegh	Z	Z3c
rayner	Z	Z1mf
raynes	Z	Z2
rayney	Z	Z1mf
raynors	Z	Z3c
razman	Z	Z1m
razorfish	Z	Z3c
razorlight	Z	Z3c/K2
razzle	Z	Z3
rd	Z	Z2
re-arranging	A	A2.1
readimix	Z	Z3c
reading	Z	Z2
readmans	Z	Z3c
reagan	Z	Z1mf
reaganomics	Z	Z3c/K2
ream	N	N5
reardon	Z	Z1mf
rebecca	Z	Z1f
rebok	Z	Z3c
reboks	Z	Z3c
rebox	Z	Z3c
recovitch	Z	Z2
redbridge	Z	Z2
redcar	Z	Z2
redcliffe	Z	Z3c
redditch	Z	Z2
redeemer	S	S9/S2mf
redemptorist	S	S9/S2mf
redford	Z	Z1mf
redifusion	Z	Z3c
rediglianie	Z	Z3c
rediglianies	Z	Z3c
redland	Z	Z3c
redman	Z	Z1mf
redmyers	Z	Z2
redruth	Z	Z2
redwood	Z	Z3c
reebok	Z	Z3c
reece	Z	Z1mf
reed	Z	Z1mf
reepham	Z	Z2
reeves	Z	Z1mf
reflex	Z	Z3c
reflexions	Z	Z3c
reflexology	B	B3
reform	A	A2.1
reformation	S	S9
refute	A	A10+/A5.2
reg	Z	Z1m
regalian	Z	Z3c
regalion	Z	Z3c
regan	Z	Z1mf
regency	Z	Z3c
regent	Z	Z3c
regents	Z	Z3c
reggie	Z	Z1m
regis	Z	Z1mf
registrar	B	B3/S2mf
reichmann	Z	Z1
reichmanns	Z	Z1
reichstag	Z	Z2
reignier	Z	Z1m
relate	Z	Z3c
relica	Z	Z3c
rembrandt	Z	Z1mf
rembrant	Z	Z3
rembrants	Z	Z3
remington	Z	Z3c
renault	Z	Z3c
renco	Z	Z3c
rendell	Z	Z1mf
rene	Z	Z1f
renfield	Z	Z2
renfrew	Z	Z1mf
rengrafenstein	Z	Z1mf
rennies	Z	Z3c
rennison	Z	Z1mf
reno	Z	Z2
renoir	Z	Z1mf
renong	Z	Z3c
renong-uem	Z	Z3c
rentacrowd	G	G1.2/S5c
rental	I	I2.2
rentokil	Z	Z3c
rentokill	Z	Z3c
reportage	Z	Z3c
reptford	Z	Z2
republic	S	S5+/M7
republikflucht	M	M1/G1.2
requiem	S	S9
restart	Z	Z3
rested	E	E3
retford	Z	Z2
retinue	I	I3.1/S2mf
retriever	L	L2mfn
reuter	Z	Z3c
reuters	Z	Z3c
revd	S	S9/S2mf
revo	Z	Z3
revox	Z	Z3
rex	Z	Z1m
reyden	Z	Z2
reykhavic	Z	Z2
reynaldo	Z	Z1m
rhine	Z	Z2
rhoda	Z	Z1f
rhodes	Z	Z1mf
rhodesia	Z	Z2
rhondda	Z	Z2
rhoose	Z	Z2
rhosilli	Z	Z2
rhyl	Z	Z2
rhyll	Z	Z2
rhys	Z	Z1mf
riad	Z	Z2
rian	Z	Z1f
ribena	Z	Z3
rice	Z	Z1mf
richard	Z	Z1m
richards	Z	Z3c
richardson	Z	Z1
richmansworth	Z	Z2
richmond	Z	Z2
richter	Z	Z1
rick	Z	Z1m
rickets	Z	Z1mf
rickmansworth	Z	Z2
ricky	Z	Z1m
rico	Z	Z1m
ricoh	Z	Z3c
rider	Z	Z3c
riders	Z	Z3c
ridge	Z	Z2
ridgeway	Z	Z2
ridiglianie	Z	Z3c
ridings	Z	Z3c
ridley	Z	Z1
rigatoni	Z	Z3
rigby	Z	Z2
riggs	Z	Z3c
rightguard	Z	Z3
rik	Z	Z1m
riley	Z	Z1mf
rileys	Z	Z3c
rimmel	Z	Z3c
rinaldo	Z	Z1m
ring-leaders	S	S7.1+/S2mf
ringwood	Z	Z2
rio	Z	Z2
ripley	Z	Z3c
rippenden	Z	Z2
ripper	G	G2.1-/S2mf
rippon	Z	Z1mf
risol	Z	Z3c
rita	Z	Z1f
rite	S	S9
ritz	Z	Z3c
ritzy	O	O4.2
rivers	Z	Z1m
riviera	Z	Z2
rix	Z	Z1mf
roath	Z	Z2
robbie	Z	Z1m
robert	Z	Z1m
roberts	Z	Z1mf
robertson	Z	Z1mf
robertsons	Z	Z3
robin	Z	Z1mf
robins	Z	Z3c
robinson	Z	Z1mf
roblido	Z	Z1m
robocop	Z	Z3
robson	Z	Z1mf
robusta	F	F2
rocco	Z	Z1
rochdale	Z	Z2
rochester	Z	Z2
rock	Z	Z1mf
rockall	Z	Z3c
rocket	Z	Z3fn
rockies	Z	Z2
rockress	Z	Z1mf
rocksall	Z	Z2
rod	Z	Z1m
roddick	Z	Z1
roderigo	Z	Z1m
rodiles	Z	Z2
roehampton	Z	Z2
roff	Z	Z1mf
rog	Z	Z1
roger	Z	Z1m
rogers	Z	Z1mf
rohl	Z	Z1m
roland	Z	Z1
rolf	Z	Z1m
rolls	Z	Z3c
rolls-roycing	M	M1/I1.1
roma	Z	Z2
roman	Z	Z2
romania	Z	Z2
romanian	Z	Z2/S2mf
romanians	Z	Z2/S2mf
romany	Z	Z1f
rome	Z	Z2
romeo	Z	Z1m
romford	Z	Z2
romsey	Z	Z2
ron	Z	Z1m
ronald	Z	Z1m
ronay	Z	Z1mf
ronney	Z	Z1m
ronnie	Z	Z1mf
ronnies	Z	Z1mf
ronseal	Z	Z3c
roofbox	Z	Z3c
rookwood	Z	Z3c
rooshe	Z	Z2
rory	Z	Z1m
ros	Z	Z1
rosalind	Z	Z1f
rosaline	Z	Z1f
rose	Z	Z1f
roseanne	Z	Z3c
roseberry	Z	Z2
roseland	Z	Z2
rosemary	Z	Z1f
rosenthal	Z	Z1
rosewell	Z	Z2
rosie	Z	Z1f
rosneath	Z	Z2
ross	Z	Z1m
rossell	Z	Z1mf
rossendale	Z	Z2
rossetti	Z	Z1
rosyth	Z	Z2
rotary	Z	Z3c
rothbury	Z	Z2
rotherham	Z	Z2
rotherhithe	Z	Z2
rothermere	Z	Z1
rothmans	Z	Z3c
rothschilds	Z	Z3c
rotterdam	Z	Z2
rotweiler	L	L2mfn
rouen	Z	Z2
rouken	Z	Z2
roulés	Z	Z3c
roundhay	Z	Z2
rouse	Z	Z3c
routledge	Z	Z3c/Q4.1
roux	Z	Z1mf
rover	Z	Z3c
rowan	Z	Z1mf
rowe	Z	Z1
rowland	Z	Z1mf
rowlands	Z	Z1mf
rowntree	Z	Z3c
rox	Z	Z3c
roxham	Z	Z2
roxy	Z	Z3c
roy	Z	Z1m
roy-of-the-rovers	Z	Z3
royal	S	S7.1
royce	Z	Z1mf
royston	Z	Z2
royton	Z	Z2
roz	Z	Z1f
rozali	Z	Z1m
ruben	Z	Z1m
rubens	Z	Z1mf
rubery	Z	Z2
rubi	Z	Z1mf
rubina	Z	Z2
rucken	Z	Z2
rudabacker	Z	Z1
rudd	Z	Z1
rudds	Z	Z1
rudolf	Z	Z1m
ruebens	Z	Z1mf
rufus	Z	Z1m
rugby	Z	Z2
ruislip	Z	Z2
rumania	Z	Z2
rumanian	Z	Z2
rumara	Z	Z2
rumba	K	K1
rumbelows	Z	Z3c
rumney	Z	Z2
runcorn	Z	Z2
runneymede	Z	Z2
runnymede	Z	Z2
runton	Z	Z2
rupert	Z	Z1m
rushdie	Z	Z1mf
rushett	Z	Z2
rushton	Z	Z1mf
ruskin	Z	Z1mf
russ	Z	Z1m
russcommon	Z	Z2
russell	Z	Z1mf
russia	Z	Z2
russian	Z	Z2/S2mf
russians	Z	Z2/S2mf
russles	Z	Z1
rusyn	Z	Z2/S2mf
ruth	Z	Z1f
rutherford	Z	Z1mf
ruthie	Z	Z1f
rutland	Z	Z2
rutley	Z	Z2
rwanda	Z	Z2
rwandan	Z	Z2
rwandans	Z	Z2/S2mf
ryan	Z	Z1mf
ryder	Z	Z1mf
rye	Z	Z2
ryedale	Z	Z1
rynaldo	Z	Z1m
s.a.g.b.	Z	Z3c
s.d.p.	Z	Z3c
s.j.	Z	Z3c
s.r.o	Z	Z3c
s5750	A	A5.1
sa	Z	Z2
sajh	Z	Z3
sap	P	P1
sas	Z	Z3c
sass	Z	Z3c
satra	Z	Z3c
sats	P	P1
sb	Z	Z3c
sc	Z	Z3
sca	Z	Z3c
scf	Z	Z3
scips	I	I2.1
scnf	Z	Z3c
scoda	Z	Z3c
scrc	Z	Z3c
sd	S	S9/S2mf
sdlp	Z	Z3c
sdsc	Z	Z3
se5	Z	Z2
sed	Z	Z3c
sems	Z	Z3c
sen	B	B3/S2mf
serc	Z	Z3c
serps	I	I1.1
sfo	Z	Z3c
sg	Z	Z3
sge	Z	Z3
sgi	Z	Z3
sgt	P	P1
sho	B	B3/S2mf
shos	B	B3/S2mf
skidl	Z	Z3/Y2/X2.2
sks	Z	Z3
slec	Z	Z3c
sli	Z	Z3c
slp	P	P1
slr	C	C1
sm	Q	Q4.3/S2mf
sme	I	I2.1/S5+c
sme/smi	I	I2.1
smp	Z	Z3c
sms	Q	Q4.3/S2mf
snp	Z	Z3c
soa	P	P1
soas	P	P1
soh	E	E4.1
spca73	Z	Z3
spd	Z	Z3c
spf	P	P1/A5
spn	Z	Z3
spp3	Z	Z3
srb	Z	Z3c
sri	Z	Z3c
srn	B	B3/S2mf
ss	Z	Z3c
ssp	Z	Z3
ssp1	I	I2.1
ssp2	I	I2.1
ssp2-s2	I	I2.1
ssp2-stage	I	I2.1
ssp3	I	I2.1
ssvc	Z	Z3c
stb	Z	Z3
stv	Z	Z3c
swda	Z	Z3
swj	Z	Z3c
sws	Z	Z3c
swvj	Z	Z3c
syabas	Z	Z3c
saab	Z	Z3c
saami	Z	Z2/S2mf
saatchi	Z	Z3c
sabah	Z	Z2
sabatini	Z	Z3
sabbath	T	T1.3/S9
sabine	Z	Z1f
sabisk	Z	Z2
sabre	Z	Z3
sacapana	Z	Z2
sacha	Z	Z1f
sachs	Z	Z1mf
sadam	Z	Z1m
sadaria	Z	Z2
saddam	Z	Z1m
saddleworth	Z	Z2
sadia	Z	Z1f
sadlers	Z	Z3c
saed	Z	Z1m
safari	K	K1/L2
safeway	Z	Z3c
safeways	Z	Z3c
saffo	Z	Z1
safuan	Z	Z1m
saga	Z	Z3c
sagittarius	S	S9/S2mf
sahara	Z	Z2
sahlat	Z	Z2
sahrawis	Z	Z2/S2mf
saigon	Z	Z2
sailsworth	Z	Z2
sainsbury	Z	Z3c
sainsburys	Z	Z3c
sainz	Z	Z1mf
saisho	Z	Z3c
sal	Z	Z1
salah	Z	Z1m
salam	Z	Z1m
salamanca	Z	Z2
salamon	Z	Z1m
salcombe	Z	Z2
saleh	Z	Z1m
salem	Z	Z2
salent	Z	Z2
salerno	Z	Z2
salesian	S	S9/S2mf
salewa	Z	Z3c
salford	Z	Z2
salisbury	Z	Z2
sally	Z	Z1f
salman	Z	Z1m
salmon	Z	Z1mf
salomon	Z	Z1m
salon	H	H2
salonika	Z	Z2
salsa	F	F1
saltash	Z	Z2
salterback	Z	Z2
salterbeck	Z	Z2
saltleigh	Z	Z2
saltley	Z	Z2
salvadoran	Z	Z2/S2mf
salvadorans	Z	Z2/S2mf
salvationist	S	S9/S2mf
salzburg	Z	Z2
sam	Z	Z1mf
samantha	Z	Z1f
samaritans	Z	Z3c
samatra	Z	Z2
samoa	Z	Z2
samoans	Z	Z2/S2mf
sampras	Z	Z1mf
sampson	Z	Z1mf
sams	Z	Z1mf
samson	Z	Z1m
samsonites	Z	Z3c/O2
samsung	Z	Z3c
samuel	Z	Z1m
samuels	Z	Z3c
san	Z	Z2/S2mf
sana	Z	Z1f
sanatogen	Z	Z3c
sanchez	Z	Z1mf
sandal	Z	Z2
sandersons	Z	Z3c
sandhouse	Z	Z3c
sandhurst	Z	Z3c
sandic	Z	Z3c
sandown	Z	Z2
sandra	Z	Z1f
sands	Z	Z1mf
sandwell	Z	Z2
sandy	Z	Z1mf
sandyford	Z	Z2
sangria	F	F2
sangster	Z	Z1mf
saniflow	Z	Z3c
sankey	Z	Z1mf
sano	Z	Z1
santa	Z	Z1m/S9
santan	Z	Z3
santana	Z	Z1
sanyo	Z	Z3c
sapphire	Z	Z3fn
sapura	Z	Z3c
sara	Z	Z1f
sarah	Z	Z1f
sarajevo	Z	Z2
saratov	Z	Z2
sarawak	Z	Z2
sardinia	Z	Z2
sargreb	Z	Z2
sarlat	Z	Z2
sasha	Z	Z1mf
sassicaia	Z	Z3
satan	S	S9m
satanic	S	S9
satish	Z	Z1
saturday	T	T1.3
saturdays	T	T1.3
saturn	Z	Z1/W1
sauchihall	Z	Z2
saudi	Z	Z2
saudia	Z	Z2
saunder	Z	Z1m
saunders	Z	Z1mf
savacentre	Z	Z3c
savage	Z	Z1mf
savebo	Z	Z2
saville	Z	Z1mf
savilles	Z	Z3c
savory	Z	Z1mf
savoy	Z	Z2
sawyer	Z	Z1mf
saxifrage	L	L3
saxon	Z	Z2/S2mf
say	Z	Z1mf
sayagues	Z	Z1
sayeed	Z	Z1mf
scalextric	Z	Z3
scandinavia	Z	Z2
scandinavian	Z	Z2/S2mf
scandinavians	Z	Z2/S2mf
scania	Z	Z3c
scanner	B	B3
scanvia	Z	Z3c
scapa	Z	Z2
scarborough	Z	Z2
scarbrough	Z	Z2
scarfell	Z	Z2
scargill	Z	Z1mf
scarla	Z	Z3c
scarlet	Z	Z1f
scarsdale	Z	Z1mf
scase	Z	Z1
schhh	Z	Z4
schindler	Z	Z1mf
schiphol	Z	Z3c
schleswig-holstein	Z	Z2
schniderlands	Z	Z3c
schofield	Z	Z1mf
schofields	Z	Z3c
scholl	Z	Z3c
schroders	Z	Z3c
schubert	Z	Z1mf
schumacher	Z	Z1mf
schutser	Z	Z1mf
schveish	Z	Z2
schwartenegger	Z	Z1mf
schwartz	Z	Z1
schwelling	Z	Z3c
schweppes	Z	Z3c
schwerring	Z	Z3c
scimitar	Z	Z3
sclatzer	Z	Z1mf
scolls	Z	Z3c
scone	Z	Z2
scoob	Z	Z3mn
scooby	Z	Z3mn
scorpio	S	S9
scot	Z	Z2/S2mf
scotch	Z	Z3c
scotland	Z	Z2
scotrail	Z	Z3c
scots	Z	Z2/Q3
scotsman	Z	Z2/S2.2m
scotsmen	Z	Z2/S2.2m
scotswood	Z	Z2
scott	Z	Z1mf
scottie	L	L2
scotvec	Z	Z3c
scouse	Q	Q3
scowhorne	Z	Z2
scowthorne	Z	Z2
scribes	Q	Q1.2/S2mf/T1.1.1
scruples	Z	Z3c
sculley	Z	Z1mf
scully	Z	Z1mf
scunthorpe	Z	Z2
seagate	Z	Z3c
seaham	Z	Z2
sean	Z	Z1mf
seaport	Z	Z2
searchers	X	X2.4/S2mf
sears	Z	Z3c
seaton	Z	Z2
seattle	Z	Z2
seaworld	Z	Z3c
sebastian	Z	Z1m
secretary-general	S	S7.1+/S2mf
section	A	A1.1.1
securicor	Z	Z3c
securon	Z	Z3
sedarol	Z	Z3c
sedbergh	Z	Z2
seefeld	Z	Z2
seekers	Z	Z3
sega	Z	Z3c
segontium	Z	Z2
seiko	Z	Z3c
seine	Z	Z2
seinfeld	Q	Q4.3
selangor	Z	Z2
selfridge	Z	Z3c
selfridges	Z	Z3c
sellafield	Z	Z2
selly	Z	Z2
sellyoak	Z	Z2
selma	Z	Z1f
selsey	Z	Z2
sembilan	Z	Z2
semenggor	Z	Z2
semenyih	Z	Z2
semerdzhiev	Z	Z1mf
senate	S	S7.1
senator	G	G1.2/S2mf
senegal	Z	Z2
senegalese	Z	Z2/S2mf
seng	Z	Z1
senge	Z	Z1
senior	Z	Z1mf
senna	Z	Z1mf
sentul	Z	Z2
september	T	T1.3
september'ish	T	T1.3
serb	Z	Z2/S2mf
serbia	Z	Z2
serbian	Z	Z2
serbians	Z	Z2/S2mf
serbo-croat	Z	Z2/Q3
serbs	Z	Z2/S2mf
serdang	Z	Z2
seremban	Z	Z2
serge	Z	Z1m
sergeant	G	G3/S7.1+/S2mf
sergei	Z	Z1m
seri	Z	Z3
serpentine	Z	Z2
servo	Z	Z3c
setapak	Z	Z2
setliner	Z	Z3
settlers	Z	Z3
sevenoaks	Z	Z2
severin	Z	Z1mf
severn	Z	Z2
seville	Z	Z2
seychelles	Z	Z2
seychellois	Z	Z2/S2mf
seymour	Z	Z1mf
seyriose	Z	Z2
shac	Z	Z3c
shackleford	Z	Z1mf
shackleton	Z	Z1
shadow	Z	Z1mf
shadowlands	Z	Z3
shaft	Z	Z1mf
shaftesbury	Z	Z1mf
shah	Z	Z1mf
shakespeare	Z	Z1mf
shakespearean	Z	Z1m
shallots	Z	Z3c
shan	Z	Z2/S2mf
shand	Z	Z1mf
shandwick	Z	Z3c
shane	Z	Z1m
shaneen	Z	Z1f
shanghai	Z	Z2
shanks	Z	Z1mf
shannon	Z	Z2
shape	Z	Z3
shar	Z	Z1f
shara	Z	Z3c
shari'ah	S	S9
sharif	Z	Z1mf
shark	Z	Z3c
sharon	Z	Z1f
sharpe	Z	Z1mf
shastri	Z	Z1mf
shaun	Z	Z1m
shaw	Z	Z1mf
shawbridge	Z	Z2
shaws	Z	Z3c
shearer	Z	Z1mf
shearers	Z	Z3c
shearings	Z	Z3c
sheddons	Z	Z2
sheena	Z	Z1f
shefali	Z	Z1f
sheffield	Z	Z2
sheha	Z	Z1f
shehee	Z	Z1mf
sheik	S	S7.1+/S2.2m
sheikh	S	S7.1+/S2.2m
sheila	Z	Z1f
sheldon	Z	Z1mf
shell	Z	Z3c
shelley	Z	Z1mf
shellmex	Z	Z3c
shells	Z	Z3c
shelly	Z	Z1mf
shelpham	Z	Z2
shelter	Z	Z3c
shenleyfields	Z	Z2
shenzhen	Z	Z2
shep	Z	Z3m
shepherds	Z	Z3c
shepperton	Z	Z2
sheppey	Z	Z2
sheraton	Z	Z1mf
sherburn	Z	Z2
sheridan	Z	Z1mf
sheriff	G	G2.1/S2mf
sheringham	Z	Z2
sherlock	Z	Z1mf
sherman	Z	Z1mf
sherpa	Z	Z2/S2mf
sherrif	Z	Z1mf
sherrine	Z	Z1f
sherry	Z	Z1mf
sherwood	Z	Z2
shetland	Z	Z2
shetlands	Z	Z2
shi'a	S	S9/S2mf
shi'as	S	S9/S2mf
shi'ite	S	S9/S5
shi'ites	S	S9/S5
shifnal	Z	Z2
shikoku	Z	Z2
shin	B	B1
shinders	Z	Z1mf
shinohara	Z	Z1
shintoism	S	S9
shintoist	S	S9/S2mf
shintoists	S	S9/S2mf
shipley	Z	Z2
shipmates	M	M4/S2mf
shipton	Z	Z1
shiret	Z	Z1
shirley	Z	Z1f
shmunton	Z	Z2
shona	Z	Z2/S2mf
shooters	Z	Z3c
shop.org	Z	Z3c/Y2
shor	Z	Z1
shoreditch	Z	Z2
shoreham	Z	Z2
shorelands	Z	Z2
shortcuts	Z	Z3c
shostakovich	Z	Z1m/K2
shotford	Z	Z2
shotley	Z	Z2
shotts	Z	Z2
shredded	A	A1.1.1
shrewsbury	Z	Z2
shridath	Z	Z1m
shropshire	Z	Z2
shrouders	Z	Z3c
shullan	Z	Z1mf
sian	Z	Z1f
siberia	Z	Z2
sibourne	Z	Z1mf
sicily	Z	Z2
sickert	Z	Z1mf
sid	Z	Z1m
sidari	Z	Z2
sidcup	Z	Z2
sideways	Z	Z3
sidhu	Z	Z1mf
sidingfield	Z	Z2
sidmouth	Z	Z2
sidney	Z	Z1m
sidon	Z	Z2
sieman	Z	Z1mf
siemens	Z	Z3c
sierra	Z	Z3
siew	Z	Z1
siff	O	O2
sigmund	Z	Z1m
signorina	S	S2.1f
signposts	Z	Z3c
siirt	Z	Z2
sikeon	Z	Z2
sikh	S	S9/S2mf
sikhism	S	S9
silko	Z	Z1mf
silloth	Z	Z2
silver	Z	Z1mf
silverblade	Z	Z3
silverdale	Z	Z2
silverstone	Z	Z2
silverwing	Z	Z3fn
silvia	Z	Z1f
silvie	Z	Z1f
silvikrin	Z	Z3c
sime	Z	Z3c
simnoff	Z	Z3
simon	Z	Z1m
simone	Z	Z1f
simonise	Z	Z3c
simpson	Z	Z1mf
sinai	Z	Z2
sinatra	Z	Z1mf
sinclair	Z	Z1mf
sind	Z	Z2
sindy	Z	Z3f
sindys	Z	Z3f
singapore	Z	Z2
singaporean	Z	Z2/S2mf
singaporeans	Z	Z2/S2mf
singhalese	Z	Z2
singtel	Z	Z3c
sinhalese	Z	Z2/S2mf
sino-british	Z	Z2
sino-soviet	S	S5+/M7
sino-u.s	S	S5+/M7
sirius	Z	Z3c
sistem	Z	Z3c
sixish	T	T1.2
sizewell	Z	Z2
skegness	Z	Z2
skelmersdale	Z	Z2
skelthorne	Z	Z2
skenfrith	Z	Z2
skerton	Z	Z2
sketch	Z	Z3c
skin	Z	Z3c
skins	Z	Z3c
skips	Z	Z3
skipton	Z	Z2
skoda	Z	Z3c
skol	Z	Z3c
sky	Z	Z3c
skyb	Z	Z3c
skye	Z	Z2
skylark	Z	Z3c
skyrack	Z	Z3c
slade	Z	Z3c
slater	Z	Z1mf
slattery	Z	Z1mf
slazenger	Z	Z3c
slazengers	Z	Z3c
sleaford	Z	Z2
sleebeck	Q	Q4.3/O2
sleetford	Z	Z2
slepstov	Z	Z1
sliga	Z	Z2
sligo	Z	Z2
slimfast	Z	Z3
sloane	S	S2.1f
sloboda	Z	Z1
sloe	Z	Z1
slough	Z	Z2
slovak	Z	Z2/S2mf
slovakia	Z	Z2
slovakian	Z	Z2
slovaks	Z	Z2/S2mf
slovene	Z	Z2
slovenes	Z	Z2/S2mf
slovenia	Z	Z2
slovo	Z	Z1mf
slycke	Z	Z1mf
smarties	Z	Z3
smetana	Z	Z1m/K2
smethick	Z	Z2
smiley	Z	Z1mf
smileys	Z	Z3c
smith	Z	Z1mf
smithfield	Z	Z2
smiths	Z	Z1
smithy	Z	Z1mf
smokey	Z	Z3mfn
snake	Z	Z3c
snakebite	Z	Z3/F2
sneem	Z	Z2
snievedingen	Z	Z2
snip	A	A1.1.1
sniper	Z	Z3m
snoopy	Z	Z3mn
snowden	Z	Z2
snowdon	Z	Z1
snowdonia	Z	Z2
snowmass	Z	Z3
socrates	Z	Z1m
socratic	Z	Z1
softscan	Z	Z3c
soho	Z	Z2
sol	Z	Z2
solar	Z	Z3fn
solent	Z	Z2
solihull	Z	Z2
solley	Z	Z1mf
solo	Z	Z3m
solomon	Z	Z1mf
solway	Z	Z2
somali	Z	Z2/S2mf
somalia	Z	Z2
somalian	Z	Z2
somalis	Z	Z2/S2mf
somdue	Z	Z2
somdues	Z	Z2
somerset	Z	Z2
somerville	Z	Z1mf
somme	Z	Z2
sonia	Z	Z1f
sonne	Z	Z2
sonnet	Q	Q3
sonnets	Q	Q3
sonning	Z	Z2
sonny	S	S4m
sony	Z	Z3c
soo	Z	Z1
sophie	Z	Z1f
sorbs	Z	Z2/S2mf
sorrento	Z	Z2
sotheby	Z	Z3
souness	Z	Z1mf
south-end	M	M6
southampton	Z	Z2
southbank	Z	Z2
southdown	Z	Z2
southdowns	Z	Z3c
southend	Z	Z2
southfields	Z	Z2
southgate	Z	Z2
southpool	Z	Z2
southport	Z	Z2
southsea	Z	Z2
southshields	Z	Z2
southside	Z	Z3
southwards	M	M6
southwark	Z	Z2
southway	Z	Z2
southwest	M	M6
southwick	Z	Z2
sovereign	Z	Z3c
soweto	Z	Z2
sox	Z	Z3c
spain	Z	Z2
spalding	Z	Z1
spalls	Z	Z3c
spanco	Z	Z3c
spangle	Z	Z3
spaniard	Z	Z2/S2mf
spaniards	Z	Z2/S2mf
spanish	Z	Z2
spanish-language	Z	Z2/Q3
spar	Z	Z3c
sparkbrook	Z	Z2
sparkhill	Z	Z2
sparks	Z	Z1mf
sparkwell	Z	Z2
speaks	Z	Z1mf
specsavers	Z	Z3c
speedo	N	N3.8/O2
speedwing	Z	Z3c
speilberg	Z	Z1mf
spencer	Z	Z1mf
sphenimoor	Z	Z2
sphinx	S	S9
spiceworld	Z	Z3
spider	L	L2mfn
spielberg	Z	Z1mf
spike	Z	Z1m
spink	Z	Z3c
spitfire	Z	Z3
sprayway	Z	Z3c
springburn	Z	Z2
springer	Z	Z3c
springfield	Z	Z1
springhead	Z	Z2
springsteen	Z	Z1mf
sprite	Z	Z3
spurs	Z	Z3c
sr	S	S9
srinagar	Z	Z2
st	M	M3/H3
st.	M	M3/H3
stackpole	Z	Z2
stacks	Z	Z3c
staff	Z	Z1mf
stafford	Z	Z1mf
staffordshire	Z	Z2
stagecoach	Z	Z3c
staines	Z	Z2
stalin	Z	Z1
stalingrad	Z	Z2
stalinist	G	G1.2
stallone	Z	Z1mf
stalybridge	Z	Z2
stamford	Z	Z2
stamp	Z	Z1mf
stamps	Z	Z3c
stan	Z	Z1m
stanage	Z	Z2
standards	Z	Z3c
stanford	Z	Z2
stanlet	Z	Z3c
stanley	Z	Z1mf
stanleys	Z	Z3c
stanmore	Z	Z2
stannage	Z	Z2
stansted	Z	Z2
stanton	Z	Z1mf
stantret	Z	Z3c
staplehurst	Z	Z2
starbucks	Z	Z3c
starchefs	Z	Z3c
stardust	Z	Z1mf
starnon	Z	Z1mf
starr	Z	Z1mf
states	Z	Z2
statesman	Z	Z3c
statton	Z	Z2
stayleigh	Z	Z2
steakhouse	Z	Z3c
stealers	Z	Z3
stearns	Z	Z3c
steele	Z	Z1mf
steelers	Z	Z3
steering	Z	Z3c
steffi	Z	Z1f
steggles	Z	Z3c
steinbeck	Z	Z1mf
stella	Z	Z1f
steph	Z	Z1f
stephanie	Z	Z1f
stephen	Z	Z1m
stephenson	Z	Z1mf
stepney	Z	Z2
steppes	Z	Z2
steradent	Z	Z3c
steve	Z	Z1mf
steven	Z	Z1m
stevenage	Z	Z2
stewart	Z	Z1mf
stewarts	Z	Z3c
stigmatist	S	S9/S2mf
stilton	Z	Z2
stinkers	Z	Z3
stipendiary	I	I1.1/I3.1
stirling	Z	Z2
stockholm	Z	Z2
stockport	Z	Z2
stocksbridge	Z	Z2
stockton	Z	Z2
stockton-on-tees	Z	Z2
stoke	Z	Z2
stoke-on-trent	Z	Z2
stokenchurch	Z	Z2
stonechurch	Z	Z2
stonehaven	Z	Z2
stonehenge	Z	Z2
stonehouse	Z	Z2
stoneleigh	Z	Z2
stones	O	O2
stonewall	Z	Z1m
stop	Z	Z3
stoppard	Z	Z1mf
storehouse	Z	Z3c
stork	Z	Z3
storrington	Z	Z2
stortford	Z	Z2
stourbridge	Z	Z2
stowe	Z	Z2
stowmarket	Z	Z2
strachan	Z	Z3c
straits	W	W3/M4
strand	Z	Z2
stranglers	Z	Z3c
stranraer	Z	Z2
strasbourg	Z	Z2
stratford	Z	Z2
stratford-on-avon	Z	Z2
strathclyde	Z	Z2
stratton	Z	Z2
strazer	Z	Z3
streatham	Z	Z2
streep	Z	Z1mf
street	Z	Z2
stretton	Z	Z2
streza	Z	Z2
strindberg	Z	Z1mf
stringfellow	Z	Z1
stringfellows	Z	Z2
strobes	Z	Z2
strodes	Z	Z2
stroud	Z	Z2
strychnine	B	B3
stu	Z	Z1m
stuart	Z	Z1m
stubbs	Z	Z1mf
studland	Z	Z2
studley	Z	Z2
stutgart	Z	Z2
stuthers	Z	Z3
su	Z	Z1f
subang	Z	Z2
sublimation	A	A10
suchards	Z	Z3c
suchla	Z	Z1f
suchlike	A	A6.1
suchow	Z	Z2
sudan	Z	Z2
sudanese	Z	Z2/S2mf
sudbury	Z	Z2
sue	Z	Z1f
suffolk	Z	Z2
suharto	Z	Z1m
sui	Z	Z1
suide	Z	Z2
suisse	Z	Z2
sullivan	Z	Z1mf
sully	Z	Z1mf
sultan	Z	Z1m
suma	Z	Z3
sumatra	Z	Z2
sumitomo	Z	Z2
summerfields	Z	Z3c
summner	Z	Z1mf
sumner	Z	Z1mf
sun	Z	Z3c
sunbury	Z	Z2
sunday	T	T1.3
sundays	T	T1.3
sunderland	Z	Z2
sungai	Z	Z2
sunhawk	Z	Z3c
sunni	S	S9/S2mf
sunningdale	Z	Z2
sunnis	S	S9/S2mf
suns	Z	Z3c
sunway	Z	Z2
supa	Z	Z3c
supaslim	Z	Z3c
superdrug	Z	Z3c
superintendent	S	S7.1+/S2mf
supermare	Z	Z2
supersnaps	Z	Z3c
superstition	S	S9
surabaya	Z	Z2
surbiton	Z	Z2
surf	Z	Z3
surf88	Z	Z3c
surf88.com	Z	Z3c/Y2
suriname	Z	Z2
surinamese	Z	Z2/S2mf
surlemont	Z	Z1
surrey	Z	Z2
survivors	A	A3+/S2mf
susan	Z	Z1f
susie	Z	Z1f
sutcliffe	Z	Z1mf
sutherland	Z	Z2
sutton	Z	Z2
suzannah	Z	Z1f
suzanne	Z	Z1f
suzi	Z	Z1f
suzie	Z	Z1f
suzuki	Z	Z3c
suzy	Z	Z1f
svarikat	Z	Z3c
swahili	Z	Z2
swan	Z	Z3c
swanage	Z	Z2
swansea	Z	Z2
swapo	Z	Z3c
swarthmoor	Z	Z3c
swaziland	Z	Z2
swazis	Z	Z2/S2mf
sweden	Z	Z2
swedger	Z	Z1mf
sweeney	Z	Z3c
sweetex	Z	Z3
swift	Z	Z1mf
swiftcall	Z	Z3c
swindale	Z	Z1mf
swindales	Z	Z1mf
swindon	Z	Z2
swinton	Z	Z3c
swiss	Z	Z2
swissair	Z	Z3c/M5
switzerland	Z	Z2
sybil	Z	Z1f
syd	Z	Z1m
sydmouth	Z	Z2
sydney	Z	Z2
sygrou	Z	Z3c
sylvano	Z	Z1m
sylvester	Z	Z1mf
sylvia	Z	Z1f
symbian	Z	Z3c
sympatex	Z	Z3/B5/O1.1
syncml	Z	Z3c
syria	Z	Z2
syrian	Z	Z2/S2mf
syrian-backed	Z	Z2/S8
syrians	Z	Z2/S2mf
szechwan	Z	Z2
t-junction	M	M6
ta	Z	Z3c
tac	P	P1
tacs	P	P1
tams	Z	Z3
tap	Z	Z3c
tb	B	B2
tbwa	Z	Z3c
td	Z	Z3
tdk	Z	Z3c
teb	Z	Z3c
tec	P	P1
tec2	P	P1
tecas	Z	Z3c
tecs	P	P1
teev	Z	Z3c
tefl	P	P1
tessa	I	I1.1
teus	Z	Z3
tftn	Z	Z3
tgi	Z	Z3c
tgum	Z	Z3c
th	Z	Z3
thf	Z	Z3c
thub	Z	Z3c
ti	Z	Z3c
tk	Z	Z3
tlc	E	E2
tm	I	I2.2
tmo	Z	Z3c
tmp	I	I2.1
tna	Z	Z3c
tnb	Z	Z3
tnt	Z	Z3c
tops	Z	Z3
tppkr	Z	Z3
tppt	Z	Z3
tqm	Z	Z3c
trb	I	I1
trc	Z	Z3c
trfy	Z	Z3
tri	Z	Z3
tsb	Z	Z3c
tswa	Z	Z3
tt	Z	Z3c
tuc	Z	Z3c
tv	Q	Q4.3
tv-ad	I	I2.2/Q1.3
tvei	P	P1
tvq	P	P1
tacos	F	F1
taggart	Z	Z1mf
tahiti	Z	Z2
tai-chi	K	K5.1
taiping	Z	Z2
taiwan	Z	Z2
taiwanese	Z	Z2/S2mf
taj	Z	Z2
tajik	Z	Z2/S2mf
tajikistan	Z	Z2
tajiks	Z	Z2/S2mf
tajuddin	Z	Z1m
talal	Z	Z1m
talbot	Z	Z1mf
talgarth	Z	Z2
taliban	Z	Z2/S5
talkcast	Z	Z3c
tallcross	Z	Z2
tallygah	Z	Z2
taman	Z	Z2
tamar	Z	Z2
tambo	Z	Z1mf
tamil	Z	Z2/S2mf
tamils	Z	Z2/S2mf
tammy	Z	Z1f
tampa	Z	Z2
tamworth	Z	Z2
tandogan	Z	Z1
tandom	Z	Z3c
tandoori	F	F1
tandy	Z	Z3c
tanganyika	Z	Z2
tangiers	Z	Z2
tanjong	Z	Z2
tanjung	Z	Z2
tanky	Z	Z1
tanner	Z	Z1mf
tanya	Z	Z1f
tanzania	Z	Z2
tanzanians	Z	Z2/S2mf
taoism	S	S9
taoist	S	S9/S2mf
taoists	S	S9/S2mf
tara	Z	Z1f
tarantulum	L	L2
target	Z	Z3c
tarrant	Z	Z1mf
tartar	Z	Z3
tarzan	Z	Z1m
tashkent	Z	Z2
tasmania	Z	Z2
tatars	Z	Z2/S2mf
tate	Z	Z1mf
taughton	Z	Z2
taunton	Z	Z2
taurus	S	S9
tavern	Z	Z3c
tavi	Z	Z2
tavistock	Z	Z3c
taylor	Z	Z1mf
tch	Z	Z4
tchaicovsky	Z	Z1mf
tchaikovsky	Z	Z1mf
teagus	Z	Z3c
tebbitt	Z	Z1mf
technicoloured	O	O4.3
ted	Z	Z1m
teddington	Z	Z2
teddy	Z	Z1mf
teeside	Z	Z2
teesside	Z	Z2
tefal	Z	Z3c
teffin	Z	Z3c
teflon	Z	Z3c
teh	Z	Z1
teheran	Z	Z2
tehran	Z	Z2
teide	Z	Z2
teignmouth	Z	Z2
tel	Z	Z1m
telebook	Z	Z3c/Y2
telecar	Z	Z3c
telecity	Z	Z3c
telecom	Z	Z3c
telecoms	Z	Z3c
teleconomy	Z	Z3c
telefunken	Z	Z3c
telegraph	Z	Z3c
telekom	Z	Z3c/Q1.3
telemann	Z	Z1mf
telemong	Z	Z2
telepassport	Z	Z3c
telesoft	Z	Z3c
telford	Z	Z2
tempatan	Z	Z3
tempest	Z	Z3c
temple	Z	Z2
tenby	Z	Z2
tenerife	Z	Z2
tenn.	Z	Z2
tennants	Z	Z3c
teptronics	Z	Z3c
terence	Z	Z1
terengganu	Z	Z2
teresa	Z	Z1f
terminal	Z	Z3c
terminator	Z	Z3mn
terran	W	W1
terrance	Z	Z1m
terrifying	E	E5
terrington	Z	Z1
terry	Z	Z1mf
tesco	Z	Z3c
tescos	Z	Z3c
tess	Z	Z1f
testament	Q	Q4.1
tetrachloride	O	O1
tetrathlon	K	K5.1
tetris	K	K5.2/Y2
tetriss	K	K5.2/Y2
tewa	Z	Z3c
tewkesbury	Z	Z2
tewksbury	Z	Z2
tex	Z	Z2
tex.	Z	Z2
texaco	Z	Z3c
texan	Z	Z2/S2mf
texas	Z	Z2
thai	Z	Z2/S2mf
thailand	Z	Z2
thais	Z	Z2/S2mf
thames	Z	Z2
thamesside	Z	Z1
thaniel	Z	Z1m
thannet	Z	Z2
thatch	Z	Z1mf
thatcher	Z	Z1mf
thatcherism	G	G1.2
thatcherite	G	G1.2
thatcherites	G	G1.2/S2mf
thatchers	Z	Z3c
thaw	Z	Z1mf
thestreet	Z	Z3c
thestreet.com	Z	Z3c
thead	Z	Z2
theatreworld	Z	Z3c
thebes	Z	Z2
thelma	Z	Z1f
theock	Z	Z2
theodore	Z	Z1m
theodoros	Z	Z1
theopholus	Z	Z1m
thereau	Z	Z1mf
theresa	Z	Z1f
thian	Z	Z1
thistle	Z	Z3c
thomas	Z	Z1mf
thomasina	Z	Z1f
thompson	Z	Z1mf
thompsons	Z	Z3c
thomson	Z	Z1mf
thorn	Z	Z3c
thornaby	Z	Z2
thornbury	Z	Z2
thorne	Z	Z3c
thorneybank	Z	Z2
thornton	Z	Z1c
thorpe	Z	Z1mf
thorpecloud	Z	Z2
three	N	N1
threshers	Z	Z3c
thriftwood	Z	Z2
thu	T	T1.3
thurrock	Z	Z2
thursday	T	T1.3
thursdays	T	T1.3
thurso	Z	Z2
tiananmen	Z	Z2
tibbet	Z	Z3c
tiberius	Z	Z1
tibet	Z	Z2
tibetans	Z	Z2/S2mf
ticko	Z	Z3
tid	Z	Z2
tientsin	Z	Z2
tiffany	Z	Z3c
tiffens	Z	Z3c
tiger	Z	Z3
tigrayans	Z	Z2/S2mf
tilbian	Z	Z1
tilsbury	Z	Z2
tim	Z	Z1m
timberland	Z	Z3c
timbucktoo	Z	Z2
timbuctoo	Z	Z2
timbuktu	Z	Z2
time	Z	Z3c
time-warner-aol	Z	Z3c/Y2
timedotcom	Z	Z3c
timekeeping	T	T4
times	Z	Z3c
timmins	Z	Z1mf
timmy	Z	Z1m
timotei	Z	Z3
timothy	Z	Z1m
tina	Z	Z1f
tinabulu	Z	Z2
tindle	Z	Z1mf
tinsley	Z	Z2
tintern	Z	Z2
tipperary	Z	Z2
tipping	Z	Z1mf
tipton	Z	Z2
tiseley	Z	Z2
tiso	Z	Z1
titania	Z	Z1f
titanic	Z	Z3fn
titchfield	Z	Z2
titus	Z	Z1m
tivertsall	Z	Z2
tixylix	Z	Z3
tobaga	Z	Z2
tobago	Z	Z2
toby	Z	Z1m
today	Z	Z3c
togo	Z	Z2
togolese	Z	Z2/S2mf
togowaten	Z	Z2
tokelau	Z	Z2
tokyo	Z	Z2
tokyo-mitsubishi	Z	Z3c
tolkein	Z	Z1mf
tolkin	Z	Z1mf
tolworth	Z	Z2
tom	Z	Z1m
tombstone	Z	Z2
tomifield	Z	Z2
tommy	Z	Z1m
tonbridge	Z	Z2
tonga	Z	Z2
tongan	Z	Z2/S2mf
tongans	Z	Z2/S2mf
tongkah	Z	Z3c
toni	Z	Z1mf
toni-ann	Z	Z1f
tonk	Z	Z3c
tonteen	Z	Z3
tony	Z	Z1mf
tooting	Z	Z2
tootsies	B	B1
toparki	Z	Z3c
topridge	Z	Z2
topspan	Z	Z3c
tor	W	W3
toray	Z	Z3c
torbay	Z	Z2
tori	Z	Z1f
torianos	Z	Z1f
torkham	Z	Z2
tornado	Z	Z3fn
toronto	Z	Z2
torpoint	Z	Z2
torquay	Z	Z2
torremolinos	Z	Z2
tors	W	W3
torvill	Z	Z1mf
torville	Z	Z1mf
toryism	G	G1.2
toshiba	Z	Z3c
total	Z	Z3c
totaliser	K	K5.1
totley	Z	Z2
tottenham	Z	Z2
totteridge	Z	Z2
touche	Z	Z3c
toulon	Z	Z2
toulouse	Z	Z2
tourendot	Z	Z3
tourmeade	Z	Z3c
tours	Z	Z2
towbrooks	Z	Z3
towcester	Z	Z2
tower	Z	Z2
town-house	H	H1
toxteth	Z	Z2
toyota	Z	Z3c/M3
tracey	Z	Z1mf
tracy	Z	Z1mf
trademake	Z	Z3c
trafford	Z	Z2
traffords	Z	Z3c
tragicomedy	K	K4
trailfinders	Z	Z3c
trame	Z	Z2
trangia	Z	Z3c
tranmere	Z	Z2
transax	Z	Z3c
transkai	Z	Z2
transylvania	Z	Z2
trappist	S	S9/S2mf
trash	Z	Z3c
travers	Z	Z1mf
treasury	Z	Z3c
treck	M	M1
trecker	X	X2.4/S2mf
trefalis	Z	Z2
treforest	Z	Z2
treganto	Z	Z2
treharris	Z	Z2
treherbet	Z	Z2
trekkie	Q	Q4.3/S2mf
tremonto	Z	Z2
trent	Z	Z2
treochy	Z	Z2
treorchy	Z	Z2
trethomas	Z	Z2
trevi	Z	Z2
trevilla	Z	Z2
trevor	Z	Z1m
trex	Z	Z3
triak	Z	Z3c
tribune	Z	Z3/Q4.2
tricia	Z	Z1f
tricouni	Z	Z3c
tricounian	Z	Z3c
tricounis	O	O2/Z3c
trident	Z	Z3
trier	Z	Z2
trieste	Z	Z2
triffids	L	L3
trilly	Z	Z2
trincomalee	Z	Z2
tring	Z	Z2
trinidad	Z	Z2
trinidadian	Z	Z2/S2mf
trinidadians	Z	Z2/S2mf
trinity	Z	Z3c
triplex	Z	Z3c
trish	Z	Z1f
trisha	Z	Z1f
trishont	Z	Z2
triumph	Z	Z3c
trochy	Z	Z2
trojan	Z	Z3
troll	Z	Z3c
trolldahlen	Z	Z2
trolls	S	S9/S2mf
tronoh	Z	Z2
tropez	Z	Z2
trophy	Z	Z3c
tropic	W	W3
truman	Z	Z1mf
trump	Z	Z1mf
truro	Z	Z2
truscott	Z	Z1mf
tsar	S	S7.1+/S2.2m
tshirts	B	B5
tsinghua	Z	Z3
tuanjie	Z	Z3
tuareg	Z	Z2/S2mf
tubbs	Z	Z1mf
tuck	Z	Z1mf
tudor	Z	Z1mf
tue	T	T1.3
tuebingen	Z	Z2
tuesday	T	T1.3
tuesdays	T	T1.3
tufts	Z	Z3
tumult	E	E3
tumults	E	E3
tunbridge	Z	Z2
tunde	Z	Z1
tunisia	Z	Z2
tunisians	Z	Z2/S2mf
tunsgate	Z	Z2
tupperware	Z	Z3c
turan	Z	Z1mf
turin	Z	Z2
turk	Z	Z2/S2mf
turkey	Z	Z2
turkish	Z	Z2
turkmen	Z	Z2
turkmenistan	Z	Z2
turkmens	Z	Z2/S2mf
turks	Z	Z2/S2mf
turnberry	Z	Z2
turner	Z	Z1mf
turtle	Z	Z3
tuscan	Z	Z3
tuscany	Z	Z2
tussauds	Z	Z3c
tutankhamen	Z	Z1m
tutsi	Z	Z2/S2mf
tutti	Z	Z3c
tutu	Z	Z1mf
tuvalu	Z	Z2
tuvaluan	Z	Z2/S2mf
tuvaluans	Z	Z2/S2mf
tuvinians	Z	Z2/S2mf
tuxedo	Z	Z3c
twechar	Z	Z2
twelve	N	N1
twenty	N	N1
twickenham	Z	Z2
twiggy	Z	Z1f
twix	Z	Z3
twthill	Z	Z2
twyford	Z	Z2
tybridge	Z	Z2
tydfil	Z	Z2
tyler	Z	Z1mf
tylorstown	Z	Z2
tyne	Z	Z3c
tyneside	Z	Z2
tyrants	S	S7.1+/S2mf
tyre	Z	Z2
tyrol	Z	Z2
tyroll	Z	Z2
tyseley	Z	Z2
tyson	Z	Z1mf
tzu	Z	Z1
u	Z	Z5
u-date	Z	Z3c
u.k	Z	Z2
u2	Z	Z3c
uae	Z	Z2
ub40	Q	Q1.2/I3.1
ucas	Z	Z3c
ucb	Z	Z3c
uce	Z	Z3c
uch	Z	Z3c
ucla	Z	Z3
ucmvs	Z	Z3c
uda	Z	Z3c
udhr48	Z	Z3
udr	Z	Z3c
udvf	Z	Z3c
ue	Z	Z3
uea	Z	Z3c
uec	Z	Z3c
uem	Z	Z3c
uem-gadek	Z	Z3c
ufoc	Z	Z3/Q4.2
ug	P	P1
uiaa	Z	Z3c
uk	Z	Z2
ukcc	Z	Z3c
ukpi	Z	Z3c
ulfa	Z	Z3
uml	Y	Y2
umw	Z	Z3c
un	Z	Z3c
unbro	Z	Z3
undp	Z	Z3
undro	Z	Z3
undta67	Z	Z3
unesco	Z	Z3
unhcr	Z	Z3
unicef	Z	Z3
unifil	Z	Z3
unkra	Z	Z3
unm	Z	Z3c
unm-carlton	Z	Z3c
uno	Z	Z3c
unrisd	Z	Z3
unrra	Z	Z3
unrwa	Z	Z3
upvc	O	O1.1
ura	Z	Z3c
uras	Z	Z3c
urpe	Z	Z3c
us-based	Z	Z2
us-made	A	A1.1.1/Z2
usa	Z	Z2
usaid	Z	Z3
usdaw	Z	Z3c
usp	I	I2.2
uspd	Z	Z3c
ussr	Z	Z2
uuuc	Z	Z3c
uv	W	W2
uvpc	O	O1.1
ubs	Z	Z4
udmurts	Z	Z2/S2mf
udrigle	Z	Z2
uganda	Z	Z2
ugandan	Z	Z2/S2mf
ugandans	Z	Z2/S2mf
ukraine	Z	Z2
ukrainian	Z	Z2/S2mf
ukrainians	Z	Z2/S2mf
ulanova	Z	Z1f
ulay	Z	Z3
ullster	Z	Z2
ullswater	Z	Z2
ulreka	Z	Z1f
ulster	Z	Z2
ulysses	Z	Z3
umist	Z	Z3c
umm	Z	Z4
ummm	Z	Z4
umno	Z	Z3
umnoyouth	Z	Z3
under-exposed	C	C1
underground	Z	Z3c
underwood	Z	Z1mf
unforgettable	X	X2.2
unforgiven	Z	Z3
uni	Z	Z3c
unibond	Z	Z3c
unichem	Z	Z3c
unilever	Z	Z3c
unilevers	Z	Z3c
union	Z	Z3c
unionists	G	G1.2/S2mf
unipart	Z	Z3c
unison	Z	Z3c
united	S	S5
uniteds	Z	Z3c
unmo	Z	Z3
unpopular	E	E2
unwins	Z	Z3c
unysis	Z	Z3c
updike	Z	Z1
upminster	Z	Z2
urals	Z	Z2
urdu	Z	Z2/Q3
urm	Z	Z4
ursula	Z	Z1f
uruguay	Z	Z2
uruguayans	Z	Z2/S2mf
usk	Z	Z2
ustas	Z	Z1m
utah	Z	Z2
utama	Z	Z3c
utrecht	Z	Z2
uttarkashi	Z	Z2
uventus	Z	Z3c
uxbridge	Z	Z2
uzbek	Z	Z2
uzbekistan	Z	Z2
uzbeks	Z	Z2/S2mf
v	Z	Z5
v2	G	G3
v8	M	M3
vad	G	G3/S5+c
vads	G	G3/S5+c
vat	G	G1.1/I1
vc	S	S7.1+/S2mf
vcd	Z	Z3
vd	B	B2
vdus	Y	Y2
vfr	M	M3
vgt	G	G1.1/I1
vgt3	Q	Q1.2
vhs	Q	Q4.3
viii	N	N1
vip	A	A11.1+/S2mf
vis	Y	Y2
vle	P	P1/Y2
vles	P	P1/Y2
vnu	Z	Z3c
vp	S	S7.1+/S2mf
vs	F	F2
vso	Z	Z3c
vsop	F	F2
vt	Q	Q4.3
vw	Z	Z3fnc
vadim	Z	Z1mf
val	Z	Z1mf
valdis	Z	Z3c
vale	Z	Z3c
valencia	Z	Z2
valentine	Z	Z1mf
valerie	Z	Z1f
valiant	Z	Z3fnc
valium	B	B3
valletta	Z	Z2
van	Z	Z1m
vancouver	Z	Z2
vandem	Z	Z3fn
vandervalk	Z	Z1mf
vanessa	Z	Z1f
vanuatu	Z	Z2
vanuatuan	Z	Z2/S2mf
vanuatuans	Z	Z2/S2mf
var	Z	Z2
vargas	Z	Z1mf
vasso	Z	Z1
vastadegalma	Z	Z1m
vatican	Z	Z2c
vaughan	Z	Z1mf
vaux	Z	Z3c
vauxhall	Z	Z3c
vax	Z	Z3c
vegas	Z	Z2
velcro	B	B5/A1.7
venables	Z	Z1mf
venetian	Z	Z2/S2mf
venezuela	Z	Z2
venezuelan	Z	Z2/S2mf
venezuelans	Z	Z2/S2mf
vengsarkar	Z	Z1mf
venice	Z	Z2
ventile	Z	Z3/B5/O1.1
venturers	T	T3-/S2mf
venus	Z	Z1/W1
vera	Z	Z1f
verco	Z	Z3c
verdi	Z	Z1mf
vere	Z	Z1
vermont	Z	Z2
vernon	Z	Z1mf
veromes	Z	Z3c
veronica	Z	Z1f
veronicas	Z	Z2
versace	Z	Z1mf
versailles	Z	Z2
verso	Z	Z3c
vert	Z	Z1mf
vespa	Z	Z3c
vespers	S	S9
vestries	Z	Z3c
vesuvius	Z	Z2
viaz	Z	Z2
vibram	Z	Z3c
vic	Z	Z1m
vice-admiral	M	M4/S2m
vice-ambral	Z	Z3
viceroy	S	S7.1+/S2m
vichy	Z	Z2
vick	Z	Z1m
vickers	Z	Z3c
vicky	Z	Z1f
victoplas	Z	Z3c
victor	Z	Z1m
victoria	Z	Z1f
victoriana	T	T1.1.1/O2
victorians	T	T1.1.1/S2mf
victory	S	S7.1
vielife	Z	Z3c
vienna	Z	Z2
vietcong	Z	Z3c
vietnam	Z	Z2
vietnamese	Z	Z2/S2mf
vigevano	Z	Z2
vigil	X	X3.4
vijay	Z	Z1m
viking	T	T1.1.1/S2mf
vikings	T	T1.1.1/S2mf
villa	Z	Z3c
vincent	Z	Z1mf
vinny	Z	Z1m
viola	Z	Z1f
virago	Z	Z3c
virgin	Z	Z3c
virginia	Z	Z2
virgo	S	S9
visa	Z	Z3c
visicalc	Z	Z3c/Y2
visio	Z	Z3/Y2
vitalite	Z	Z3
vittorio	Z	Z1
viva	Z	Z3c
vivian	Z	Z1mf
viviane	Z	Z1f
vivien	Z	Z1f
vivienne	Z	Z1f
vixen	Z	Z1mf
viz	Z	Z3c
vizier	S	S7.1+/S2m
vodafone	Z	Z3c
vogue	Z	Z3c
voguettes	Z	Z3
vol.	Q	Q4.1
volga	Z	Z2
volga-dnieper	Z	Z2
volkswagen	Z	Z3c
voltage	O	O3
volvo	Z	Z3c/M3
volvos	Z	Z3c/M3
vosene	Z	Z3
vox	Z	Z3c
vth	N	N4
vyner	Z	Z1
w	Z	Z5
w.b.c.	Z	Z3/K5.1
w.net	Z	Z3c/Y2
w1v	Z	Z5
waaf	M	M5/G3
wap	Y	Y2
wct	Z	Z3
wea	Z	Z3c
wgc	Z	Z3c
who	Z	Z3
wi	Z	Z3c
wib	Z	Z3
wifm	Z	Z3c
wj	Z	Z3
wjc	Z	Z3c
wltm	Z	Z3
wma	Y	Y2
wml	Z	Z3
wmls	Z	Z3
wmo	Z	Z3
wob	O	O4.3
wp	Y	Y2
wpp	Z	Z3c
wrvs	Z	Z3c
ws	Z	Z3c
wvrs	Z	Z3c
wvs	Z	Z3c
wy	Z	Z3c
wa	Z	Z2/S2mf
wade	Z	Z1mf
wades	Z	Z3c
wah	Z	Z1
waikiki	Z	Z2
wainwright	Z	Z1
waismann	Z	Z1mf
waite	Z	Z1mf
waitrose	Z	Z3c
waja	Z	Z3
wakefield	Z	Z2
wal-mart	Z	Z3c
walburg	Z	Z1fmf
waldergrave	Z	Z1mf
waldingham	Z	Z2
wales	Z	Z2
walesa	Z	Z1mf
walker	Z	Z1mf
walkman	Z	Z3
walkmans	Z	Z3
walkmen	K	K3
wallace	Z	Z1mf
wallasey	Z	Z2
wallis	Z	Z1mf
walloon	Z	Z2/S2mf
walloons	Z	Z2/S2mf
wallsend	Z	Z2
walsall	Z	Z2
walsh	Z	Z1mf
walsham	Z	Z2
walsingham	Z	Z2
walt	Z	Z1m
walter	Z	Z1m
waltham	Z	Z2
walthamstow	Z	Z2
walton	Z	Z1mf
wanadoo	Z	Z3c
wanda	Z	Z1f
wanderers	Z	Z3
wandsworth	Z	Z2
wang	Z	Z1mf
wangi	Z	Z2
wanstead	Z	Z2
wantage	Z	Z2
warburg	Z	Z3c
warburgs	Z	Z3c
warburn	Z	Z2
warden	Z	Z1mf
wardle	Z	Z1
wardlows	Z	Z2
wards	Z	Z3c
waring	Z	Z1mf
warndon	Z	Z2
warner	Z	Z1mf
warnham	Z	Z1mf
warnslow	Z	Z2
warren	Z	Z1mf
warrington	Z	Z2
warsaw	Z	Z2
warton	Z	Z2
warwick	Z	Z2
warwickshire	Z	Z2
wash'n'go	Z	Z3
washington	Z	Z2
washingtonian	Z	Z2/S2mf
washingtonians	Z	Z2/S2mf
watchtower	Z	Z3c
watergraft	Z	Z1mf
waterhead	Z	Z2
waterhouse	Z	Z1mf
waterloo	Z	Z2
waterlooville	Z	Z2
waterman	Z	Z1mf
waterstones	Z	Z3c
watford	Z	Z2
watling	Z	Z2
watson	Z	Z1mf
watt	Z	Z1mf
watton	Z	Z3c
waverley	Z	Z2
wayfarers	M	M1/S2mf
waymade	Z	Z3c
wayne	Z	Z1mf
waynes	Z	Z1mf
wayside	Z	Z2
weather-beaten	O	O4.1
weatherby	Z	Z2
web	Y	Y2
webplanes.com	Z	Z3c/Y2
webb	Z	Z1mf
webbeys	Z	Z3c
weber	Z	Z1mf
webster	Z	Z1mf
wednesday	T	T1.3
wednesdays	T	T1.3
weeks	Z	Z1mf
weetabix	Z	Z3
weever	Z	Z1
wei	Z	Z2
weimberger	Z	Z1mf
weimbergers	Z	Z3c
weirside	Z	Z2
welch	Z	Z1
weldon	Z	Z1mf
wellbores	Z	Z3c
wellington	Z	Z1mf
wells	Z	Z2
welsh	Z	Z2
welshman	Z	Z2/S2.2m
welshy	Z	Z2
welwyn	Z	Z2
wembley	Z	Z2
wembury	Z	Z2
wen	Z	Z1
wendover	Z	Z2
wendy	Z	Z1f
wengen	Z	Z2
wenger	Z	Z1mf
wentdorf	Z	Z2
weobley	Z	Z2
wern	Z	Z3c
werner	Z	Z1m
weslands	Z	Z2
wesley	Z	Z1mf
west	Z	Z2
westbourne	Z	Z2
westbrook	Z	Z1mf
westbury	Z	Z2
westcoat	Z	Z2
westcroft	Z	Z2
wester	Z	Z3c
western	M	M6
westfield	Z	Z2
westgate	Z	Z2
westham	Z	Z2
westheath	Z	Z2
westland	Z	Z3c
westlands	Z	Z3c
westmile	Z	Z2
westminster	Z	Z2
westmont	Z	Z3c
westmoreland	Z	Z2
westmorland	Z	Z2
weston	Z	Z2
weston-super-mare	Z	Z2
westport	Z	Z2
westside	Z	Z2
westwood	Z	Z2
wexford	Z	Z2
weybridge	Z	Z2
weymouth	Z	Z2
wharfdale	Z	Z2
wharhol	Z	Z1mf
wharton	Z	Z3/P1
whatsisname	Z	Z1m
wheat	F	F1
wheeler	Z	Z1mf
whereabouts	M	M6
wherefore	Z	Z5
wherein	M	M6
whernside	Z	Z2
which	Z	Z3c
whickenshore	Z	Z2
whillans	Z	Z1
whisk	Z	Z3
whistler	Z	Z3/C1
whitaker	Z	Z1mf
whitbread	Z	Z3c
whitbreads	Z	Z3c
whitbreed	Z	Z3c
whitby	Z	Z2
whitchurch	Z	Z2
white	Z	Z1mf
whitechapel	Z	Z2
whitehall	Z	Z2
whitehaven	Z	Z2
whitehead	Z	Z1
whiteheads	Z	Z3c
whitehouse	Z	Z1mf
whitelund	Z	Z2
whitely	Z	Z1mf
whitelys	Z	Z3c
whitley	Z	Z1mf
whitley-ite	Z	Z2/S2mf
whitmore	Z	Z1mf
whitney	Z	Z1
whitsun	S	S9/T1.3
whittingham	Z	Z2
whittington	Z	Z2
whittle	Z	Z1mf
whitton	Z	Z2
whoop	Z	Z4
whoopi	Z	Z1f
whymper	Z	Z3c
wick	Z	Z1mf
wicken	Z	Z2
wickersley	Z	Z2
wickford	Z	Z2
widows	Z	Z3c
wigan	Z	Z2
wiganer	Z	Z2/S2mf
wiggate	Z	Z2
wight	Z	Z2
wigton	Z	Z2
wikipedia	Z	Z3c/Y2
wikstrom	Z	Z1
wilcock	Z	Z1mf
wilde	Z	Z1mf
wildest	L	L1
wildey	Z	Z1mf
wilkinson	Z	Z1mf
will	Z	Z1m
willamina	Z	Z1f
willesden	Z	Z2
william	Z	Z1m
williams	Z	Z1mf
willie	Z	Z1m
willoughby	Z	Z1mf
willy	Z	Z1m
wilmington	Z	Z2
wilmslow	Z	Z2
wilson	Z	Z1mf
wilsons	Z	Z3c
wilton	Z	Z1mf
wiltshire	Z	Z2
wimbledon	Z	Z2
wimbourne	Z	Z2
wimpey	Z	Z3c
winchbottom	Z	Z2
winchester	Z	Z2
windermere	Z	Z2
winders	Z	Z3c
windowlene	Z	Z3
windsor	Z	Z2
winestock	Z	Z1mf
wingham	Z	Z2
winit	Z	Z3c
winkers	Z	Z3c
winkleigh	Z	Z2
winners	Z	Z3c
winnie-the-pooh	Z	Z1/Q4.1
winsmoor	Z	Z3c
winston	Z	Z1m
winstons	Z	Z3c
winter	Z	Z1mf
winterflood	Z	Z3c
wirral	Z	Z2
wisconsin	Z	Z2
wisden	Z	Z3c
wisdom	Z	Z1mf
wisley	Z	Z2
wiston	Z	Z2
witchdoctor	Z	Z3
witchstick	Z	Z3
withenshaw	Z	Z2
withenshire	Z	Z2
withers	Z	Z1mf
withington	Z	Z2
witness	Z	Z3c
witney	Z	Z2
wittering	Z	Z2
wittington	Z	Z3c
woah	Z	Z4
wobble	Z	Z3c
woburn	Z	Z2
wogan	Z	Z1mf
woggle	B	B5
woking	Z	Z2
wokingham	Z	Z2
wolds	Z	Z2
wolf	Z	Z1mf
wolfords	Z	Z3c
woll	Z	Z3
wollaton	Z	Z2
wolsey	Z	Z1mf
wolseys	Z	Z3c
wolsley	Z	Z1mf
wolstanton	Z	Z3
wolsteiner	Z	Z2
wolverhampton	Z	Z2
wolverine	Z	Z1
wonderland	Z	Z2
wonderloaf	Z	Z3
wong	Z	Z1
wonker	Z	Z1mf
woodfield	Z	Z2
woodford	Z	Z1mf
woodhead	Z	Z1mf
woodhouse	Z	Z1mf
woodiwist	Z	Z1mf
woodlands	Z	Z3c
woodley	Z	Z2
woodmice	L	L2mfn
woodrow	Z	Z1mf
woodside	Z	Z2
woolfe	Z	Z1mf
woolies	Z	Z3c
woolmington	Z	Z2
woolsington	Z	Z2
woolton	Z	Z1mf
woolwich	Z	Z2
woolworth	Z	Z3c
woolworths	Z	Z3c
wootton	Z	Z2
worcester	Z	Z2
worcestershire	Z	Z2
wordperfect	Z	Z3
wordsworth	Z	Z1mf
workington	Z	Z2
worksop	Z	Z2
worldwatch	Z	Z3c
worley	Z	Z3c
wornside	Z	Z2
worslar	Z	Z2
worsley	Z	Z3c
worth	Z	Z3
worthing	Z	Z2
wossen	Z	Z1mf
wozniak	Z	Z1
wragge	Z	Z3c
wrangler	Z	Z3c
wranglers	Z	Z3c
wren	Z	Z1mf
wrexham	Z	Z2
wright	Z	Z1mf
wrighton	Z	Z2
wrotteraw	Z	Z3c
wu	Z	Z1
wuhan	Z	Z2
wycliffe	Z	Z1mf
wycombe	Z	Z2
wydecomb	Z	Z2
wye	Z	Z2
wyndham	Z	Z1mf
wynette	Z	Z1mf
wynyates	Z	Z2
x-stream	Z	Z3c/Y2
x-rated	Q	Q4.3
x-ray	B	B3
x-rayed	B	B3
xd	Q	Q1.3
xi	N	N1
xml	Y	Y2
xr	Z	Z3
xr3i	Z	Z3fn
xt	Y	Y2
xy	Z	Z5
xyz	Z	Z3c
xerox	Z	Z3c
xhosa	Z	Z2/S2mf
xia	Z	Z1
xing	Z	Z3
xinhua	Z	Z3c
xpress	Z	Z3c
xray	B	B3
y-generation	Y	Y2
yacs	G	G2.1c
yeb	Z	Z3c
yha	Z	Z3c
ymca	Z	Z3c
yns	Z	Z3
yobs	Z	Z3c
yop	I	I3.1
yput	Z	Z3
yt	Z	Z3
ytl	Z	Z3c
yts	Z	Z3
ytss	P	P1/S2mf
ywca	Z	Z3c
yachts	M	M4
yah	Z	Z4
yahoo	Z	Z3
yakuts	Z	Z2/S2mf
yale	Z	Z3c
yam	Z	Z1mf
yamaha	Z	Z3c
yan'an	Z	Z2
yanchang	Z	Z2
yanchuan	Z	Z2
yang	Z	Z1
yangtzekiang	Z	Z2
yanks	Z	Z2/S2mf
yao	Z	Z2/S2mf
yardley	Z	Z1mf
yarian	Z	Z1m
yarmouth	Z	Z2
yarnmouth	Z	Z2
yarrow	Z	Z2
yarwood	Z	Z1mf
yashimar	Z	Z1mf
yasmine	Z	Z1f
yates	Z	Z1mf
yean	Z	Z1
yearbook	Q	Q4.1
yeltsin	Z	Z1mf
yemen	Z	Z2
yemeni	Z	Z2/S2mf
yemenis	Z	Z2/S2mf
yenan	Z	Z2
yeoh	Z	Z1
yeovil	Z	Z2
yep	Z	Z4
yestor	Z	Z2
yeti	B	B5/Z3
yeugh	Z	Z4
yoakhin	Z	Z1m
yokanbau	Z	Z5
yoo-hoo	Z	Z4
yorick	Z	Z1mf
york	Z	Z2
yorkie	Z	Z3
yorkshire	Z	Z2
yorkshireman	Z	Z2/S2.2m
yoruba	Z	Z2/S2mf
yosemite	Z	Z2
youtube	Z	Z3c/Q4.3
ypres	Z	Z2
yu	Z	Z1
yuet	Z	Z1
yugoslav	Z	Z2/S2mf
yugoslavia	Z	Z2
yugoslavian	Z	Z2
yukon	Z	Z3c
yuletide	T	T1.3
yunghsin	Z	Z2
yves	Z	Z1m
yvonne	Z	Z1f
z	Z	Z5
zx80	Z	Z3
zagreb	Z	Z2
zahid	Z	Z1m
zahidi	Z	Z1m
zain	Z	Z1m
zaire	Z	Z2
zairian	Z	Z2/S2mf
zairians	Z	Z2/S2mf
zambia	Z	Z2
zambian	Z	Z2
zambians	Z	Z2/S2mf
zanadu	Z	Z3c
zandvoort	Z	Z2
zanzibaris	Z	Z2/S2mf
zappa	Z	Z1m
zara	Z	Z1f
zarbourg	Z	Z2
zealand	Z	Z2
zealanders	Z	Z2/S2mf
zeldin	Z	Z1m
zen	S	S9
zena	Z	Z1f
zeneca	Z	Z3c
zephyr	Z	Z3
zeppelin	M	M5
zepplin	M	M5fn
zermatt	Z	Z2
zest	Z	Z3
zetas	Z	Z3
zhivago	Z	Z1mf
zhivkov	Z	Z1mf
ziggy	Z	Z1mf
zimbabwe	Z	Z2
zimbabwean	Z	Z2
zimbabweans	Z	Z2/S2mf
zion	Z	Z2
zoe	Z	Z1f
zoey	Z	Z1f
zonningens	Z	Z3c
zoroastrian	S	S9/S2mf
zoroastrianism	S	S9
zoroastrians	S	S9/S2mf
zufarwater	Z	Z3c
zulu	Z	Z2/S2
zulus	Z	Z2/S2
zurich	Z	Z2
a	Z	Z5
a-day	N	N6
a.k.a.	Q	Q2.2
a.m.	T	T1.3
a.s.a.p.	N	N3.8
aaah	Z	Z4
aaaing	Q	Q2.2
aah	Z	Z4
aahhhh	Z	Z4
aardvark	L	L2
aba	O	O1.1
abacus	N	N3.1
abalone	L	L2
abandon	M	M1
abandoned	M	M1
abandoning	M	M1
abandonment	M	M1
abasement	A	A5.1
abash	E	E1
abashed	E	E1
abashment	E	E1
abate	N	N5
abatement	N	N5-/S1.2.5
abattoir	L	L1-/H1
abbess	S	S9/S7.1+/S2.1f
abbeys	S	S9/H1
abbreviate	N	N3.7-/A2.1
abbreviated	N	N3.3
abbreviating	N	N3.3
abbreviation	Q	Q3
abbreviations	Q	Q3
abc	A	A12
abdicate	A	A9
abdication	S	S7.1
abdomen	B	B1
abdominal	B	B1
abdominals	B	B1
abduct	G	G2.1
abducted	M	M2/G2.1
abduction	M	M2/G2.1
abductor	G	G2.1-/S2mf
aberrant	A	A6.2
aberration	A	A6.2
abet	S	S8
abettor	S	S8+/S2mf
abettors	S	S8+/S2mf
abeyance	A	A1.9
abhor	E	E2
abhorred	E	E2
abhorrence	O	O4.2
abhorrent	O	O4.2
abide	M	M8
abides	M	M8
abiding	T	T2
abilities	X	X9.1
ability	X	X9.1
abiogenesis	Y	Y1
abject	A	A5.1
abjection	A	A5.1
abjectness	A	A5.1
abjure	X	X7
ablative	Q	Q3
ablaze	O	O4.6
able	X	X9.1
able-bodied	B	B2
abler	X	X9.1
ablest	A	A9.1
ablution	S	S9
ably	X	X9.1
abnormal	A	A6.2
abnormalities	A	A6.2
abnormality	A	A6.2
abnormally	A	A6.2
abo	M	M7/S2mf
aboard	Z	Z5
abode	H	H1
abolish	T	T2
abolished	T	T2
abolition	T	T2
abolitionist	G	G2.1/T2-/S2mf
abominable	O	O4.2
abominably	A	A5.1
abomination	O	O4.2
abominations	O	O4.2
aboot	Z	Z5
aboriginal	M	M7
aboriginality	M	M7/A4.2
aborigines	M	M7/S2mf
abort	T	T2
aborted	T	T2
abortion	B	B3
abortionist	B	B3/S2mf
abortive	X	X9.2
abound	N	N5.2
about	A	A13.4
about-face	A	A6.1
about-turn	A	A6.1
aboutside	M	M6
above	M	M6
above-average	A	A5.1
above-ground	M	M6
above-mentioned	Q	Q2.1/N4
aboveboard	G	G2.2
abracadabra	S	S9
abrade	A	A1.1.2
abrasion	B	B2
abrasive	O	O4.5
abreast	M	M6
abridge	N	N3.7-/A2.1
abridged	N	N3.7-/A2.1
abridgement	N	N3.7-/A2.1
abridging	N	N3.7-/A2.1
abridgment	N	N3.7-/A2.1
abroad	M	M7
abrogate	G	G2.1/T2
abrogating	Q	Q2.2
abrogation	A	A1.9
abrograte	T	T2
abrograted	T	T2
abrupt	N	N3.8
abruptly	N	N3.8
abruptness	S	S1.2.1
abscess	B	B2
abscond	A	A1.7
absconding	A	A1.7
abseil	K	K5.1
abseiling	K	K5.1
absence	S	S1.1.3
absent	S	S1.1.3
absent-minded	X	X5.1
absent-mindedly	X	X5.1
absent-mindedness	X	X5.1
absented	S	S1.1.3
absentee	S	S1.1.3-/S2mf
absenteeism	S	S1.1.3
absenting	S	S1.1.3
absently	X	X5.1
absentmindedness	X	X5.1
absolute	A	A5.1
absolutely	A	A13.2
absolution	S	S9
absolutism	G	G1.2
absolve	G	G2.2
absorb	A	A1.1.1
absorbed	O	O4.1
absorbency	O	O4.1
absorbent	O	O4.1
absorber	O	O2
absorbing	A	A1.1.1
absorbtion	A	A2.1/O1
absorption	O	O4.1
absorptive	O	O4.1
abstain	S	S1.1.3
abstained	S	S1.1.3
abstainer	S	S1.1.3-/S2mf
abstaining	S	S1.1.3
abstention	G	G1.2
abstinence	A	A9-/G2.2
abstinent	A	A9-/G2.2
abstract	Q	Q4.1
abstracted	X	X2.1/X5.1
abstractedly	X	X2.1/X5.1
abstractedness	X	X2.1/X5.1
abstraction	A	A1.6
abstractions	A	A1.6
abstruse	A	A12
abstruseness	A	A12
absurd	S	S1.2.6
absurdity	S	S1.2.6
absurdly	S	S1.2.6
abundance	N	N5
abundant	A	A13.3
abundantly	A	A13.3
abuse	E	E3
abused	E	E3
abuser	G	G2.2-/S2mf
abusing	E	E3
abusive	E	E3-/S1.2
abusiveness	E	E3-/S1.2
abut	Z	Z5
abutilon	L	L3
abuzz	A	A1.1.1
abysmal	A	A5.1
abysmally	A	A5.1
abyss	W	W3
academia	P	P1
academic	P	P1/S2mf
academical	P	P1
academically	P	P1
academicians	P	P1/S2mf
academics	P	P1/S2mf
accede	S	S7.4
accelerate	N	N3.8+/A2.1
accelerated	N	N3.8+/A2.1
accelerating	N	N3.8+/A2.1
acceleration	N	N3.8+/A2.1
accelerator	M	M3/N3.8
accent	Q	Q3
accented	Q	Q3
accentuate	A	A11.1+/A2.1
accentuated	A	A11.1+/A2.1
accentuation	A	A11.1
accept	A	A9
acceptability	A	A5.1
acceptable	A	A5.1
acceptance	A	A9
accepted	A	A6.2
accepting	A	A9
access	M	M1
accessed	M	M1
accessibility	M	M6
accessible	S	S1.2.1
accessing	M	M1
accession	T	T2+/S7.1
accessories	O	O2
accessorize	N	N5+/A2.1/B5
accessory	O	O2
accident-prone	A	A15
accidental	A	A1.4
accidentally	A	A1.4
acclaim	S	S7.2+/Q2.2
acclaimed	S	S7.2
acclamation	S	S7.2+/Q2.2
acclamations	S	S7.2+/Q2.2
acclimate	A	A6.2+/A2.1
acclimatisation	A	A6.2+/A2.1
acclimatise	A	A6.2+/A2.1
acclimatised	A	A6.2+/A2.1
acclimatization	A	A6.2+/A2.1
acclimatize	A	A6.2+/A2.1
acclimatized	A	A6.2+/A2.1
accolade	S	S7.1+/O2
accom	H	H4
accommodate	H	H4
accommodating	S	S8
accommodation	H	H4
accommodations	H	H4
accommodative	A	A1.2
accompanied	S	S3.1
accompaniment	K	K2
accompanist	K	K2/S2mf
accompany	S	S3.1
accompanying	S	S3.1
accomplice	S	S8+/S2mf
accomplices	S	S8+/S2mf
accomplish	X	X9.2
accomplished	X	X9.1
accomplishment	X	X9.2
accomplishments	X	X9.2
accordance	S	S7.1
according	A	A9
accordingly	A	A1.2
accordion	K	K2
accordionist	K	K2/S3mf
accost	S	S1.1.1
accosted	S	S1.1.1
account	I	I1
accountabilities	S	S7.1
accountability	S	S7.1
accountable	S	S7.1
accountancy	I	I2.1/I1
accountancy-wise	I	I2.1/I1
accountant	I	I3.2/I1.1/S2mf
accountants	I	I3.2/I1.1/S2mf
accounted	Q	Q2.2
accounting	Q	Q2.2
accounts	Q	Q2.2
accoutrement	B	B5
accredit	P	P1/A5.1
accreditation	P	P1/A5.1
accredited	P	P1/A5.1
accrediting	P	P1/A5.1
accretion	N	N5
accrual	A	A9
accrue	N	N5+/A2.1
accrued	A	A9
accumulate	A	A9
accumulated	A	A9
accumulates	A	A9
accumulating	A	A9
accumulation	N	N5
accumulative	N	N5+/A2.1/T3
accumulator	O	O3
accuracy	A	A5.3
accurate	A	A5.3
accurately	A	A5.3
accurateness	A	A5.3
accursed	E	E3
accusation	Q	Q2.2
accusations	Q	Q2.2
accusatory	E	E2
accuse	Q	Q2.2
accused	Q	Q2.2
accuser	G	G2.1/S2mf
accusing	E	E4.2
accusingly	E	E4.2
accustom	A	A6.2
accustomed	A	A6.2
ace	K	K5.2
acerbic	S	S1.2.4
acerbity	S	S1.2.4
acetaldehyde	O	O1.2
acetate	O	O1
acetates	O	O1/P1
acetic	X	X3.1
acetification	O	O1.2/A2.1
acetone	O	O1
acetylene	O	O1.3
ache	B	B2
ached	B	B2
aches	B	B2
achievable	A	A7
achieve	A	A9
achieved	A	A9
achievement	X	X9.2
achievements	X	X9.2
achiever	X	X9.2+/S2mf
achievers	X	X9.2+/S2mf
achieving	A	A9
achimenes	L	L3
aching	B	B2
achingly	A	A13.3
achy	B	B2
acid	O	O1
acid-proof	A	A1.1.2
acidic	O	O1
acidity	X	X3.1
ack-ack	G	G3
acknowledge	Q	Q2.2
acknowledged	Q	Q2.2
acknowledgement	Q	Q2.2
acknowledging	Q	Q2.2
acknowledgment	Q	Q2.2
acme	A	A5.1
acne	B	B2
acorn	L	L3
acorns	L	L3
acoustic	X	X3.2
acoustical	X	X3.2
acoustics	X	X3.2
acqua	M	M4
acquaint	X	X2.2
acquaintance	S	S3.1/S2mf
acquaintances	S	S3.1/S2mf
acquainted	X	X2.2
acquiesce	A	A9
acquiescence	A	A9
acquiescent	S	S7.1
acquire	A	A9
acquired	A	A9
acquirer	A	A9
acquiring	A	A9
acquisition	A	A9
acquisitive	A	A9
acquisitiveness	A	A9
acquit	G	G2.2
acquittal	G	G2.1
acre	N	N3.6
acreage	N	N3.6
acres	N	N3.6
acrid	O	O4.1
acridity	O	O4.1
acrimonious	E	E3
acrimoniously	E	E3
acrimony	E	E3
acrobat	K	K1/S2mf
acrobatic	K	K5.1
acrobatics	K	K5.1
acronym	Q	Q3
acronyms	Q	Q3
acrophobia	E	E5-/N3.7
across	M	M6
across-departmental	H	H2/S5+c
acrylic	O	O1
act	A	A1.1.1
acted	K	K4
acting	T	T1.2
action	A	A1.1.1
action-packed	A	A1.1.1/N5
actionable	A	A1.1.1
actioned	A	A1.1.1
activation	T	T2
activator	T	T2
actively	X	X5.2
activism	G	G1.2/X7/A2.1
activist	G	G1.2/S2mf
activists	G	G1.2/S2mf
activities	A	A1.1.1
activity	A	A1.1.1
actor	K	K4/S2.2m
actress	K	K4/S2.1f
actual	A	A5.4
actualisation	A	A5.2
actuality	A	A5.4
actually	A	A5.4
actuary	I	I3.2/S2mf
actuate	T	T2
actuation	T	T2
acuity	X	X3.4
acumen	X	X9.1
acupressure	B	B3
acupuncture	B	B3
acupuncturist	B	B3/S2mf
acute	A	A11.1
acute-angled	N	N2/O4.4
acutely	X	X5.1
acuteness	X	X5.1
acuter	A	A11.1
acutest	A	A11.1
ad-hoc	A	A6.2
ad-lib	A	A1.4
ad-supported	I	I2.2/Q2.2
ad-tracking	I	I2.2/Q2.2
adage	Q	Q3
adagio	K	K2/N3.8
adamant	A	A2.1-/X2.1
adamantly	A	A2.1-/X2.1
adapt	A	A2.1
adaptability	A	A2.1
adaptable	A	A2.1
adaptation	A	A2.1
adapted	A	A2.1
adapter	O	O3
adapting	A	A2.1
adaptive	A	A2.1
adaptor	O	O3
add	N	N5+/A2.1
add-on	N	N5
add-ons	N	N5
added	N	N5+/A2.1
addendum	Q	Q4.1
adder	L	L2mfn
addict	X	X5.2++/S2mf
addicted	F	F3
addiction	B	B2
addictive	F	F3
adding	N	N5+/A2.1
addition	N	N5
additional	N	N5
additionally	N	N5
additions	N	N5
additive	F	F1
additive-free	F	F1
additives	F	F1
addle	X	X2.5
addle-brained	X	X2.5
addled	X	X2.5
addled-brained	X	X2.5
address	Q	Q1.2
addressed	Q	Q1.2
addressee	A	A9+/S2mf
addresses	Q	Q1.2
addressing	Q	Q1.2
adds	N	N5+/A2.1
adduct	M	M2
adduction	M	M2
adductor	B	B1
adenoid	B	B1
adenoidal	B	B1
adenoiditis	B	B2
adenoma	B	B2
adept	X	X9.1
adeptness	X	X9.1
adequacy	N	N5
adequate	N	N5
adequately	N	N5
adhere	A	A1.7
adherence	A	A1.7
adherent	S	S8+/S2mf
adhering	A	A1.7
adhesion	A	A2.1
adhesive	O	O4.1
adhoc	A	A4.2
adieu	Z	Z4
adj	Q	Q3
adjacent	M	M6
adjectival	Q	Q3
adjective	Q	Q3
adjectives	Q	Q3
adjoin	M	M6
adjoined	M	M6
adjoining	M	M6
adjourn	T	T2-/G2.1
adjourned	T	T2-/G2.1
adjourning	T	T2
adjournment	T	T2-/G2.1
adjudge	G	G2.1
adjudicate	X	X6
adjudicating	X	X6
adjudication	X	X6
adjudicator	X	X6/S2mf
adjunct	N	N5
adjure	Q	Q2.2
adjust	A	A2.1
adjustable	A	A2.1
adjusted	A	A2.1
adjuster	A	A2.1+/S2mf
adjustment	A	A2.1
adjustor	A	A2.1+/S2mf
adjutant	G	G3/S7.1+/S2mf
adman	I	I2.2/Q2.2/S2.2m
admin	S	S7.1
administer	A	A9
administered	A	A9
administering	A	A9
administrate	S	S7.1
administrated	S	S7.1
administrating	S	S7.1
administration	S	S7.1+c
administrative	S	S7.1
administratively	S	S7.1
administrators	S	S7.1+/S2mf
admirable	S	S7.2
admirably	S	S7.2
admiration	S	S7.2
admire	S	S7.2
admired	S	S7.2
admirer	S	S7.2+/S2mf
admiring	S	S7.2
admiringly	S	S7.2
admissibility	S	S7.4
admissible	S	S7.4
admission	S	S7.4+/M1
admit	Q	Q2.2
admittance	S	S7.4+/M1
admitted	Q	Q2.2
admittedly	Z	Z4
admitting	Q	Q2.2
admixture	O	O1.1
admonish	Q	Q2.2
admonished	Q	Q2.2
admonishment	Q	Q2.2
admonition	Q	Q2.2
adn	Z	Z3c
adolescence	T	T3
adolescent	T	T3-/S2mf
adolescents	T	T3-/S2mf
adopt	A	A9
adopted	A	A9
adopter	S	S4/S2mf
adopting	A	A9
adoption	A	A9
adoptive	A	A9
adorable	O	O4.2
adoration	E	E2
adore	E	E2
adoring	E	E2
adoringly	E	E2
adorn	O	O4.1
adorned	O	O4.1
adornment	O	O4.1
adrenal	B	B1
adrenalin	B	B1/O1
adrenalin(e)	B	B1/O1
adrenaline	B	B1/O1
adrenolipoplasia	B	B2
adrift	A	A1.7
adroit	X	X9.1
adroitness	X	X9.1
ads	I	I2.2/Q2.1
adulation	S	S7.2+/Q2.2
adulatory	S	S7.2
adult	T	T3+/S2
adulterate	A	A5.1
adulterated	A	A2.1
adulteration	A	A2.1
adulterer	S	S4/G2.2-/S2mf
adulteress	S	S4/G2.2-/S2.1f
adulterous	S	S4/G2.2
adultery	G	G2.2-/S3.2
adulthood	T	T3+/S2
adults	T	T3+/S2mf
adv	Q	Q3
advance	M	M1
advanced	T	T3
advancement	A	A5.1+/A2.1
advancing	M	M1
advantage	A	A5.1
advantaged	A	A5.1
advantageous	A	A5.1
advantageousness	A	A5.1
advent	S	S9/T1.3
adventure	X	X8
adventure-loving	X	X8+/S1.2
adventurer	M	M1/X5.2+/S2mf
adventurers	M	M1/X5.2+/S2mf
adventuress	G	G2.2-/S2.1f
adventurism	E	E5
adventurist	E	E5
adventurous	A	A6.2
adventurously	E	E5
adverb	Q	Q3
adverbial	Q	Q3
adverbs	Q	Q3
adversarial	S	S7.3
adversary	S	S7.3+/S2mf
adverse	S	S8
adversely	A	A5.1
adversities	A	A12
adversity	A	A12
advert	I	I2.2/Q2.1
advertise	I	I2.2/Q2.1
advertised	I	I2.2/Q2.1
advertisement	I	I2.2/Q2.1
advertisements	I	I2.2/Q2.1
advertiser	I	I2.2/Q2.1/S2mf
advertising	I	I2.2/Q2.1
advertising-induced	I	I2.2/Q2.1
advertising-wide	I	I2.2/Q2.1
advertorial	I	I2.2/Q2.1/Q4
adverts	I	I2.2/Q2.1
advice	Q	Q2.2/S8
advisability	S	S1.2.6
advisable	S	S1.2.6
advise	Q	Q2.2/S8
advised	Q	Q2.2/S8
advisedly	A	A1.3
adviser	S	S8+/S2mf
advisers	S	S8+/S2mf
advising	Q	Q2.2/S8
advisor	S	S8+/S2mf
advisory	S	S8
advocacy	Q	Q2.2/G2.1
advocate	Q	Q2.2/S2mf
advocator	Q	Q2.2/S2mf
aeon	T	T1.3
aerate	O	O1.3
aeration	O	O1.3
aero-modelling	C	C1/M5
aerobatic	M	M5
aerobatics	M	M5
aerobic	B	B1
aerobic-cum-dance	K	K5.1
aerobically	O	O1.3
aerobics	K	K5.1
aerodrome	M	M5/M7c
aerodynamic	O	O4.4
aerodynamics	M	M5/P1
aeronautical	M	M5/A1.1.1
aeronautics	Y	Y1/M5
aeroplane	M	M5fn
aerosol	O	O2
aerosols	O	O2
aesthetic	O	O4.2+/C1
aesthetically	O	O4.2+/C1
aesthetics	O	O4.2+/X2.1
aetiological	A	A2.2
aetiology	A	A2.2
afar	N	N3.3
affable	S	S1.2.1
affair	A	A1.1.1
affairs	A	A1.1.1
affect	A	A2.1
affectation	A	A5.2
affectations	A	A5.2
affected	A	A2.1
affectedness	A	A5.2
affecting	A	A2.1
affection	E	E2
affectionate	E	E2
affectionately	E	E2
affections	E	E2
affidavit	G	G2.1/Q1.2
affiliate	S	S5+mfn
affiliated	S	S5
affiliation	S	S5
affinity	E	E2
affirm	Q	Q2.2
affirmation	Q	Q2.2
affirmative	A	A7
affirmatively	A	A7
affirmed	Q	Q2.2
affirming	Q	Q2.2
affirms	Q	Q2.2
affix	Q	Q3
affixed	A	A1.7
affixes	A	A1.7
affixing	A	A1.7
afflict	E	E6
afflicted	B	B2
affliction	E	E6
affluence	I	I1.1
affluent	I	I1.1
afford	I	I1.1
affordability	I	I1.3
affordable	I	I1.3
afforded	I	I1.1
affray	E	E3
affront	S	S7.2
affronted	S	S7.2
aficionado	E	E2+/S2mf
aficionados	X	X5.2+/S2mf
afield	M	M6
aflame	O	O4.6
afloat	O	O4.1
afoot	A	A1.1.1
aforementioned	Q	Q2.1/N4
aforesaid	Q	Q2.1/N4
afraid	E	E5
afresh	T	T3
aft	M	M6
after	N	N4
after-care	B	B3
after-dinner	T	T1.3
after-effect	A	A2.2/N4
after-life	S	S9
after-school	N	N4/P1
after-shave	B	B4
after-sun	B	B4/W4
after-tax	I	I1.1/G1.1
afterbirth	B	B1
aftercare	B	B3
afterglow	O	O4.3
afterlife	S	S9
aftermath	N	N4
afternoon	T	T1.3
afters	F	F1
aftershave	B	B4
aftershock	W	W3
aftersun	B	B4/W4
aftertaste	X	X3.1
afterthought	A	A11.1
afterward	N	N4
afterwards	N	N4
afterworld	N	N4
aga	O	O2/F1
again	N	N6
against	Z	Z5
agape	X	X2.6
agave	L	L3
age	T	T3
age-darkened	T	T3
age-group	T	T3c
age-old	T	T3
age-related	T	T3
age-specific	T	T3
age-wise	T	T3
aged	T	T3
ageing	T	T3
ageism	T	T3
ageist	T	T3++/X2.1
ageless	T	T3
agencies	I	I2.2/S5+c
agency	I	I2.2/S5+c
agenda	Q	Q1.2/X7
agent	I	I2.1/S2mf
agents	I	I2.1/S2mf
ages	T	T1.3
agglomeration	A	A9
aggrandisement	N	N3.2+/A2.1
aggrandize	N	N3.2+/A2.1
aggrandizement	N	N3.2+/A2.1
aggravate	A	A5.1-/A2.1
aggravated	A	A5.1-/A2.1
aggravating	A	A5.1-/A2.1
aggravation	E	E3
aggregate	N	N5.1
aggregated	N	N5.1
aggregation	N	N5
aggressee	E	E3-/S2mf
aggression	E	E3
aggressive	E	E3
aggressively	E	E3
aggressiveness	E	E3
aggressor	G	G3/S2mf
aggressors	G	G3/S2mf
aggrieved	E	E4.2
aggro	E	E3
aghast	E	E5
agile	B	B1
agility	B	B1
aging	T	T3
agit-prop	G	G1.2/C1
agitate	E	E3
agitated	E	E3
agitating	A	A2.1
agitation	E	E3
agitator	A	A2.2/S2mf
agnostic	S	S9-/S2mf
agnosticism	S	S9
ago	T	T1.1.1
agog	X	X5.2
agonise	E	E6
agonising	E	E6
agonize	E	E6
agonized	B	B2
agonizing	E	E6
agony	B	B2
agoraphobia	B	B2-/X1
agoraphobic	B	B2-/X1
agrarian	F	F4
agree	A	A6.1
agreeable	E	E2
agreeably	O	O4.2
agreed	A	A6.1
agreeing	A	A6.1
agreement	A	A6.1
agri-chemical	F	F4/Y1
agri-chemicals	F	F4/Y1
agricultural	F	F4
agricultural-based	F	F4
agriculturalist	F	F4/S2mf
agriculture	F	F4
agriculturist	F	F4/S2mf
agriculturists	F	F4/S2mf
agro	E	E3
agro-ecological	W	W5
agronomist	F	F4/S2mf
agropharma	Y	Y1/B3
agros	E	E3
aground	M	M6
ah	Z	Z4
ahead	M	M6
ahem	Z	Z4
ahh	Z	Z4
ahm	Z	Z4
ahmm	Z	Z4
ahold	A	A9
ahoy	Q	Q2.2/M4
aid	S	S8
aide	S	S8+/S2mf
aide-de-camp	G	G3/S8+/S2mf
aide-memoire	X	X2.2+/A2.2
aides	S	S8+/S2mf
aiding	S	S8
ail	B	B2
ailed	B	B2
ailing	B	B2
ailment	B	B2
ailments	B	B2
aim	X	X7
aimed	X	X7
aiming	X	X7
aimless	X	X5.1
aimlessly	X	X5.1
aimlessness	X	X5.1
ain't	Z	Z5/Z6
aint	A	A3
air	B	B4
air-conditioned	O	O4.6
air-conditioner	O	O4.6/O3
air-conditioning	O	O4.6
air-cooled	O	O4.6
air-cushioned	O	O4.1
air-dried	O	O1.2-/A1.1.1
air-drop	A	A9-/M5
air-dry	O	O1.2-/A1.1.1
air-hostess	M	M5/S2.1f
air-permeable	N	N5.1
air-raid	G	G3
air-stewardess	M	M5/S2.1f
air-tight	A	A1.7
air-to-air	G	G3
air-traffic	M	M5
airbag	O	O2/M3
airbed	O	O1
airbeds	H	H5
airborn	M	M5
airborne	M	M5
airbrush	C	C1
aircraft	M	M5fnc
aircrew	M	M5/S5c
airdrome	M	M5/M7c
airdrop	A	A9-/M5
aired	B	B4
airey	O	O4.1
airfare	I	I1.3/M5
airfield	M	M5/M7c
airforce	M	M5/G3c
airgun	O	O1
airhead	X	X9.1-/S2mf
airheads	X	X9.1-/S2mf
airing	B	B4
airless	O	O4.6
airlift	M	M2/M5
airline	M	M5/S5c
airliner	M	M5
airlock	O	O1
airmail	Q	Q1.2
airman	M	M5/S2.2m
airplane	M	M5
airplay	Q	Q4.3
airport	M	M5/M7
airpower	G	G3/M5
airship	M	M5
airshow	M	M5/K1
airshows	M	M5
airsick	M	M5/B2
airsickness	M	M5/B2
airspace	G	G1.1/M7
airspeed	M	M5/N3.8
airstrike	G	G3
airstrip	M	M5/M7
airtime	Q	Q4.3
airwave	Q	Q4.3
airwaves	Q	Q4.3
airways	M	M5
airwoman	M	M5/S2.1f
airworthiness	A	A15
airworthy	A	A15
airy	O	O4.1
airy-fairy	A	A4.2
aisle	H	H2
aisles	H	H2
ajar	A	A10
aka	Q	Q2.2
akashic	S	S9
akin	A	A6.1
al-fayed	Z	Z1m
alabaster	O	O1.1
alack	Z	Z4
alacrity	N	N3.8
alarm	E	E5
alarmed	E	E5
alarming	E	E5
alarmingly	E	E5
alarmist	E	E5-/A1.3
alarms	Q	Q1.1/A15
alas	E	E4.1
albatross	L	L2
albatrosses	L	L2
albeit	Z	Z5
albino	O	O4.3
album	K	K2
albumen	B	B1/O1
albumin	B	B1/O1
alchemical	Y	Y1/T1.1.1
alchemist	Y	Y1/T1.1.1
alchemy	Y	Y1/T1.1.1
alcohol	F	F2
alcoholic	F	F2
alcoholics	F	F2+++/B2-/S2mf
alcoholism	F	F2/B2
alcopops	F	F2
alcove	M	M7
alderman	S	S7.1+/S2.2m
aldermen	S	S7.1+/S2.2m
ale	F	F2
ale-house	F	F2/H1
ale-houses	F	F2/H1
alert	X	X5.1
alertness	X	X5.1
alfalfa	L	L3
alfresco	M	M6
algae	L	L3
algebraic	N	N2
algorithm	N	N2
alias	A	A5.4
alibi	G	G2.1
alien	A	A6.2
alienate	A	A6.1
alienated	A	A6.1
alienating	A	A6.1
alienation	A	A6.1
aliens	M	M7/S2mf
alight	L	L2/M5
align	M	M2
aligned	M	M2
alignment	O	O4.4
alike	A	A6.1
alimony	I	I1.2/G2.1
alive	L	L1
alkali	O	O1
alkaline	O	O1
alkalinity	O	O1
alky	F	F2/S2mf
all	N	N5.1
all-american	Z	Z2
all-around	X	X9.1
all-but-dead	L	L1
all-day	T	T1.3
all-encompassing	A	A1.8
all-important	A	A11.1
all-in	A	A1.7
all-in-one	N	N5.1
all-inclusive	I	I1.3/A1.8
all-knowing	X	X2.2
all-knowingly	X	X2.2
all-nighter	T	T1.3
all-or-nothing	N	N5.1
all-out	X	X5.2
all-over	N	N5.1
all-paid-up	I	I1.2
all-party	G	G1.2
all-pervasive	N	N5.1
all-powerful	S	S7.1
all-purpose	A	A1.2/N5.1
all-round	A	A6.3
all-rounder	X	X9.1+/S2mf
all-seeing	X	X3.4
all-sorts	F	F1
all-star	A	A11.1
all-terrain	M	M7
all-time	A	A13.2
all-weather	W	W4
allay	Q	Q2.2
allegation	Q	Q2.2/A5.2
allegations	Q	Q2.2/A5.2
allege	Q	Q2.2/A5.2
alleged	Q	Q2.2/A5.2
allegedly	Q	Q2.2/A5.2
allegiance	S	S5
alleging	Q	Q2.2/A5.2
allegorical	Q	Q1.1
allegory	Q	Q3
allegro	K	K2
alleluia	S	S7.2+/S9
allergen	B	B3
allergic	B	B2
allergies	B	B2
allergist	B	B3/S2mf
allergy	B	B2
alleviate	A	A5.1+/A2.1
alleviated	A	A5.1+/A2.1
alleviating	A	A5.1+/A2.1
alleviation	A	A5.1+/A2.1
alley	M	M7/H3
alleyway	M	M7/H3
alleyways	M	M7/H3
alliances	S	S5+c
allied	S	S5
alligator	L	L2mfn
alligators	L	L2
alliteration	Q	Q3
alliterative	Q	Q3
allocate	A	A9
allocated	A	A9
allocation	N	N5
allot	A	A9
allotment	F	F4/M7
allots	A	A9
allotted	A	A9
allow	S	S7.4
allowable	S	S7.4
allowance	I	I1.1
allowances	I	I1.1
allowed	S	S7.4
allowing	S	S7.4
alloy	O	O1.1
alloyed	O	O1.1
allspice	F	F1
allude	Q	Q2.2
allure	O	O4.2
allured	O	O4.2
allurement	S	S1.2.2
alluring	X	X5.2
allusion	A	A10-/Q2.2
allusive	A	A10-/Q2.1
alluvial	W	W3
alluvium	W	W3
ally	S	S3.1/S2mf
almanac	T	T1/Q1.2
almanack	T	T1/Q1.2
almond	L	L3
almond-eyed	O	O4.1
almond-shaped	O	O4.4
almond-stuffed	F	F1
almost	A	A13.4
alms	I	I1/S8
alms-house	S	S8+/H1
aloe	L	L3
aloft	M	M6
alone	S	S5
along	Z	Z5
alongside	Z	Z5
aloof	S	S1.2.1
aloofness	S	S1.2.1
alopecia	B	B1
aloud	X	X3.2
alp	W	W3
alpaca	O	O1.1/C1
alphabet	Q	Q3
alphabetical	Q	Q3
alphabetically	Q	Q3
alphabetize	A	A4.1
alphanumeric	A	A4.1
alphanumerical	A	A4.1
alpine	L	L3
alpines	L	L3
alpinist	K	K5.1/S2mf
already	T	T1.1.1
alright	A	A5.1
also	N	N5
also-rans	X	X9.2
altar	S	S9/H5
alter	A	A2.1
alter-ego	S	S2mf/A6.1
alteration	A	A2.1
altercation	E	E3
altered	A	A2.1
altering	A	A2.1
alternate	A	A2.1
alternating	A	A2.1
alternation	A	A2.1
alternations	A	A2.1
alternative	A	A6.1
alternatively	A	A6.1
alternator	O	O3
alters	A	A2.1
although	Z	Z5
altimeter	O	O2/N3.7
altitude	N	N3.7
alto	K	K2
altogether	B	B5
altruism	S	S1.2.2
altruist	S	S8+/S2mf
altruistic	S	S1.2.2
alu-rivets	O	O2
aluminium	O	O1.1
aluminum	O	O1.1
alumna	N	N4/P1/S2mf
alumni	P	P1/S2mf
alumnus	N	N4/P1/S5
alveolar	B	B1
always	N	N6
am	T	T1.3
amalgam	A	A6.3
amalgamate	S	S5
amalgamated	S	S5
amalgamation	S	S5
amass	A	A9
amassed	A	A9
amassing	A	A9
amateur	I	I3.2-/S2mf
amateurish	I	I3.2
amateurishly	I	I3.2
amateurism	I	I3.2
amaze	X	X2.6
amazed	X	X2.6
amazement	X	X2.6
amazes	X	X2.6
amazing	X	X2.6
amazingly	X	X2.6
ambassadorial	G	G1.1
ambassadors	G	G1.1/S2mf
ambiance	E	E1
ambidextrous	B	B1
ambience	O	O4.1
ambient	E	E1
ambiguity	Q	Q3
ambiguous	Q	Q3
ambiguously	A	A7
ambit	N	N5
ambition	X	X7
ambitious	X	X7
ambitiousness	X	X7
ambivalence	A	A7
ambivalent	A	A7
amble	M	M1/N3.8
ambling	M	M1
ambrosia	F	F1
ambulance	B	B3/M3fn
ambulanceman	B	B3/M3/S2.2m
ambuscade	G	G3
ambush	G	G3
ameba	L	L2
amebas	L	L2
amebic	L	L2
ameliorate	A	A5.1+/A2.1
ameliorating	A	A5.1+/A2.1
amelioration	A	A5.1+/A2.1
ameloblast	B	B1
amelogenesis	A	A1.1.1/B1
amen	Z	Z4
amenability	O	O4.2
amenable	X	X7
amend	A	A2.1
amended	A	A2.1
amendment	A	A2.1
amendments	A	A2.1
amends	A	A2.1
amenities	H	H1/K1
amenity	H	H1
americanised	Z	Z2
amethyst	O	O1.1
amiability	O	O4.2
amiable	S	S1.2.1
amiably	S	S1.2.1
amicably	S	S1.2.1
amid	Z	Z5
amidst	Z	Z5
amino	B	B1
amiss	A	A5.3
amity	E	E3
ammo	G	G3
ammonia	O	O1.2
ammonification	Y	Y1
ammunition	G	G3
amnesia	B	B2-/X2.2
amniobans	B	B2
amniocentesis	B	B3
amoeba	L	L2
amoebae	L	L2
amoebas	L	L2
amoebic	L	L2
among	Z	Z5
amongst	Z	Z5
amoral	G	G2.2
amorality	G	G2.2
amorous	E	E2
amorphism	O	O4.4
amorphous	O	O4.4
amorphousness	O	O4.4
amortise	I	I1.2
amortization	I	I1.2
amortize	I	I1.2
amount	N	N5+/A2.1
amour	A	A10-/S3.2
amp	O	O3
ampelopsis	L	L3
ampere	O	O3
amphetamine	B	B3
amphibian	L	L2mfn
amphibians	L	L2mfn
amphibious	M	M3/M4
amphipod	L	L2mfn
amphipods	L	L2mfn
amphitheater	K	K4/H1
amphitheatre	K	K4/H1
amphora	O	O2
ample	N	N5
amplification	X	X3.2
amplifier	K	K3
amplify	X	X3.2
amplitude	N	N3
amply	A	A13.3
ampule	M	M3/O2
ampulla	B	B1
amputate	B	B3
amputated	B	B3
amputation	B	B3
amputee	B	B3/S2mf
amulet	B	B5/A10-/S9
amuse	E	E4.1
amused	E	E4.1
amusement	K	K1
amusing	E	E4.1
amusingly	E	E4.1
amyotrophy	B	B2
an	Z	Z5
anabiosis	B	B3
anabolism	B	B1
anachronism	T	T3
anachronistic	T	T1.1.1
anaconda	L	L2mf
anaemia	B	B2
anaemic	B	B2
anaerobic	O	O1.3
anaesthesia	B	B3
anaesthetic	B	B3
anaesthetise	B	B3
anaesthetised	B	B3
anaesthetising	B	B3
anaesthetist	B	B3/S2mf
anaesthetize	B	B3
anagram	Q	Q3
anal	B	B1
anal-retentive	E	E6-/O4.2
analgesia	B	B3
analgesic	B	B3
analog	Y	Y2
analogous	A	A6.1
analogue	Y	Y2
analogy	A	A6.1
analphabetic	Q	Q3/N4
analysable	X	X2.4
analyse	X	X2.4
analyser	Y	Y1/S2mf
analyses	X	X2.4
analysing	X	X2.4
analysis	X	X2.4
analyst	Y	Y2/S2mf
analytic	X	X2.4
analytical	X	X2.4
analytically	X	X2.4
analyze	X	X2.4
analyzer	Y	Y1/S2mf
analyzing	X	X2.4
anamnesis	X	X2.2+/T1.1.1
anamniote	L	L2mfn
anaphylaxis	B	B2
anarchic	G	G2.2
anarchical	G	G2.2
anarchism	G	G2.2
anarchist	G	G1.2/S2mf
anarchistic	A	A1.7
anarchy	G	G2.2
anathema	E	E2
anatomise	X	X2.4
anatomist	B	B1/S2mf
anatomize	X	X2.4
anatomizing	Y	Y1
anatomy	B	B1
ancestor	S	S4/T1.1.1
ancestors	S	S4/T1.1.1
ancestral	S	S4/T1.1.1
ancestry	S	S4T1.1.1
anchor	M	M4/O2
anchorage	M	M7/M4
anchored	A	A1.7
anchoring	M	M4
anchorite	S	S5-/S2mf
anchorman	Q	Q4.3/S2mf
anchors	M	M4/O2
anchorwoman	Q	Q4.3/S2.1f
anchovies	F	F1
anchovy	F	F1
ancient	T	T3
anciently	T	T3
ancillaries	S	S8+/S2mf
ancillary	S	S8
and	Z	Z5
and/or	Z	Z5
andante	K	K2/N3.8
androgen	B	B1
androgyne	B	B1/S2mf
androgynous	B	B1/S2
androgyny	B	B1/S2
android	O	O3
ands	Z	Z5
andy	Z	Z1m
anecdotal	Q	Q2.1
anecdotally	Q	Q2.1
anecdote	Q	Q2.1
anemia	B	B2
anemic	B	B2
anemometer	O	O1/W4
anemone	L	L3
anemones	L	L3
anesthesia	B	B3
anesthesiologist	B	B3/S2mf
anesthesiology	B	B3
anesthetic	B	B3
anesthetist	B	B3/S2mf
anesthetization	B	B3
anesthetize	B	B3
aneurysm	B	B2
anew	T	T2
angel-like	A	A5.1
angelfish	L	L2mfn
angelic	A	A5.1
angelical	A	A5.1
angelically	A	A5.1
anger	E	E3
angering	E	E3
angiagram	B	B3
angina	B	B2
angioplas	B	B3
angle	O	O4.4
angled	O	O4.4
angler	F	F4/S2mf
anglerfish	L	L2mfn
anglers	K	K5.1/S2mf
angles	O	O4.4
angleworm	L	L2mfn
anglia	Z	Z2
anglicise	Z	Z2
anglicised	Z	Z2
anglicize	A	A2.1/Z2
anglicized	A	A2.1/Z2
angling	O	O4.4
anglisation	Z	Z2
angora	O	O1.1
angrier	E	E3
angriest	E	E3
angrily	E	E3
angry	E	E3
angst	E	E5
angstrom	O	O3/N3.7
anguilliformes	O	O4.4
anguish	E	E6
anguished	E	E6
angular	O	O4.4
angularity	O	O4.4
angulate	O	O4.4
angulated	O	O4.4
angulation	O	O4.4
anhinga	L	L2
aniline	O	O1.2/O4.3
animal	L	L2mfn
animal-friendly	L	L2/S8
animals	L	L2mfn
animate	X	X5.2
animated	X	X5.2
animatic	Q	Q4.3
animatics	Q	Q4.3
animation	Q	Q4.3
animation-related	Q	Q4.3
animator	Q	Q4.3/S2mf
animators	Q	Q4.3/S2mf
animosities	E	E2
animosity	E	E2
animus	E	E2
anise	L	L3
aniseed	F	F1
ankle	B	B1
ankle-deep	N	N3.3
ankle-high	N	N3.7
ankle-length	N	N3.7
ankles	B	B1
anklet	B	B5
ankylosis	B	B2
ann	Z	Z1f
annal	T	T1.3/Q1.2
annals	T	T1.3/Q1.2
annatto	O	O4.3/F1
annex	A	A9
annexation	A	A9
annexe	H	H2
annexing	A	A9
annihilate	A	A1.1.2
annihilated	A	A1.1.2
annihilates	A	A1.1.2
annihilation	A	A1.1.2
anniversary	T	T1.2
annotate	Q	Q1.2/A4.2
annotated	Q	Q1.2/A4.2
annotation	Q	Q1.2/A4.2
announce	Q	Q2.2
announced	Q	Q2.2
announcement	Q	Q2.2
announcer	Q	Q2.2/S2mf
announcing	Q	Q2.2
annoy	E	E3
annoyance	E	E3
annoyed	E	E3
annoying	E	E3
annual	N	N6
annually	N	N6
annualzine	Q	Q4.2
annuity	I	I1
annul	T	T2-/G2.1
annulled	T	T2-/G2.1
annulling	T	T2-/G2.1
annulment	G	G2.1/T2
annum	T	T1.3
anode	O	O3
anodise	O	O4.1
anodize	O	O4.1
anodyne	B	B3
anoint	S	S9
anointed	S	S9
anole	L	L2mfn
anoles	L	L2mfn
anomalies	A	A6.2
anomalous	A	A6.2
anomaly	A	A6.2
anomic	G	G2.2
anomy	G	G2.2
anon	A	A10
anonymity	A	A10
anonymous	A	A10
anonymously	A	A10
anopheles	L	L2mfn
anorak	B	B5
anorectic	B	B2
anorexia	B	B2
anorexic	B	B2
another	A	A6.1
answer	Q	Q2.2
answerability	S	S7.1
answerable	S	S7.1
answerably	S	S7.1
answered	Q	Q2.2
answering	Q	Q2.2
answerphone	Q	Q1.3
answers	Q	Q2.2
ant	L	L2
ant-hill	L	L2/H4
antacid	B	B3
antacids	B	B3
antagonise	E	E2
antagonism	E	E2
antagonist	S	S7.3+/S2mf
antagonistic	E	E2
antagonize	E	E2
antbird	L	L2mfn
antbirds	L	L2mfn
ante-fetal	B	B1
ante-room	H	H2
antecede	N	N4
antecedent	N	N4/A1.1.1
antecedents	N	N4
antechamber	H	H2
antediluvian	T	T1.1.1
antelope	L	L2mfn
antelopes	L	L2mfn
antenatal	B	B3
antenna	B	B1/L2
anterior	B	B3/M6
anteroom	H	H2
anthem	K	K2
anther	L	L3
anthology	Q	Q4.1
anthracite	O	O1.1
anthracnose	L	L3/B2
anthracosis	B	B2
anthrax	B	B2
anthropocentric	S	S2/A11.1
anthropocentrism	S	S2/A11.1
anthropological	X	X2.4/S2
anthropologist	S	S1.1.1/S2mf
anti	Z	Z5
anti-	A	A6.1
anti-albanian	G	G1.2
anti-catholic	S	S9/E2
anti-catholicism	S	S9/E2
anti-china	G	G1.2
anti-chinese	G	G1.2
anti-christian	S	S9/E2
anti-church	S	S9/E2
anti-iraq	G	G1.2
anti-jesuit	Z	Z3/E2
anti-muslim	S	S9/E2
anti-semite	G	G2.2-/S2mf
anti-semitism	S	S9/E2
anti-tibetan	G	G1.2
anti-us	G	G1.2
anti-velcro	B	B5
anti-abortionist	G	G1.2/S2mf
anti-abortionists	G	G1.2/S2mf
anti-aging	T	T3
anti-aircraft	G	G3
anti-apartheid	G	G1.2
anti-black	G	G1.2
anti-caking	O	O4.1
anti-cartel	G	G2.1/I2.1
anti-clerical	S	S9/E2
anti-clockwise	M	M6
anti-communist	G	G1.2
anti-conservative	G	G1.2
anti-corruption	G	G2.1
anti-crime	G	G2.1
anti-cult	S	S9/E2
anti-depressant	B	B3
anti-depressants	B	B3
anti-discrimination	G	G1.2
anti-discriminatory	G	G2.2
anti-establishment	G	G1.1c/E2
anti-ethnics	G	G1.2
anti-fascism	G	G1.2
anti-foreign	G	G1.2
anti-foreigner	G	G1.2
anti-gay	S	S3.2
anti-hassle	A	A12
anti-hegemonic	S	S7.1+/E2
anti-hero	Q	Q4.1/S2mf
anti-histamine	B	B3
anti-immigration	M	M1/M7/E2
anti-inflation	I	I1.3
anti-japanese	G	G1.2
anti-linkage	A	A2.2
anti-linkages	A	A2.2
anti-narcotics	G	G2.1/F3
anti-natal	B	B1
anti-national	G	G1.2/M7/S2mf
anti-nationals	G	G1.2/M7/S2mf
anti-nazi	G	G1.2
anti-oxidant	O	O1
anti-party	G	G1.2
anti-perspirant	B	B4
anti-psychotic	B	B3
anti-racism	G	G1.2
anti-racist	G	G1.2/S2mf
anti-rain	W	W4
anti-refugee	M	M1/M7/E2
anti-religious	S	S9/E2
anti-repressive	G	G1.2/A1.7
anti-rightist	G	G1.2
anti-riot	G	G2.1/E3
anti-royal	S	S7.1+/E2
anti-scientific	Y	Y1
anti-semitic	S	S9/E2
anti-slavery	S	S7.1-/E2
anti-smuggle	G	G2.1
anti-smuggling	G	G2.1
anti-social	S	S1.2.1
anti-socialist	G	G1.2
anti-solvent	O	O1.2
anti-tank	G	G3
anti-terror	G	G1.2
anti-terrorism	G	G1.2
anti-terrorist	G	G1.2
anti-trafficking	G	G2.1
anti-trust	S	S7.1+/E2
anti-union	G	G1.2
antiacid	B	B3
antibacterial	L	L2-/B3
antibiotic	B	B3
antibiotics	B	B3
antibodies	B	B1
antibody	B	B1
antic	K	K1/E4.1+/S2mf
antichristian	S	S9/E2
anticipate	X	X2.6
anticipated	X	X2.6
anticipating	X	X2.6
anticipation	X	X2.6
anticipatory	X	X2.6
anticlerical	G	G1.2/S9/E2
anticlericalism	G	G1.2/S9/E2
anticlimax	X	X9.2
anticlockwise	M	M6
anticoagulant	B	B3
antics	E	E4.1
anticyclone	W	W4
antidepressant	B	B3
antidepressants	B	B3
antidote	B	B3
antifreeze	O	O1.2
antihero	Q	Q4.1/S2mf
antihistamine	B	B3
antilock	M	M3
antimatter	Y	Y1
antimissile	G	G3
antimony	O	O1.1
antinational	G	G1.2/M7
antinationals	G	G1.2/M7/S2mf
antioxidant	O	O1
antipasta	F	F1
antipasto	F	F1
antipathy	E	E2
antiperspirant	B	B4
antipode	A	A6.1
antiquarian	T	T3/X2.4
antiquary	T	T3/X2.4/S2mf
antiquated	T	T3
antique	T	T3+++/O2
antiqued	O	O4.2
antiques	T	T3+++/O2
antiquey	T	T3
antiquity	T	T3
antiseptic	B	B3
antiserum	B	B3
antisocial	S	S1.2.1
antistatic	O	O4.1/O3
antithesis	A	A6.1
antitoxin	B	B3
antitrust	S	S7.1+/E2
antiwrinkle	B	B3
antler	B	B1/L2
antonym	Q	Q3/A6.1
antsy	E	E6
anus	B	B1
anvil	O	O2
anxiety	E	E6
anxious	E	E6
anxiously	E	E6
anxiousness	E	E6
any	N	N5.1
anybody	Z	Z8mfc
anybodys	Z	Z8
anyhow	Z	Z4
anymore	Z	Z5
anyone	Z	Z8mfc
anyones	Z	Z8
anyplace	M	M6
anythin	Z	Z8
anything	Z	Z8
anytime	T	T1.1
anyway	Z	Z4
anyways	Z	Z4
anywhere	M	M6
aortic	B	B1
aortitis	B	B1/B2
apace	N	N3.8
apart	N	N3.3
apartheid	G	G1.2
apartheid-like	G	G1.2
apartment	H	H1/H4
apartments	H	H1/H4
apathetic	X	X5.2
apathy	X	X5.2
ape	L	L2mfn
ape-shit	A	A5.1
aperiodic	N	N6
aperitif	F	F2
aperture	O	O2
apes	A	A6.1
aphasia	B	B2-/X2/Q2
aphasic	B	B2-/X2/Q2
aphelandra	L	L3
aphid	L	L2
aphorism	Q	Q2.2/A5.2
aphorisms	Q	Q2.2/A5.2
aphoristic	Q	Q2.2/A5.2
aphrodisiac	S	S4/B1
apiarist	F	F4/S2mf
apices	M	M6
apiece	S	S1.1.2
apish	S	S1.2.6
apishly	S	S1.2.6
aplastic	B	B2
aplenty	N	N5.2
aplomb	S	S1.2.3
apocalyptic	A	A1.1.2
apocryphal	A	A5.2/A7
apodosis	Q	Q3
apogee	A	A5.1+++/X9.2
apolitical	G	G1.1
apologetic	S	S1.2.4
apologetically	S	S1.2.4
apologia	S	S8+/Q2.1
apologies	Q	Q2.2/S1.2.4
apologise	Q	Q2.2/S1.2.4
apologising	Q	Q2.2/S1.2.4
apologist	S	S8+/Q2.1/S2mf
apologists	S	S8+/Q2.1/S2mf
apologize	Q	Q2.2/S1.2.4
apologized	Q	Q2.2/S1.2.4
apology	Q	Q2.2
apophysis	B	B2-/L2
apoplectic	E	E3
apoplexy	B	B2
apostasy	A	A1.7-/S9
apostate	S	S9/S2mf
apostle	S	S9/S2.2m
apostolate	S	S9
apostolic	S	S9
apostrophe	Q	Q3
apotheosis	A	A5.1+++/A4.1
appal	E	E2
appall	E	E2
appalled	E	E2
appalling	A	A5.1
appallingly	A	A5.1
appals	E	E2
apparatchik	G	G1.1/S2mf
apparatus	O	O2
apparatuses	O	O2
apparel	B	B5
apparelled	B	B5
apparent	A	A8
apparently	A	A8
apparition	S	S9
appeal	Q	Q2.1
appealability	O	O4.2
appealable	O	O4.2
appealed	O	O4.2
appealing	O	O4.2
appealingly	O	O4.2
appeals	Q	Q2.2
appear	A	A8
appearance	A	A10
appearances	A	A10
appeared	A	A8
appearing	A	A8
appears	A	A8
appease	E	E3
appeasement	S	S7.3
appeaser	E	E3+/S2mf
appeasers	E	E3+/S2mf
appeasing	E	E3
appel	Z	Z3mf
appellant	G	G2.1/S2mf
appellation	S	S7.1+/A9
append	A	A1.8+/N4
appendage	B	B1
appendices	Q	Q4.1
appendicitis	B	B2
appendix	B	B1
appertain	A	A9
appertained	A	A9
appertaining	A	A2.2
appetiser	F	F1/N4
appetisers	F	F1/N4
appetising	O	O4.2
appetite	F	F1/B1
appetizer	F	F1/N4
appetizers	F	F1/N4
appetizing	O	O4.2
appetizingly	O	O4.2
applaud	E	E2
applaudable	E	E2
applauded	E	E2
applauding	E	E2
applause	E	E2+/X3.2
apple-pie	F	F1
apples	L	L3
applesauce	F	F1
applet	Y	Y2
appley	F	F1
appliance	O	O2
applicability	A	A1.5.2
applicable	A	A1.5.2
applicant	Q	Q2.2/S2mf
application	Q	Q1.2
application-independent	Y	Y2
applicator	O	O2
applicators	O	O2
applied	A	A1.5.2
applies	Q	Q2.2
appliqué	C	C1
appliquéd	O	O4.1
apply	Q	Q2.2
applying	Q	Q2.2
appoint	S	S7.1
appointed	S	S7.1
appointee	I	I3.1/S2mf
appointing	S	S7.1
appointment	T	T1.1
apportion	A	A9
apportioning	A	A9
apportionment	A	A9
appose	A	A6.1
apposed	A	A6.1
apposite	A	A1.2
apposition	M	M6
appraisal	A	A5.1
appraise	A	A5.1
appraiser	A	A5.1/S2mf
appreciable	N	N5
appreciably	A	A13.3
appreciate	E	E2
appreciated	E	E2
appreciating	E	E2
appreciation	E	E2
appreciative	E	E2
appreciatively	E	E2
apprehend	G	G2.1
apprehended	A	A9
apprehension	E	E6
apprehensive	E	E6
apprehensively	E	E6
apprentice	P	P1/I3.1
apprenticed	P	P1/I3.1
apprentices	P	P1/I3.1
apprenticeship	P	P1/I3.1
apprise	Q	Q2.1
approach	M	M1
approachable	S	S1.2.1
approached	M	M1
approaches	X	X4.2
approaching	M	M1
approbation	S	S7.4
appropriate	A	A1.2
appropriately	A	A1.2
appropriateness	A	A1.2
appropriation	A	A9
approval	S	S7.4
approve	S	S7.4
approved	S	S7.4
approving	E	E2
approvingly	E	E2
approx	A	A13.4
approx.	A	A13.4
approximate	A	A13.4
approximately	A	A13.4
approximation	X	X2.1/A7
apractic	B	B2
apraxia	B	B2
apraxic	B	B2
apres-ski	K	K5.1/N4
apri-jackets	B	B5
apricot	F	F1
apricots	F	F1
apron	B	B5
aprons	B	B5
apropos	Z	Z4
apteryx	L	L2
aptitude	X	X9.1
aptly	A	A1.2
aptness	A	A1.2
aquafit	K	K5.1
aquamarine	O	O4.3
aquarelle	C	C1
aquaria	L	L2/H1
aquarium	L	L2/H1
aquariums	L	L2/H1
aquarobic	K	K5.1
aquatic	M	M4
aquatics	K	K5.1/M4
aqueduct	H	H1
aqueous	O	O1.2
aquifer	W	W3/M4
aquiline	O	O4.3
ar	Z	Z4
arabesque	K	K1
arabics	Z	Z2/S2mf
arabis	L	L3
arable	W	W3
arachnid	L	L2
arachnofobia	B	B2/E5
arachnoid	B	B1
aralia	L	L3
arapaima	L	L2
araucaria	L	L3
arbiter	G	G2.1/S2mf
arbitrage	I	I2.1/I1
arbitrageur	I	I2.1/I1/S2mf
arbitrarily	A	A1.4
arbitrariness	A	A1.4
arbitrary	A	A1.4
arbitrate	G	G2.1/X6
arbitration	G	G2.1/X6
arbitrator	G	G2.1/X6/S2mf
arbor	H	H1/L3
arboreal	A	A2.2/L3
arborescent	O	O4.4/L3
arboretum	L	L3/M7
arboriculture	F	F4
arbour	H	H1/L3
arc	O	O4.4
arcade	H	H1
arcane	A	A6.2
arch	X	X9.1+/E4.1
arch-rival	S	S7.3+++/S2mf
archaeological	T	T1.1.1
archaeologist	Y	Y1/S2mf
archaeologists	Y	Y1/S2mf
archaeology	Y	Y1/T1.1.1
archaic	T	T3
archaism	T	T3
archala	T	T3-/S2mf
archangel	S	S9
archdeacon	S	S9/S2mf
archdeaconeries	S	S9
archdeaconery	S	S9
archdeaconry	S	S9/S7.1
archdiocesan	S	S9
archdiocese	S	S9/M7
arched	O	O4.4
archenemy	S	S1.2.1-/S2mfc
archeological	Y	Y1
archeologist	Y	Y1/S2mf
archeologists	Y	Y1/S2mf
archeology	Y	Y1
archetypal	A	A4.1
archetypical	A	A4.1
archiepiscopal	S	S9
arching	O	O4.4
archipelago	W	W3
architect	H	H1/I3.2/S2mf
architect-designed	H	H1
architects	H	H1/I3.2/S2mf
architectural	H	H1
architecturally	H	H1
architecture	H	H1
architecturing	H	H1
architrave	H	H2
archival	Q	Q1.2/A9
archive	Q	Q1.2/A9
archived	Q	Q1.2/A9
archivist	Q	Q1.2/S2mf
archly	X	X9.1+/E4.1
archpriest	S	S9/S7.1+/S2.2m
archrival	S	S7.3+/S2mf
archway	H	H1
ardent	X	X5.2
ardently	X	X5.2
ardor	X	X5.2
ardour	X	X5.2
arduous	A	A12
are	A	A3
area	M	M7
area-wide	M	M7/N5.1
areas	M	M7
arena	K	K5.1/H1
areola	B	B1
argali	L	L2
argentite	O	O1.1
arghhhhh	Z	Z4
argon	O	O1.3
argot	Q	Q3
arguable	Q	Q2.1/A5
arguably	Q	Q2.1/A5
argue	Q	Q2.1
argued	Q	Q2.1
arguing	Q	Q2.1
argument	Q	Q2.1
argumentation	Q	Q2.1/X4.2
argumentative	Q	Q2.1/A6.1
aria	K	K2
ariat	Z	Z3c
ariats	Z	Z3
arid	O	O4.5
aridity	O	O1.2
aright	A	A5.3
arise	A	A1.1.1
arisen	A	A1.1.1
arising	M	M1
aristocracy	S	S7.1+c
aristocrat	S	S7.1+/S2mf
aristocratic	S	S7.1
arithmetic	N	N2
arithmetical	N	N2
arithmetician	N	N2/S2mf
arm	B	B1
arm-twisting	Q	Q2.2
arm-wrestle	K	K5.1
armadillo	L	L2
armament	G	G3
armband	B	B5
armchair	H	H5
armed	G	G3
armful	N	N5
armhole	B	B5
arming	G	G3
armistice	G	G3
armload	N	N5
armoir	H	H5
armor	G	G3
armory	G	G3
armour	G	G3
armour-plated	O	O4.1/A10
armour-plating	O	O4.1/A10
armoured	O	O4.1
armourer	G	G3/S2mf
armoury	G	G3
armpit	B	B1
armrest	H	H5
arms	B	B1
arms-related	G	G3
arms-saturated	G	G3/N5
armwrestle	K	K5.1
armwrestling	K	K5.1
army	G	G3c
arnica	L	L3
aroma-free	X	X3.5
aromatherapist	B	B3/S2mf
aromatic	X	X3.5
arose	A	A1.1.1
around	A	A13.4
arousal	S	S3.2
arouse	X	X5.2
aroused	X	X5.2
arousing	X	X5.2
arpeggio	K	K2
arraign	G	G2.1
arraigned	G	G2.1
arraigning	G	G2.1
arraignment	G	G2.1
arrange	S	S7.1
arranged	S	S7.1
arrangement	Q	Q2.2
arrangements	Q	Q2.2
arranger	S	S7.1+/S2mf
arrangers	S	S7.1+/S2mf
arranging	S	S7.1
arrant	A	A13.2
array	O	O2
arrayed	M	M2
arrears	I	I1.2
arrest	G	G2.1
arrestable	G	G2.1
arrested	G	G2.1
arresting	X	X5.1
arrests	G	G2.1
arrhythmia	B	B1
arrival	M	M1
arrive	M	M1
arrived	M	M1
arriving	M	M1
arriviste	X	X7++/G2.2
arrogance	S	S1.2.3
arrogant	S	S1.2.3
arrogantly	S	S1.2.3
arrogate	A	A9+/G2.2
arrow	G	G3
arrow-head	O	O4.4/O2
arrow-shaped	O	O4.4
arrowhead	G	G3
arrowroot	L	L3
arrows	O	O4.4
arse	B	B1
arsed	B	B1
arsehole	X	X9.1-/S2mf
arselicker	S	S7.2+/N5.2+/S2mf
arsenal	Z	Z2
arsenals	G	G3
arsenic	O	O1.1
arsine	O	O1.3
arson	G	G2.1-/O4.6
arsonic	O	O1.1
arsonist	G	G2.1-/O4.6+/S2mf
arsy	E	E1
art	C	C1
art-house	Q	Q4.3
artefact	O	O2
artefacts	O	O2
arterial	B	B1
arteries	B	B1
arteriole	B	B1
arterioles	B	B1
arteriosclerosis	B	B2
artery	B	B1
artex	C	C1
artful	X	X9.1
artfully	X	X9.1
artfulness	X	X9.1
arthouse	Q	Q4.3
arthritic	B	B2
arthritis	B	B2
artic	M	M3fn
artichoke	F	F1
artichokes	F	F1
article	G	G2.1/P1
articled	I	I3.2/P1
articulacy	Q	Q2.1
articulate	Q	Q3
articulated	O	O4.1
articulately	Q	Q3
articulation	Q	Q2.1
artifact	O	O2
artifacts	O	O2
artifice	G	G2.1
artificer	G	G3/S2mf
artificers	G	G3/S2mf
artificial	A	A5.4
artificiality	A	A5.4
artificially	A	A5.4
artilleryman	G	G3/S2.2m
artisan	C	C1/S2mf
artist	C	C1/S2mf
artiste	K	K4/S2mf
artistic	C	C1
artistically	C	C1
artistry	X	X9.1
artless	G	G2.2
artlessly	G	G2.2
artlessness	G	G2.2
arts	C	C1
artsy	X	X5.2+/C1
artsy-fartsy	S	S1.2.3
artwork	C	C1
arty	X	X5.2+/C1
arty-farty	S	S1.2.3
as	A	A13
asbestos	O	O1.1
asbestosis	B	B2
ascend	M	M1
ascendancy	S	S7.1
ascendant	S	S9
ascendants	S	S9
ascendency	S	S7.1
ascendent	S	S9
ascending	M	M1
ascension	S	S9
ascent	M	M1
ascertain	X	X2.3
ascetic	E	E4.1-/S2mf
ascetical	E	E4.1
ascidians	L	L2
ascot	Z	Z2
ascribe	A	A2.2
ascribed	A	A2.2
aseptic	B	B3
asexual	S	S3.2
asexuality	S	S3.2
ash	O	O1.1
ash-grey	O	O4.3
ashamed	G	G2.2
ashen	O	O4.3
ashen-faced	O	O4.1
ashes	O	O1.1
ashore	M	M6
ashtray	O	O2
ashy	O	O4.3
aside	M	M6
asinine	S	S1.2.6
ask	Q	Q2.2
asked	Q	Q2.2
askew	O	O4.1
asking	I	I1.3
aslant	O	O4.1
asleep	B	B1
asocial	S	S1.1.3
asociality	S	S1.1.3
asp	L	L2
asparagine	O	O1
asparagus	F	F1
aspartame	F	F1
aspect	A	A4.1
aspen	L	L3
asperity	E	E3
aspersion	Q	Q2.2
aspersions	Q	Q2.2
asphalt	O	O1
asphyxia	B	B2
asphyxiate	B	B2
asphyxiation	B	B2
aspic	F	F1
aspirant	X	X7+/S2mf
aspirate	Q	Q3/B1
aspiration	X	X7
aspirational	X	X7
aspire	X	X7
aspirin	B	B3c
aspiring	X	X7
ass	S	S1.2.6-/S2mfn
assail	Q	Q2.2
assailable	A	A10
assailant	G	G2.1-/S2mf
assassin	A	A1.1.2/S2mf
assassinate	L	L1
assassinated	L	L1
assassination	L	L1
assault	E	E3
assaulted	E	E3
assaulter	E	E3-/S2mf
assaulting	E	E3
assay	X	X2.4/Y1
assemblage	S	S5
assemble	S	S5
assembled	S	S5
assembler	A	A9+/S2mf
assemblies	S	S5
assembling	S	S5
assembly	S	S5+c
assent	S	S7.4
assenting	S	S7.4
assert	Q	Q2.2
assertion	Q	Q2.1
assertive	S	S1.2.3
assertiveness	S	S1.2.3
assess	X	X2.4/A5
assessable	N	N3
assessed	X	X2.4/A5
assessing	X	X2.4/A5
assessment	X	X2.4/A5
assessment-aware	X	X2.4/A5/X2.2
assessment-based	X	X2.4/A5
assessment-led	X	X2.4/A5
assessment-orientated	X	X2.4/A5
assessments	X	X2.4/A5
assessor	X	X2.4/S2mf
assessors	X	X2.4/S2mf
asset	A	A1.5.2
asset-stripping	N	N3.8+/I1.1
assets	I	I1.1
asshole	X	X9.1-/S2mf
assiduous	X	X5.1+/S1.2
assiduously	X	X5.1
assign	A	A9
assignability	A	A9
assignable	A	A9
assigned	A	A9
assignee	G	G2.1/S2mf
assignment	P	P1
assignments	P	P1
assignor	G	G2.1/S2mf
assimilate	X	X2.3
assimilation	A	A6.1+/A2.1
assist	S	S8
assistance	S	S8
assistant	S	S8
assisted	S	S8
assisting	S	S8
assists	S	S8
associate	S	S5
associated	S	S5
associates	S	S3.1/S2mf
associating	A	A6.1+/X2.1
association	S	S5+c
associative	A	A6.1+/X2.1
assonance	Q	Q3
assort	A	A4.1
assorted	A	A6.3
assorting	A	A4.1
assortment	A	A6.3
asst.	S	S8+/S2mf
assuage	N	N5-/A2.1
assume	X	X2.1
assumed	X	X2.1
assuming	X	X2.1
assumption	X	X2.1
assurance	Q	Q2.2
assure	A	A7
assured	A	A7
assuredly	A	A7
assuredness	A	A7
aster	L	L3
asterisk	Q	Q3
asterisks	O	O4.4
astern	M	M6/M4
asteroid	W	W1
asthma	B	B2
asthmatic	B	B2
astigmatic	B	B2-/X3.4
astigmatism	B	B2-/X3.4
astir	M	M1
astonish	X	X2.6
astonished	X	X2.6
astonishing	X	X2.6
astonishingly	X	X2.6
astonishment	X	X2.6
astound	X	X2.6
astounded	X	X2.6
astounding	X	X2.6
astoundingly	X	X2.6
astral	S	S9
astras	Z	Z3
astray	A	A5.3
astride	M	M8
astringency	O	O4.1
astringent	O	O4.1
astrologer	S	S9/S2mf
astrological	S	S9
astronaut	Y	Y1/W1/S2mf
astronautics	Y	Y1/M5/W1
astronomer	P	P1/W1/S2mf
astronomical	N	N3.2
astronomically	N	N3.2
astronomy	Y	Y1/W1
astrophysicist	P	P1/W1/S2mf
astrophysics	P	P1/W1
astroturf	O	O1.1
astute	X	X9.1
astuteness	X	X9.1
asunder	A	A6.1
asylees	E	E5-/M1/S2mf
asylum	G	G1.1
asylum-based	G	G1.1
asylum-seeker	Z	Z2/S2mf
asylum-seekers	Z	Z2/S2mf
asylum-seeking	Z	Z2/X2.4
asylum-system	Z	Z2/S7.1
asylum-systems	Z	Z2/S7.1
asymmetric	A	A6.1
asymmetrical	A	A6.1
asymmetry	A	A6.1
asymptomatic	B	B2
asynchronous	T	T1.1.2
at	Z	Z5
ataractic	E	E3
atavistic	T	T3+/S1.1.1
ate	F	F1
atelier	C	C1/H1
atheism	S	S9
atheist	S	S9/S2mf
atheistic	S	S9
atheroma	B	B2
atherosclerosis	B	B2
athlete	K	K5.1/S2mf
athletic	K	K5.1
athletic-shoe	B	B5
athletic-style	K	K5.1
athletics	K	K5.1
atlas	Q	Q4.1/W3
atlases	Q	Q4.1/W3
atmosphere	W	W3
atmospheric	W	W1
atmospherics	W	W1
atoll	W	W3
atom	O	O1
atomic	Y	Y1
atomise	N	N5-/A2.1
atomiser	O	O2
atomism	T	T3++/X2.1
atomize	N	N5-/A2.1
atomizer	O	O2
atonal	K	K2
atone	S	S1.1.2+/S9
atonement	S	S9
atopic	B	B2
atopy	B	B2
atresia	B	B2
atria	H	H2
atrio-ventricular	B	B1
atrioventricular	B	B1
atrium	H	H2
atrocious	A	A5.1
atrociously	A	A5.1
atrocities	G	G2.2
atrocity	G	G2.2
atrophied	B	B2
atrophy	B	B2
att	Z	Z3c
attach	A	A1.7
attache	G	G1.1/S2mf
attached	A	A1.7
attaching	A	A1.7
attachment	O	O2
attaché	G	G1.1/S2mf
attack	E	E3
attacked	Q	Q2.2
attacker	Q	Q2.2/S2mf
attacking	Q	Q2.2
attain	A	A9
attainable	A	A7
attained	A	A9
attaining	A	A9
attainment	A	A9
attar	O	O1.2/X3.5
attempt	X	X8
attempted	X	X8
attempting	X	X8
attend	S	S1.1.3
attendance	S	S1.1.3
attendances	S	S1.1.3
attendant	S	S2mf
attendants	S	S2mf
attended	S	S1.1.3
attendee	S	S1.1.3+/S2mf
attender	S	S1.1.3+/S2mf
attenders	S	S1.1.3+/S2mf
attending	S	S1.1.3
attention	X	X5.1
attention-seeking	X	X7/X5.1
attentive	X	X5.1
attentively	X	X5.1
attentiveness	X	X5.1
attenuate	N	N5-/A2.1
attenuated	N	N5-/A2.1
attenuation	A	A2.1
attenuator	O	O2/Y1
attest	Q	Q2.2/A5.2
attestation	Q	Q2.2/A5.2
attested	Q	Q2.2/A5.2
attic	H	H2
attire	B	B5
attired	B	B5
attitude	X	X2.1/E1
attitudinal	X	X2.1
attorney	G	G2.1/S2mf
attorney-general	S	S7.1+/S2mf
attorneys	G	G2.1/S2mf
attract	O	O4.2
attracted	O	O4.2
attracting	O	O4.2
attraction	O	O4.2
attractive	O	O4.2
attractively	O	O4.2
attractiveness	O	O4.2
attractor	O	O3
attractors	O	O3
attracts	O	O4.2
attributable	A	A2.2
attribute	A	A2.2/Q2.2
attributed	A	A2.2/Q2.2
attributes	O	O4.1
attributing	A	A2.2/Q2.2
attribution	A	A2.2/Q2.2
attrition	S	S1.2.5-/A2.1
attune	A	A6.2+/A2.1
attuned	A	A6.2
attunes	A	A6.2+/A2.1
atypical	A	A6.2
aubergine	L	L3
aubergines	F	F1
aubrieta	L	L3
auburn	O	O4.3
auction	I	I2.2
auctioned	I	I2.2
auctioneer	I	I2.2/S2mf
auctioning	I	I2.2
auctions	I	I2.2
audacious	E	E5
audaciously	E	E5
audacity	E	E5
audibility	X	X3.2
audible	X	X3.2
audibly	X	X3.2
audience	K	K1/S2mfc
audiences	K	K1/S2mfc
audio	K	K3
audio-typist	X	X3.2/Q1.2/S2mf
audio-visual	X	X3.2/X3.4
audiogram	B	B3/X3.2
audiology	B	B3/X3.2
audiophile	X	X3.2/S2mf
audiotape	X	X3.2/O2
audiotypist	I	I3.2/S2mf
audiovisual	Q	Q4.3
audit	I	I2.1
audited	I	I2.1
auditing	I	I2.1
audition	K	K4
auditionee	K	K4/S2mf
auditionees	K	K4/S2
auditor	I	I2.1/S2mf
auditoria	K	K1/H1
auditorium	K	K1/H1
auditoriums	K	K4/H2
auditory	X	X3.2
auger	O	O2
augment	N	N5+/A2.1
augmentation	N	N5+/A2.1
augmented	N	N5+/A2.1
augmenting	N	N5+/A2.1
augur	X	X2.6
auk	L	L2
aunt	S	S4f
auntie	S	S4f
aunties	S	S4f
aunty	S	S4f
aura	O	O4.1
aural	X	X3.2
aureole	C	C1/S9
auricle	B	B1
auricula	L	L3
auscultate	B	B3/X2.4
auscultation	B	B3
auspices	S	S7.1
auspicious	A	A5.1
auspiciously	A	A5.1
austere	O	O4.2
austerely	O	O4.2
austerity	A	A12
autarchy	S	S7.1
autarky	S	S7.1
autecology	P	P1/Y1
authentic	A	A5.4
authentically	A	A5.4
authenticate	A	A5.4
authenticated	A	A5.4
authenticity	A	A5.4
author	Q	Q4.1/S2mf
authoress	Q	Q4.1/S2.1f
authorial	Q	Q4.1
authoring	Q	Q1.2
authorisation	S	S7.4
authorise	S	S7.4
authorised	S	S7.4
authorises	S	S7.4
authorising	S	S7.4
authoritarian	S	S7.1
authoritarianism	S	S7.1
authoritative	S	S7.1
authoritatively	S	S7.1
authorities	G	G1.1
authority	G	G1.1c
authorization	S	S7.4
authorize	S	S7.4
authorized	S	S7.4
authorizing	S	S7.4
authorship	Q	Q4.1
autism	B	B2-/X1
autistic	B	B2-/X1
auto	M	M3
auto-biography	Q	Q4.1
auto-cartridge	Y	Y2
auto-cartridges	Y	Y2
auto-classify	A	A4.1/Y2
auto-destruction	A	A1.1.2
auto-immune	B	B2
auto-immunity	B	B2
autobahns	M	M3
autobiographical	Q	Q4.1
autobiographical-style	Q	Q1.2
autobiographies	Q	Q4.1
autobiography	Q	Q4.1
autoclave	O	O2
autocracy	G	G1.1
autocrat	S	S7.1+/S2mf
autocratic	S	S7.1
autocue	Q	Q4.3
autogamous	S	S3.2/B1/L3
autogamy	S	S3.2/B1/L3
autograph	Q	Q1.2
autoimmune	B	B2
autolysis	A	A1.1.2
automata	O	O2
automate	A	A1.1.1/S5
automated	A	A1.1.1/S5
automates	A	A1.1.1/S5
automatic	A	A1.1.1/S5
automatically	O	O2/S5
automation	A	A1.1.1/S5
automatisation	A	A1.1.1/S5
automatization	A	A1.1.1/S5
automatize	A	A1.1.1/S5
automaton	O	O2
automatons	O	O2
automobile	M	M3
automobiles	M	M3
automotive	M	M3
autonomous	S	S5
autonomously	S	S5
autonomy	G	G1.1/S7.1
autopilot	A	A1.1.1/X7
autoplastic	B	B3
autopsy	B	B3
autotomy	B	B1/A1.7
autotroph	B	B1/L3
autotrophic	B	B1/L3
autumn	T	T1.3
autumn-spring	T	T1.3
autumnal	T	T1.3
avail	A	A1.5.1
availability	A	A3
available	A	A3
avalanche	W	W4
avalanched	W	W4
avant-garde	T	T3
avarice	S	S1.2.2
avaricious	S	S1.2.2
ave	A	A9
avec	Z	Z5
avenge	S	S7.3+/E3
avenger	S	S7.3+/E3-/S2mf
avens	L	L3
avenue	M	M3/H3
aver	Q	Q2.2
average	A	A6.2
average-looking	O	O4.2
average-sized	N	N3.2
averaged	N	N2
averagely	A	A6.2
averaging	N	N2
averred	Q	Q2.2
averse	E	E2
aversion	E	E2
avert	A	A1.9
averting	A	A1.9
avertly	A	A1.9
aviary	L	L2/H1
aviation	M	M5
aviator	M	M5/S2mf
avid	X	X5.2
avidity	S	S1.2.2
avidly	X	X5.2
avifauna	L	L2/A6.3
avionic	M	M5
avionics	O	O3/M5
avirulent	B	B2
avocado	F	F1
avocation	I	I3.1-/X5.2
avoid	A	A1.9
avoidable	A	A1.9
avoidance	A	A1.9
avoided	A	A1.9
avoiding	A	A1.9
avon	Z	Z3c
avow	Q	Q2.2
avowal	Q	Q2.2
avowed	A	A10
avowedly	A	A10
avuncular	S	S1.2.1
await	X	X2.6
awaiting	X	X2.6
awake	B	B1
awaken	X	X2.2
awakening	B	B1
awaking	B	B1
award	A	A5.1+/A9
award-winning	A	A9
awards	A	A5.1+/A9
aware	X	X2.2
awareness	X	X2.2
awareness-raising	X	X2.2
awash	N	N5
away	M	M6
aways	K	K5.1
awe	E	E1
awe-inspiring	O	O4.2
awe-struck	E	E5
awed	E	E1
awesome	O	O4.2
awestruck	E	E5
awful	O	O4.2
awfullest	O	O4.2
awfully	A	A13.3
awhile	T	T1.3
awk	L	L2mfn
awkward	A	A12
awkwardly	A	A12
awkwardness	A	A12
awl	O	O2
awlwort	L	L3
awn	L	L3
awning	A	A10
awoke	B	B1
awoken	X	X2.2
awry	A	A5.3
ax	T	T2
axe	O	O2
axed	T	T2
axeman	E	E3-/S2.2m
axes	O	O2
axial	A	A4.2
axiom	X	X2.1
axiomatic	A	A5.2
axis	M	M1
axle	O	O2
axles	O	O2
axon	B	B1
ay	Z	Z4
aye	Z	Z4
aye-aye	Z	Z4
aylsham	Z	Z2
azalea	L	L3
azoospermia	B	B1
azure	O	O4.3
azurite	O	O1.1
babbies	T	T3-/S2mf
babble	Q	Q2.1
babbler	Q	Q2.2/S2mf
babblers	Q	Q2.2/S2mf
babbling	Q	Q2.1
babby	T	T3-/S2mf
babe-in-arms	T	T3--/S2mf
babies	T	T3
babies'-breath	L	L3
babirusa	L	L2
baboon	L	L2mfn
baboons	L	L2
baby	T	T3
baby's-breath	L	L3
baby-boomer	B	B1/S2mf/T1.3
baby-face	O	O4.2
baby-minder	S	S8+/S4/S2mf
baby-sit	S	S8+/S4
baby-sitter	S	S8+/S4/S2mf
baby-sitters	S	S8+/S4/S2mf
baby-sitting	S	S8+/S4
baby-talk	T	T3--/Q2.2
baby-walker	T	T3--/M3
babyhood	T	T3
babyish	T	T3
babysit	S	S8+/S4
babysitter	S	S8+/S4/S2mf
babysitting	S	S8+/S4
babytalk	T	T3--/Q2.1
baccalaureate	P	P1
bacchanal	S	S1.1.3+/F2
bachata	K	K2
bachelor	S	S2.2m
back	M	M6
back-biting	G	G2.2
back-breaking	A	A12
back-door	H	H2
back-end	M	M6
back-flow	M	M1/O1.2
back-hander	G	G2.2
back-office	I	I2.2
back-pack	B	B5
back-packer	M	M1/S2mf
back-packing	M	M1/K1
back-pedal	T	T1.1.1/A2.1
back-pedalling	T	T1.1.1/A2.1
back-room	H	H2
back-seat	A	A1.8
back-space	Q	Q3
back-stabber	G	G2.2-/S2mf
back-stabbing	G	G2.2
back-street	M	M3/H3
back-timing	T	T1.1.1
back-to-back	O	O4.1
back-to-school	P	P1
back-translated	Q	Q3
back-up	S	S8
backable	S	S8
backache	B	B2
backbench	G	G1.1
backbencher	G	G1.1/S2mf
backbenchers	G	G1.1/S2mf
backbenches	G	G1.2/H5
backbite	E	E3
backbiting	E	E3
backboard	O	O2
backbone	B	B1
backbreaking	A	A12
backburner	T	T1.1.3
backcloth	M	M6
backcomb	B	B4
backcountry	F	F4/M7
backdate	T	T1.1.1
backdated	T	T1.1.1
backdoor	A	A10
backdrop	M	M6
backed	S	S8
backer	S	S8+/S2mf
backers	S	S8+/S2mf
backfire	A	A6.1
backflow	M	M1/O1.2
backgammon	K	K5.2
backgarden	L	L3/H3
background	T	T1.1.1
backhand	K	K5.1
backhanded	A	A10
backhander	G	G2.2
backing	S	S8
backlash	A	A5.1
backless	O	O4.1
backlight	O	O3/W2
backlog	N	N5
backpack	O	O2
backpacker	M	M1/S2mf
backpacking	M	M1
backpedal	A	A2.1
backrest	O	O2
backroom	H	H2
backroom-boy	A	A10-/S2.2m
backs	B	B1
backseat	A	A1.8
backside	B	B1
backslapping	E	E2+/A1.1.1
backslash	Q	Q3
backslide	A	A5.1-/A2.1
backsliding	A	A5.1-/A2.1
backstabbing	G	G2.2
backstage	M	M6/K4
backstreet	M	M3/H3
backstroke	M	M4
backtrack	M	M6/A2.1
backup	S	S8
backward	X	X9.1
backward-looking	T	T3+/E2
backwardness	X	X9.1
backwards	X	X9.1
backwash	W	W3/M4
backwater	M	M7/A11.1
backwoods	M	M7
backyard	H	H3
bacteria	L	L2c
bacterial	L	L2
bacterium	L	L2
bad	A	A5.1
bad-looking	O	O4.2
bad-mannered	S	S1.2.4
bad-mouth	G	G2.2-/Q2.2
bad-tasting	X	X3.1/E2
bad-tempered	E	E3
baddie	G	G2.1-/S2mf
baddun	G	G2.2-/S2mf
baddy	G	G2.1-/S2mf
badge	O	O2
badge-work	C	C1
badger	L	L2mfn
badgered	Q	Q2.2
badgers	L	L2mfn
badges	O	O2
badinage	Q	Q2.2
badly	A	A5.1
badminton	K	K5.1
badmouth	E	E2-/Q2.2
badness	A	A5.1
baffle	O	O2
baffled	X	X2.5
bafflement	X	X2.5
baffles	X	X2.5
baffling	X	X2.5
bag	A	A9
bagel	F	F1
bagful	N	N5.2
baggage	B	B5
bagged	O	O4.4
baggy	O	O4.4
bagpipe	K	K2
bagpipes	K	K2
bags	B	B5
baguette	F	F1
bah	Z	Z4
baht	I	I1
bail	G	G2.1/I1
bail-out	S	S8+/I1.2
bailer	N	N5---/M4/S2mf
bailiff	G	G2.1/I3.2/S2mf
bailiffs	G	G2.1/I3.2/S2mf
bailout	S	S8+/I1.2
bain	X	X7
bain-maries	O	O2/F1
bairn	T	T3-/S2mf
bait	K	K5.1/F1
baited	E	E3
baiting	G	G2.2
baits	E	E3
baize	O	O1.1/K5.1
bake	F	F1
bake-house	F	F1/H1
baked	F	F1
bakeries	F	F1/H1
bakers	F	F1/S2mf
bakery	F	F1/H1
baking	O	O4.6
baksheesh	I	I1
balaclava	B	B5
balaclavas	B	B5
balalaika	K	K2
balance	O	O4.1/B1
balanced	O	O4.1/B1
balances	O	O4.1/B1
balancing	O	O4.1/B1
balanitis	B	B2
balcony	H	H2
bald	B	B1
balderdash	A	A5.2
baldheaded	B	B1
balding	B	B1
baldness	B	B1
baldy	B	B1
bale	A	A1.1.1
baled	A	A1.1.1
baleful	A	A1.1.2
baler	A	A1.1.1/S2mf
bales	O	O2
balk	S	S8
balky	S	S8
ball	O	O4.4
ball-bearing	O	O2
ball-game	A	A4.1
ball-point	Q	Q1.2/O2
ballad	K	K2
ballads	K	K2
ballast	N	N3.5/O2
ballerina	K	K4/S2.1f
ballet	K	K4
balletic	O	O4.2
ballgame	A	A1.1.1
ballgown	B	B5
ballgowns	B	B5
ballistic	G	G3
ballistics	Y	Y1/X2.4
balloon	M	M5
balloonist	K	K5.1/S2mf
ballot	G	G1.2
ballot-rigging	G	G1.2/G2.2
balloting	G	G1.2
ballots	G	G1.2
ballpark	K	K5.1/H1
ballplayer	K	K5.2/S2mf
ballpoint	Q	Q1.2/O2
ballroom	H	H2/K1
ballses	S	S1.2.5
balm	B	B3/O1.1
balmouth	Z	Z2
balmy	O	O4.6
baloney	S	S1.2.6
balsa	L	L3
balsam	B	B3/O1.1
balti	F	F1
baluster	H	H2
balusters	H	H2
balustrade	H	H2
bamboo	L	L3
bamboozle	G	G2.2
bamboozled	G	G2.2
ban	S	S7.4
banal	X	X5.2
banality	X	X5.2
banana	F	F1
band	S	S5
band-aid	B	B3
bandage	B	B3/O2
bandaged	B	B3
bandages	B	B3
bandaging	B	B3
bandana	B	B5
bandanna	B	B5
banded	S	S5
bandied	Q	Q2.2
banding	S	S5
bandit	G	G2.1-/S2mf
banditry	G	G2.1
bandits	G	G2.1-/S2mf
bandleader	K	K2/S2mf
bands	K	K2c
bandsman	K	K2/S2mf
bandstand	H	H2/K2
bandwagon	S	S5
bandwidth	Q	Q1.3
bandy	Q	Q2.2/E3
bandy-legged	Q	Q4.1
bandying	Q	Q2.2/E3
bane	X	X7
baneberry	L	L3
bang	A	A1.1.1
banger	F	F1
bangers	F	F1
banging	A	A1.1.1
bangle	B	B5
bangy	X	X3.2
banish	T	T2
banished	T	T2
banister	H	H2
banjo	K	K2
bankable	E	E2+/I1.1
bankbook	I	I1/Q1.2
bankcard	I	I1.1/O2/Q1.1
bankcharge	I	I1.3
banked	I	I1.1
banker	I	I1.1/S2mf
bankers	I	I1.1/S2mf
banking	I	I1.1
banknote	I	I1
bankroll	I	I1
bankrolling	I	I1
bankrupt	I	I1.2
bankruptcy	I	I1.2
banks	I	I1.1
banned	S	S7.4
banner	O	O2
banning	S	S7.4
banns	S	S9
banquet	F	F1
banqueted	F	F1
bans	S	S7.4
banshee	S	S9fn
bantam	L	L2
bantam-weight	K	K5.1/N3.5
bantamweight	K	K5.1/S2mf
banter	Q	Q2.2
bap	F	F1
baptise	S	S9
baptised	S	S9
baptism	S	S9
baptismal	S	S9
baptistry	S	S9/H2
baptize	S	S9
baptizing	S	S9
bar	Z	Z5
bar-coding	Q	Q1.1
bar-room	F	F2/H1
barb	O	O2
barbarian	G	G2.2-/S2mf
barbaric	E	E3
barbarism	G	G2.2
barbarity	G	G2.2
barbarous	E	E3
barbarously	E	E3
barbecue	F	F1
barbed	O	O4.1
barbed-wire	O	O4.1
barbell	K	K5.1
barbells	K	K5.1
barbeque	F	F1
barberry	L	L3
barbershop	B	B4/H1
barbet	L	L2
barbets	L	L2
barbit	F	F3
barbiturate	F	F3
barcadi	F	F2
barcode	Q	Q1.1
bare	A	A10
bare-faced	A	A11.2
bare-facedly	S	S1.2.3
bareback	B	B5-/L2
bared	A	A10
barefaced	A	A10+/G2.2
barefacedly	A	A10+/G2.2
barefoot	B	B1
barefooted	B	B1
barehanded	G	G3
bareheaded	O	O4.2
barelegged	A	A10+/B1
barely	A	A13.7
barfly	F	F2/S2mf
bargain	Q	Q2.2
bargain-basement	I	I2.2/H1
bargain-hunter	I	I1.3-/X2.4/S2mf
bargaining	Q	Q2.2
barge	M	M4fn
baritone	K	K2/S2.2m
barium	O	O1.1
bark	L	L2/X3.2
barkeeper	F	F2/S2mf
barking	L	L2/X3.2
barley	L	L3
barleycorn	L	L3
barmaid	I	I3.1/F2/S2.1f
barman	F	F2/S2.2m
barmen	F	F2/S2.2m
barmitzvah	S	S9
barmy	B	B2-/X1
barn	H	H1
barn-door	H	H2
barnacle	L	L3
barnacles	L	L3
barns	H	H1
barnstorming	K	K1/M1
barometer	W	W4/N3.1
baronial	O	O4.2
baronies	S	S7.1
barons	S	S7.1+/S2.2m
barony	S	S7.1
barrack	Q	Q2.2/S1.2.4
barracking	Q	Q2.2/S1.2.4
barracks	G	G3/H1c
barracuda	L	L2
barrage	G	G3
barraged	N	N5
barred	O	O4.1
barrel	O	O2
barrelage	F	F2
barrele	A	A1.8
barreled	A	A1.8
barrellage	N	N5/F2
barren	L	L3-/F4
barrenness	A	A1.5.2
barricade	H	H1
barrier	S	S8
barring	A	A6.1
barrister	G	G2.1/S2mf
barroom	F	F2/H1
barrow-boy	F	F4/S2.2m
bars	S	S7.4
bartender	F	F2/S2.2m
barter	I	I2.2
bartering	I	I2.2
basal	M	M7
basalt	O	O1.1
base	M	M7
baseball	K	K5.2
based	T	T2
baseless	A	A5.2
baseline	K	K5.1
basely	G	G2.2
basement	H	H2
baseness	S	S7.1
bash	E	E3
bashed	E	E3
basher	A	A1.1.1/S2mf
bashful	S	S1.2.3
bashfully	S	S1.2.3
bashfulness	S	S1.2.3
bashing	E	E3
basically	Z	Z4
basicness	A	A12
basilica	S	S9/H1
basin	O	O2
basinful	N	N3.4
basins	O	O2
basis	A	A2.2
bask	M	M8
basket	O	O2
basketball	K	K5.2
basketwork	C	C1
basking	M	M8
bass	K	K2
bass-baritone	K	K2/S2.2m
bassoon	K	K2/O2
bassoonist	K	K2/S2mf
bastard	S	S4/S2mf
bastardised	A	A5.4
baste	F	F1
basting	F	F1
bastion	S	S8
bat	K	K5.1
batch	N	N5
bate	K	K5.1/L2
bateaux	M	M4
bathe	B	B4/M4
bathed	B	B4/M4
bather	M	M4/S2mf
bathing	B	B4/M4
bathmat	H	H5/B4
bathos	Q	Q3/A2.1
bathrobe	B	B4/B5
bathroom	B	B4/H2
baths	H	H5/B4
bathtub	O	O2/B4
bathwater	O	O1.2/B4
bating	K	K5.1/L2
baton	O	O2
baton-charge	G	G3
bats	K	K5.1/O2
batsman	K	K5.1/S2mf
battalion	G	G3/S5+c
batten	A	A1.7
batter	F	F1
battered	E	E3
batterer	E	E3-/S2mf
batteries	O	O3
battering	E	E3
battery	O	O3
battery-operated	A	A1.1.1/O3
battery-powered	O	O3
batting	K	K5.1
battle	X	X8
battle-ax	E	E2-/S2.1f
battle-axe	E	E2-/S2.1f
battle-cry	S	S1.1.1/A2.1
battle-hardened	G	G3
battle-scarred	G	G3/A1.1.2
battleaxe	E	E2-/S2.1f
battlecruiser	G	G3/M4
battlefield	G	G3/M7
battlefields	G	G3/M7
battleground	G	G3/M7
battlement	H	H2
battlements	H	H2
battler	X	X8+/S2mf
battleship	M	M4/G3fn
batty	S	S1.2.6
bauble	O	O2
baubles	O	O2
baulk	E	E2
bawdy	S	S1.2.4
bawl	Q	Q2.2
bawling	Q	Q2.2
bay	L	L2/Q2.1
bayleaf	L	L3
bayonet	G	G3
bazooka	G	G3
be	A	A3
be-all	A	A11.1
beach	W	W3/M4
beach-head	M	M7/G3
beach-hut	H	H1
beachball	K	K5.2
beachcomb	X	X2.4
beachcomber	W	W3/M4/X2.4/S2mf
beachfront	W	W3/M4
beachified	W	W3/M4
beachside	W	W3/M4
beachwear	B	B5
beachy	W	W3/M4
bead	A	A1.1.1
beaded	O	O4.1
beading	O	O2
beadwork	C	C1
beady	O	O4.2
beagle	L	L2
beagles	L	L2
beak	L	L2
beaker	O	O2
beam	E	E4.1
beamed	E	E4.1
beaming	E	E4.1
beams	W	W2
bean	F	F1
bean-bag	H	H5
bean-bags	H	H5
bean-counter	I	I1/S2mf
beanbag	H	H5
beanfeast	K	K1/S1.1.3
beanie	B	B5
beano	Z	Z3
beanpole	N	N3.7-/S2mf
beans	F	F1
beansprout	F	F1
beanstalk	L	L3
bear	L	L2mfn
bear-baiting	K	K5.1
bear-like	L	L2
bearable	S	S7.4
beard	B	B1
bearded	O	O4.2
beardless	O	O4.2
beards	B	B1
bearer	A	A9+/S2mf
bearing	O	O2
bearish	I	I2.1
bears	M	M2
bearskin	G	G3/B5
beast	L	L2mfn
beastliness	E	E3
beastly	A	A5.1
beat	X	X3.2
beat-up	E	E3
beatbox	K	K2/O3
beaten	X	X9.2-/S7.3
beaten-up	A	A1.1.2
beater	K	K5.1/S2mf
beatific	E	E4.2
beatification	S	S9
beatiful	O	O4.2
beatify	S	S9
beating	X	X9.2+/S7.3
beatitude	E	E4.1
beatnik	A	A6.2-/S2mf
beau-peep	Z	Z3
beaut	Z	Z4
beauteous	O	O4.2
beautician	B	B4/I3.2/S2mf
beautified	O	O4.2+/A2.1
beautiful	O	O4.2
beautifully	O	O4.2
beautify	O	O4.2
beauty-products	B	B4
beaver-skin	O	O2
beaver-skins	O	O2
beavering	A	A1.1.1
bebop	K	K2
becalmed	M	M4
became	A	A2.1
because	Z	Z5/A2.2
becauses	A	A2.2
beck	Q	Q1.1/X5.1
beckon	Q	Q1.1
beckons	Q	Q1.1
become	A	A2.1
becoming	O	O4.2
becos	Z	Z5
bed	L	L3
bed-chamber	H	H2
bed-head	H	H5
bed-rock	W	W3
bed-roll	B	B5
bed-sit	H	H2
bed-wetting	B	B2
bedazzled	S	S7.2+/X2.5
bedbug	L	L2
bedchamber	H	H2
bedclothes	H	H5/O2
bedcover	H	H5/O2
bedded	H	H5
bedding	H	H5
bedevil	A	A12
bedfellow	S	S3.2
bedlam	A	A1.7
bedlinen	H	H5
bedpan	O	O2/B3
bedpans	O	O2/B3
bedpost	H	H5
bedraggled	O	O4.2
bedridden	B	B2
bedrock	W	W3
bedroll	B	B5
bedroom	H	H2
bedroomed	H	H2
beds	L	L3
bedsheets	B	B5
bedside	H	H5
bedsit	H	H2
bedsitter	H	H4
bedsore	B	B2
bedspread	H	H5
bedspring	O	O2
bedstead	H	H5
bedtime	T	T1.2
bedwetting	B	B2
bee	L	L2mfn
bee-keeping	F	F4/L2
bee-line	M	M6
beech	L	L3
beef	F	F1
beefburger	F	F1
beefsteak	F	F1
beefy	F	F1
beehive	H	H1/L2
beekeeper	F	F4/L2/S2mf
beekeeping	F	F4/L2
beelines	M	M6
been	A	A3
beenz	I	I1/Y2
beep	X	X3.2
beeped	X	X3.2
beeper	Q	Q1.3
beer	F	F2
beer-barrel	F	F1/O2
beer-garden	F	F1/H3
beer-gut	B	B1/F2
beer-head	F	F2/S2mf
beer-style	F	F2
beermat	F	F2/O2
beeswax	O	O1.1
beet	L	L3
beetled	A	A1.1.1
beetling	A	A1.1.1
beetroot	F	F1
befall	A	A1.1.1
befit	A	A1.2
befitting	A	A1.2
before	N	N4
beforehand	N	N4
befores	F	F1
befriend	S	S1.2.1
befriending	S	S1.2.1
befuddle	X	X2.5
befuddled	X	X2.5
beg	Q	Q2.2/E6
began	T	T2
beget	A	A2.2
beggar	I	I1.1-/S2mf
beggars	I	I1.1-/S2mf
begging	Q	Q2.2
begin	T	T2
beginner	T	T2+/S2mf
beginners	T	T2+/S2mf
beginning	T	T2
begins	T	T2
begonia	L	L3
begonias	L	L3
begot	A	A2.2
begotten	A	A2.2
begrudge	S	S1.2.2
begrudged	S	S1.2.2
begrudgingly	S	S1.2.2
beguile	A	A5.2
beguiling	O	O4.2
begun	T	T2
behalf	S	S1.1.1
behave	S	S1.1.1
behaved	S	S1.1.1
behaving	S	S1.1.1
behavior	S	S1.1.1
behavioral	S	S1.1.1
behaviorism	X	X2.1
behaviour	S	S1.1.1
behavioural	S	S1.1.1
behaviourial	S	S1.1.1
behaviourism	X	X2.1
behaviourist	S	S1.1.1/S2mf
behead	L	L1
beheaded	L	L1
beheld	X	X3.4
behemoth	N	N3.2
behest	Q	Q2.2
behind	Z	Z5
behind-the-scenes	A	A10
behold	X	X3.4
beholden	S	S7.1
beholder	X	X3.4/S2mf
beholding	X	X3.4
behoove	A	A1.2
beige	O	O4.3
beige/brown	O	O4.3
beiges	O	O4.3
beigey	O	O4.3
bein	A	A3
being	A	A3
beings	L	L1
bejeweled	O	O4.1
bejewelled	O	O4.1
belabor	A	A1.1.2
belated	T	T4
belatedly	T	T4
belch	X	X3.2
belches	B	B1/X3.2
belching	B	B1/X3.2
beleaguered	E	E3
belfry	S	S9/H2
belie	A	A5.2
belief	X	X2.1
belies	A	A10
believable	A	A5.2+/A8
believe	X	X2.1
believed	X	X2.1
believer	X	X2.1/S2mf
believes	X	X2.1
believing	X	X2.1
belittle	A	A11.1-/Q2.2
bell-bottomed	O	O4.1
bell-bottoms	B	B5
bell-ringer	S	S9/S2mf
bell-ringers	S	S9/S2mf
bell-shaped	O	O4.4
bell-tower	H	H2
bellboy	I	I3.2/S8+/S2mf
bellhop	I	I3.2/S8+/S2mf
bellicose	E	E3
belligerence	E	E3
belligerent	G	G3/S5
bellow	Q	Q2.2/E3
bellowing	Q	Q2.2/E3
bellows	I	I4
bells	O	O2/X3.2
bellwether	X	X2.6
belly	B	B1
belly-laugh	E	E4.1+/X3.2
belly-laughs	E	E4.1+/X3.2
bellyache	B	B2
bellyflop	A	A1.1.1/M4
belong	A	A9
belonged	A	A9
belonging	A	A9
belongings	B	B5
belongs	A	A9
beloved	E	E2
below	M	M6
below-stairs	S	S7.1
belt	B	B5
belt-tightening	I	I1.1
belter	A	A5.1+/S2mf
belting	E	E3
beltway	M	M3
bemoan	E	E4.1
bemoaning	E	E4.1
bemuse	X	X2.5
bemused	X	X2.5
bemusement	X	X2.5
bench	H	H5
benches	H	H5
benchmark	A	A6/A5.1
benchmarking	A	A6/A5.1
benchmarks	A	A6/A5.1
bend	O	O4.4
bendable	O	O4.4/O4.1
bender	A	A1.1.1/S2mf
bending	O	O4.4
bends	O	O4.4
bendy	O	O4.4/O4.1
beneath	Z	Z5
benediction	S	S9/Q2.2
benefactor	S	S8+/S2mf
benefactress	S	S8+/S2.1f
beneficence	S	S8
beneficent	S	S8
beneficial	S	S8
beneficiary	A	A9+/S2mf
benefit	S	S8
benefited	S	S8
benefiting	S	S8
benefits	S	S8
benefitted	S	S8
benefitting	S	S8
benevolence	S	S8
benevolent	S	S8
benevolently	S	S8
benighted	A	A1.4
benign	S	S1.2.1
benignly	S	S1.2.1
bent	A	A2.1
benzene	O	O1.2
benzodiazepine	B	B3
benzodiazepines	B	B3
bequeath	A	A9
bequest	A	A9+/I1
berate	Q	Q2.2/E3
bereaved	E	E4.1-/L1
bereavement	L	L1
bereft	A	A9
beret	B	B5
bergamot	F	F1
berry-flavored	X	X3.1
berserk	E	E3
berth	M	M8/M5
berthed	M	M8/M5
beseech	Q	Q2.2
beseeching	Q	Q2.2
beseechingly	Q	Q2.2
beset	A	A12
besetting	A	A12
beside	Z	Z5
besides	Z	Z5
besiege	G	G3
besieged	G	G3
besiegement	G	G3
besmirch	Q	Q2.2/A5.2
besotted	E	E2
besought	Q	Q2.2/E6
bespeak	Q	Q1.1
bespectacled	O	O4.1
bespoke	B	B5/N3.2
bespoken	Q	Q1.1
best	A	A5.1
best-connected	S	S5
best-known	X	X2.2
best-loved	E	E2
best-of-breed	A	A5.1
best-of-show	A	A5.1
best-paid	I	I1.1
best-quality	A	A5.1
best-represented	A	A6.2
best-seller	X	X9.2
best-selling	X	X9.2
bestial	E	E3
bestiality	E	E3
bestow	A	A9
bestowed	A	A9
bestridden	S	S7.1
bestride	S	S7.1
bestrides	S	S7.1
bestriding	S	S7.1
bestrode	S	S7.1
bestseller	Q	Q4.1/X9.2
bestsellers	X	X9.2
bet	I	I1/A1.4
beta	Q	Q3
betide	A	A2.1
betoken	Q	Q1.1
betray	G	G2.2
betrayal	G	G2.2
betrayed	G	G2.2
betrayer	G	G2.2-/S2mf
betraying	G	G2.2
betrothal	S	S4
betrothed	S	S4
better	A	A5.1
better-off	I	I1.1
better-quality	A	A5.1
bettered	A	A5.1
bettering	A	A5.1
betterment	A	A5.1+/A2.1
betters	A	A5.1++/S2mf
betting	I	I1/A1.4
between	N	N4
betweens	N	N4
beurre	F	F1
bevelled	O	O4.4
bevvies	F	F2
bevvy	F	F2
bevy	S	S5
bewail	Q	Q2.2/E4.1
beware	A	A1.3
bewilder	X	X2.5
bewildered	X	X2.5
bewildering	X	X2.5
bewilderingly	X	X2.5
bewilderment	X	X2.5
bewitch	O	O4.2
bewitched	O	O4.2
bewitches	O	O4.2
bewitching	O	O4.2
beyond	M	M6
bhaji	F	F1
bhajis	F	F1
bhangra	K	K2
bi-directional	M	M6
bi-focals	B	B3/X3.4
bi-lateral	S	S5
bi-lingual	Q	Q3
bi-sexual	S	S3.2
bianco	O	O4.3
biannual	N	N6
biannually	N	N6
bias	E	E2
bias-cut	B	B5
biased	E	E2
biases	E	E2
biasing	A	A2.2/E2
biassed	S	S5
biathlon	K	K5.1
bib	B	B5
bible	S	S9/Q4.1
bibliographic	Q	Q4.1
bibliography	Q	Q4.1
bicarb	F	F1
bicarbonate	F	F1
bicentenary	T	T3
bicentennial	T	T3
bicep	B	B1
biceps	B	B1
bicker	Q	Q2.2/E3
bickering	Q	Q2.2/E3
bictern	Q	Q3
bicuspid	B	B1/O4.4
bicycle	M	M3fn
bicycle-parts	M	M3/O2
bicyclist	M	M3/S2mf
bicyclists	M	M3/S2mf
bid	I	I2.2
bidder	I	I2.2/S2mf
bidding	I	I2.2
bide	T	T1.3
biding	T	T1.3
bidirectional	M	M6
biennial	N	N6
biff	E	E3
bifida	B	B2
bifocal	X	X3.4
bifocals	B	B3/X3.4
bifurcate	A	A6.1
bifurcated	A	A6.1
bifurcates	A	A6.1
bifurcating	A	A6.1
bifurcation	A	A6.1
big	N	N3.2
big-bellied	O	O4.1
big-brand	Q	Q1.1
big-budget	I	I1.1
big-head	S	S1.2.3+/S2mf
big-headed	S	S1.2.3
big-headedly	S	S1.2.3
big-hearted	S	S1.2.2
big-hitter	S	S7.1+/S2mf
big-money	I	I1
big-name	Q	Q2.2
big-personality	S	S1.2
big-ticket	I	I1.3
big-time	X	X9.2
bigamist	G	G2.1-/S2mf
bigamous	S	S4/G2.1
bigamy	S	S4/G2.1
biggees	N	N3.2
bigger	N	N3.2
bigger-than-life	N	N3.2
biggest	N	N3.2
biggie	N	N3.2
biggies	A	A11.1
biggish	N	N3.2
biggy	N	N3.2
bigheaded	S	S1.2.3
bigot	S	S1.2.3+/S2mf
bigoted	S	S1.2.3
bigotry	S	S1.2.3
bigwig	A	A11.1+/S2mf
bijou	N	N3.2
bike	M	M3fn
biker	M	M3/S2mf
bikers	M	M3/S2
bikeway	M	M3
bikini	B	B5
bilateral	S	S5
bilaterally	S	S5
bilberry	F	F1
bile	B	B1
bilge	M	M4
bilges	O	O1.2
bilingual	Q	Q3
bilingualism	Q	Q3
bilinguality	Q	Q3
bilious	O	O4.2
bilk	G	G2.2-/A5.2
bilked	G	G2.2-/A5.2
bilking	G	G2.2-/A5.2
bilks	G	G2.2-/A5.2
bill	I	I1.3
billboard	Q	Q1.2
billboard-like	Q	Q1.2
billed	I	I2.2/Q2.2
billet	G	G3/H4
billeted	G	G3/H4
billfold	B	B5/I1
billiard	K	K5.2
billiards	K	K5.2
billing	I	I1.3
billion	N	N1
billionaire	I	I1.1/S2mf
billions	N	N5
billionth	N	N4
billoms	B	B5
billow	W	W4
billows	W	W4
bills	I	I1.3
bimbo	S	S2.1f/X9.1
bimbo-ish	S	S2.1f/X9.1
bimonthly	N	N6
bin	A	A1.9
bin-bags	O	O2/B4
binary	N	N1
bind	S	S6
binder	Q	Q1.2
binding	S	S6
bindweed	L	L3
binge	F	F2
binge-drinking	F	F2
binges	F	F2
binging	X	X3.2
bingo	K	K5.2
binned	A	A1.9
binoculars	X	X3.4/O2
bio-centre	H	H1/Y1/B1
bio-chemist	Y	Y1/L1/S2mf
bio-chemistry	Y	Y1/L1
bio-chemists	Y	Y1/L1/S2mf
bio-degradable	O	O4.1
bio-engineering	Y	Y1/B1
bio-related	L	L1
bio-tech	Y	Y1/L1
bio-terrorism	G	G2.1-/Y1
bio-text	Y	Y2/X2.2/B1
biobibliome	Y	Y2/X2.2+/B1
biocentre	H	H1/Y1/B1
biochemical	L	L1
biochemistry	Y	Y1/L1
biodatabase	Y	Y2/X2.2+/B1
biodatabases	Y	Y2/X2.2+/B1
biodegradable	O	O4.1
biodiversity	L	L1/A6.3
bioengineering	Y	Y1/B1
biofuel	O	O1/L1
biog	Q	Q4.1
biographer	Q	Q4.1/S2mf
biographical	S	S2
biographies	Q	Q4.1
biography	Q	Q4.1
biogs	Q	Q4.1
bioinformatician	Y	Y2/X2.2/B1/S2mf
bioinformatics	Y	Y2/X2.2/B1
biol.	L	L1
biological	L	L1
biologically	L	L1
biologist	Y	Y1/L1/S2mf
biologists	Y	Y1/L1/S2mf
biology	Y	Y1/L1
biomedical	B	B3/B1
biomedicine	B	B3/B1
bionic	B	B1/Y2/S9
bionics	Y	Y2/B1
biophysics	Y	Y1/B1
biopic	Q	Q4.3
biopsy	B	B3
bioresources	L	L1
bioscience	Y	Y1/B1
biosciences	Y	Y1/B1
bioscientific	Y	Y1/B1
bioscientist	Y	Y1/B1/S2mf
bioscientists	Y	Y1/B1/S2mf
biosphere	W	W3/L1
biotech	Y	Y1/L1
biotechnological	Y	Y1/L1
biotechnologist	Y	Y1/L1/S2mf
bioterrorism	G	G2.1-/Y1
bioterrorist	G	G2.1-/S2mf
bioterrorists	G	G2.1-/S2mf
biotext	Y	Y2/X2.2/B1
biotype	B	B1
biotypes	B	B1
bipartisan	G	G1.2/A6.1
biped	M	M3fn
biplane	M	M5
biplanes	M	M5
bipolar	A	A6.1
birch	O	O2
bird	L	L2mfn
bird's-egg	L	L2/T3
bird's-eggs	L	L2/T3
bird's-nest	F	F1
bird-like	L	L2
bird-watcher	X	X3.4/L2/S2mf
bird-watching	X	X3.4/L2
birdboxes	H	H4/L2
birdbrain	S	S1.2.6
birdcage	H	H1/L2
birdhouse	L	L2/H1
birdie	K	K5.1
birdied	K	K5.1
birdies	L	L2mfn
birdland	W	W3/L2
birdlife	L	L2
birdlike	L	L2
birdsong	L	L2/X3.2
birdwatching	X	X3.4/L2
birdying	K	K5.1
biro	Q	Q1.2/O2
biros	Q	Q1.2/O2
birth	B	B1
birth-rate	S	S4/N5
birthdate	T	T1.3
birthday	T	T1.2/T3
birthing	B	B3/B1
birthmark	B	B1
birthplace	M	M7/S4
birthright	S	S1.1.4
birthstone	O	O2/T1.3
birthweight	T	T3--/N3.5
biscuit	F	F1
biscuit-maker	F	F1
biscuity	F	F1
bisect	A	A1.1.1
bisexual	S	S3.2/B1
bisexuality	S	S3.2
bishopric	S	S9/S7.1
bishops	S	S9/S7.1+/S2mf
bison	L	L2
bistro	F	F1/H1
bit	B	B1
bit-map	Y	Y1
bitch	A	A5.1-/S2.1f
bitchiness	S	S1.2.1
bitchy	S	S1.2.1
bite	B	B1
bite-back	X	X3.1
bite-size	F	F1/N3.2
bite-sized	F	F1/N3.2
biting	O	O4.6
bitmap	Y	Y1
bitnup	C	C1
bitten	B	B1
bitter	X	X3.1
bitter-sweet	X	X3.1
bitterly	A	A13.3
bitterness	X	X3.1
bittersweet	A	A5.1-/A5.1
bitty	O	O2
bitumen	O	O1.2
bitumus	O	O1
bivies	M	M7
bivy	M	M7
biweekly	N	N6+/T1.3
biz	A	A1.1.1
bizarre	A	A6.2
bizarrely	A	A6.2
bizzie	G	G2.1/S2mf
bla-bla	Z	Z4
blab	Q	Q2.2/A10
blabbed	Q	Q2.2/A10
blabber	Q	Q2.1
blabbermouth	Q	Q2.1/N5.2
blabbing	Q	Q2.2/A10
black	O	O4.3
black-and-white	O	O4.3
black-edged	O	O4.1
black-leathered	O	O1.1
black-market	I	I2.2/G2.2
black-out	B	B2
black-tie	A	A11.1
blackball	A	A1.8
blackballing	A	A1.8
blackberries	F	F1
blackberry	F	F1
blackbird	L	L2
blackboard	Q	Q1.2
blackcurrant	F	F1
blackcurrants	F	F1
blackcurrent	F	F1
blackcurrents	F	F1
blacked	O	O4.3
blacken	O	O4.3
blackened	O	O4.3
blackest	O	O4.3
blackguard	G	G2.1-/S2mf
blackhead	B	B2
blackhorse	Z	Z3c
blackish	O	O4.3
blackjack	K	K5.2
blackleg	I	I4/S2mf
blacklist	A	A1.8-/G2.1
blacklisting	A	A1.8-/G2.1
blackmail	G	G2.1
blackmailer	G	G2.1-/S2mf
blackmailing	G	G2.1
blackness	O	O4.3
blackout	B	B2
blacks	O	O4.3/S2mf
blacksmith	C	C1/S2mf
blacksmiths	C	C1/S2mf
blackspot	M	M7/A5.1
blackspots	M	M7/A12
blacktop	O	O1.1
bladder	B	B1
blade	O	O2
blades	O	O2
blag	A	A9+/I1.3
blah	Q	Q1.1
blame	Q	Q2.2/G2.2
blamed	Q	Q2.2/G2.2
blameless	G	G2.2
blameworthy	G	G2.2
blaming	Q	Q2.2/G2.2
blanch	O	O4.6
blanched	O	O4.6
blanching	O	O4.6
blancmange	F	F1
bland	O	O4.2
blandishments	Q	Q2.2/X7
blandly	O	O4.2
blandness	O	O4.1
blank	X	X2.1
blankest	O	O4.1
blanket	N	N5.1
blanket-mailing	Q	Q1.2
blankets	H	H5
blankly	X	X5.2
blankness	X	X5.2
blar	Q	Q1.1
blare	X	X3.2
blaring	X	X3.2
blase	S	S1.2.3
blaspheme	Q	Q2.2/S7.2-/S9
blasphemer	Q	Q2.2/S7.2-/S9/S2mf
blasphemous	S	S7.2-/S9
blasphemy	S	S7.2-/S9
blast	A	A1.1.1
blast-off	T	T2
blasted	Z	Z4
blaster	O	O2
blasters	O	O2
blasting	A	A1.1.1
blasé	X	X5.2
blatant	A	A11.2
blatantly	A	A11.2
blather	Q	Q2.1/T2
blaze	O	O4.6
blazer	B	B5
blazing	E	E3
blazonry	Q	Q1.1
bleach	O	O4.3
bleached	O	O4.3
bleacher	K	K5.1/H2
bleachers	K	K5.1/H2
bleaching	O	O4.3
bleak	O	O4.2
bleakly	E	E4.1
bleakness	O	O4.2
bleary	B	B1
bleary-eyed	O	O4.1
bleat	L	L2/X3.2
bleating	L	L2/X3.2
bleats	L	L2/X3.2
bleed	B	B1
bleeding	B	B1
bleeding-edge	T	T3
bleeding-heart	A	A1.1.1-/S2mf
bleep	X	X3.2
bleeper	Q	Q1.3
bleeping	X	X3.2
blemish	A	A1.1.2
blemished	A	A1.1.2
blend	A	A4.1
blended	A	A2.1
blender	O	O2/F1
blending	A	A2.1
blergh	Z	Z4
bless	S	S9
blessed	Z	Z4
blessing	S	S8
blew	A	A1.1.1
blight	A	A1.1.2
blighter	G	G2.2-/S2mf
blimey	Z	Z4
blind	X	X3.4-/B2
blinded	X	X3.4
blinder	A	A5.1
blindfold	X	X3.4
blindfolded	X	X3.4
blinding	B	B2
blindly	X	X3.4
blindness	X	X3.4
blinds	H	H5
blink	B	B1
blinker	A	A10
blinkered	X	X3.4
blinkers	X	X3.4
blinking	Z	Z4
blinks	B	B1
blip	X	X7
bliss	E	E4.1
blissful	O	O4.2
blissfully	E	E4.1
blister	B	B2
blistering	O	O4.6
blitch	A	A12
blitches	A	A12
blithe	A	A1.3
blithely	A	A1.3
blitzed	F	F2
blitzkrieg	G	G3/N3.8
blizzard	W	W4
bloat	X	X3.2+/A2.1
bloated	N	N3.2
bloating	B	B2
blob	O	O2
block	A	A10
blockade	S	S8
blockage	O	O2
blockbuster	Q	Q4.3/A5.1
blockbusting	X	X9.2
blocked	A	A10
blocker	S	S8
blockhead	X	X9.1-/S2mf
blocking	A	A10
bloke	S	S2.2m
blokes	S	S2.2m
blond	O	O4.3
blonde	O	O4.1/S2f
blondie	O	O4.1/S2mf
blood	B	B1
blood-and-thunder	X	X3.2++/E1
blood-brother	S	S4
blood-curdling	E	E5
blood-for-money	G	G2.2-/I1
blood-letting	E	E3
blood-lust	E	E3
blood-red	O	O4.3
blood-shot	B	B1
blood-soaked	O	O4.3
blood-streaked	O	O4.3
bloodbath	E	E3
bloodcurdling	E	E5
bloodflow	B	B1
bloodhound	L	L2
bloodily	E	E3
bloodless	L	L1+/G3
bloodline	S	S4/T1.1.1
bloodshed	E	E3
bloodshot	B	B1
bloodstain	O	O4.3
bloodstained	O	O4.3
bloodstock	L	L2
bloodstream	B	B1
bloodsucker	L	L2
bloodthirsty	E	E3
bloody	Z	Z4
bloody-minded	S	S8
bloody-mindedness	S	S8
bloomer	F	F1
bloomers	B	B5/S2.1f
blooming	Z	Z4
blooper	A	A5.3
blossomed	L	L3
blossoming	L	L3
blot	O	O2
blotch	O	O4.1
blotched	O	O4.1
blotchy	O	O4.1
blots	A	A1.1.2
blotted	A	A1.1.2
blotter	O	O2
blotting	A	A1.1.2
blouse	B	B5
blow	S	S8
blow-by-blow	N	N4
blow-drier	O	O2/B4
blow-dry	B	B4
blow-out	A	A1.1.2
blow-up	N	N3.2++/C1
blower	Q	Q1.3
blowing	A	A1.1.1
blowlamp	O	O2/O4.6
blown	O	O4.1
blowout	A	A1.1.2
blows	S	S8
blowsy	O	O4.1
blowtorch	O	O2/O4.6
blub	E	E4.1
blubber	E	E4.1
bludgeon	E	E3
bludgeoned	E	E3
blue	O	O4.3
blue-black	O	O4.3
blue-blooded	S	S7.1
blue-chip	I	I1.1
blue-chips	I	I1.1
blue-collar	I	I3.1
blue-eyed	B	B1
blue-riband	X	X9.2
blue-sky	W	W4
blue-stocking	X	X9.1+/S2.1f
blue-white	O	O4.3
bluebell	L	L3
bluebells	L	L3
blueberry	F	F2
bluebottle	L	L2
bluegrass	K	K2
blueing	O	O4.3
blueish	O	O4.3
blueprint	C	C1
blues	K	K2
bluestocking	X	X9.1+/S2.1f
bluey	S	S2/O4.3m
bluff	A	A5.2-/Q2.2
bluish	O	O4.3
bluish-green	O	O4.3
blunder	A	A5.3
blunt	O	O4.5
bluntly	A	A5.2
bluntness	A	A5.2
blur	A	A10
blurb	Q	Q2.1
blurred	O	O4.1
blurring	O	O4.1
blurry	O	O4.1
blurt	Q	Q2.1
blurted	Q	Q2.1
blush	E	E1/B1
blushed	E	E1/B1
blusher	B	B4
blushing	E	E1/B1
bluster	Q	Q2.2/E3
blustering	W	W4
blustery	W	W4
bo-peep	Z	Z3f
boa	L	L2
board	A	A1.1.1
board-listed	I	I2.1
boarder	P	P1/S2mf
boarding	M	M1
boardroom	H	H2/S7.1
boardwalk	M	M7
boast	S	S1.2.3+/Q2.2
boaster	S	S1.2.3+/S2mf
boastful	S	S1.2.3
boastfulness	S	S1.2.3
boasting	S	S1.2.3
boat	M	M4fn
boat-building	M	M4/I4
boat-house	M	M4/H1
boatbuilder	M	M4/S2mf
boatbuilding	M	M4/I4
boater	B	B5
boathouse	M	M4/H1
boating	K	K1/M4
boatload	N	N5.1
boats	M	M4
boatyard	M	M4/M7
boatyards	M	M4/M7c
bobbed	O	O4.1
bobbin	O	O2/I4
bobbing	O	O4.1
bobbly	O	O4.4
bobcat	L	L2
bobsiday	A	A12
bobsled	K	K5.1
bobsleigh	K	K5.1
bocheng	Z	Z1
bod	S	S2.2m
bode	X	X2.6
bodge	I	I3.2
bodged	I	I3.2
bodice	B	B5
bodied	O	O4.1
bodies	B	B1
bodily	B	B1
body	B	B1
body-scanners	O	O3/X2.4/B1
bodybuilder	K	K5.1/S2mf
bodybuilding	K	K5.1
bodyguard	S	S8+/A15+/I3.2/S2mf
bodyguards	S	S8+/A15+/I3.2/S2mf
bodysuit	B	B5
bodyweight	N	N3.5/B1
bodywork	M	M3
boeren	H	H1
boffin	Y	Y1/S2mf
bog	W	W3
bog-standard	A	A6.2
bogey	M	M3
bogeyman	O	O4.2-/S2.2m
boggle	X	X2.5
boggled	X	X2.5
boggles	X	X2.5
boggling	X	X2.5
boggy	W	W3
boghouse	B	B4/H1
bogland	W	W3
bogs	W	W3
bogus	A	A5.4
boil	O	O4.6
boiled	F	F1
boiler	O	O2
boilersuit	B	B5
boilersuits	B	B5
boiling	O	O4.6
boiling-pot	O	O2
boisterous	E	E3
bold-faced	S	S1.2.3
bolder	O	O4.1
boldly	E	E5
boldness	E	E5
bollard	O	O2
bollards	O	O2
bollock	Q	Q2.2
bollocked	Q	Q2.2
bollocking	Q	Q2.2
bollocks	Z	Z4
bolshy	A	A12
bolster	H	H5
bolstered	S	S8
bolstering	S	S8
bolt	A	A1.7
bolt-cutter	O	O2
bolt-hole	A	A15+/H1
bolted	A	A1.1.1
bolts	O	O2
bomb	G	G3
bombard	G	G3
bombarded	G	G3
bombardment	N	N5.2+/Q2.2
bombast	S	S1.2.3
bombastic	S	S1.2.3
bombed-out	A	A1.1.2
bomber	M	M5/G3fn
bombing	G	G3
bombproof	A	A10
bombshell	E	E5
bombsite	M	M7/G3
bomp	X	X3.2
bon-viveur	E	E4.1+/S1.2
bonanza	I	I1.1
bonbon	F	F1
bonce	B	B1
bondage	A	A1.7
bonded	I	I1.1
bonding	A	A1.7
bone	F	F1
bone-dry	O	O1.2
boned	B	B1
boneless	O	O4.1
bonemeal	F	F4/O1
bones	B	B1
boney	O	O4.5
bonfire	O	O4.6
bonhomie	S	S1.2.1
bonk	E	E3
bonkers	S	S1.2.6
bonking	S	S3.2
bonnet	M	M3
bonsai	L	L3
bonus	I	I1.1
bonus-bringing	I	I1.1
bonuses	I	I1.1
boo	Q	Q2.2
boo-boo	A	A5.3
boob	B	B1
booby-trap	G	G3
boogeyman	O	O4.2-/S2.2m
boogie	K	K1
booing	E	E2-/Q2.2
book	Q	Q4.1
book-binding	Q	Q4.1/A1.1.1
book-keeping	I	I2.1/I1
bookable	K	K5.1/G2.2
bookaholic	Q	Q4.1/E2
bookbinder	Q	Q4.1/S2mf
bookcase	H	H5
booked	A	A9+/Q2.2
bookend	O	O2
bookends	O	O2
bookie	K	K5.1/S2mf
bookies	K	K5.1/S2mf
booking	A	A9+/Q2.2
bookings	A	A9+/Q2.2
bookish	Q	Q4.1
bookkeeper	I	I2.1/S2mf
bookkeepers	I	I2.1/S2mf
bookkeeping	I	I2.1/I1.1
booklet	Q	Q4.1
bookmaker	K	K5.1/S2mf
bookmaking	K	K5.1/I1
bookmark	Q	Q4.1/S8
books	Q	Q4.1
bookseller	Q	Q4.1/I2.2/S2mf
bookshelf	H	H5
bookshelves	H	H5
bookshop	Q	Q4.1/I2.2
bookstall	Q	Q4.1/I2.2
bookstore	Q	Q4.1/I2.2/H1
bookwork	Q	Q4.1
bookworking	Q	Q1.2
bookworm	Q	Q4.1/S2mf
boom	N	N5
boom-bust	I	I2.1
boomerang	O	O2
booming	X	X9.2
boooooo	Z	Z4
boor	S	S1.2.4-/S2mf
boorish	S	S1.2.4
boost	S	S8
booster	B	B3
boosting	S	S8
boot	B	B5
boot-boy	E	E3-/S2.2m
booted	E	E3
bootee	B	B5
bootees	B	B5
booth	H	H1
booties	B	B5
bootlace	B	B5
bootleg	G	G2.1
bootlegger	G	G2.1-/S2mf
bootleggers	G	G2.1-/S2mf
bootlicker	S	S7.2+/N5.2+/S2mf
bootmaker	B	B5/S2mf
bootsale	I	I2.2
bootstrap	S	S8+/S5
bootstrapping	S	S8+/S5
booty	G	G2.1-/A9
booze	F	F2
booze-up	F	F2/N5.2
boozer	F	F2/H1c
boozing	F	F2
boozy	F	F2/N5.2
bop	K	K1
borage	L	L3
borax	O	O1.1
bordello	S	S3.2/H1
border-crossing	M	M7/G1.1
border-monitoring	M	M7/G1.1
bordered	M	M7/G1.1
borderless	A	A1.7
borderline	M	M7/G1.1
bore	X	X5.2-/S2mf
bore-well	O	O1.2/O2
bore-wells	O	O1.2/O2
boreal	M	M6
bored	X	X5.2
boredom	X	X5.2
borehole	M	M7/N3.7
bores	X	X5.2
borewell	O	O1.2/O2
boring	X	X5.2
borlotti	F	F1
born	B	B1
born-again	S	S9
borne	M	M2
borough	M	M7c
borrow	A	A9
borrowed	A	A9
borrower	A	A9-/S2mf
borrowing	A	A9
bosom	B	B1
boss	S	S7.1+/S2mf
boss-from-heaven	S	S7.1+/A5.1
bossiness	S	S7.1
bossing	S	S7.1
bossy	S	S7.1
bosun	M	M4/S2mf
bot	B	B1
botanic	L	L3
botanical	L	L3
botanist	L	L3/S2mf
botany	Y	Y1/L3
botch	A	A5.1
botch-up	A	A5.1
botched	A	A5.1
botching	A	A5.1
both	N	N5
bother	E	E6
bothered	E	E6
bothering	E	E6
bothersome	E	E3
bottle	A	A1.1.1
bottle-feed	T	T3--/F1
bottle-feeding	T	T3--/F1
bottle-green	O	O4.3
bottle-opener	O	O2
bottle-top	O	O2
bottle-washer	F	F2/B4/S2mf
bottlebrush	B	B4/F2
bottled	O	O2
bottleneck	S	S8
bottler	F	F2/S2mf
bottling	A	A1.1.1
bottom	N	N4
bottomed	O	O4.1
bottomless	A	A1.7
bottomline	A	A11.1
bottomlines	A	A11.1
bottoms	M	M6
botulism	B	B2-/F1
boudoir	H	H2/S2.1f
bouffant	O	O4.1
bougainvillaea	L	L3
bougainvillea	L	L3
bough	L	L3
bought	I	I2.2
bought-in	I	I2.2
bouillabaisse	F	F1
bouillon	F	F1
boulder	W	W3
boulders	W	W3
boules	K	K5.2
boulevard	M	M3/H3
boulevards	M	M3/H3
bounce	M	M1
bounced	M	M1
bouncer	G	G2.1/S2mf
bouncing	M	M1
bouncy	O	O4.5
bound	A	A1.7
boundaried	A	A1.7
boundaries	M	M7
boundary	M	M7
bounded	A	A1.7
bounder	G	G2.2-/S2.2m
boundless	A	A1.7
bounteous	N	N5
bounteously	N	N5
bountiful	N	N5
bountifully	N	N5
bounty	N	N5
bouquet	L	L3
bourgeois	G	G1.2
bourgeois-democratic	G	G1.2
bourgeoisie	S	S5/I1.1
bourgignon	F	F1
bourse	I	I1/I2.2
bout	K	K5.1
boutique	I	I2.2/B5/H1
boutiques	I	I2.2/B5/H1
bouyant	O	O4.1
bovine	L	L2
bovver	G	G2.2
bow-legged	O	O4.1
bow-tie	B	B5
bowdlerise	A	A2.1
bowdlerize	A	A2.1
bowed	O	O4.4
bowel	B	B1
bower	L	L3
bowing	O	O4.1/B1
bowl	O	O2
bowled	K	K5.1
bowler	K	K5.1/S2mf
bowlful	N	N5
bowling	K	K5.1
bowls	O	O2
bowman	G	G3/S2.2m
bowmen	G	G3/S2.2m
bows	O	O4.1/B1/S7.2
bowtie	B	B5
box	O	O2
box-builders	A	A1.1.1/S2mf
box-office	Q	Q4.3
box-sided	O	O4.1
box-tree	L	L3
boxacise	K	K5.1
boxcar	M	M3
boxed	O	O4.1
boxer	K	K5.1/S2mf
boxercise	K	K5.1
boxers	K	K5.1/S2mf
boxful	N	N5
boxing	K	K5.1
boxwood	O	O1.1
boxy	O	O4.4
boy	S	S2.2m
boycott	S	S1.1.3
boycotter	S	S1.1.3-/S2mf
boycotting	S	S1.1.3
boyfriend	S	S3.2/S2.2m
boyhood	T	T1.3/T3
boyish	T	T3-/S2.2
boyishly	O	O4.2
boyishness	T	T3-/S2.2
boys	S	S2.2m
bozo	X	X9.1-/S2mf
bra	B	B5
brace	B	B3
bracelet	B	B5
bracelets	B	B5
braces	B	B5
bracing	X	X5.2
bracken	L	L3
bracket	O	O2
brackish	A	A5.1
brag	S	S1.2.3+/Q2.2
brags	S	S1.2.3+/Q2.2
braid	A	A1.1.1
braided	O	O4.1
brailing	H	H5/O2
braille	Q	Q1.2
braimiers	Z	Z3c
brain-cell	B	B1
brain-damaged	B	B2-/X1
brain-drain	M	M1/Y1/S2mf
brainchild	A	A9+/X2.1
brainless	X	X9.1
brainpower	X	X9.1
brains	B	B1
brainstorm	X	X2.4
brainstorming	X	X2.4
brainwash	X	X4.1/A2.1
brainwave	X	X9.1
brainwork	X	X9.1
brainy	X	X9.1
braise	F	F1
braised	F	F1
brake	O	O2
brakes	M	M3
braking	M	M8
bramble	L	L3
brambles	L	L3
bran	F	F1
branch	S	S5+c
branched	N	N5
branching	O	O4.4
branchless	O	O4.1
brand	Q	Q1.1
brand-building	Q	Q1.1
brand-marketing	Q	Q1.1
brand-measurement	Q	Q1.1
brand-name	Q	Q1.1/I2.2
brand-new	T	T3
brand-recognition	Q	Q1.1
branded	A	A4.1
branded-goods	O	O2/I2.2
branding	Q	Q1.1
brandish	M	M2
brandname	A	A4.1/Q2.2
brandy	F	F2
branial	O	O4.1
bras	B	B5
brash	S	S1.2.3
brasher	S	S1.2.3
brashly	E	E3
brashness	S	S1.2.3
brass	O	O1.1
brassed	O	O4.1
brasserie	F	F1/H1
brasserie-type	F	F1/H1
brassica	F	F1
brassiere	B	B5
brassy	O	O4.3
brat	A	A5.1-/S2mf/T3
bravade	K	K1
bravado	S	S1.2.3
bravely	E	E5
braver	E	E5
bravery	E	E5
bravest	E	E5
braving	E	E5
bravo	A	A5.1
bravura	S	S1.2.3
brawl	E	E3
brawling	E	E3
brawny	S	S1.2.5+/O4.1
bray	L	L2/X3.2
brays	L	L2/X3.2
brazen	S	S1.2.3
brazen-faced	S	S1.2.3+/O4.1
brazenly	S	S1.2.3
brazier	O	O4.6+/O2
breach	A	A1.9
breached	A	A1.9
bread	F	F1
bread-and-butter	A	A11.1
breadbasket	O	O2/F1
breadbin	F	F1/O2
breadboard	F	F1/O2
breadbox	F	F1/O2
breadcrumb	F	F1
breadcrumbs	F	F1
breadfruit	F	F1
breadline	I	I1.2
breadmaking	F	F1
breadstick	F	F1
breadsticks	F	F1
breadth	N	N3.3
breadwinner	I	I3.1/S2mf
break	K	K1/T1.3
break-away	S	S5
break-down	X	X9.2
break-even	I	I1.1
break-in	G	G2.1
break-ins	G	G2.1
break-neck	N	N3.8
break-out	G	G2.1
break-outs	G	G2.1
breakable	O	O4.1
breakage	A	A1.1.2
breakages	A	A1.1.2
breakaway	S	S5
breakdown	X	X9.2
breaker	W	W3/M4
breakeven	I	I1.1
breakfast	F	F1
breakfast-time	T	T1.3/F1
breaking	A	A1.1.2
breakneck	N	N3.8
breakout	G	G2.1
breakthrough	X	X9.2
breakwater	O	O2/M4
breakwaters	O	O2/M4
bream	L	L2
breast	B	B1
breast-feed	T	T3--/F1
breast-feeding	T	T3--/F1
breast-milk	F	F1/B1
breast-plate	G	G3/B5
breastbone	B	B1
breasted	B	B5
breastplate	G	G3/B5
breasts	B	B1
breaststroke	M	M4/K5.1
breath	B	B1
breath-freshening	B	B4
breath-taking	O	O4.2
breath-test	G	G2.1/F2
breathability	O	O4.1
breathable	O	O4.1
breathables	B	B5/O4.1
breathalyse	G	G2.1/F2
breathalysed	G	G2.1/F2
breathalyser	G	G2.1
breathalyze	G	G2.1/F2
breathe	B	B1
breather	K	K1
breathing	B	B1
breathless	B	B1/A12
breathlessly	X	X5.2
breathlessness	B	B2
breathtaking	O	O4.2
breathtakingly	O	O4.2
breathy	X	X3.2
bred	F	F4
breech	G	G3/O2
breeches	B	B5
breed	A	A4.1/L2
breeder	F	F4/S2mf
breeders	F	F4/S2mf
breeding	F	F4
breeze	W	W4
breeze-block	H	H1/O2
breezily	E	E4.1
breezy	W	W4
brethren	S	S5+/S2mf
brevity	T	T1.3
brew	F	F2
brewed	F	F2
brewery	F	F2/H1
brewhouse	F	F2/H1
brewing	N	N5+/A2.1
bri-nylon	O	O1.1
briar	L	L3
briars	L	L3
bribe	G	G2.2-/I1.1
briber	G	G2.2-/I1.1/S2mf
bribery	G	G2.2-/I1.1
bric-a-brac	O	O2
brick	O	O2/H1
brick-and-mortar	H	H1
brick-built	O	O4.1
brickbat	Q	Q2.2/E2
brickie	I	I3.2/H1/S2mf
brickies	I	I3.2/H1/S2mf
bricklayer	I	I3.2/H1/S2mf
bricklayers	I	I3.2/H1/S2mf
bricklaying	H	H1
bricks-and-mortar	H	H1
brickwood	O	O1.1
brickwork	H	H1
brickying	H	H1
bridal	S	S4
bride	S	S4f
bride-to-be	S	S4
bridegroom	S	S4m
bridegrooms	S	S4m
bridesmaid	S	S4/S2.1f
bridesmaids	S	S4/S2.1f
bridge	M	M1
bridge-building	A	A1.1.1/H1
bridgehead	G	G3
bridgework	H	H1
bridging	T	T1.3
bridging-loan	I	I1
bridle	O	O2
bridleway	M	M3/L2
brief	T	T1.3
briefcase	B	B5
briefed	Q	Q2.1
briefer	T	T1.3
briefing	Q	Q2.1
briefly	T	T1.3
briefness	T	T1.3
briefs	Q	Q1.2
brig	M	M4
brigade	G	G3/S5+c
brigadier-general	G	G3/S7.1+/S2mf
brigand	G	G2.1-/S2mf
bright	O	O4.3
bright-eyed	O	O4.1
brighten	O	O4.3
brightened	O	O4.3
brightening	O	O4.3
brighter	O	O4.3
brightest	O	O4.3
brightly	O	O4.3
brightness	O	O4.3
brilliance	A	A5.1
brilliant	A	A5.1
brilliantly	A	A5.1
brillo	Z	Z3c
brim	B	B5
brimful	N	N5.1
brimstone	O	O1.1
brine	F	F1/O4.1
bring	M	M2
bring-and-buy	I	I2.2
bringer	A	A9-/S2mf
bringing	M	M2
brinkmanship	A	A15-/X9.2
briny	W	W3
brioche	F	F1
briquette	O	O1.1
brisk	N	N3.8
brisket	F	F1
briskly	N	N3.8
briskness	N	N3.8
brisky	N	N3.8
bristle	L	L2
bristled	E	E3
bristles	L	L2
bristly	O	O4.1
britches	B	B5
british	Z	Z2
brittle	O	O4.5
brittle-bone	B	B1/B2
bro	S	S4m
broach	Q	Q2.2
broached	Q	Q2.2
broad	S	S2.1f
broad-based	A	A6.3
broad-brush	A	A4.2
broad-minded	S	S7.4+/A1.7
broad-ranging	A	A6.3
broadband	Q	Q1.3/Y2
broadcast	Q	Q4.3
broadcast-related	Q	Q4.3
broadcastable	Q	Q4.3
broadcaster	Q	Q4.3/S2mf
broadcasting	Q	Q4.3
broaden	N	N3.7+/A2.1
broadened	N	N3.7+/A2.1
broadening	N	N3.7+/A2.1
broader	A	A4.2
broadest	A	A4.2
broadly	A	A13.4
broadly-based	A	A6.3
broadminded	S	S7.4+/A1.7
broadsheet	Q	Q4.2
broadsheets	Q	Q4.2
broadside	Q	Q1.2
brocade	O	O4.1
brochure	Q	Q4.1
brochures	Q	Q1.2
brogue	B	B5
broil	F	F1
broiler	F	F1/O2
broiling	F	F1
broke	I	I1.1
broken	A	A1.1.2
broken-down	O	O4.2
broken-hearted	E	E4.1
broker	I	I2.2/S2mf
brokerage	I	I2.2
brokering	I	I2.2
brokers	I	I2.2/S2mf
broking	I	I2.1
brollies	B	B5
brolly	B	B5
bromide	O	O1
bromides	O	O1
bronchial	B	B1
bronchitis	B	B2
bronco	L	L2
bronze	O	O4.3
bronzed	B	B1/W4
bronzy	O	O4.3
brooch	B	B5
brood	E	E6
brooding	E	E6
broodish	E	E6
broody	E	E6
broom	B	B4/O2
broomstick	B	B4
broth	F	F1
brothel	S	S3.2/H1c
brother	S	S4m
brother-in-law	S	S4m
brotherhood	S	S5+c
brotherly	S	S4
brothers	S	S4m
brothers-in-law	S	S4m
brought	M	M2
brouhaha	Q	Q2.2/E3
brow	B	B1
browbeat	S	S7.1
browbeaten	S	S7.1
browbeating	S	S7.1
browed	B	B1
brown-nosing	G	G2.2
brown-paper	O	O4.1
brown-skinned	O	O4.1/O4.3
browner	O	O4.3
brownfield	M	M7
brownie	K	K1/S2.1f
brownish	O	O4.3
brownstone	H	H1
browny	O	O4.3
browse	X	X2.4
browser	X	X2.4/S2mf
browsing	T	T1.2
brrr	Z	Z4
bruise	B	B2
bruised	B	B2
bruiser	S	S1.2.5+/S2mf
bruises	B	B2
bruising	A	A1.1.2
brunch	F	F1
brunette	O	O4.3/S2.1f
brunettes	S	S2.1/O4.3f
brung	M	M2
brunt	N	N5
bruschetta	F	F1
brush	B	B4/O2
brush-off	A	A1.9
brushed	O	O4.5
brushing	B	B4
brushstroke	C	C1
brushwood	L	L3/A1.1.2
brushwork	C	C1
brusque	S	S1.2.1
brusquely	N	N3.8
brutal	E	E3
brutalise	E	E3
brutalities	E	E3
brutality	E	E3
brutalize	E	E3
brutally	E	E3
brute	E	E3-/S2mf
brutish	E	E3
brûlée	F	F1
bub	T	T3-/S2mf
bubble	O	O2
bubblejet	A	A4.1
bubbles	A	A1.1.1
bubbling	A	A1.1.1
bubbly	O	O4.1
buccaneer	X	X9.2+/G2.2-/S2mf
buccaneering	X	X9.2+/G2.2
buck	I	I1
bucket	O	O2
bucket-shop	I	I2.2/O2
bucketful	N	N5.1
bucketing	W	W4
bucking	S	S8
buckle	B	B5
buckled	O	O4.4
buckles	B	B5
bucklestop	B	B5
buckling	O	O4.4
buckshot	G	G3
buckskin	O	O1.1
buckwheat	L	L2/F1
bucolic	M	M7
bud	L	L3
budding	X	X7
budge	M	M1
budgerigar	L	L2
budget	I	I1
budgetary	I	I1.1
budgeting	I	I1
budgets	I	I1
budgie	L	L2mfn
budgies	L	L2mfn
buds	L	L3
buff	O	O4.3
buffer	M	M3
buffering	S	S8
buffet	F	F1
buffeting	W	W4
bug	B	B2
bug-eyed	O	O4.1
bugbear	E	E2
bugger	A	A5.1-/S2mf
bugger-all	Z	Z6/Z8
buggered	B	B1
buggery	S	S3.2
buggies	M	M3
buggy	Y	Y2
bugle	K	K2
bugler	K	K2/S2mf
build	B	B1/O4.4
build-up	N	N5+/A2.1
builder	H	H1/S2mf
builders	H	H1/S2mf
building	H	H1
buildings	H	H1
built	H	H1
built-in	O	O4.1
built-up	H	H1
bulb	O	O3
bulbous	O	O4.2
bulbs	O	O3
bulge	O	O4.1
bulges	O	O4.1
bulging	O	O4.4
bulimia	B	B2
bulimic	B	B2
bulk	N	N5
bulk-buy	N	N5.1+/I2.2
bulkhead	O	O2/M4
bulky	N	N3.2
bull's-eye	K	K5.2
bull-baiting	A	A1.1.1/K5
bull-run	S	S7.3
bulldog	L	L2
bulldogs	L	L2
bulldoze	A	A1.1.2
bulldozer	M	M3/A1.1.2
bulldozing	A	A1.1.2
bullet	G	G3
bullet-point	Q	Q1.2/Y2
bulletin	Q	Q4.3
bulletins	Q	Q4
bulletproof	A	A15+/G3
bullfight	K	K1/L2
bullfighter	K	K1/L2/S2mf
bullfighting	K	K1/L2
bullfinch	L	L2
bullfrog	L	L2
bullhorn	A	A2.1/X3.2
bullies	E	E3
bullion	O	O2
bullish	I	I2.1
bullock-carts	M	M3
bullring	Z	Z2
bulls	L	L2mn
bullshit	Q	Q2.1/A5.2
bullshitter	Q	Q2.1/A5.1-/S2mf
bullshitting	Q	Q2.1/A5.1
bullwhip	O	O2
bully	E	E3-/S2mf
bully-boy	E	E3
bullying	E	E3
bulwark	S	S8
bum	A	A9
bum-bag	B	B5
bum-bags	B	B5
bumblebee	L	L2
bumbling	O	O4.2
bumf	Q	Q1.2
bummer	A	A5.1
bump	A	A1.1.1
bumped	A	A1.1.1
bumper	M	M3
bumph	Q	Q1.2
bumping	A	A1.1.1
bumpkin	X	X9.1-/S2mf
bumps	A	A1.1.1
bumptious	S	S1.2.3
bumpy	O	O4.4
bun	F	F1
bunch	N	N5
bunched	S	S5
bundle	O	O2
bundled	A	A1.1.1
bundling	A	A1.1.1
bunfight	F	F1
bung	O	O2
bungalow	H	H1
bunged	M	M2
bungee	K	K5.1
bungie	K	K5.2
bunging	M	M2
bungle	X	X9.2
bungled	X	X9.2
bungler	X	X9.2-/S2mf
bungling	X	X9.2
bungy	K	K1
bunion	B	B2
bunions	B	B2
bunk	H	H5
bunk-bed	H	H5
bunker	G	G3/H1
bunkers	G	G3/H1
bunkum	A	A5.2
bunnies	L	L2mfn
bunny	L	L2mfn
buns	F	F1
bunting	O	O2
buoy	M	M4/O2
buoyancy	M	M4/O2
buoyant	I	I2.1/N5
buoyed	S	S8
burble	Q	Q2.1
burbled	Q	Q2.1
burbling	Q	Q2.1
burden	A	A12
burden-management	S	S7.1
burden-sharing	S	S1.1.2
burdened	A	A12
burdening	A	A12
burdens	A	A12
burdensome	A	A12
bureau	G	G1.1
bureaucracy	G	G1.1
bureaucrat	G	G1.1/S2mf
bureaucratic	G	G1.1
bureaucratisation	G	G1.1
bureaucratism	G	G1.1
bureaus	G	G1.1
burgeon	N	N3.8+/N3.2
burgeoning	A	A2.1+/N3.8
burger	F	F1
burgher	M	M7/S2mf
burghers	M	M7/S2mf
burglar	G	G2.1-/S2mf
burglarize	G	G2.1
burglary	G	G2.1
burgle	G	G2.1
burgled	G	G2.1
burgling	G	G2.1
burgundy	O	O4.3
burial	L	L1
burials	L	L1
buried	A	A10
burlap	O	O1.1
burlesque	S	S7.2-/Q1.2
burly	O	O4.1/S1.2.5
burn	B	B2-/O4.6
burn-out	B	B2
burned	O	O4.6
burned-out	A	A1.1.2
burner	O	O2/O4.6
burners	O	O4.6
burning	O	O4.6
burnish	A	A5.1+/A2.1
burnished	O	O4.1
burnout	B	B2
burnt	O	O4.6
burnt-out	A	A1.1.2
burnt-sienna	O	O4.3
burnt-umber	O	O4.3
burp	S	S1.2.4-/B1
burpee	K	K5.1
burping	S	S1.2.4-/B1
burr	L	L3
burring	X	X3.2
burrito	F	F1
burritos	F	F1
burrow	H	H4/L2
burrows	L	L2/H4
bursar	I	I1/S2mf
bursary	I	I1.1
burst	A	A1.1.2
bursting	A	A1.1.2
bursts	N	N5
bus	M	M3fn
bus-stop	M	M3/M7
bus-stops	M	M3/M7
buses	M	M3fn
bushfire	A	A1.1.2
bushy	O	O4.1
bushy-tailed	L	L2
busier	A	A1.1.1/N5
busiest	A	A1.1.1/N5
busily	A	A1.1.1
business	I	I2.1
business-friendly	I	I2.1/S8
business-inspired	I	I2.1
business-led	I	I2.1/S7.1
business-like	I	I3.2
business-reply	I	I2.1/Q1.2
business-school	I	I2.1/P1
business-to-business	I	I2.1
business-to-consumer	I	I2.1
business-to-customer	I	I2.1
business-wise	I	I2.1
businesslike	I	I3.2
businessman	I	I2.1/S2.2m
businessmen	I	I2.1/S2.2m
businesswoman	I	I2.2/S2.1
businessy	I	I2.1
busing	M	M3
busk	K	K2
busker	K	K2/S2mf
buskers	K	K2/S2mf
busking	K	K2
busload	M	M3/N5
busloads	M	M3/N5
busman	I	I3.2/M3/S2mf
busses	M	M3
bussle	M	M1
bust	A	A1.1.2
bustle	A	A1.1.1
bustling	M	M1
busy	A	A1.1.1/N5
busy-busy	A	A1.1.1/N5
busybody	S	S1.1.3+++/S2mf
but	Z	Z5
butane	O	O1.3
butch	S	S2.2/S1.2.3
butcher	F	F1/S2mf
butchers	F	F1/S2mf
buts	Q	Q2.2
butt	O	O2
butter	F	F1
buttercup	L	L3
buttercups	L	L3
buttered	F	F1
butterflies	L	L2mfn
butterfly	L	L2mfn
buttering	F	F1
buttermilk	F	F1
buttermint	F	F1
buttermints	F	F1
buttery	F	F1
buttie	F	F1
butties	F	F1
butting	E	E3
buttock	B	B1
buttocks	B	B1
button	B	B5
button-down	B	B5
buttonhole	B	B5
buttonholes	S	S1.1.1
buttress	H	H1
butty	F	F1
buxom	O	O4.2
buy	I	I2.2
buy-and-hold	I	I2.1
buy-and-holder	I	I2.2
buy-in	I	I2.2
buy-out	I	I2.2
buy-outs	I	I2.2
buy-up	I	I2.2
buy-ups	I	I2.2
buyback	I	I2.2
buybacks	I	I2.2
buyer	I	I2.2/S2mf
buying	I	I2.2
buyout	I	I2.2
buys	I	I2.2
buzz	X	X3.2
buzz-marketing	I	I2.2
buzzard	L	L2mfn
buzzed	X	X3.2
buzzer	O	O3
buzzing	X	X3.2
buzzword	Q	Q3
buzzy	X	X3.2
by	Z	Z5
by-election	G	G1.2/X7
by-line	A	A11.1
by-pass	M	M3
by-product	O	O1
bye	Z	Z4
bye-bye	Z	Z4
byebye	S	S1.1.1
byelaw	G	G2.1
byelaws	G	G2.1
bygone	T	T1.1.1
bylaw	G	G2.1
bylaws	G	G2.1
bypass	M	M3
bypassing	M	M1/M3
byrn	W	W3
byrns	W	W3
bystander	X	X3.4/S2mf
bystanders	X	X3.4/S2mf
byte	Y	Y2
byway	M	M3
byways	M	M3
byword	A	A4.1/A6.2
bywords	A	A4.1/A6.2
c/o	Q	Q1.2
ca	A	A7
cabbage	F	F1
cabbage-leaf	L	L3
cabbie	M	M3/S2mf
cabbies	M	M3/S2mf
cabby	M	M3/S2mf
cabin	H	H1
cabinet	H	H5
cabinet-maker	C	C1/S2mf
cabinets	H	H5
cable	O	O3
cabling	O	O3
caboodle	O	O2
caboose	M	M3
cache	A	A9+/A10
caches	A	A9+/A10
cachet	A	A11.1
caching	A	A9+/A10
caci	Z	Z3c
cackle	X	X3.2
cacophony	X	X3.2
cactus	L	L3
cadence	Q	Q3
cadet	G	G3/P1/S2mf
cadmium	O	O1.1
cadre	S	S7.1+/S2mf
cadres	S	S7.1+/S2mf
caesarean	B	B3
caesarian	B	B3
cafe	F	F1/H1
cafe-bar	F	F1/H1
cafes	F	F1/H1
cafeteria	F	F1/H2
cafetiere	O	O2/F2
cafetière	O	O2/F2
caff	F	F1/H1c
caffeine	O	O1
café	F	F1/H1
cage	H	H1/L2
caged	A	A1.7
cagey	A	A10
cagoule	B	B5
cagoules	B	B5
cahoots	S	S5
cajole	Q	Q2.2
cake	F	F1
calamities	A	A5.1
calamitous	A	A5.1
calamity	A	A5.1
calcified	A	A2.1
calcium	O	O1
calculable	N	N2
calculate	N	N2
calculated	X	X7
calculating	X	X2.4
calculation	N	N2
calculations	N	N2
calculator	Y	Y2/N2
calculators	Y	Y2/N2
calculus	N	N2
calendar	O	O2/T1.3
calender	T	T1
calf	L	L2mfn
calibrate	N	N3.1
calibrating	N	N3.1
calibre	X	X9.1
calibred	B	B5
calico	O	O1.1
call	Q	Q2.2
call-back	Q	Q1.3
call-girl	S	S3.2/S2.1f
call-up	Q	Q1.3
called	Q	Q2.2
called-up	Q	Q1.3
caller	Q	Q1.3/S2mf
calligraphy	C	C1/Q1.2
calling	Q	Q2.2
calliper	B	B3
callisthenics	K	K5.1
callous	E	E3-/S1.2
callousness	E	E3-/S1.2
callout	Q	Q2.2
calls	Q	Q2.2
calm	E	E3
calmer	E	E3
calming	E	E3
calmly	E	E3
calmness	E	E3
calorie	N	N3/F1
caloried	N	N3/F1
calories	N	N3/F1
calorific	N	N3/F1
calphi	L	L3
calsuls	B	B2
calve	B	B1/L2
calved	B	B1/L2
calves	L	L2mfn
camaraderie	S	S3.1
camber	O	O4.4
camcorder	Q	Q4.3
came	M	M1
camelia	L	L3
camelias	L	L3
camels	L	L2mfn
cameo	C	C1
camera	C	C1
camera-man	Q	Q4.3/I3.2/S2.2m
camera-men	Q	Q4.3/I3.2/S2.2m
cameraman	Q	Q4.3/I3.2/S2.2m
cameramen	Q	Q4.3/I3.2/S2.2m
camisole	B	B5
camomile	F	F2
camouflage	A	A10
camouflaged	A	A10
camp	M	M7
campaign	X	X7+/Q2.2
campaignable	X	X7+/Q2.2
campaigned	X	X7+/Q2.2
campaigner	X	X7+/Q2.2/S2mf
campaigners	X	X7+/Q2.2/S2mf
campaigning	X	X7+/Q2.2
camper	M	M3
campervanner	M	M3/S2mf
campfire	O	O4.6
camping	K	K5
campsite	H	H4/M7
campus	M	M7/P1
campuses	M	M7/P1
camshaft	M	M3/O2
can	A	A1.1.1
can-do	X	X5.2
canal	W	W3/M4
canalised	M	M6
cancel	T	T2
canceled	T	T2
cancellation	T	T2
cancelled	T	T2
cancelling	T	T2
cancer	B	B2
cancerous	B	B2
candelabra	H	H5
candid	A	A5.2
candidacy	G	G1.2
candidate	A	A7
candidature	G	G1.2
candied	F	F1
candle	O	O2/W2
candlelit	W	W2
candles	O	O2/W2
candlestick	H	H5
candlesticks	H	H5
candour	A	A5.2
cane	L	L3
canine	L	L2
caning	G	G2.1
canings	G	G2.1
canister	O	O2
canisters	O	O2
canna	A	A7
cannabis	F	F3
canned	O	O2/F1
cannelloni	F	F1
cannibal	F	F1/S2/S2mf
cannibalisation	A	A1.1.2
cannibalise	A	A1.1.2
cannibalize	A	A1.1.2
cannibals	F	F1/S2/S2mf
canning	A	A1.8
cannon	G	G3
cannons	G	G3
canny	X	X9.1
canoe	M	M4
canoeing	M	M4
canoeist	M	M4/S2mf
canoes	M	M4
canonical	S	S9
canonisation	S	S9
canonisations	S	S9
canonise	S	S9
canonised	S	S9
canonises	S	S9
canonize	S	S9
canonized	S	S9
canopy	A	A10-/O2
cantankerous	E	E3
cantata	K	K2
canteen	F	F1/H1
canter	M	M1/L2
canticle	S	S9/K2
cantieniere	G	G3/S2.1f
canvas	G	G1.2/Q2.2
canvass	G	G1.2/Q2.2
canvassed	G	G1.2/Q2.2
canvassing	G	G1.2/Q2.2
capabilities	X	X9.1
capability	X	X9.1
capable	X	X9.1
capacious	N	N3.6
capacity	N	N3.2
capacity-building	N	N5.1+/H1
capacity-related	N	N3.2
capers	L	L3
capillaries	B	B1
capillarity	B	B1
capillary	B	B1
capital	I	I1.1
capital-intensive	I	I1.1
capitalisation	I	I2.2/I1.1
capitalise	A	A5.1
capitalised	A	A5.1
capitalising	A	A5.1
capitalism	G	G1.2/I2.1
capitalist	I	I1.1/G1.2
capitalistic	I	I1.1
capitalization	I	I2.2/I1.1
capitalize	A	A5.1
capitulate	G	G3/S7.1
capitulation	S	S7.1
capped	A	A1.1.1
capping	A	A1.1.1
cappuccino	F	F2
capricious	X	X2.6
capsize	M	M1
capsized	M	M1
capstan	O	O2
capsule	O	O2
capsules	B	B3
captain	G	G3/S7.1+/S2mf
captainship	S	S7.1
caption	Q	Q1.2
captivate	X	X5.1
captivated	X	X5.1
captivates	X	X5.1
captive	A	A1.7+/S2mf
captivity	A	A1.7
capture	A	A9
capturing	A	A9
car	M	M3fn
car-mad	E	E2+/M3
car-marketing	I	I2.2/M3
car-park	M	M3/M7c
car-shopping	I	I2.2/M3
caramel	F	F1
carat	N	N3.1
caravan	M	M3fn
caravanette	M	M3fn
caravaning	K	K1
carbine	G	G3
carbines	G	G3
carbohydrate	O	O1
carbon	O	O1.1
carbonate	O	O4.5
carbonated	O	O4.5
carbonation	F	F2
carbonize	A	A1.1.1
carbonized	O	O1.1
carbonizing	A	A1.1.1
carbuncle	B	B2
carbuncles	B	B2
carburettor	M	M3/O3
carcase	L	L2/L1
carcases	L	L2/L1
carcass	L	L2/L1
carcasses	L	L2/L1
card	Q	Q1.2
card-read	Y	Y2
card-reading	Y	Y2
cardamom	F	F1
cardboard	O	O1.1
cardboardy	O	O4.1
cardholder	I	I1.1/S2mf
cardholders	I	I1.1/S2mf
cardiac	B	B1
cardie	B	B5
cardies	B	B5
cardinal	A	A11.1
cardinals	S	S9/S2.2m
cardio	B	B3
cardiovascular	B	B1
care	S	S8
care-giving	S	S8
cared	E	E6
career	I	I3.1
career-limiting	I	I3.1/A1.7
careers	I	I3.1
carefree	E	E6
careful	A	A1.3
carefully	A	A1.3
carefully-guided	A	A1.3
caregivers	S	S8+/S2mf
careless	A	A1.3
carelessly	A	A1.3
carelessness	A	A1.3
carer	S	S8+/S2mf
cares	E	E6
caress	X	X3.3/E2
caressingly	E	E2
caretaker	B	B4/S2mf
caretaking	B	B4
cargo	O	O2
cargramme	Q	Q1.3
caricature	C	C1
caries	B	B2
caring	E	E2
caringly	E	E6
carious	B	B2
carmaker	I	I4/M3
carmakers	I	I4/M3
carnage	A	A1.1.2
carnal	S	S3.2
carnation	L	L3
carnations	L	L3
carnival	K	K1
carnivals	K	K1
carnivore	L	L2
carnivorous	F	F1
carouse	F	F2
caroused	F	F2
carousel	K	K1
carp	Q	Q2.2
carpark	M	M3/M7c
carpentry	H	H1
carpet	H	H5
carpeted	H	H5
carpeting	H	H5
carping	E	E2
carputale	B	B1
carriage	M	M2
carriageway	M	M3
carried	M	M2
carrier	M	M3
carriers	M	M3
carries	M	M2
carrion	L	L1-/A1.1.2
carrot-bearded	O	O4.1
carrot-top	O	O4.1
carrot-tops	O	O4.1
carry	M	M2
carry-on	E	E6
carrying	M	M2
cars	M	M3fn
cart	M	M3fn
cart-load	N	N5
cart-loads	N	N5
carte	F	F1
cartel	I	I2.1/S5+c
cartilage	B	B1
carting	M	M2
cartload	N	N5
cartloads	N	N5
cartography	W	W3/Q1.2
carton	O	O2
cartoon	Q	Q4.3
cartoonish	C	C1
cartoonist	C	C1/S2mf
cartoonlike	Q	Q4.3
cartoony	C	C1
cartridge	O	O2
carve	A	A1.1.1
carved	A	A1.1.1
carver	C	C1/S2mf
carvery	F	F1c
carves	A	A1.1.1
carving	C	C1
carvings	C	C1
cascades	O	O1.2/W3
case	A	A4.1
case-studies	X	X2.4
case-study	X	X2.4
cased	O	O4.1
caseload	N	N5
casement	H	H2
casements	H	H2
casework	S	S8
cash	I	I1
cash-and-carry	I	I2.2
cash-back	I	I1
cash-backs	I	I1
cash-conscious	I	I1.3
cash-devouring	I	I1.3
cash-flow	I	I1
cash-for-access	I	I2.2
cash-for-questions	I	I2.2
cash-generators	A	A9+/I1
cash-in-hand	I	I1
cash-on-delivery	I	I1
cash-point	I	I1.1/Y2
cash-rich	I	I1.1
cash-strapped	I	I1.1
cashers	I	I1/S2mf
cashew	F	F1
cashews	F	F2
cashflow	I	I1.1
cashier	I	I1/S2mf
cashiering	I	I2.1
cashing	I	I1
cashless	I	I1.1
cashpoint	I	I1/H2
casing	O	O2
cask	O	O2
casket	O	O2
casks	O	O2
casserole	F	F1
casseroled	F	F1
casseroles	F	F1
cassette	K	K3
cassettes	K	K3
cassock	B	B5/S9
cassocks	B	B5/S9
cassoulet	F	F1
cassoulet-type	F	F1/A6.1
cast	K	K4/S5+c
cast-iron	A	A7
cast-off	X	X7
castanets	K	K2
castaway	S	S5-/S2mf
castaways	S	S5-/S2mf
caste	S	S5
castes	S	S5
castigate	Q	Q2.2/G2.1
castigating	Q	Q2.2/G2.1
castigation	Q	Q2.2/G2.1
casting	K	K4
castrate	B	B2-/S3.2
castrated	B	B2-/S3.2
casual	S	S1.2.1
casual-clothing	B	B5
casually	S	S1.2.1
casuals	B	B5
cat-watch	L	L2/S8
cat-watched	L	L2/S8
cataclysmic	A	A5.1
catacombs	H	H2
catalog	A	A4.1
catalogue	Q	Q4.1
cataloguing	A	A4.1
catalyst	O	O1
catalysts	O	O1
catamaran	M	M4
catapult	O	O2
cataract	B	B2-/X3.4
cataracts	B	B2-/X3.4
catastrophe	A	A5.1
catastrophic	A	A5.1
catastrophically	A	A5.1
catatonic	B	B2
catcall	X	X3.2/E2
catch	A	A9
catch-all	N	N5.1
catch-up	T	T1.1.2
catchee	A	A9
catcher	A	A1.7+/S2mf
catches	A	A9
catchier	K	K2
catching	A	A9
catchment	A	A9
catchpenny	A	A11.2
catchphrase	Q	Q3
catchy	K	K2
catechesis	S	S9
catechising	Q	Q2.2/S9
catechism	Q	Q2.2/S9
catechist	S	S9/S2mf
catechize	Q	Q2.2/S9
catechumens	S	S9/S2mf
categoric	A	A7
categorical	A	A7
categorically	A	A7
categories	A	A4.1
categorise	A	A4.1
categorize	A	A4.1
categorized	A	A4.1
category	A	A4.1
cater	S	S8
catered	S	S8
caterer	F	F1/S2mf
caterers	F	F1/S2mf
catering	S	S8
catering-related	F	F1
caterpillar	L	L2mfn
caterpillars	L	L2mfn
catharsis	G	G2.2+/A2.1
cathartic	G	G2.2+/A2.1
cathedral	S	S9/H1
catheter	B	B3
catheterise	B	B3
catheterised	B	B3
cathiodermy	B	B4
catholic	S	S9
catholicism	S	S9
catholics	S	S9/S2mf
cattery	L	L2/H1c
cattle	L	L2mfn
catty	S	S1.2.1
catwalk	M	M7/B5
caught	A	A9
cauldron	O	O2
cauli	L	L3
cauliflower	F	F1
causal	A	A2.2
cause	Z	Z5/A2.2
cause-and-effect	A	A2.2
cause-effect	A	A2.2
causer	A	A2.2
causers	A	A2.2
causes	A	A2.2
causeway	M	M3
causing	A	A2.2
caustic	O	O4.1
cauterizing	O	O4.6
caution	A	A1.3
cautionable	G	G2.1
cautional	A	A1.3
cautionary	A	A1.3
cautioned	Q	Q2.2
cautious	A	A1.3
cautiously	A	A1.3
cautiousness	A	A1.3
cavalcade	M	M3/N5
cavandish	Z	Z3c
cave	W	W3
caveat	A	A1.3
caveman	T	T1.1.1/S2.2m
cavemen	T	T1.1.2/S2.2m
caver	K	K5.1/S2mf
cavernous	N	N3.2
cavers	K	K5.1/S2mf
caviar	F	F1
caving	K	K5.1
cavity	O	O2
caw	X	X3.2
cawing	X	X3.2
cdt	C	C1
cease	T	T2
cease-fire	G	G3
ceased	T	T2
ceasefire	G	G3
ceaseless	T	T2
ceases	T	T2
ceasing	T	T2
cedar	L	L3
cede	A	A9
ceded	A	A9
ceiling	H	H2
celebrate	E	E4.1
celebrated	A	A11.1
celebrating	E	E4.1
celebration	E	E4.1
celebratory	E	E4.1
celebrities	A	A11.1+/S2mf
celebrity	A	A11.1+/S2mf
celery	F	F1
celestial	S	S9
celibacy	S	S3.2
celibate	S	S3.2-/S2mf
celibates	S	S3.2-/S2mf
cell	B	B1
cellar	H	H2
cellars	H	H2
cello	K	K2
cello-fanatic	K	K2/E2
cellophane	O	O1.1
cellphone	Q	Q1.3
cellular	B	B1
cellular-phone	Q	Q1.3
cellulite	B	B2
celluloid	O	O1.1
celtic	Z	Z3c
celtics	Z	Z3c
cement	O	O1.1
cemetery	M	M7/L1
cenotaph	O	O2/C1
censor	Q	Q4/S2mf
censorship	Q	Q4/S7.4
censure	Q	Q1.2/E2
censured	Q	Q1.2/E2
census	G	G1.1
censuses	G	G1.1
cent	I	I1
centagenarian	T	T3
centavos	I	I1
centenary	T	T3
center	M	M6
centered	M	M6
centi-cube	N	N3.4
centi-cubes	N	N3.4
centigrade	O	O4.6
centimeter	N	N3.7
centimeters	N	N3.7
centimetre	N	N3.7
centimetres	N	N3.7
centralise	S	S5
centralised	S	S5
centralism	G	G1.2/X4.2
centralist	G	G1.2
centralize	S	S5
centralized	S	S5
centrally	M	M6
centre	M	M6
centre-forward	K	K5.2/S2mf
centre-half	K	K5.1
centre-left	G	G1.2
centre-piece	O	O2/M6
centred	M	M6
centrefold	Q	Q4.2/C1
centrepiece	H	H5
centrified	M	M6
centrify	M	M6
centrist	S	S5
centuries	T	T1.3
century	T	T1.3
ceps	F	F1
ceramic	O	O1.1
ceramics	O	O1.1
cereal	F	F1
cerebral	B	B1
ceremonial	S	S1.1.1
ceremonious	S	S1.2.1
ceremoniously	S	S1.2.1
ceremony	S	S1.1.1
ceroc	K	K1
cert	A	A7
certain	A	A4.2
certainly	A	A7
certainty	A	A7
certificate	Q	Q1.2
certificates	Q	Q1.2
certification	Q	Q2.2/I3.2
certified	Q	Q2.2
certifies	Q	Q2.2
certify	Q	Q2.2
cervical	B	B1
cervix	B	B1
cessation	T	T2
cf	Z	Z5/A6
cf.	Z	Z5/A6
ch'en	Z	Z1
ch'in	Z	Z3
ch'ing	Z	Z3
ch'u	Z	Z2
chafe	A	A1.1.1
chaff	F	F1
chagrin	E	E4.1
chain	S	S5+/I2.1c
chainsaw	O	O2
chair	H	H5
chair-beds	H	H5
chairlift	M	M5fn
chairman	S	S7.1+/S2mf
chairmanship	S	S7.1
chairmen	S	S7.1+/S2mf
chairperson	S	S7.1+/S2mf
chairwoman	S	S7.1+f
chaise	H	H5
chalet	H	H1
chalice	O	O2/S9
chalices	F	F2/O2
chalk	O	O1.1
chalked	Q	Q1.2
chalkiness	O	O4.3
chalking	Q	Q1.2
chalky	O	O4.3
challenge	A	A12
challenged	B	B2
challenging	A	A12
chamber	H	H2
chambermaid	I	I3.1/B4/S2.1f
chambermaiding	B	B4
chambermaids	I	I3.1/B4/S2.1f
chameleon	L	L2
chamomile	L	L3
champ	X	X9.2+/S7.3/S2mf
champagne	F	F2
champagne-swilling	F	F2/N5.2
champaigns	W	W3
champing	B	B1
champion	S	S8
championship	K	K5/S7.3
championships	K	K5/S7.3
chance	A	A1.4
chanced	A	A1.4
chancel	H	H2/S9
chancy	A	A15
chandelier	H	H5
chandeliers	H	H5
change	A	A2.1
change-negative	A	A2.1
change-positive	A	A2.1
changeability	A	A2.1
changeable	W	W4
changed	A	A2.1
changeover	A	A2.1
changing	A	A2.1
channel	M	M2
channelled	M	M2
channelling	M	M2
channels	M	M2
chant	K	K2
chanting	K	K2
chantries	S	S9/H2
chantry	S	S9/H2
chaos	A	A1.7
chaotic	A	A1.7
chap	B	B2
chapati	F	F1
chapatis	F	F1
chaperon	S	S8+/S2mf
chaplain	S	S9/S2mf
chappie	S	S2.2m
chappy	S	S2.2m
chaps	S	S2.2m
chapter	Q	Q4.1
chapter-by-chapter	N	N4
char	F	F2
character	O	O4.1
character-building	S	S1.2
character-wise	S	S1.2
characterisation	A	A4.1
characterisations	A	A4.1
characterise	A	A4.1
characteristic	O	O4.1
characteristically	A	A6.2
characterization	A	A4.1
characterize	A	A4.1
characterized	A	A4.1
characterizes	A	A4.1
characterless	O	O4.2
characters	S	S2mf
charade	A	A5.2
charades	K	K5.2
charcoal	O	O1.1
charge	I	I1.3
charged	I	I1.3
charger	O	O3
charging	I	I1.3
charier	A	A1.3
chariest	A	A1.3
chariot	M	M3
chariots	M	M3
charism	S	S9
charisma	S	S1.2
charismatic	S	S1.2
charitable	S	S8
charitably	S	S1.2.2
charities	S	S8+/S5
charity	S	S8+/S5+c
charlatan	A	A5.2-/S2mf
charley	S	S1.2.6-/S2mf
charlies	S	S1.2.6-/S2mf
charly	S	S1.2.6-/S2mf
charm	O	O4.2
charmed	A	A1.4
charmer	O	O4.2+/S2mf
charmeuse	O	O4.1
charming	O	O4.2
charmingly	O	O4.2
charred	A	A1.1.2
chart	Q	Q1.2/N2
charter	I	I2.2
chartered	I	I2.2
chartering	I	I2.2/M4
charts	Q	Q1.2/N2
chary	A	A1.3
chase	M	M1
chaser	F	F2
chasers	F	F2
chasing	M	M1
chasm	W	W3
chasseur	F	F1
chassis	M	M3
chaste	G	G2.2
chastened	G	G2.1
chastise	G	G2.1
chastisement	G	G2.1
chastity	S	S3.2/G2.2
chat	Q	Q2.1
chat-line	Q	Q2.1/Y2
chat-room	Y	Y2
chateau	H	H1
chateaus	H	H1
chattel	A	A9
chattels	A	A9
chatter	Q	Q2.1
chatting	Q	Q2.1
chatty	Q	Q2.1
chauffeur	M	M3/S2mf
chauffeur-driven	M	M3
chauffeured	M	M3
chauffeuse	M	M3/S2.1f
chauvinism	S	S5+/Z2
chauvinist	S	S5+/Z2/S2mf
chauvinistic	S	S5+/Z2
chauvinists	S	S5+/Z2/S2mf
cheap	I	I1.3
cheapen	S	S7.2-/A2.1
cheapened	S	S7.2-/A2.1
cheapening	S	S7.2-/A2.1
cheapens	S	S7.2-/A2.1
cheaper	I	I1.3
cheaper-priced	I	I1.3
cheapest	I	I1.3
cheapie	I	I1.3
cheapies	I	I1.3
cheapish	I	I1.3
cheaply	I	I1.3
cheapness	I	I1.3
cheapo	I	I1.3
cheapskate	I	I1.3
cheapy	I	I1.3
cheat	G	G2.2-/A5.2
cheated	G	G2.2-/A5.2
cheater	G	G2.2-/S2mf
cheaters	G	G2.2-/S2mf
cheating	G	G2.2-/A5.2
cheats	G	G2.2-/A5.2
check	X	X2.4/A5.3
check-cashing	I	I1
check-in	M	M5
check-out	I	I2.2
check-up	B	B3
checkbook	Q	Q1.2/I1
checkboxes	Y	Y2
checked	O	O4.3/B5
checker	K	K5.2
checkered	A	A5.1
checking	I	I1
checklist	Q	Q1.2
checkout	I	I2.2
checkouts	I	I2.2
checkpoint	M	M7/M3
cheek	S	S1.2.4
cheekbone	B	B1
cheer	Q	Q2.2
cheerful	E	E4.1
cheerfully	E	E4.1
cheerfulness	E	E4.1
cheeriness	E	E4.1
cheering	Q	Q2.2
cheerio	Z	Z4
cheerleaders	E	E4.1+/K5/S2mf
cheerless	E	E4.1
cheery	E	E4.1
cheese	F	F1
cheesecake	F	F1
cheesecakes	F	F1
cheesy	A	A5.1
cheetah	L	L2
cheetah-like	L	L2
chef	F	F1
chefing	F	F1
chemical	O	O1
chemically	O	O1
chemist	B	B3/S2mf
chemistry	Y	Y1
chemo	B	B3
chemotherapy	B	B3
chengchow	Z	Z2
chenille	O	O1
cheque	I	I1
chequebook	Q	Q1.2/I1
chequebooks	Q	Q1.2/I1
chequered	A	A5.1
cherish	E	E2
cherished	E	E2
cherishing	E	E2
cherub	S	S9
cherubim	S	S9
chess	K	K5.2
chessboard	K	K5.2
chesspiece	K	K5.2/O2
chest	B	B1
chestnut	F	F1
chesty	B	B2
chew	F	F1/B1
chewier	O	O4.5
chewing	F	F1/B1
chewy	O	O4.5
chic	O	O4.2
chick	L	L2mfn
chicken	L	L2mfn
chickened	E	E5
chicks	L	L2mfn
chidden	Q	Q2.2/E2
chide	Q	Q2.2/E2
chided	Q	Q2.2/E2
chides	Q	Q2.2/E2
chiding	Q	Q2.2/E2
chief	S	S7.1
chiefly	A	A14
chieftain	S	S7.1+/S2mf
chieftains	S	S7.1+/S2mf
chiffon	B	B5
child	S	S2mf/T3
child-centred	S	S2mf/T3-/A11.1
child-like	T	T3-/S2mf
child-minder	S	S8+/S4/S2mf
child-minding	S	S8+/S4
child-raising	S	S4
child-rearing	S	S4
child-safe	A	A15
childbirth	B	B1/S4
childcare	P	P1
childhood	T	T1.3/T3
childish	S	S1.2/T3
childishly	S	S1.2/T3
childishness	S	S1.2/T3
childless	S	S4
childlike	O	O4.2/T3
childmind	S	S8+/S4
childminder	S	S8+/S4/S2mf
childminding	S	S8+/S4
children	S	S2mf/T3
children-at-risk	S	S2mf/T3-/A15
childrenswear	B	B5
children’s	S	S2mf/T3
chill	O	O4.6
chilled	O	O4.6
chiller	O	O4.6
chilling	E	E5
chilly	O	O4.6
chime	X	X3.2
chimes	X	X3.2
chiming	X	X3.2
chimney	H	H2
chimneys	H	H2
chin-high	N	N3.7
chine	F	F1
ching	X	X3.2
ching-kang-shan	Z	Z2
chink	N	N5
chino-clad	B	B5
chinograph	Q	Q1.2
chinos	B	B5
chintz	B	B5
chinwag	Q	Q2.1
chip	F	F1
chip-making	I	I4
chipa	Z	Z3
chipboard	O	O1.1
chipmaker	Y	Y2
chipmaking	I	I4
chipmunk	L	L2
chipolata	F	F1
chipped	A	A1.1.2
chippie	F	F1/H1
chippies	F	F1/H1
chipping	A	A1.1.1
chippy	F	F1/H1c
chips	F	F1
chipsticks	Z	Z3
chiropody	B	B3
chiropractic	B	B3
chiropractics	B	B3
chiropractor	B	B3/S2mf
chiropracty	B	B3
chirp	X	X3.2
chirpiness	E	E4.1
chirping	X	X3.2
chirps	L	L2/X3.2
chirpy	E	E4.1
chisel	A	A1.1.1
chisel-jawed	O	O4.1
chit	Q	Q1.2
chit-chat	Q	Q2.1
chitchat	Q	Q2.1
chivalrous	G	G2.2
chivalry	G	G2.2
chloride	O	O1.3
chlorine	O	O1.3
chocca	N	N5.1
chock	O	O2
chocoholic	F	F1/E2
chocolate	F	F1
chocolates	F	F1
chocolatey	F	F1
choice	A	A5.1
choices	X	X7
choicest	A	A5.1
choir	K	K2/S5c
choke	M	M3/O2
choked	S	S8
choker	N	N5
chokers	B	B5
choking	B	B2
cholera	B	B2
choleric	B	B2
cholesterol	O	O1
cholostomy	B	B3
chomp	F	F1/B1
chomper	B	B1
chompy	B	B1
choose	X	X7
chooser	X	X7+/S2mf
choosers	X	X7+/S2mf
choosey	X	X7
choosing	X	X7
choosy	X	X7
chop	A	A1.1.1
chopped	O	O4.1
chopper	M	M5
chopping	A	A1.1.1
choppy	W	W4
chops	A	A1.1.1
choral	K	K2
chord	K	K2
chore	A	A1.1.1/E2
choreograph	K	K4
choreography	K	K4
chorister	K	K2/S2mf
chortle	E	E4.1
chorus	K	K2
choruses	K	K2
chorusing	K	K2
chorusy	K	K2
chose	X	X7
chosen	X	X7
christen	S	S9
christened	S	S9
christening	S	S9
christenings	S	S9
christian-like	S	S9
chromalin	B	B1
chromatin	B	B1
chrome	O	O1.1
chromey	O	O1.1
chromium	O	O1.1
chromosome	B	B1
chromosomes	B	B1
chronic	T	T1.3
chronically	T	T2
chronicled	Q	Q1.2
chronological	T	T1/N4
chronologically	T	T1/N4
chronology	T	T1/N4
chubby	O	O4.2
chuck	M	M2
chucking	M	M2
chuckle	E	E4.1
chuffed	E	E4.2
chug	M	M1
chukka	K	K5.1
chum	S	S3.1/S2mf
chummy	S	S3.1/S2m
chump	F	F1
chunk	A	A1.1.1
chunky	O	O4.4
chunter	Q	Q2.1
churchman	S	S9/S2.2m
churchmen	S	S9/S2.2m
churchwarden	S	S7.1+/S9/S2mf
churchwardens	S	S7.1+/S9/S2mf
churchy	S	S9
churchyard	H	H3/S9
churing	A	A1.1.1
churlish	S	S1.2.1
churlishly	S	S1.2.1
churlishness	S	S1.2.4
churn	F	F1
churned	A	A1.1.1
chute	O	O2
cider	F	F2
cigar	F	F3
cigarette	F	F3
cigars	F	F3
cinder	O	O2
cinders	O	O2
cine	Q	Q4.3
cinema	Q	Q4.3/H1
cinemas	Q	Q4.3/H1
cinnamon	F	F1
cinquochento	Z	Z3
cipher	A	A10-/Q1.2
ciphered	A	A10-/Q1.2
ciphers	A	A10-/Q1.2
circa	Z	Z5
circles	O	O4.4
circuit	O	O3
circuit-switched	O	O3
circuited	O	O3
circuitous	X	X9.2
circuitry	O	O3
circular	Q	Q1.2
circularisation	Q	Q1.2
circulate	M	M2
circulating	M	M2
circulation	I	I2.2/N5
circulatory	B	B1
circumcised	B	B3
circumcision	B	B3
circumference	M	M7
circumflexion	M	M2
circumscribe	A	A1.7
circumscribed	A	A1.7
circumscription	A	A1.7
circumspect	A	A1.3
circumstance	O	O4.1
circumstantial	O	O4.1
circumvent	A	A1.9
circumvention	A	A1.9
circus	K	K1
cissie	S	S1.2.5-/S2mf
cissy	S	S1.2.5-/S2mf
cistern	O	O2
cisterns	O	O2
citation	S	S7.2+/Q2.2
cite	Q	Q2.2
cited	Q	Q2.2
cites	Q	Q2.2
cities	M	M7
citified	H	H1
citing	Q	Q2.2
citizen	G	G1.1/S2mf
citizens	G	G1.1/S2mf
citizenship	G	G1.1
citrusy	F	F2
cityscape	X	X3.4/M7
cityscapes	X	X3.4/M7
civil	G	G1.1
civilian	G	G3-/S2mf
civilisation	S	S1.1.1
civilise	P	P1
civilised	A	A5.1+/A2.1
civility	S	S1.2.4
civilization	S	S1.1.1
civilize	P	P1
civilized	P	P1
civilly	S	S1.2.4
civvy	G	G3
clabbery	O	O1.1
clad	B	B5
cladding	H	H1
claggy	O	O4.5
claim	Q	Q2.2
claimant	Q	Q2.2/S2mf
claimed	Q	Q2.2
claiming	Q	Q2.2
claims	Q	Q2.2
clairvoyance	S	S9
clairvoyant	S	S9
clam	F	F1/L2
clamber	M	M1
clammy	O	O4.5
clamoring	X	X3.2
clamorous	X	X3.2
clamorously	X	X3.2
clamorousness	X	X3.2
clamour	X	X3.2
clamoured	X	X3.2
clamours	X	X3.2
clamp	O	O2
clampdown	A	A1.7
clamped	A	A1.7
clamping	A	A1.7
clan	S	S4c
clandestine	A	A10
clang	X	X3.2
clanger	A	A5.3
clanging	X	X3.2
clangorous	X	X3.2/N6
clangorously	X	X3.2/N6
clangour	X	X3.2/N6
clangy	X	X3.2
clank	X	X3.2
clanking	X	X3.2
clannish	S	S5
clap	X	X3.2
clapped	X	X3.2
clapped-out	O	O4.2
clapper	X	X3.2/O2
clapperboard	Q	Q4.3
clapping	X	X3.2
claps	X	X3.2
clarification	A	A7+/Q2.2
clarified	A	A7+/Q2.2
clarifies	A	A7+/Q2.2
clarify	A	A7+/Q2.2
clarifying	A	A7+/Q2.2
clarinet	K	K2
clarity	A	A10
clash	E	E3
clashes	E	E3
clashing	E	E3
clasp	A	A1.7
clasped	A	A1.7
clasping	A	A1.7
clasps	O	O2
class	P	P1c
class-a	A	A5.1
class-based	P	P1
classbook	Q	Q4.1/P1
classed	A	A4.1
classic	A	A4.1
classical	T	T3
classically	T	T3
classicism	A	A6.2
classicist	Q	Q3/S2mf
classicy	O	O4.2
classier	O	O4.2
classification	A	A4.1
classified	A	A4.1
classifieds	Q	Q4.2
classify	A	A4.1
classless	S	S5
classmate	S	S2mf/P1
classroom	P	P1/H2
classwork	P	P1
classy	O	O4.2
clatter	X	X3.2
clause	Q	Q1.2
clauses	Q	Q1.1
claustrophobia	B	B2-/X1
claustrophobic	A	A1.7
clavicle	B	B1
claw	L	L2
claw-back	A	A9
clawback	A	A9
clay	O	O1.1
clean	B	B4
clean-cut	O	O4.2
clean-shaved	O	O4.2+/B4
clean-up	B	B4
cleanable	B	B4
cleaned	B	B4
cleaner	O	O4.2
cleanest	O	O4.2
cleaning	B	B4
cleanliness	O	O4.2
cleanly	B	B4
cleanness	O	O4.2
cleanse	B	B4
cleanser	B	B4
cleansing	B	B4
clear	M	M2
clear-cut	A	A4.2
clear-up	G	G2.1
clearance	A	A9
cleared	M	M2
clearer	A	A7
clearest	A	A7
clearing	L	L3
clearing-house	X	X2.4/S7.1
clearly	A	A7
cleats	O	O2
cleave	N	N5-/A2.1
cleaves	A	A1.1.1
cleft	O	O4.1
clematis	L	L3
clemency	G	G2.1
clement	W	W4
clenched	A	A10
clergy	S	S9c
clergyman	S	S9/S2.2m
clergymen	S	S9/S2.2m
cleric	S	S9/S2mf
clerical	Q	Q1.2
clerics	S	S9/S2mf
clerk	I	I2.1/S2mf
clever	X	X9.1
cleverer	X	X9.1
cleverest	X	X9.1
cleverly	X	X9.1
cleverness	X	X9.1
clich	A	A6.2
cliche	A	A6.2
cliched	A	A6.2
click	X	X3.2
click-through	Y	Y2
clicked	X	X3.2
clicking	X	X3.2
clicky	X	X3.2
client	I	I2.2/S2mf
client-led	I	I2.2
clientele	I	I2.2/S2c
clients	I	I2.2/S2mf
cliffs	W	W3
climactic	A	A11.1
climate	W	W4
climatic	W	W4
climax	X	X5.2
climb	M	M1
climbed	M	M1
climber	K	K5.1/S2mf
climbing	M	M1
clinch	X	X6
clinched	X	X6
clincher	X	X6
clinching	X	X6
cling	A	A1.7
clinging	A	A1.7
clingy	O	O4.5
clinic	B	B3
clinical	B	B3
clinically	B	B3
clinician	B	B3/S2mf
clinicians	B	B3/S2mf
clinics	B	B3
clink	X	X3.2
clinker	B	B5
clinking	X	X3.2
clip	A	A1.1.1
clip-board	O	O2
clipboard	Q	Q1.2
clipper	M	M4fn
clipping	A	A1.1.1
clippings	Q	Q4.2
clique	S	S5
cliques	S	S5+c
cliquey	S	S5
clit	B	B1
clitoris	B	B1
cloak	B	B5
cloakroom	H	H2/B5
cloakrooms	H	H2/B5
cloaks	B	B5
clobber	E	E3
clobbered	E	E3
clock	N	N3.1
clock-in	I	I3.1/T2
clockwise	M	M6
clockwork	O	O2
clod	O	O1.1
clog	B	B5
clogged	A	A10
clogging	S	S8
cloister	S	S5
cloistered	S	S5
clone	A	A6.1+mfn
clonk	Z	Z4
clonked	X	X3.2
close	A	A1.1.1
close-knit	S	S5
close-up	A	A4.2
closed	A	A10
closed-door	A	A10
closely	A	A13.4
closely-knit	S	S5
closeness	N	N3.3
closer	N	N3.3
closest	N	N3.3
closet	H	H5
closing	A	A1.1.1
closure	A	A1.1.1
closures	T	T2
clot	B	B1
cloth	B	B5
clothe	B	B5
clothed	B	B5
clothes	B	B5
clothes-wise	B	B5
clothier	I	I2.2/B5/S2mf
clothiers	I	I2.2/B5/S2mf
clothing	B	B5
clotification	S	S5
clotted	O	O4.5
clotting	B	B1
cloudburst	W	W4
clouded	O	O4.3
cloudiness	O	O4.1
cloudless	W	W4
clouds	O	O4.3
cloudy	W	W4
clout	E	E3
clouted	E	E3
clove	L	L3
cloves	F	F1
clown	E	E4.1+/S2mf
clownish	S	S1.2.6
cloying	O	O4.2
cloyingly	A	A5.1
club	K	K1
clubbing	K	K1
clubby	S	S5
clubman	K	K1/S2.2m
clubs	S	S5
cluck	X	X3.2
clucked	X	X3.2
clue	X	X4.1
clueless	X	X9.1
clump	N	N5
clumps	N	N5
clumsily	O	O4.2
clumsiness	O	O4.2
clumsy	O	O4.2
clung	A	A9
cluster	S	S5
clustered	S	S5
clustering	S	S5
clutch	A	A1.7
clutching	A	A1.7
clutter	O	O4.1
cluttered	O	O4.1
co	I	I2.1/S5c
co-ceo	S	S7.1+/S2mf
co-assessment	X	X2.4/A5
co-assistant	S	S8+/S2mf
co-author	Q	Q4.1/S2mf
co-authored	Q	Q1.2
co-branded	Q	Q1.1/I2.2
co-branding	I	I2.2
co-chairman	S	S7.1+/S2mf
co-chairs	S	S7.1+/S2mf
co-equal	A	A6.1
co-exist	S	S5
co-founder	T	T2+/S2mf
co-heir	S	S4mf
co-heirs	S	S4mf
co-investors	I	I1.1/S2mf
co-learners	P	P1/S2mf
co-locating	T	T1.1.2
co-location	Y	Y2
co-operate	S	S8
co-operating	S	S8
co-operation	S	S8
co-operatively	S	S8
co-opted	A	A1.8
co-ordinate	N	N2
co-ordinated	S	S7.1
co-ordinates	S	S7.1
co-ordination	S	S7.1
co-ordinator	S	S7.1+/S2mf
co-owner	A	A9+/S2mf
co-owners	A	A9+/S2mf
co-participation	S	S1.1.3
co-partner	S	S3.1/S2mf
co-partners	S	S3.1/S2mf
co-pilot	M	M5/I3.2/S2mf
co-presenter	Q	Q4.3/S2mf
co-president	G	G1.1/S7.1+/S2mf
co-produce	A	A1.1.1/S5
co-production	A	A1.1.1/S5
co-publish	Q	Q4/S5
co-published	Q	Q4/S5
co-publishing	Q	Q4/S5
co-retailer	I	I2.2/S2mf
co-sponsoring	A	A9-/I1.1
co-star	K	K4/S2mf
co-students	P	P1/S2mf
co-teach	P	P1
co-teaching	P	P1
coach	K	K5.1/I3.2/S2mf
coach-load	M	M3/N5
coaches	K	K5.1/I3.2/S2mf
coaching	P	P1
coachman	M	M3/S2.2m
coagulate	O	O4.5
coagulated	O	O4.5
coal	O	O1.1
coal-mining	I	I4
coal-pit	W	W3/I4
coal-pits	W	W3/I4
coal-yard	H	H3/I4
coalface	W	W3/I4
coalfield	W	W3
coalition	S	S5+c
coalmine	I	I4/H1c
coals	O	O1.1
coarse	O	O4.5
coarsely	O	O4.5
coarseness	O	O4.5
coast	E	E6
coastal	W	W3/M4
coaster	M	M4fn
coastering	K	K5.1
coastguard	M	M4/X3.4/S2mf
coasting	M	M2/A1.7
coastline	W	W3/M4
coasts	W	W3/M4
coat	A	A1.1.1/A10
coat-of-arms	Q	Q1.1
coated	O	O4.1
coaters	A	A1.1.1/A10-/S2mf
coathanger	O	O2
coating	A	A1.1.1/A10
coats	B	B5
coax	Q	Q2.2
coaxing	Q	Q2.2
cob	F	F1
cobalt	O	O1
cobble	H	H1
cobbled	H	H1
cobbler	B	B5/S2mf
cobblers	B	B5/S2mf
cobbles	O	O2
cobblestone	O	O2
cobblestones	O	O2
cobbling	B	B5/A1.1.1
cobra	L	L2mfn
cobweb	L	L2/O2
cobwebs	L	L2/O2
cocaine	O	O1
cock	G	G3
cock-up	A	A5.3
cockatiel	L	L2mfn
cockatrice	L	L2
cockatrices	L	L2
cocked	G	G3
cocker	L	L2mfn
cockerel	L	L2
cockle	L	L2
cockles	F	F1
cockney	Z	Z2
cockpit	M	M5
cockroach	L	L2
cockroaches	L	L2
cocksure	S	S1.2.3
cocktail	F	F2
cocky	S	S1.2.3
cocoa	F	F2
coconut	F	F1
cocoon	A	A1.7
cocooned	A	A1.7
cod	F	F1
coddle	F	F1
code	A	A10-/Q1.1
code-name	Q	Q2.2
codeable	A	A10-/Q1.1
coded	A	A10-/Q1.1
codename	Q	Q2.2
codenamed	Q	Q2.2
coder	A	A4.1/S2mf
coders	A	A4.1/S2mf
codeword	Q	Q3/A10
codger	T	T3++/S2.2m
codgers	T	T3++/S2.2m
codifies	A	A4.1
codify	A	A4.1
coding	A	A10-/Q1.1
codling	F	F1
codpiece	B	B5
coefficient	N	N1
coerce	S	S7.1
coerced	S	S7.1
coercing	S	S7.1
coercion	S	S7.1
coeur	B	B1
coexistence	S	S5
coffee	F	F2
coffee-house	H	H1/F1
coffee-related	F	F1
coffers	I	I1.1
coffin	O	O2/L1
coffined	A	A1.7+/L1
coffining	A	A1.7+/L1
cofounder	T	T2+/S2mf
cog	O	O2
cogent	A	A5.1
cogitation	X	X2.1
cogitations	X	X2.1
cognacs	F	F2
cognisance	X	X2.2
cognisant	X	X2.2
cognition	X	X2.1
cognitive	X	X2.1
cohabit	S	S3.2/H4
cohabitee	S	S3.2/S2
cohabitees	S	S3.2/S2
cohabiting	S	S3.2
cohere	S	S5
cohered	S	S5
coherence	A	A7
coherent	A	A7
coherently	A	A7
cohesion	S	S5
cohesive	S	S5
cohort	G	G3/S5
cohorts	G	G3/S5
coil	O	O4.4
coiled	O	O4.4
coin	I	I1
coinage	I	I1
coincide	T	T1.1.2
coincided	T	T1.1.2
coincidence	A	A1.4
coincidental	A	A1.4
coincidentally	A	A1.4
coins	I	I1
cola	F	F2
cold	O	O4.6
cold-blooded	E	E1
cold-headed	S	S1.2.6
cold-hearted	S	S1.2.1
colder	O	O4.6
coldest	O	O4.6
coldly	O	O4.6
coldness	O	O4.6
coleslaw	F	F1
colic	B	B2
colisium	Z	Z2
coll	W	W3
collaborate	S	S1.1.3
collaborating	S	S1.1.3
collaboration	S	S1.1.3
collaborative	S	S1.1.3
collaboratively	S	S1.1.3
collaborator	S	S1.1.3+/S2mf
collage	C	C1
collagen	O	O1
collages	C	C1
collapse	A	A1.1.2
collapsed	A	A1.1.2
collapsible	N	N3.2-/A2.1
collapsing	A	A1.1.2
collar	B	B5
collared	A	A9
collate	A	A9
collateral	I	I1.1
collating	A	A4.1
colleague	I	I3.2/S2mf
colleagues	I	I3.2/S2mf
collect	A	A9
collectable	A	A9
collected	A	A9
collecting	A	A9
collection	A	A9
collective	S	S5
collectively	S	S5
collectivities	S	S5
collectivity	S	S5
collectivization	F	F4/I4
collector	A	A9+/S2mf
college	P	P1/H1c
college-age	P	P1/T3
college-bound	P	P1
collegial	S	S5
collegiate	P	P1
colleries	I	I4/H1c
collide	A	A1.1.2
collie	L	L2mfn
collieries	I	I4/M7c
colliery	I	I4/H1c
collision	A	A1.1.2
collisions	A	A1.1.2
collocate	Q	Q3
collocates	Q	Q3
collocation	Q	Q3
collop	F	F1
colloquial	Q	Q3
colloquialism	Q	Q3
colloquially	Q	Q3
collusion	G	G2.1
colly	L	L2mfn
colonel	G	G3/S7.1+/S2mf
colonels	G	G3/S7.1+/S2mf
colonial	M	M7/S7.1
colonialism	S	S7.1
colonialists	S	S7.1+/S2mf
colonise	M	M7/S7.1
colonised	M	M7/S7.1
colonization	M	M7/S7.1
colonize	M	M7/S7.1
colonized	M	M7/S7.1
colonizer	M	M7/S7.1+/S2mf
colony	M	M7/S7.1
color	O	O4.3
colorful	O	O4.3
colors	O	O4.3
colossal	N	N3.2
colossus	N	N3.2+/O2
colostomy	B	B3
colour	O	O4.3
coloured	O	O4.3
colourful	O	O4.3
colouring	O	O4.3
colourless	O	O4.3
colours	O	O4.3
colposcope	O	O2/B3
column	O	O2
columnar	O	O4.4
columnist	Q	Q4.2/S2mf
com	I	I2.1
coma	B	B2
comatose	B	B2
comb	B	B4
combat	G	G3
combatant	G	G3/S2mf
combatants	G	G3/S2mf
combative	E	E3
combatively	E	E3
combatting	S	S8
combination	A	A6.3
combinations	A	A6.3
combine	A	A2.2
combined	A	A2.2
combing	X	X2.4
combining	A	A2.1
combustible	E	E6
combustion	O	O4.6
come	M	M1
come-on	X	X5.2+/S3.2
comeback	S	S1.1.2
comedian	E	E4.1+/S2mf
comedians	E	E4.1+/S2mf
comedy	E	E4.1
comer	M	M1/S2mf
comers	M	M1/S2mf
comes	M	M1
comfortable	O	O4.2
comfortably	O	O4.2
comforter	S	S8+/S2mf
comforting	E	E3
comfortingly	E	E3
comfortless	S	S8
comforts	S	S8
comfy	O	O4.2
comic	E	E4.1
comical	E	E4.1
coming	M	M1
comma	Q	Q3
command	S	S7.1
commandant	G	G3/S7.1+/S2mf
commanded	S	S7.1
commandeer	A	A9+/S7.1
commandeered	A	A9+/S7.1
commander-in-chief	S	S7.1+/S2mf
commanding	S	S7.1
commandment	Q	Q2.2
commandments	Q	Q2.2
commando	G	G3/S5
commas	Q	Q3
comme	Z	Z5
commemorate	S	S1.1.1
commemoration	S	S1.1.1
commemorations	S	S1.1.1
commemorative	S	S1.1.1
commence	T	T2
commencement	T	T2
commencing	T	T2
commend	Q	Q2.2
commendable	S	S7.2
commendation	S	S7.2
commended	Q	Q2.2
commensurate	A	A6.1
comment	Q	Q2.1
commentary	Q	Q2.1
commentate	Q	Q2.1
commentated	Q	Q2.2
commentator	Q	Q2.2/S2mf
commentators	Q	Q2.2/S2mf
commented	Q	Q2.1
commenting	Q	Q2.1
commerce	I	I2.1
commercial	I	I2.1
commercial-estate	I	I2.1/H3
commercialisation	I	I2.1
commercialise	I	I2.1
commercialised	I	I2.1
commercialism	I	I2.1
commercialization	I	I2.1
commercialized	I	I2.1
commercially	I	I2.1
commi	F	F1/S2mf
commie	G	G1.2
commis	F	F1/S2mf
commiseration	E	E4.1
commission	A	A1.1.1
commissioned	I	I2.2
commissioner	G	G1.1/S2mf
commissioning	I	I2.2
commissions	A	A1.1.1
commit	A	A1.1.1
commitment	S	S6
committal	A	A1.7+/G2.1
committed	S	S6
committee	S	S7.1+/S5+c
committees	S	S7.1+/S5+c
committing	A	A1.1.1
commodious	N	N3.2
commodities	O	O2
commodity	O	O2
common	A	A6.2
common-sense	S	S1.2.6
commonality	A	A6.1
commonalty	S	S5
commoner	S	S7.1-/S2mf
commoners	S	S7.1-/S2mf
commonest	A	A6.2
commonly	A	A6.2
commonplace	A	A6.2
commotion	E	E3
commotions	E	E3
comms	Q	Q1.3/Y2
communal	S	S1.1.2
communally	S	S5
commune	S	S5+c
communes	S	S5
communicant	S	S9/S2mf
communicate	Q	Q2.1
communicated	Q	Q2.1
communicating	Q	Q2.1
communication	Q	Q2.1
communicative	Q	Q2.1
communicator	Q	Q2.1/S2mf
communicators	Q	Q2.1/S2mf
communing	S	S5
communion	S	S9
communism	G	G1.2
communist	G	G1.2/S2mf
communistic	G	G1.2
communities	S	S5
community	S	S5+c
community-based	S	S5
community-focused	S	S5
commutable	M	M1
commutation	A	A2.1
commute	M	M3
commuted	M	M1
commuter	M	M3/S2mf
commuters	M	M3/S2mf
commuting	M	M3
comp	Y	Y2
compact	N	N3.2
compadre	S	S3.1
compadres	S	S3.1
companies	I	I2.1/S5+c
companion	S	S3.1/S2mf
companions	S	S3.1/S2mf
companionship	S	S3.1
company	I	I2.1/S5+c
company-owned	I	I2.1/A9
comparability	A	A6.1
comparable	A	A6.1
comparative	A	A6
comparatively	A	A6
comparator	O	O2
compare	A	A6.1
compared	A	A6
compares	A	A6
comparing	A	A6
comparison	A	A6.1
compartment	O	O2
compartmentalise	A	A4.1
compartmentalize	A	A4.1
compartmentalized	A	A4.1
compass	O	O2/M6
compassion	E	E1
compassionate	X	X2.5+/S1.2
compatibility	A	A6.1
compatible	A	A6.1
compatibles	A	A6.1
compatriot	M	M7/S2mf
compatriots	M	M7/S2mf
compeer	S	S3.1/S2mf
compeers	S	S3.1/S2mf
compel	S	S6
compelled	S	S7.1
compelling	A	A5.2+/A8
compendium	Q	Q4.1
compensate	S	S8
compensated	S	S8
compensation	S	S8
compete	S	S7.3
competence	X	X9.1
competency	X	X9.1
competent	X	X9.1
competetive	S	S7.3
competing	S	S7.3
competition	K	K1
competitive	S	S7.3
competitively	S	S7.3
competitiveness	S	S7.3
competitor	S	S7.3+/S2mf
compilation	N	N5
compile	Q	Q1.2
compiled	Q	Q1.2
compiler	Q	Q4.1/S2mf
complacency	E	E4.2
complacent	E	E4.2
complain	Q	Q2.2/E2
complainant	G	G2.1/S2mf
complained	Q	Q2.2/E2
complainer	Q	Q2.2/S2mf
complaining	Q	Q2.2/E2
complains	Q	Q2.2/E2
complaint	Q	Q2.2/E2
complaints	Q	Q2.2/E2
complement	N	N5.1
complementarity	N	N5.1
complementary	N	N5.1
complemented	N	N5.1
complements	N	N5.1
complete	N	N5.1
completed	T	T2
completely	A	A13.2
completing	T	T2
completion	T	T2
complex	A	A12
complexion	B	B1
complexions	B	B1
complexity	A	A12
compliance	A	A6.1
compliant	A	A6.1
complicate	A	A12
complicated	A	A12
complication	A	A12
complicity	A	A1.8
complies	A	A6.1
compliment	S	S1.2.4
complimentaries	I	I1.3
complimentary	S	S1.2.4
comply	A	A6.1
component	N	N5.1
componentary	N	N5.1
componentry	N	N5.1
componetary	N	N5.1
compose	N	N5.1
composed	N	N5.1
composer	K	K2/S2mf
composers	K	K2/S2mf
composing	N	N5.1
composite	O	O4.1
composition	N	N5.1
compositor	Q	Q4.1/S2mf
compost	O	O1.1
composting	A	A1.5.1/F4
composure	O	O4.1
compound	H	H3
compounding	A	A2.1
compounds	A	A2.1
comprehend	X	X2.5
comprehensible	X	X2.5
comprehension	X	X2.5
comprehensive	P	P1
comprehensively	A	A1.8
compress	B	B3
compressed	N	N3.4
compression	N	N3.4
compressor	O	O2
compressors	O	O2
comprise	A	A1.8
comprised	A	A1.8
comprises	A	A1.8
comprising	A	A1.8
compromise	A	A6.1+/S1.1.2
compromised	A	A6.1+/S1.1.2
comps	I	I2.1
comptometer	Y	Y2
compulsion	S	S6
compulsive	S	S6
compulsively	S	S6
compulsorily	S	S6
compulsory	S	S6
compunction	G	G2.2
computation	N	N2
compute	Y	Y2
compute-intensive	Y	Y2
computed	Y	Y2
computer	Y	Y2
computer-accessed	Y	Y2
computer-aided	Y	Y2
computer-assisted	Y	Y2
computer-based	Y	Y2
computer-generated	Y	Y2
computer-lab	Y	Y2/H1
computer-literate	Y	Y2/X9.1
computer-matching	Y	Y2
computer-savvy	X	X2.2+/Y2
computer-service	Y	Y2
computerisation	Y	Y2
computerise	Y	Y2
computerised	Y	Y2
computerization	Y	Y2
computerize	Y	Y2
computerized	Y	Y2
computing	Y	Y2
comrade	S	S3.1/S2mf
comradery	S	S1.2.1
comrades	S	S3.1/S2mf
comradeship	S	S1.2.1
coms	Q	Q1.1
con	G	G2.2-/A5.2
con-man	G	G2.2-/S2.2m
concave	O	O4.4
conceal	A	A10
concealed	A	A10
concealing	A	A10
concealment	A	A10
concede	Q	Q2.2
conceit	S	S1.2.3
conceited	S	S1.2.3
conceitless	S	S1.2.3
conceits	S	S1.2.3
conceivable	A	A7
conceivably	A	A7
conceive	X	X2.1
conceived	X	X2.1
concelebrate	S	S9
concelebrating	S	S9
concensus	A	A6.1
concentrate	O	O1.2
concentrated	O	O1.2
concentrating	X	X5.1
concentration	X	X5.1
concentric	O	O4.4
concept	X	X4.1
conception	X	X4.1
conceptual	X	X4.1
conceptualise	X	X4.1
conceptualising	X	X4.1
conceptually	X	X4.1
concern	E	E6
concerned	E	E6
concerning	Z	Z5
concert	E	E6
concerted	X	X8
concertina	K	K2
concerting	X	X8
concerto	K	K2
concession	S	S7.4
concessionaire	I	I2.2/S2mf
concessionary	I	I1.3
concessions	S	S7.4
concierge	I	I3.2/H4/S2mf
concierges	I	I3.2/H4/S2mf
conciliate	S	S1.2.1
conciliation	S	S1.2.1
conciliatory	E	E3+/A1.1.1
concise	N	N5
conclave	S	S1.1.3+/A10
conclude	X	X6
concluded	X	X6
concluding	X	X6
conclusion	X	X6
conclusive	A	A7
conclusively	A	A7
concoct	A	A5.2
concoction	A	A5.2
concordant	A	A6.1
concordantly	A	A6.1
concourse	H	H2
concrete	A	A1.1.1
concreting	A	A1.1.1
concubine	S	S3.2+/S2.1f
concur	A	A6.1
concurrence	A	A6.1
concurrent	T	T1.1.2
concurrently	T	T1.1.2
concurring	A	A6.1
concussion	B	B2
concussions	B	B2
condemn	Q	Q2.2/E2
condemnation	Q	Q2.2/E2
condemned	G	G2.1
condemning	Q	Q2.2/E2
condemns	Q	Q2.2/E2
condensation	O	O1.2
condense	N	N5-/A2.1
condensed	N	N5-/A2.1
condensing	N	N5-/A2.1
condescend	S	S1.2.3
condescending	S	S1.2.3
condescension	E	E2
condescensions	E	E2
condiment	F	F1
condiments	F	F1
condition	B	B4
conditional	A	A2.2
conditioned	B	B4
conditioner	B	B4
conditioning	B	B4
conditions	O	O4.1
condolence	Q	Q2.2/E4.1
condolences	Q	Q2.2/E4.1
condom	B	B3/O2
condominium	H	H1
condominiums	H	H1
condone	S	S7.4
condoning	E	E2
condos	H	H1
conducive	S	S8
conduct	A	A1.1.1
conductor	K	K2/S2mf
conductors	K	K2/S2mf
conductress	M	M3/S2.1f
conduit	H	H2
cone	O	O4.4
confection	F	F1
confectionary	F	F1/H1
confectioner	F	F1/S2mf
confectionery	F	F1
confections	F	F1
confederate	S	S8+/S2mf
confederation	S	S5+c
confer	Q	Q2.2
conference	S	S1.1.3
conferencing	S	S1.1.3
conferring	Q	Q2.2
confess	Q	Q2.2/A10
confessed	Q	Q2.2/A10
confesses	Q	Q2.2/A10
confession	Q	Q2.2/A10
confessional	S	S9/H2
confessions	Q	Q2.2
confessor	S	S9/S2.2m
confetti	O	O2
confidant	S	S1.2.1+/S2mf
confide	Q	Q2.2/A10
confidence	E	E6
confidence-wise	E	E6
confident	S	S2mf
confidential	A	A10
confidentiality	A	A10
confidentially	A	A10
confidently	E	E6
configuration	O	O4.1
configure	O	O4.1
configured	O	O4.1
confine	A	A1.7
confined	A	A1.7
confinement	A	A1.7
confines	M	M7
confining	A	A1.7
confirm	A	A7
confirmation	A	A7
confirmed	A	A7
confirming	A	A7
confiscate	G	G2.1/A9
confiscation	G	G2.1/A9
confiteor	S	S9
conflagration	O	O4.6
conflict	A	A6.1
conflict-focused	A	A6.1-/X5.1
conflicted	A	A6.1
conflicting	A	A6.1
confliction	A	A6.1
confluence	S	S5
confluent	A	A2.1
conflux	S	S5
conform	A	A6.1
conformance	A	A6.1
conforming	A	A6.1
conformism	A	A6.1
conformist	A	A6.1+/S2mf
conformity	A	A6.1
confound	X	X2.5
confounded	X	X2.5
confounding	X	X2.5
confounds	X	X2.5
confront	A	A1.1.1
confrontation	A	A6.1
confrontational	A	A6.1
confronted	A	A1.1.1
confronts	A	A1.1.1
confuse	X	X2.5
confused	X	X2.5
confusedly	X	X2.5
confusing	X	X2.5
confusion	X	X2.5
confutation	A	A5.2
confute	A	A10+/A5.2
confutes	A	A10+/A5.2
congeal	O	O4.5
congealed	O	O4.5
congealment	O	O4.5
congenial	O	O4.2
congenital	S	S4
conger	L	L2
congest	B	B2
congested	B	B2
congestion	B	B2
conglomerate	S	S5
conglomeration	S	S5
congratulate	Q	Q2.2
congratulation	Q	Q2.2
congratulations	Q	Q2.2
congratulatory	Q	Q2.2
congregant	S	S9/S2mf
congregate	S	S5
congregated	S	S5
congregation	S	S5+/S9c
congregational	S	S5
congressional	G	G1.1
congressman	G	G1.2/S2.2m
congresswoman	G	G1.1/S2.1f
congruent	A	A6.1
conical	O	O4.4
conifer	L	L3
conjectural	X	X4.1
conjecture	X	X2.1/A7
conjectures	X	X2.1/A7
conjoin	S	S5
conjoined	S	S5
conjumation	B	B2
conjunct	S	S5
conjunction	Q	Q3
conjunctions	Q	Q3
conjunctive	S	S5
conjuration	Q	Q2.2/S9
conjurations	Q	Q2.2/S9
conjure	A	A10
conjurer	K	K4/S2mf
conk	A	A1.1.2
conked	A	A1.1.2
conker	L	L3
conkers	L	L3
conn	G	G2.2-/A5.2
connect	A	A2.2
connected	A	A2.2
connecting	A	A2.2
connection	A	A2.2
connective	A	A2.2
connectivity	Y	Y2
connector	O	O3
connectors	O	O3
conned	G	G2.1/A5.2
connivance	S	S8+/G2.2
connive	G	G2.2
conniving	G	G2.2
connotation	A	A2.2
connotations	A	A2.2
connote	A	A2.2
connotes	A	A2.2
conquer	X	X9.2+/S7.3
conquered	X	X9.2+/S7.3
conquering	X	X9.2+/S7.3
conqueror	X	X9.2+/S7.3/S2mf
conquerors	X	X9.2+/S7.3/S2mf
conquest	X	X9.2+/S7.3
conquistador	X	X9.2+/G3/S2mf
cons	G	G2.1/A5.2
conscience	X	X2.1/G2.2
conscientious	A	A1.3
conscientiously	A	A1.3
conscious	X	X2.2
consciously	X	X2.2
consciousness	B	B1
conscript	G	G3/S2mf
conscription	G	G3
consecrate	S	S9
consecrated	S	S9
consecrating	S	S9
consecration	S	S9/A1.1.1
consecrations	S	S9/A1.1.1
consecutive	N	N4
consecutively	N	N4
consensual	A	A6.1
consensus	A	A6.1
consent	S	S7.4
consenting	S	S7.4
consequence	A	A2.2
consequent	A	A2.2
consequential	A	A2.2
consequently	A	A2.2
conservancy	W	W5
conservation	W	W5
conservationist	W	W5/S2mf
conservative	G	G1.2
conservatively	A	A6.2
conservator	C	C1/S2mf
conservatories	L	L3/H2
conservatory	L	L3/H2
conserve	F	F1
conserved	S	S8
conserver	S	S8+/S2mf
conserves	F	F1
consider	X	X2.1
considerable	N	N5
considerably	A	A13.3
considerate	S	S1.2.3
consideration	X	X2.1
considerations	X	X4.1
considered	A	A1.4
considering	Z	Z5
consign	S	S7.1-/A2.1
consignment	N	N5
consist	A	A1.8
consisted	A	A1.8
consistency	O	O4.5
consistent	A	A6.1
consistently	A	A6.1
consisting	A	A1.8
consistory	S	S9/S5
consists	A	A1.8
consolation	S	S8
console	O	O3
consoled	S	S8
consolidate	A	A7+/A2.1
consolidated	A	A7+/A2.1
consolidating	A	A7+/A2.1
consolidation	A	A7+/A2.1
consonant	A	A6.1
consort	S	S3.1
consorted	S	S3.1
consortia	S	S5
consortial	S	S5
consortium	S	S5+c
consorts	S	S5
conspicuous	A	A11.2
conspiracy	G	G2.1
conspirator	G	G2.1-/S2mf
conspiratorial	A	A10
conspirators	G	G2.1-/S2mf
conspire	G	G2.1
conspired	G	G2.1
conspirer	G	G2.1-/S2mf
conspires	G	G2.1
conspiring	G	G2.1
constancies	A	A6.1
constancy	A	A6.1
constant	T	T2
constantly	T	T2
constellation	W	W1
consternation	E	E6
constipated	B	B2
constipation	B	B2
constituency	G	G1.2/M7
constituent	A	A1.8
constituents	G	G1.2/S2mf
constitute	A	A3
constituted	A	A3
constitutes	A	A3
constitution	G	G1.1
constitutional	G	G1.1
constrain	A	A1.7
constrained	A	A1.7
constraint	A	A1.7
constrict	A	A1.7
constriction	A	A1.7
constrictions	A	A1.7
constrictive	A	A1.7
construct	X	X4.1
constructed	A	A1.1.1
construction	H	H1
construction-related	A	A1.1.1
constructive	S	S8
constructively	S	S8
constructivism	A	A1.1.1/X2.1
constructivist	A	A1.1.1/X2.1
construe	X	X2.5
consular	G	G1.1
consuls	G	G1.1/S2mf
consult	Q	Q1.1/S8
consultancy	I	I2.1/Q2.1/S8
consultancy-related	I	I2.1/Q2.1/S8
consultant	B	B3/S2mf
consultants	B	B3/S2mf
consultation	Q	Q2.1
consultative	Q	Q2.1/S8
consulted	Q	Q2.1
consulting	Q	Q2.1
consults	Q	Q1.1/S8
consumable	A	A1.5.1
consume	A	A1.5.1
consumed	A	A1.5.1
consumer	I	I2.2/S2mf
consumer-brand	I	I2.2
consumer-product	I	I2.2
consumer-products	I	I2.2
consumer-wise	I	I2.2
consumerism	I	I2.2
consumerist	I	I2.2/S2mf
consuming	A	A1.5.1
consummate	T	T2
consummately	A	A5.1
consummation	S	S3.2
consumption	A	A1.5.1
contact	S	S1.1.1
contactable	Q	Q2.2
contacted	Q	Q2.2
contacting	Q	Q2.2
contagion	B	B2
contagious	B	B2
contain	A	A1.8
containable	A	A1.7
contained	A	A1.8
container	O	O2
containerised	M	M2
containing	A	A1.8
containment	A	A1.7
contaminate	B	B2
contaminated	B	B2
contaminating	A	A1.1.2
contamination	B	B2
contemn	S	S7.2
contemplate	X	X2.4
contemplated	X	X2.4
contemplating	X	X2.4
contemplation	X	X2.4
contemplative	X	X2.4
contemporaries	T	T1.1.2/S2mf
contempt	S	S7.2
contemptible	E	E2
contemptuous	E	E2
contemptuously	E	E2
contend	Q	Q2.2
contended	Q	Q2.2
contender	S	S7.3+/S2mf
contending	Q	Q2.2
content	E	E4.2
content-related	X	X2.2
content-wise	X	X2.2
contented	E	E4.2
contentedly	E	E4.2
contention	X	X2.1
contentious	A	A7
contentment	E	E4.2
contents	A	A1.8
contest	S	S7.3
contestant	S	S7.3+/S2mf
contestants	S	S7.3+/S2mf
contested	S	S7.3
context	O	O4.1/A3
context-dependent	O	O4.1/A2.2
contextualisation	X	X2.2/A2.2
contextualise	X	X2.2/A2.2
contextualised	X	X2.2/A2.2
contextualising	X	X2.2/A2.2
contextualization	X	X2.2/A2.2
contextualize	X	X2.2/A2.2
contextualized	X	X2.2/A2.2
continence	B	B1
continent	W	W3
continental	W	W3
contingent	S	S5
continual	T	T2
continually	T	T2
continuance	T	T2
continuation	T	T2
continue	T	T2
continued	T	T2
continues	T	T2
continuing	T	T2
continuity	T	T2
continuous	T	T2
continuous-improvement	A	A5.1+/A2.1
continuously	T	T2
continuum	N	N4
contortions	O	O4.4
contour	O	O4.4
contours	O	O4.4
contra	G	G1.2/S2mf
contraband	G	G2.1-/O2
contraception	B	B3/S3.2
contraceptive	B	B3/S3.2
contract	I	I2.1
contracted	Q	Q2.2
contracting	Q	Q2.2
contraction	B	B1
contractor	I	I2.1/S2mf
contractors	I	I2.1/S2mf
contractual	Q	Q2.2
contractually	G	G2.1
contradict	A	A6.1-/Q2.2
contradicting	A	A6.1-/Q2.2
contradiction	A	A6.1
contradictory	A	A6.1
contralto	K	K2/S2.1f
contraption	O	O2
contrarian	A	A6.1
contrary	A	A6.1
contrast	A	A6.1
contrasting	A	A6.1
contravene	G	G2.1
contravened	G	G2.1
contretemps	E	E3
contribute	A	A9
contributed	A	A9
contributing	A	A9
contribution	A	A9
contributive	A	A9
contributor	A	A9-/S2mf
contributors	A	A9-/S2mf
contributory	A	A9
contrite	E	E4.1
contrivance	A	A5.2
contrive	X	X7
contrived	X	X7
contriver	X	X7+/S2mf
contrivers	X	X7+/S2mf
contrives	X	X7
contriving	X	X7
control	S	S7.1
controllable	S	S7.1
controlled	S	S7.1
controller	S	S7.1+/S2mf
controllers	S	S7.1+/S2mf
controlling	S	S7.1
controversial	A	A6.2
controversy	Q	Q2.2
contumelious	E	E2
contumeliously	E	E2
contumely	E	E2
contusion	B	B2
contusions	B	B2
conurbation	M	M7
convalescent	B	B2+/A2.1
convection	O	O4.6/A1.1.1
convene	S	S7.1
convened	S	S7.1
convenience	A	A1.2
conveniences	A	A1.2
convenient	A	A12
conveniently	A	A12
convenor	S	S7.1+/S2mf
convent	S	S9/H1
convention	A	A6.2
conventional	A	A6.2
conventionally	A	A6.2
converge	A	A6.1+/A2.1
convergence	A	A6.1+/A2.1
convergent	A	A6.1
converging	A	A6.1+/A2.1
conversant	X	X2.2
conversation	Q	Q2.1
conversational	Q	Q2.1
conversationalist	Q	Q2.1/S2mf
converse	A	A6.1
conversely	A	A6.1
conversion	A	A2.1
convert	A	A2.1+/S2mf
converted	A	A2.1
converter	A	A2.1+/Y2
convertible	M	M3fn
converts	A	A2.1
convey	Q	Q2.1
conveyance	G	G2.1
conveyancer	I	I2.1/S2mf
conveyances	G	G2.1
conveyancing	G	G2.1/H1
conveyed	Q	Q2.1
conveying	Q	Q2.1
conveyor	M	M2
conveyors	M	M2
convict	G	G2.1-/S2mf
convicted	G	G2.1
conviction	X	X2.1
convictions	X	X2.1
convicts	G	G2.1-/S2mf
convince	A	A7+/Q2.2
convinced	A	A7
convincible	A	A7
convincing	A	A7+/Q2.2
convincingly	A	A7
convivial	E	E4.1
convocation	S	S5
convoluted	A	A12
convoy	M	M3
convulsion	B	B2
convulsions	B	B2
coo	X	X3.2
cooing	X	X3.2
cook-chill	F	F1
cook-out	F	F1
cookbook	Q	Q4.1/F1
cookbooks	F	F1/Q4.1
cooked	F	F1
cooker	O	O2/F1
cookery	F	F1
cookie	F	F1
cookie-jar	O	O2/F1
cookies	F	F1
cookin	F	F1
cooking-wise	F	F1
cool	O	O4.6
cooler	O	O4.6
cooling	O	O4.6-/A2.1
coolly	O	O4.6
coolness	O	O4.6
cooped	A	A1.7
cooperate	S	S8
cooperated	S	S8
cooperating	S	S8
cooperation	S	S8
cooperative	S	S8
cooperatively	S	S8
cooperativization	S	S1
coordinate	N	N2
coordinated	S	S7.1
coordinates	N	N2
coordinating	S	S7.1
coordination	S	S7.1
coordinations	S	S7.1
coordinator	S	S7.1+/S2mf
cop	A	A9
cop-out	A	A1.9
cope	B	B5/S9
coped	B	B5
coper	X	X9.2+/S2mf
copied	A	A6.1
copier	O	O2
copies	A	A5.4
coping	A	A1.1.1
copious	N	N5.1
copper	O	O4.3
coppersmith	C	C1/S2mf
coppice	L	L3
copse	L	L3
copt	S	S9/S2mf
copulate	S	S3.2
copulating	S	S3.2
copulation	S	S3.2
copy	A	A5.4
copy-vault	A	A5.4
copyable	A	A5.4
copycat	A	A6.1
copying	A	A5.4
copyright	G	G2.1/A9
copyrighted	G	G2.1/A9
copywriters	I	I2.2/S2mf
cor	Z	Z4
coral	L	L3
corals	L	L3
cord	O	O2
corded	A	A1.7
cordial	S	S1.2.1
cordially	S	S1.2.1
cordless	O	O4.1
cordon	A	A10
cords	O	O2
corduroy	B	B5
core	F	F1
coriander	F	F1
cork-lined	O	O4.1
corker	A	A11.2+mfn
corkers	A	A11.2+mfn
corkscrew	O	O2
cormorant	L	L2
corn	F	F1
corner	O	O4.4
cornered	A	A1.7
cornet	K	K2
cornfield	L	L3
cornflake	F	F1
cornflour	F	F1
cornflower	O	O4.3
cornice	H	H2
cornicing	H	H2
corns	F	F1
corny	E	E1
corollary	A	A2.2
coronary	B	B2
coronation	S	S7.1
coroner	G	G2.1/S2mf
coronet	B	B5
corpora	Q	Q1.2
corporal	B	B1
corporate	I	I2.1/S5
corporately	S	S5
corporates	I	I2.1/S5
corporation	I	I2.1/S5c
corporatisation	I	I2.1/S5
corporatised	I	I2.1/S5
corporatism	G	G1.1c
corps	G	G3/S5+c
corpse	L	L1-/S2mf
corpses	L	L1-/S2mf
corpulent	N	N3.2
corpuscle	B	B1
corpuscles	B	B1
correct	A	A5.3
corrected	A	A5.3
correcting	A	A5.3+/A2.1
correction	A	A5.3+/A2.1
corrections	A	A5.3+/A2.1
correctly	A	A5.3
correctness	A	A5.3
correlate	A	A6.1
correlated	A	A6.1
correlating	A	A6.1
correlation	A	A6.1
correspond	Q	Q1.2
correspondence	Q	Q1.2
corresponding	Q	Q1.2
corridor	H	H2
corridors	H	H2
corrie	W	W3
corries	W	W3
corrigible	A	A5.1+/A2.1
corroborate	A	A10
corroborated	A	A10
corroboration	A	A10
corrode	A	A1.1.2
corrosion	A	A1.1.2
corrosion-resistant	A	A1.1.2
corrosive	A	A1.1.2
corrugated	O	O4.4
corrupt	G	G2.2
corrupted	G	G2.2
corrupter	G	G2.2-/S2mf
corrupters	G	G2.2-/S2mf
corrupting	G	G2.2
corruption	G	G2.2
corruptly	G	G2.2
corrupts	G	G2.2
corsa	Z	Z3
corset	B	B5
corsets	B	B5
cortex	B	B1
cortège	S	S2mf
cosh	O	O2/E3
cosmetic	O	O4.1
cosmetics	B	B4
cosmetics-marketing	B	B4/I2.2
cosmic	W	W1
cosmology	Y	Y1
cosseted	O	O4.2
cost	I	I1.3
cost-cutters	I	I1.3
cost-cutting	I	I1.3
cost-effective	I	I1.3
cost-efficient	I	I1.3
cost-per-thousand	I	I1.3
cost-reduction	I	I1.3
cost-saving	I	I1.3
cost-wise	I	I1.3
costard	F	F1
costing	I	I1.3
costly	I	I1.3
costs	I	I1.3
costume	B	B5
cosy	O	O4.1
cot	H	H5
cote	H	H1
cots	H	H5
cottage	H	H1
cottagy	H	H1
cotton	X	X2.3
couch	M	M6
couchette	H	H5/M3
cough	B	B2
could	A	A7
couldnae	A	A7+/Z6
coulee	W	W3
council	G	G1.1c
councillor	G	G1.1/S2mf
councils	G	G1.1c
counsel	S	S8
counselling	S	S8
counsellor	S	S8+/S2mf
counsellors	S	S8+/S2mf
counselor	S	S8+/S2mf
counsels	G	G2.1/S2mf
count	N	N2
countable	N	N1
countenance	A	A6.1
countenanced	A	A6.1
counter	A	A6.1
counter-argument	Q	Q2.1/A6.1
counter-arguments	Q	Q2.1/A6.1
counter-attack	G	G3
counter-balance	A	A6.1
counter-bluff	A	A5.2-/Q2.2
counter-cultural	S	S5+/A6.1
counter-offensive	G	G3
counter-offer	I	I1.3/A9
counter-plan	X	X7
counter-power	S	S7.1
counter-revolution	G	G1.2
counter-revolutionaries	G	G1.2/S2mf
counter-revolutionary	G	G1.2/S2mf
counter-sign	Q	Q1.2
counter-signed	Q	Q1.2
counteract	S	S8
counteractions	S	S8
counterargument	Q	Q2.1/A6.1
counterbalance	A	A6.1
countered	S	S8
counterfeit	A	A5.4
counterfeited	A	A5.4
counterfeiting	A	A5.4-/A1.1.1
counterfeits	A	A5.4
counterfoil	Q	Q1.2
countermand	T	T2-/S7.1
countermands	T	T2-/S7.1
counterpart	A	A6.1+/S2mf
counterparts	A	A6.1
counterparty	A	A6.1+/S8
counterpoise	A	A6.1+/N3.5
counterpoised	A	A6.1+/N3.5
counterproductive	S	S8
counterweight	A	A6.1
countess	S	S7.1+/S2.1f
counties	M	M7
counting	N	N2
countless	N	N5
countries	M	M7
countrified	W	W3
country	G	G1.1c
countryman	M	M7/S2mf
countrymen	M	M7/S2mf
countryside	W	W3
countrywoman	M	M7/S2mf
countrywomen	M	M7/S2mf
county	M	M7
coup	G	G1.2
couple	N	N5
coupled	N	N5
couples	S	S3.2/S2mf
couplet	Q	Q3
couplets	Q	Q3
coupon	Q	Q1.2
courage	E	E5+/S1.2
courageous	E	E5+/S1.2
courageously	E	E5+/S1.2
courier	M	M2/S2mf
course	M	M1
course-based	P	P1
course-convenor	S	S7.1+/P1/S2mf
course-convenors	S	S7.1+/P1/S2mf
course-design	X	X7+/P1
course-generic	P	P1
course-pack	Q	Q4.1/P1
course-related	P	P1
course-work	P	P1
coursebook	Q	Q4.1/P1
courses	M	M6
coursework	P	P1
coursing	K	K5.1/L2
court	G	G2.1
court-appointed	G	G2.1/S7.1
courtelle	B	B5
courteous	S	S1.2.4
courteously	S	S1.2.4
courtesies	S	S1.2.4
courtesy	S	S1.2.4
courthouse	H	H1/G2.1
courtier	S	S2mf
courting	S	S3.2
courtly	S	S1.2.4
courtroom	G	G2.1/H2
courts	G	G2.1
courtship	S	S4
courtyard	H	H2
courtyardy	H	H2
cousin	S	S4mf
cousins	S	S4mf
couth	S	S1.2.4
couture	B	B5
covenant	Q	Q2.2
covens	S	S9/S5+c
cover	O	O2
cover-up	A	A10
coverage	Q	Q4/N5
covered	A	A10
covering	A	A10
covert	A	A10
covert-place	A	A10-/M7
covertly	A	A10
covet	S	S1.2.2
coveted	S	S1.2.2
coveting	S	S1.2.2
covetous	S	S1.2.2
covetousness	S	S1.2.2
coving	H	H2
cow	L	L2fn
cow-dung	L	L2/B1
coward	E	E5-/S2mf
cowardice	E	E5-/S1.2
cowardly	E	E5-/S1.2
cowboy	F	F4/S2
cowboy-like	F	F4/S2.2
cower	E	E5
cowering	E	E5
cowled	O	O4.1
cows	L	L2fn
cowslip	L	L3
cowslips	L	L3
cox	K	K5.1/S2mf
coxed	M	M4
coy	S	S1.2.3
coz	Z	Z5/A2.2
crab	L	L2mfn
crabs	L	L2mfn
crack	A	A5.1
crack-pot	S	S1.2.6-/S2mf
crack-pots	S	S1.2.6-/S2mf
crack-shot	G	G3/S2mf
crackdown	A	A1.7
cracked	A	A1.1.2
crackers	F	F1
cracking	X	X3.2
crackle	X	X3.2
crackles	X	X3.2
crackling	X	X3.2
cradle	H	H5
craft	C	C1
crafted	A	A1.1.1
craftily	A	A5.2
craftsman	C	C1/S2.2m
craftsmanship	X	X9.1
craftsmen	C	C1/S2.2m
craftwork	C	C1
crafty	A	A5.2
cram	N	N5
crammed	N	N5
cramp	A	A1.7
cramped	A	A1.7
crampon	O	O2/B5
crampons	O	O2/B5
cramps	B	B2
cranial	B	B1
cranium	B	B1
crank	A	A6.2-/S2mf
crankiness	A	A6.2
cranks	A	A6.2-/S2mf
crankshaft	O	O2
cranky	A	A6.2
crannies	M	M7
cranny	M	M7
crap	B	B1
crappy	A	A5.1
crash	A	A1.1.2
crashed	A	A1.1.2
crashing	A	A1.1.2
crashy	X	X3.2
crass	N	N3.2
crate	O	O2
crater	W	W3
crates	O	O2
cravat	B	B5
crave	X	X7
craved	X	X7
craves	X	X7
craving	X	X7
crawl	M	M4
crawl-out	M	M1
crawlful	O	O4.2
crawling	M	M1
crayfish	L	L2
crayon	Q	Q1.2/O2
craze	X	X5.2
crazed	B	B2-/X1
crazily	S	S1.2.6
crazy	B	B2-/X1
creak	X	X3.2
creaking	X	X3.2
creaks	X	X3.2
creaky	X	X3.2
cream	O	O4.3
cream-coloured	O	O4.3
creamcracker	F	F1
creamcrackers	F	F1
creamier	O	O4.3
creamy	O	O4.3
creap	S	S2/E2-mf
crease	O	O2
crease-resistant	O	O4.1
creased	O	O4.1
creases	O	O4.1
create	A	A1.1.1
created	A	A1.1.1
creating	A	A1.1.1
creation	A	A1.1.1
creative	X	X2.1/A6.2
creatively	X	X2.1/A6.2
creatives	C	C1/S2mf
creativity	X	X2.1/A6.2
creator	A	A1.1.1/S2mf
creators	A	A1.1.1/S2mf
creature	L	L2
creatures	L	L2
creche	H	H1/S2
creches	H	H1/S2
cred	A	A5.2+/A8
credence	X	X2.1
credential	A	A5.2
credentials	X	X9.1
credi-pack	O	O2/Q1.2
credibility	A	A5.2+/A8
credible	A	A5.2+/A8
credibly	A	A5.2+/A8
credit	I	I1.1
credit-card	I	I1.1/O2/Q1.1
creditability	A	A5.1
creditable	A	A5.1
credited	I	I1.1
crediting	I	I1.1
creditor	I	I1.1/S2mf
credits	I	I1.1
credulity	S	S1.2.6
credulous	S	S1.2.6
creed	X	X2.1
creek	W	W3/M4
creep	M	M1/N3.8
creeping	M	M1/N3.8
creeps	M	M1/N3.8
creepy	E	E5
cremate	L	L1
cremated	L	L1
crematorium	L	L1-/H1c
creole	Q	Q3
creosalt	O	O1.2
creosote	O	O1.2
crepe	O	O1.1
crept	M	M1/N3.8
crescendo	K	K2
cress	L	L3
crested	O	O4.1
crestfallen	E	E4.1
cretinous	S	S1.2.6
crevice	W	W3
crew	M	M4
crib	Q	Q1.2/A10
crick	B	B2
cricked	B	B2
cricket	K	K5.1
cricket-lover	K	K5.1/E2
cricketer	K	K5.1/S2mf
cricketing	K	K5.1
crickets	L	L2
crickey	Z	Z4
cried	E	E4.1
cries	Q	Q2.2
crikey	Z	Z4
crime	G	G2.1
crimes	G	G2.1
criminal	G	G2.1
criminality	G	G2.1
criminology	P	P1/G2.1
crimplene	O	O1.1
crimson	O	O4.3
cringe	E	E4.1
cringeworthy	A	A5.1
cringing	E	E1/B1
crinkle	O	O4.4
crinkly	O	O4.5
cripple	B	B2-/S2mf
crippled	B	B2
cripples	B	B2-/S2mf
crippling	B	B2
crises	A	A12
crisis	A	A12
crisis-affected	A	A12
crisis-handling	X	X9.2
crisped	O	O4.5
crisper	O	O4.5
crisply	O	O4.5
crispy	O	O4.5
criss-cross	O	O4.4
crisscrosses	M	M1
crit	Q	Q2.2
criteria	X	X4.1
criterion	X	X4.1
critic	Q	Q2.2/S2mf
critical	Q	Q2.2/E2
critically	Q	Q2.2/E2
criticise	Q	Q2.2/E2
criticising	Q	Q2.2/E2
criticism	Q	Q2.2/E2
criticize	Q	Q2.2/E2
criticized	Q	Q2.2/E2
criticizing	Q	Q2.2/E2
critics	Q	Q2.2/S2mf
critique	X	X2.4/Q1.2
croak	X	X3.2
croaking	X	X3.2
croaks	X	X3.2
crocheting	C	C1
crock	F	F1/O2
crockery	O	O2
crocodile	L	L2mfn
crocus	L	L3
crocuses	L	L3
crofter	F	F4/S2mf
crofters	F	F4/S2mf
croissant	F	F1
croissants	F	F1
cronies	S	S3.1mf
crony	S	S3.1mf
crook	G	G2.1-/S2mf
crooked	O	O4.4
crop	F	F4
cropped	F	F4
cropper	X	X9.2
cropping	F	F4
croquet	K	K5.2
croquette	F	F1
cross	E	E3
cross-border	M	M7/G1.1
cross-braced	A	A1.1.1
cross-breed	L	L2
cross-breeding	L	L2
cross-country	M	M6
cross-cultural	S	S5+/N5
cross-curricular	P	P1
cross-disciplinary	P	P1
cross-dress	S	S3.2/B5
cross-fertilisation	B	B1/S3.2
cross-fertilization	B	B1/S3.2
cross-holdings	I	I1.1
cross-laced	A	A1.1.1
cross-legged	O	O4.1
cross-linked	Y	Y1
cross-media	Q	Q4/Y2
cross-over	M	M6
cross-platform	Y	Y2
cross-pollination	F	F4
cross-protocol	Y	Y2
cross-reference	A	A11.2+/A4.2
cross-relate	A	A2.2
cross-section	A	A6.3
cross-sell	I	I2.2
cross-staff	I	I3.1/S2mf
cross-tasting	X	X3.1
cross-training	P	P1
cross-word	K	K1/Q4.2
crossbar	O	O2
crossbow	G	G3
crossed	O	O4.1
crossing	M	M1
crosslink	A	A2.2
crossly	E	E3
crossover	M	M6
crossroad	M	M3
crossroads	M	M3
crosswise	M	M6
crossword	K	K5.2/Q3
crotch	B	B1
crouch	O	O4.1/B1
crouched	O	O4.1/B1
crouching	O	O4.1/B1
croup	B	B2
crow	L	L2
crowd	S	S5+c
crowd-pleasing	E	E2
crowded	S	S5
crowing	L	L2/X3.2
crowned	S	S7.1
crowning	X	X9.2
crowns	S	S7.1
crows	L	L2
crucial	A	A11.1
crucially	A	A11.1
crucified	G	G2.1
crucifix	O	O2/S9
crucifixion	G	G2.1
crucify	G	G2.1
crud	O	O4.2
crude	O	O4.2
crudely	O	O4.2
crudity	O	O4.2
cruel	E	E3
cruel-hearted	E	E3
cruellest	E	E3
cruelly	E	E3
cruelty	E	E3
cruise	M	M4
cruiser	M	M4fn
cruisers	M	M4
cruiserweight	K	K5.1/S2mf
cruises	M	M4
cruising	M	M4
crumb	F	F1
crumble	F	F1
crumbling	O	O4.5
crumbly	O	O4.1
crumbs	O	O2
crummy	O	O4.2
crumpet	F	F1
crumpets	F	F1
crumple	A	A1.1.1
crumpled	A	A1.1.1
crunch	X	X3.2
cruncher	O	O2
crunching	F	F1
crunchy	O	O4.5
crusade	S	S8
crusader	S	S8+/S2mf
crusading	X	X7+/Q2.2
crush	S	S5+c
crushed	A	A1.1.2
crusher	A	A1.1.2/O2
crushers	A	A1.1.2/O2
crushes	A	A1.1.2
crushing	A	A1.1.2
crust	A	A1.1.1
crusted	O	O4.1
crusty	O	O4.5
crutch	B	B3
crux	A	A11.1
cry	E	E4.1
crying	B	B1/E4.1
cryogenics	Y	Y1
crypt	H	H1/L1
cryptic	A	A10
crysant	L	L3
crysanth	L	L3
crysanths	L	L3
crystal	O	O1.1
crystal-ball	X	X2.6
crystallized	O	O4.1
cs	Z	Z5
cse	P	P1
cub	L	L2mfn
cubby-hole	H	H2
cube	O	O4.4
cubey-hole	H	H2
cubic	O	O4.4
cubicle	H	H2
cubicles	H	H2
cuckoo	L	L2
cucumber	F	F1
cuddle	S	S3.2
cuddled	S	S3.2
cuddles	S	S3.2
cuddling	S	S3.2
cuddly	O	O4.1
cue	Q	Q1.1
cuff	G	G2.1/A1.7
cuffs	B	B5
cuisine	F	F1
cul-de-sac	M	M3/H3
culinary	F	F1
cull	L	L1
culling	L	L1
culminate	T	T2
culminated	T	T2
culmination	T	T2-/A1.1.1
culottes	B	B5
culprit	A	A2.2/S2mf
cult	S	S9c
cultivate	F	F4
cultivated	S	S1.2.4
cultivation	F	F4
cultural	C	C1
culturally	C	C1
culture	C	C1
cultured	S	S1.2.4
cum	Z	Z5
cumbersome	N	N3.2
cumin	L	L3
cumulative	N	N5+/A2.1
cumulatively	N	N5+/A2.1
cunning	X	X9.1
cunningest	X	X9.1
cunningly	X	X9.1
cunt	O	O4.2-/S2mf
cup	O	O2
cupboard	H	H5
cuppa	F	F2
cur	L	L2
curate	S	S9/S2mf
curation	Y	Y2
curatorial	S	S7.1+/C1
curb	A	A1.7
curbed	A	A1.7
curbing	A	A1.7
curbs	A	A1.7
curbside	M	M3/H3
curd	F	F1
curdle	O	O4.2
curds	F	F1
cured	B	B2
curfew	G	G2.1
curicula	P	P1
curing	B	B3
curio	O	O2
curios	O	O2
curiosity	X	X5.2
curious	X	X5.2
curiously	A	A6.2
curl	O	O4.4
curled	O	O4.4
curler	B	B4
curlies	O	O4.4
curling	O	O4.4
curls	O	O4.4
curly	O	O4.4
curmudgeon	E	E2-/S2mf
currant	F	F1
currants	F	F1
currencies	I	I1
currency	I	I1
current	T	T1.1.2
current-account	I	I1.1
currently	T	T1.1.2
curricula	P	P1
curriculi	P	P1
curriculum	P	P1
curries	F	F1
curry	F	F1
curse	S	S1.2.4-/Q2.2
cursed	Q	Q2.2
curses	A	A1.2.4-/Q2.2
cursing	Q	Q2.2
cursory	N	N3.8
curt-throats	S	S1.2.1-/S2mf
curtail	N	N5-/A2.1
curtailing	N	N5-/A2.1
curtails	N	N5-/A2.1
curtain	H	H5
curtain-raiser	K	K1/N4
curtaining	A	A10
curtains	H	H5
curtly	S	S1.2.1
curtsey	M	M1
curtsy	A	A1.1.1/S7.2
curvaceous	O	O4.2
curvature	O	O4.4
curve	O	O4.4
curved	O	O4.4
curvy	O	O4.4
cushion	H	H5
cushions	N	N5-/A2.2
cushy	A	A12
cusp	B	B1
cuss	S	S1.2.4-/Q2.2
custard	F	F1
custodial	A	A1.7
custodian	S	S7.1+/S2mf
custody	G	G2.1
custom	A	A6.2
custom-built	A	A1.1.1/A6.2
custom-designed	A	A1.1.1/A6.2
custom-made	A	A1.1.1/A6.2
customarily	A	A6.2
customary	A	A6.2
customer	I	I2.2/S2mf
customer-based	I	I2.2
customer-decided	I	I2.2/X6
customer-driven	I	I2.2/A2.2
customer-focussed	I	I2.2
customer-orientation	I	I2.2
customer-oriented	I	I2.2
customer-related	I	I2.2
customer-service	I	I2.2/S5
customisation	A	A6.2-/A2.1
customise	A	A6.2-/A2.1
customised	A	A6.2-/A2.1
customising	A	A6.2-/A2.1
customized	A	A6.2-/A2.1
customizing	A	A6.2-/A2.1
customs	A	A6.2
cut-away	B	B5/O4.4
cut-back	N	N5-/A2.1
cut-backs	N	N5-/A2.1
cut-down	A	A1.1.1
cut-off	T	T2
cut-out	O	O4.4
cut-out-and-keep	A	A9
cut-price	I	I1.3
cut-rate	I	I1.3
cut-throat	S	S1.2.1
cutback	N	N5-/A2.1
cute	O	O4.2
cutest	O	O4.2
cuticle	B	B1
cutie	O	O4.2+/S2mf
cutlery	F	F1/O2
cutlet	F	F1
cutlets	F	F1
cutter	I	I4/S2mf
cutting-edge	T	T3
cyan	O	O4.3
cyanide	O	O1
cyber	Y	Y2
cyber-christmas	S	S9/T1.3/Y2
cyber-brand	I	I2.2/Y2
cyber-campaigns	I	I2.2/Y2
cyber-reps	I	I2.2/Y2/S2mf
cyber-supermarket	I	I2.2/Y2
cybercompanies	I	I2.1/S5+c
cyberfolks	Y	Y2/S2mf
cybershoppers	Y	Y2/I2.2/S2mf
cyberspace	Y	Y2
cyberturf	Y	Y2
cyberwars	G	G3/Y2
cyclamen	L	L3
cyclamens	L	L3
cycle	M	M3fn
cycleway	M	M3
cyclic	N	N4
cyclical	N	N4
cycling	M	M3
cyclist	M	M3/S2mf
cyclists	M	M3/S2mf
cygnet	L	L2
cygnets	L	L2
cylinder	O	O4.4
cylinders	O	O4.4
cylindrical	O	O4.4
cymbal	K	K2
cymbals	K	K2
cynic	X	X2.1/S2mf
cynical	X	X2.1
cynically	X	X2.1
cynicism	X	X2.1
cypher	A	A10-/Q1.2
cyst	B	B2
cystic	B	B2
cyto	B	B1
cytology	B	B3
cytoplasm	B	B1
cytoplasmic	B	B1
czar	S	S7.1+/S2mf
d'	Z	Z5
d.i.y.	C	C1
da	Z	Z4
da-da-da-dah	Z	Z4
dab	N	N5
dabbing	A	A1.1.1
dabble	A	A1.1.1
dabbler	A	A1.1.1/S2mf
dabblers	A	A1.1.1/S2mf
dad	S	S4m
daddies	S	S4m
daddy	S	S4m
dado	H	H5
daffodil	L	L3
daffodils	L	L3
daft	S	S1.2.6
dagger	G	G3/O2
daggers	G	G3/O2
daguang	Z	Z3
dah	Z	Z4
dah-de-dah	X	X3.2
dahlia	L	L3
dahlias	L	L3
dailies	Q	Q4.2
daily	T	T1.1.2
daintier	N	N3.2
daintily	O	O4.1/M1
daintiness	O	O4.2
dainty	O	O4.2
dairy	F	F4
dairyman	F	F4/S2.2m
daisies	L	L3
daisy	L	L3
dalek	O	O3/O2
dalliance	T	T1.3-/A1.8
dallied	M	M1/N3.8
dallies	M	M1/N3.8
dally	M	M1/N3.8
dallying	M	M1/N3.8
damage	A	A1.1.2
damaged	A	A1.1.2
damages	I	I1.1+/G2.1
damaging	A	A1.1.2
damask	O	O1.1
dammed	Z	Z4
dammit	Z	Z4
damn	Q	Q2.2/E2
damnable	E	E2
damnation	S	S9
damned	Z	Z4
damnedest	X	X8
damning	E	E2
damp	O	O1.2
dampen	O	O1.2
dampness	O	O1.2
damson	F	F1
dance	K	K1
danced	K	K1
dancer	K	K1/S2mf
dancers	K	K1/S2mf
dances	K	K1
dancey	K	K1
dancing	K	K1
dandelion	L	L3
dandruff	B	B2
danger	A	A15
dangerously	A	A15
dangle	M	M2
dangley	O	O4.1
dangling	M	M1
dank	O	O4.3
dankly	O	O4.3
dapple	A	A1.1.1
dappled	O	O4.3
dappling	A	A1.1.1
dare	E	E5
dared	E	E5
daring	E	E5
dark	W	W2
dark-blue	O	O4.3
dark-brown	O	O4.3
darken	O	O4.3
darkened	O	O4.3
darkening	O	O4.3
darkens	O	O4.3
darker	W	W2
darkest	W	W2
darkish	O	O4.3
darkly	W	W2
darkness	W	W2
darkroom	C	C1
darlin	E	E2+/S2mf
darn	Z	Z4
darned	Z	Z4
dartboard	K	K5.1
darts	B	B5
dashboard	O	O3
dashed	A	A13.3
dashing	O	O4.2
dasoot	N	N1
data	X	X2.2/X2.4
data-mining	X	X2.2/X2.4/Y2
database	X	X2.2/Y2
dataset	Y	Y2/X2.2
date	T	T3
dated	T	T3
dating	T	T3
dating-agencies	I	I2.2/S3.2
dating-agency	I	I2.2/S3.2
datingdirect	Z	Z3c/Y2
daub	A	A1.1.1
daube	F	F1
daughter	S	S4f
daughter-in-law	S	S4f
daughters	S	S4f
daunt	E	E5
daunted	E	E5
daunting	E	E5
dauntless	S	S1.2.5
dawdle	N	N3.8
dawdling	N	N3.8
dawn	T	T1.2
dawned	T	T1.2
dawning	T	T2
day	T	T1.3
day-dream	X	X4.1
day-dreams	X	X5.1
day-release	P	P1/I3.2
day-to-day	T	T1.1.2
daybreak	T	T1.2
daydream	X	X5.1
daydreamer	X	X5.1-/S2mf
daydreaming	X	X5.1
daylight	W	W2
days	T	T1.3
daze	E	E5
dazed	X	X2.5
dazzle	O	O4.2
dazzled	O	O4.2
dazzling	A	A5.1
de	Z	Z5
de-activate	A	A2.1
de-activated	A	A2.1
de-brand	A	A4.1
de-branded	A	A4.1
de-brief	Q	Q2.2
de-bug	B	B2/A2.1
de-bugged	B	B2/A2.1
de-centralise	S	S5
de-centralised	S	S5
de-click	Y	Y2
de-contextualised	X	X2.2/A2.2
de-facto	A	A3
de-fuse	G	G3
de-fused	G	G3
de-list	I	I2.1
de-motivate	X	X5.2
de-motivated	X	X5.2
de-motivating	X	X5.2
de-motive	X	X5.2
de-oxygenated	O	O4.1/O1.3
de-privatisation	G	G1.1
de-rail	S	S8
de-register	G	G1.1.1/A1.8
de-regulate	A	A1.7-/G1.1
de-regulated	A	A1.7-/G1.1
de-road	M	M3
de-skilled	X	X9.1
de-unionise	I	I3.1/S5
de-unionising	I	I3.1/S5
de-waxing	A	A1.1.1
dead	L	L1
dead-end	M	M3
deaden	X	X3.2
deadline	T	T1.2
deadlock	S	S1.1.2
deadlocked	S	S1.1.2
deadly	L	L1
deadman	L	L1-/S2.2m
deadmen	L	L1-/S2.2m
deadpan	E	E1
deaf	X	X3.2
deafening	X	X3.2
deafness	X	X3.2
deal-making	I	I2.1
dealer	I	I2.1/S2mf
dealership	I	I2.2
dealing	A	A1.1.1
dealings	A	A1.1.1
dealmaker	I	I2.1/S2mf
dealmakers	I	I2.1/S2mf
dealmaking	I	I2.1
deals	N	N5
dealt	A	A1.1.1
deanery	S	S9c
dear	E	E2+/S2mf
dearer	E	E2
dearest	E	E2
dearie	E	E2+/S2mf
dearly	A	A13.3
dearness	I	I1.3
dears	E	E2+/S2mF
dearth	N	N5
death	L	L1
deathbed	L	L1
deathly	L	L1
deaths	L	L1
debacle	X	X9.2
debar	S	S8-/G2.1
debarring	S	S8-/G2.1
debase	I	I1.1-/A2.1
debased	I	I1.1-/A2.1
debatable	A	A7
debate	Q	Q2.2
debateable	A	A7
debating	Q	Q2.2
debauch	O	O4.3
debauched	G	G2.2
debauchery	G	G2.2
debenture	I	I1.1
debilitate	B	B2
debilitated	B	B2
debilitating	B	B2
debility	B	B2
debit	I	I1.2
debited	I	I1.2
debrief	Q	Q2.2
debris	O	O1.1
debt	I	I1.2
debt-equity	I	I1
debt-for-equity-exchange	I	I1.2
debt-free	I	I1.2
debt-repaying	I	I1.2
debt-restructuring	I	I1.2
debtoholism	I	I1.2
debtor	I	I1.2/S2mf
debtors	I	I1.2/S2mf
debut	T	T2
decade	T	T1.3
decade-old	T	T3
decadence	A	A5.1-/A2.1
decadent	G	G2.2
decaff	F	F2
decaffeinated	F	F2
decamp	M	M1
decant	F	F2
decanter	F	F1/O2
decay	O	O4.2-/A2.1
decayed	O	O4.2-/A2.1
decaying	O	O4.2-/A2.1
decease	L	L1
deceased	L	L1-/S2mfc
deceit	G	G2.2
deceitful	G	G2.2
deceitfulness	G	G2.2
deceive	A	A5.2
deceived	A	A5.2
deceiver	A	A5.2-/S2mf
deceivers	A	A5.2-/S2mf
deceives	A	A5.2
deceiving	A	A5.2
decency	S	S1.2.4
decent	A	A5.1
decent-looking	A	A5.1
decently	S	S1.2.4
decentralise	S	S5
decentralised	S	S5
decentralization	S	S5
deception	A	A5.2
deceptive	A	A5.2
deceptively	A	A5.2
decibel	X	X3.2/N3.1
decibels	X	X3.2/N3.1
decide	X	X6
decided	X	X6
decidedly	A	A13.3
decider	X	X6
deciding	X	X6
deciduous	T	T1.3
decilitre	N	N3.4
decimal	N	N1/N2
decimalisation	N	N1/N2
decimals	N	N1/N2
decimate	A	A1.1.2
decimated	A	A1.1.2
decimation	A	A1.1.2
decipher	A	A10-/Q1.1
deciphered	A	A10-/Q1.1
deciphering	A	A10-/Q1.1
decision	X	X6
decision-maker	X	X6+/S2mf
decision-making	X	X6
decisive	A	A11.1
decisively	A	A11.1
decisiveness	X	X6
deck	O	O4.1
deckchair	H	H5
decked	O	O4.1
decking	O	O2
declaim	Q	Q2.2
declaimed	Q	Q2.2
declaration	Q	Q2.2
declare	Q	Q2.2
declasse	T	T3
declatory	Q	Q2.2
declension	W	W3
declensions	W	W3
decline	N	N5-/A2.1
declining	N	N5-/A2.1
deco-fill	Z	Z3
decode	A	A10-/Q1.1
decoded	A	A10-/Q1.1
decoder	O	O3/Q1.1
decoders	O	O3/Q1.1
decoke	A	A1.1.1/M3
decoking	A	A1.1.1/M3
decolonisation	M	M7/S7.1
decolonization	M	M7/S7.1
decompose	O	O4.2-/A2.1
decomposition	A	A1.1.2/L1
decontextualized	X	X2.2/A2.2
decontrol	S	S7.1
decor	H	H5
decorate	O	O4.2
decorated	O	O4.2
decorates	O	O4.2
decorating	O	O4.2
decoration	C	C1/H1
decorative	O	O4.2
decorator	C	C1/H1/S2mf
decorum	G	G2.2
decoy	S	S8
decrease	N	N5-/A2.1
decreased	N	N5-/A2.1
decreasing	N	N5-/A2.1
decree	Q	Q2.2
decrees	Q	Q2.2
decrepit	B	B2
decry	Q	Q2.2
dedicate	Q	Q2.2
dedicated	Q	Q2.2
dedication	X	X5.2
dedications	Q	Q2.2
deduce	X	X2.5
deduct	N	N5
deductible	I	I1/N5
deduction	N	N5
deductive	X	X2.1
deed	A	A1.1.1
deedless	A	A1.1.1
deeds	A	A1.1.1
deejays	Q	Q4.3/S2mf
deem	X	X2.1
deemed	X	X2.1
deep	N	N3.7
deep-blue	O	O4.3
deep-pocketed	I	I1.1
deep-red	O	O4.3
deep-rooted	M	M6/A2.2
deep-sea	W	W3/M4
deep-seated	A	A12-/T2
deepen	N	N3.3+/A2.1
deepening	N	N3.3+/A2.1
deeper	N	N3.7
deepest	N	N3.7
deeply	A	A13.3
deeply-held	X	X2.1
deer	L	L2mfnc
deer's-wax	O	O1.1
deers	L	L2
deface	A	A1.1.2
defaced	A	A1.1.2
defamation	G	G2.1-/Q2.2
defamatory	Q	Q2.2/G2.1
defame	Q	Q2.2/A5.2
default	A	A1.9
default-free	I	I1
defaults	A	A1.9
defeat	X	X9.2+/G3
defeated	X	X9.2
defeating	X	X9.2+/G3
defecation	B	B1
defect	G	G1.2
defective	A	A5.1
defector	S	S6-/S2mf
defence	S	S8
defend	S	S8
defendant	G	G2.1/S2mf
defendants	G	G2.1/S2
defender	S	S8+/S2mf
defending	S	S8
defense	S	S8
defensible	A	A5.1
defensive	A	A10
defensively	A	A10
defer	T	T1.1.3
deference	S	S7.2
deferential	S	S7.2
deferentially	S	S7.2
deferred	T	T1.1.3
defiance	S	S8
defiantly	S	S8
defibrillator	B	B3
defibrillators	B	B3
defibrillisation	B	B3
deficiency	N	N5
deficient	N	N5
deficit	N	N5
defied	A	A1.9
defies	S	S8
defile	G	G2.2
defiled	G	G2.2
defiler	G	G2.2-/S2mf
defiles	G	G2.2
defiling	G	G2.2
define	Q	Q2.2
defined	Q	Q2.2
defining	Q	Q2.2
definite	A	A7
definitely	A	A7
definition	Q	Q2.2
definitive	A	A4.1
definitively	A	A7
definitly	A	A7
deflate	O	O4.4
deflated	O	O4.4
deflation	O	O4.4
deflationary	I	I2.1/I1
deflect	A	A10
deflection	M	M6/A2.1
deflower	S	S3.2/T2
deflowered	S	S3.2/T2
deforestation	W	W5
deform	A	A1.1.2/O4.4
deformed	O	O4.4
deformities	A	A6.2
deformity	A	A6.2
deforms	A	A1.1.2/O4.4
defray	I	I1.2
defraying	I	I1.2
defrost	O	O4.6
defrosting	O	O4.6
deft	X	X9.1
defter	X	X9.1
deftest	X	X9.1
deftly	X	X9.1
deftness	X	X9.1
defunct	T	T2
defuse	G	G3
defy	A	A1.9
defying	A	A1.9
degenerate	A	A5.1-/A2.1
degeneration	A	A5.1-/A2.1
degradation	G	G2.2
degrade	S	S7.2
degraded	S	S7.2
degrading	S	S7.2
degreaser	B	B4/O1
degree	A	A13.1
degree-level	P	P1
degregation	Y	Y1
dehumidify	O	O1.2
dehydrate	O	O1.2
dehydrated	O	O1.2
dehydrating	O	O1.2
dehydration	O	O1.2
deice	O	O4.6
deiced	O	O4.6
deifies	S	S7.2
deify	S	S7.2
deign	S	S1.2.3
deigned	S	S1.2.3
deigns	S	S1.2.3
deity	S	S9mfn
deja-vu	X	X3.4/N4
dejected	E	E4.1
dejection	E	E4.1
delamination	A	A1.1.1
delay	T	T4
delayed	T	T4
delaying	T	T4
delays	T	T4
delectable	O	O4.2
delegate	S	S7.4
delegated	S	S7.4
delegating	S	S7.4
delegation	S	S7.4
delete	Q	Q1.2
deli	F	F1c
deliberate	X	X2.1
deliberately	X	X7
deliberation	X	X2.1/A1.3
delicacy	F	F1
delicate	O	O4.2
delicately	A	A1.3
delicatessen	F	F1/I2.2
delicious	X	X3.1
deliciously	X	X3.1
deliciousness	X	X3.1
delight	E	E4.1
delighted	E	E4.1
delightedly	E	E4.1
delightful	O	O4.2
delightfully	O	O4.2
delimit	X	X6
delineate	A	A4.2
delineation	A	A4.2
delinquency	G	G2.2
delinquent	G	G2.1-/S2mf
delinquents	G	G2.1-/S2mf
delirious	B	B2-/S1.2.6
delish	X	X3.1
delist	I	I2.1
delisted	I	I2.1
delisting	I	I2.1
deliver	M	M2
deliverance	S	S8
delivered	M	M2
deliveries	M	M2
delivering	M	M2
delivers	M	M2
delivery	M	M2
deltoid	B	B1
deltoids	B	B1
delude	A	A5.2
deluded	X	X2.5
deluge	W	W4
delusion	A	A5.2
delusions	A	A5.2-/X4.1
deluxe	O	O4.2
delve	X	X2.4
delving	X	X2.4
demand	Q	Q2.2
demanded	Q	Q2.2
demanding	Q	Q2.2
demarcate	A	A1.7
demarcation	A	A1.7
demean	S	S7.2
demeaning	S	S7.2
demeanour	S	S1.1.1
demeanours	S	S1.1.1
demeans	S	S7.2
demented	S	S1.2.6
dementia	B	B2-/X1
demerger	S	S5
demerit	A	A5.1
demi	N	N5.1
demi-gods	S	S9mf
demi-god	S	S9mf
demijohns	O	O2
demilitarization	G	G3
demining	G	G3
demise	T	T2
demo	G	G1.2
demob	G	G3
demobbed	G	G3
demobilization	G	G3
democracy	G	G1.2
democratic	G	G1.2
democratically	G	G1.2
democratisation	G	G1.2
democratization	G	G1.2
demographic	S	S5
demographical	S	S5
demographics	S	S5
demography	S	S5
demolish	A	A1.1.2
demolished	A	A1.1.2
demolishes	A	A1.1.2
demolishment	A	A1.1.2
demolition	A	A1.1.2
demonic	S	S9
demonically	S	S9
demonise	S	S9
demonised	S	S9
demonstrable	A	A10
demonstrably	A	A10
demonstrate	A	A10
demonstrating	A	A10
demonstration	G	G1.2
demonstrative	A	A10
demonstratively	A	A10
demonstrator	G	G1.2/S2mf
demoralise	S	S1.2.5
demoralised	E	E4.2
demoralises	E	E1
demos	G	G1.2
demotic	Q	Q3
demotivate	X	X5.2
demotivated	X	X5.2
demotivator	X	X5.2-/A2.2
demur	E	E2
demure	O	O4.2
demurely	O	O4.2
denationalisation	G	G1.1
denial	Q	Q2.2/Z6
denials	Q	Q2.2/Z6
denied	Q	Q2.2/Z6
denier	N	N3.5
denigrate	A	A11.1-/Q2.2
denim	B	B5
denims	B	B5
denominated	I	I1
denomination	S	S9
denominator	N	N2
denominators	N	N2
denote	Q	Q1.1
denounce	Q	Q2.2/E2
dens	A	A10-/M7
dense	N	N5
densely	N	N5
density	N	N5
dent	O	O4.4
dental	B	B1
dented	O	O4.4
denting	O	O4.4
dentist	B	B3/S2mf
dentistry	B	B3
dentition	B	B1
denture	B	B3
denunciation	Q	Q2.2/E2
deny	Q	Q2.2/Z6
denying	Q	Q2.2/Z6
deodorant	B	B4
deodorants	B	B4
deoxygenated	O	O4.1/O1.3
depart	M	M1
departed	M	M1
departing	M	M1
department	H	H2/S5+c
department-store	I	I2.2/H1
department-wide	H	H2/S5+c
departmental	H	H2/S5+c
departmental-wide	H	H2/S5+c
departmentally	H	H2/S5+c
departments	H	H2/S5
departure	M	M1
depend	A	A2.2
dependability	A	A5.1
dependable	A	A5.1
dependant	S	S7.1-/S2mf
depended	A	A2.2
dependence	A	A2.2
dependency	S	S7.1
dependent	A	A2.2
dependents	S	S7.1-/S2mf
depending	A	A2.2
depersonalisation	S	S1.2.1
depersonalise	S	S1.2.1
depersonalises	S	S1.2.1
depict	C	C1
depicted	C	C1
depicting	C	C1
depiction	C	C1
depicts	C	C1
deplenish	N	N5-/A2.1
deplete	N	N5-/A2.1
depleted	N	N5-/A2.1
deplorable	O	O4.2
deplore	E	E2
deplored	E	E2
deploring	E	E2
deploy	M	M2
deployed	M	M2
deployment	M	M2
depo-injection	B	B3
depopulate	S	S2-/H4
depopulation	S	S2/N5
deport	M	M2/G1.1
deportation	M	M2/G1.1
deported	M	M2/G1.1
deportment	S	S1.1.1
depose	A	A9
deposed	A	A9
deposing	A	A9
deposit	M	M2
deposit-account	I	I1.1
deposit-book	I	I1/Q1.2
deposited	M	M2
depositors	I	I1.1/S2mf
depot	M	M7
depravation	G	G2.2-/A2.1
depraved	G	G2.2
depreciate	I	I1.3
depreciated	I	I1.3
depreciates	I	I1.3
depreciating	I	I1.3
depreciation	I	I1.3
depredation	A	A1.1.2
depredations	A	A1.1.2
depress	E	E4.1
depressant	B	B3
depressed	E	E4.1
depressing	E	E4.1
depressingly	E	E4.1
depression	E	E4.1
depressive	E	E4.1
deprivation	A	A9
deprive	A	A9
deprived	A	A9
dept	S	S5+c
depth	N	N3.3
deputation	S	S5+c
depute	S	S7.4
deputed	S	S7.4
deputies	S	S7.1-/S2mf
deputing	S	S7.4
deputise	S	S7.1
deputized	S	S7.1
deputy	S	S7.1-/S2mf
derail	S	S8
derailment	M	M3
deregister	G	G1.1.1/A1.8
deregistered	G	G1.1.1/A1.8
deregulate	A	A1.7-/G1.1
deregulated	A	A1.7-/G1.1
deregulation	G	G1.1-/A2.1
derelict	S	S2mf
deride	S	S7.2
derides	S	S7.2
derision	S	S7.2
derisive	E	E2
derisively	E	E2
derisory	E	E2
derivative	A	A2.2
derive	A	A2.2
derived	A	A2.2
derives	A	A2.2
deriving	A	A2.2
dermatology	B	B3
derogatory	A	A5.1
descend	M	M1
descendant	S	S4mfn
descendants	S	S4mf
descended	M	M1
descendent	S	S4mf
descender	Q	Q1.2
descenders	Q	Q1.2
descending	M	M6
descent	M	M1
descents	M	M1
describe	Q	Q2.2
described	Q	Q2.2
describing	Q	Q2.2
description	Q	Q2.2
descriptive	Q	Q2.2
descriptor	Y	Y2
descriptors	Y	Y2
desecrate	G	G2.2
desecrated	G	G2.2
desecration	G	G2.2
desecrations	G	G2.2
desegregation	A	A6.1
deselected	X	X7
desert	W	W3
deserted	N	N5-/S2
deserter	G	G2.1-/G3/S2mf
desertification	W	W5
desertion	S	S3.1
deserve	S	S1.1.4
deserved	S	S1.1.4
deservedly	S	S1.1.4
deserves	S	S1.1.4
deserving	S	S1.1.4
desiccate	O	O1.2-/A2.1
desiccated	O	O4.1
desiccates	O	O1.2-/A2.1
design	C	C1
designability	C	C1
designate	Q	Q2.2
designated	Q	Q2.2
designating	Q	Q2.2
designed	C	C1
designer	C	C1/S2mf
designers	C	C1/S2mf
designery	C	C1
designing	C	C1
designs	C	C1
desirability	X	X7
desirable	O	O4.2
desire	X	X7
desired	X	X7
desires	X	X7
desiring	X	X7
desirous	X	X7
desist	T	T2
desk	H	H5
desk-top	H	H5
deskbound	M	M6/A1.7
deskill	I	I3.2
deskilled	I	I3.2
deskilling	I	I3.2
desktop	H	H5
desolate	A	A1.1.2
desolation	E	E4.1
despair	E	E4.1
despairing	E	E4.1
despairingly	E	E4.1
despairs	E	E4.1
despatch	Q	Q1.2
despatched	M	M2
desperate	E	E4.1
desperately	A	A13.3
desperation	E	E6
despicable	O	O4.2
despise	E	E2
despised	E	E2
despises	E	E2
despite	Z	Z5
despondent	E	E4.1
dessert	F	F1
destabilise	A	A2.1
destabilised	A	A2.1
destabilize	A	A2.1
destination	M	M6
destine	A	A7+++/S7.1
destined	A	A7+++/S7.1
destiny	A	A7+++/S7.1
destitute	I	I1.1
destitution	I	I1.1
destroy	A	A1.1.2
destroyed	A	A1.1.2
destroyer	M	M4/G3fn
destroying	A	A1.1.2
destroys	A	A1.1.2
destruct	A	A1.1.2
destruction	A	A1.1.2
destructive	A	A1.1.2
desultory	X	X7
detach	M	M2/A6.1
detachable	M	M2
detached	M	M2/A6.1
detaches	M	M2/A6.1
detachment	X	X5.2
detail	A	A4.2
detailed	A	A4.2
detailing	Q	Q2.2
detain	G	G2.1
detained	A	A1.7
detainee	A	A1.7+/S2mf
detainees	A	A1.7+/S2mf
detaining	G	G2.1
detect	A	A10
detectable	A	A10
detected	A	A10
detection	A	A10
detective	G	G2.1/S2mf
detector	O	O3
detectors	O	O3
detention	P	P1/G2.1
detentions	P	P1/G2.1
deter	S	S8
detergent	B	B4/O1
detergents	B	B4/O1
deteriorate	A	A5.1-/A2.1
deteriorating	A	A5.1-/A2.1
deterioration	A	A5.1-/A2.2
determinant	A	A2.2
determinants	A	A2.2
determinate	A	A7
determination	X	X6
determine	A	A2.2
determined	X	X6
determinedly	X	X6
determining	A	A2.2
deterrence	S	S8
deterrent	S	S8
detest	E	E2
detestable	E	E2
detested	E	E2
detesting	E	E2
detour	M	M3
detox	F	F3
detoxes	F	F3
detoxification	F	F3
detoxify	B	B3/F3
detoxifying	B	B3/F3
detract	A	A5.1-/A2.1
detraction	A	A5.1-/A2.1
detractions	A	A5.1-/A2.1
detractors	Q	Q2.2/S2mf
detracts	A	A5.1-/A2.1
detribalize	S	S5
detriment	A	A1.1.2
detrimental	A	A5.1
detritus	O	O1.1
deus	S	S9
devaluation	A	A11.1-/A2.1
devalue	A	A11.1-/A2.1
devalued	A	A11.1-/A2.1
devastate	A	A1.1.2
devastated	E	E4.1
devastating	A	A1.1.2
devastatingly	A	A13.3
devastation	A	A1.1.2
develop	A	A2.1
developed	A	A5.1+/A2.1
developer	H	H1/S2mf
developers	H	H1/S2mf
developing	A	A2.1
development	A	A2.1
developmental	A	A2.1
develops	A	A2.1
deviate	A	A6.1
deviating	A	A6.1
deviation	A	A6.1
device	O	O2
devices	O	O2
devil	F	F1
devil-sent	A	A5.1
devilish	G	G2.2
devilment	G	G2.2
devils	S	S9
devious	A	A5.1
devise	X	X7
devised	X	X7
devises	X	X7
devising	X	X7
devoid	N	N5.1
devolution	G	G1.1
devolve	A	A9
devolved	A	A9
devolving	A	A9
devote	A	A9
devoted	S	S7.1
devotees	A	A9-/S2mf
devotion	E	E2
devour	F	F1
devoured	F	F1
devouring	F	F1
devours	F	F1
devout	S	S9
devoutly	X	X2.1
dew	O	O1.2/W4
dewlap	B	B1
dewy	O	O1.2
dexterities	X	X9.1
dexterity	X	X9.1
dexterous	X	X9.1
dexterously	X	X9.1
di-dum	Z	Z4
diabetes	B	B2
diabetic	B	B2
diabetics	B	B2-/S2mf
diabolical	A	A5.1
diagnose	B	B3
diagnosed	B	B3
diagnosis	B	B3
diagnostic	B	B3
diagonal	O	O4.4
diagonally	M	M6
diagram	Q	Q1.2
diahorrea	B	B2
dial	O	O2
dialect	Q	Q3
dialectical	X	X2.1
dialectics	X	X2.1
dialing	Q	Q1.3
dialled	Q	Q1.3
dialling	Q	Q1.3
dialog	Q	Q2.1
dialogue	Q	Q2.1
dials	O	O2
dialysis	B	B3
diameter	N	N3.7
diametrically	A	A6.1
diamond	O	O1.1
diamorphine	B	B3
diaphanous	O	O4.1
diaphermal	B	B1
diaphragm	B	B1
diarhorreah	B	B2
diaries	Q	Q1.2
diarrhoea	B	B2
diary	Q	Q1.2
diaspora	S	S5
diastole	B	B1
diazepam	B	B3
dib	X	X7
dibs	X	X7
dice	K	K5.2
diced	A	A1.1.1
dicey	A	A15
dichotomy	A	A6.1
diclitus	B	B2
dictaphone	K	K3
dictate	S	S6
dictates	S	S6
dictating	Q	Q2.2
dictation	Q	Q2.2
dictator	S	S7.1+/S2mf
dictatorial	S	S7.1
dictatorship	S	S7.1
dictatorships	S	S7.1
diction	Q	Q3
dictionary	Q	Q4.1
did	A	A1.1.1
didactic	P	P1
diddle	G	G2.2
diddled	G	G2.2
diddly	O	O4.2-/Z4
diddy	N	N3.2
didnae	A	A1.1.1/Z6
die	O	O2
die-hard	X	X5.2+/S2mf
die-hards	X	X5.2+/S2mf
died	L	L1
diesel	O	O1.2
diet	F	F1
dietary	F	F1
dieter	F	F1/S2mf
dieting	F	F1
diff	Y	Y2
differ	A	A6.1
differed	A	A6.1
difference	A	A6.1
different	A	A6.1
differential	A	A6.1
differentiate	A	A6.1
differentiated	A	A6.1
differentiates	A	A6.1
differentiating	A	A6.1
differentiation	A	A6.1
differentiator	A	A6.1
differently	A	A6.1
differing	A	A6.1
differs	A	A6.1
difficult	A	A12
difficultly	A	A12
difficulty	A	A12
diffidence	S	S1.2.3
diffident	S	S1.2.3
diffuse	N	N3.6
diffused	M	M1
diffusing	M	M1
diffusion	M	M1
diffusive	N	N5
dig	A	A1.1.1
digested	F	F1/B1
digestible	B	B1
digesting	F	F1/B1
digestion	F	F1/B1
digestive	F	F1/B1
digests	Q	Q4.2
digger	O	O2
diggers	O	O2
digging	A	A1.1.1
digit	N	N1
digitalize	Y	Y2
digitalized	Y	Y2
digitally	Y	Y2
digitise	Y	Y2
digits	B	B1
dignified	S	S7.2
dignifies	S	S7.2
dignify	S	S7.2
dignitaries	S	S7.1+/S2mf
dignitary	A	A11.1+/S2mf
dignity	S	S7.2
digress	A	A6.1
digressing	A	A6.1
digression	A	A6.1
digs	H	H1
dike	H	H2/M4
dilapidated	O	O4.2
dilapidation	A	A1.1.2
dilapidations	A	A1.1.2
dilate	N	N3.2+/A2.1
dilated	N	N3.6
dildo	B	B1
dilemma	X	X2.5
diligence	X	X5.2
diligent	X	X5.1+/S1.2
diligently	X	X5.1
dilute	N	N5
diluted	N	N5
dilution	N	N5
dim	O	O4.3/A2.1
dim-witted	S	S1.2.6
dime	I	I1
dimension	A	A4.1
dimensions	A	A4.1
diminish	N	N5-/A2.1
diminished	N	N5-/A2.1
diminishing	N	N5-/A2.1
diminution	N	N5-/A2.1
diminutive	N	N3.7
diminutives	Q	Q3
dimly	O	O4.3
dimmer	O	O3
dimple	B	B1
dimpled	O	O4.4
dimply	O	O4.4
dimpsy	O	O4.3
dimwit	S	S1.2.6-/S2mf
din	X	X3.2
dine	F	F1
diner	F	F1/S2mf
ding-dong	X	X3.2
dingbian	Z	Z2
dinged	X	X3.2
dinghies	M	M4
dinghy	M	M4
dingy	O	O4.3
dining	F	F1
dinnae	A	A1.1.1/Z6
dinner	F	F1
dinnertime	F	F1/T1.3
dinny	X	X9.1
dinosaur	L	L2mfn
dinosaur-type	L	L2
dioc	S	S9/M7
diocesan	S	S9/M7
diocese	S	S9/M7
dioxide	O	O1
dioxin	O	O1.3/A15
dip	M	M1
diped	P	P1
diphtheria	B	B2
diploma	P	P1
diplomacy	S	S1.2.4
diplomat	G	G1.1/S2mf
diplomatic	G	G1.1
diplomats	G	G1.1/S2mf
dipolomat	G	G1.1/S2mf
dipolomats	G	G1.1/S2mf
dipped	A	A1.1.1
dipping	A	A1.1.1
dipstick	O	O2
dire	A	A5.1
direct	M	M6
direct-hit	E	E3
direct-sales	I	I2.2
direct-selling	I	I2.2
directed	M	M6
directing	M	M6
direction	M	M6
directional	M	M6
directions	M	M6
directive	S	S7.1
directly	M	M6
directness	A	A10
director	S	S7.1+/S2mf
director-general	S	S7.1+/S2mf
directorate	S	S7.1+/S5+c
directors	S	S7.1+/S2mf
directorship	S	S7.1
directory	Q	Q1.3/Q4.1
direful	A	A5.1
direness	A	A5.1
dirge	K	K2
dirt	O	O4.2
dirt-cheap	I	I1.3
dirts	O	O4.2
dirty	O	O4.2
dirty-tricks	G	G2.2
dis-equilibrium	A	A6.1
disabilities	B	B2
disability	X	X9.1
disable	A	A1.1.2
disabled	A	A1.1.2
disablement	B	B2
disabling	A	A1.1.2
disadvantage	A	A5.1
disadvantaged	A	A5.1
disadvantageous	A	A5.1
disaffected	E	E4.2
disaffection	X	X5.2
disagree	A	A6.1
disagreeable	E	E2
disagreeing	A	A6.1
disagreement	A	A6.1
disallow	S	S7.4
disallowing	S	S7.4
disambiguation	Q	Q3
disappear	A	A10
disappearance	A	A10
disappeared	A	A10
disappearing	A	A10
disappoint	E	E4.2
disappointed	E	E4.2
disappointing	E	E4.2
disappointment	E	E4.2
disapproval	E	E2
disapprove	E	E2
disapproved	E	E2
disapproving	E	E2
disarm	A	A1.1.2/A9
disarmament	G	G3
disarmed	A	A1.1.1/A9
disarms	A	A1.1.2/A9
disarranged	A	A2.1
disarray	O	O4.2
disassociate	S	S5
disassociated	S	S5
disaster	A	A5.1
disaster-affected	A	A1.1.2/W4
disastrous	A	A5.1
disastrously	A	A5.1
disatisfcation	E	E4.2
disatisified	E	E4.2
disavow	A	A6.1
disband	T	T2
disbanded	T	T2
disbelief	X	X2.1
disbelieve	X	X2.1
disburse	I	I1.2
disbursed	I	I1.2
disc	O	O4.4/O2
discard	X	X7
discarded	X	X7
discards	X	X7
discariosis	B	B2
discern	X	X3
discernable	A	A11.2
discernible	A	A11.2
discerning	O	O4.2
discernment	X	X3
discerns	X	X3
discharge	A	A1.7-/M1
discharged	A	A1.7-/M1
discharges	A	A1.7-/M1
disciple	P	P1/S2mf
discipled	P	P1
disciples	P	P1/S2mf
disciplinarian	A	A1.7+/S2mf
disciplinary	G	G2.1
discipline	G	G2.1
discipline-based	P	P1
discipline-specific	P	P1
disciplined	G	G2.1
disclaim	Q	Q2.2/Z6
disclaimed	Q	Q2.2/Z6
disclaiming	Q	Q2.2/Z6
disclaims	Q	Q2.2/Z6
disclose	Q	Q2.2
disclosure	Q	Q2.2
disco	K	K1
discoing	K	K1
discolour	O	O4.3/A2.1
discoloured	O	O4.3/A2.1
discolours	O	O4.3/A2.1
discomfort	B	B2
disconcerting	E	E6
disconcertingly	E	E6
disconnect	T	T2
disconnected	T	T2
disconsolate	E	E4.1
disconsolately	E	E4.1
discontent	E	E4.2
discontented	E	E4.2
discontinue	T	T2
discontinued	T	T2
discontinuing	T	T2
discontinuous	N	N6
discoordination	S	S7.1+/A5.1
discord	A	A6.1
discordant	A	A6.1
discotheque	K	K1
discount	A	A1.8
discounted	I	I1.3
discounter	I	I1.3
discounters	I	I1.3
discourage	S	S8
discouragement	S	S8
discouragements	S	S8
discouraging	S	S8
discourse	Q	Q2.1
discourtesy	S	S1.2.4
discover	A	A10
discovered	A	A10
discoverer	A	A10+/S2mf
discoverers	A	A10+/S2mf
discoveries	A	A10
discovering	A	A10
discovers	A	A10
discovery	A	A10
discredit	A	A5.1
discredited	G	G2.2
discredits	A	A5.1
discreet	A	A1.3
discreetly	A	A1.3
discrepancy	A	A6.1
discrete	A	A6.1
discretion	A	A1.3
discretionary	S	S6
discriminate	A	A6.1-/X2.2
discriminating	O	O4.2
discrimination	A	A6.1
discriminative	A	A6.1
discriminatory	A	A6.1
discus	K	K5.1/O2
discuss	Q	Q2.1
discussed	Q	Q2.1
discussing	Q	Q2.1
discussion	Q	Q2.1
discussion-based	Q	Q2.1/P1
disdain	S	S7.2
disdained	S	S7.2
disdainful	S	S1.2.3
disdainfully	S	S1.2.3
disdaining	S	S7.2
disdains	S	S7.2
disease	B	B2
diseased	B	B2
diseases	B	B2
disembark	M	M1
disembarkation	M	M1
disembowel	B	B1/A1.1.2
disembowelled	B	B1/A1.1.2
disenable	S	S8
disenabled	S	S8
disenabling	A	A1.1.2
disenchant	E	E4.2
disenchanted	E	E4.2
disenfranchise	G	G2.1
disenfranchises	G	G2.1
disengage	A	A1.7
disestablish	G	G1.1
disestablished	G	G1.1
disfavour	E	E2
disfigure	A	A1.1.2
disfigured	A	A1.1.2
disgrace	G	G2.2
disgraced	S	S7.2
disgraceful	G	G2.2
disgruntled	E	E4.2
disguise	A	A10
disguised	A	A10
disguises	A	A10
disguising	A	A10
disgust	O	O4.2
disgusted	E	E4.2
disgusting	O	O4.2
disgusts	O	O4.2
dish	O	O2
disharmony	S	S1.2.1
dishcloth	O	O2
dishearted	E	E4.2-/A2.1
dishearten	E	E4.2-/A2.1
disheartened	E	E4.1
disheartening	E	E6
disheartens	E	E4.2-/A2.1
dishevelled	O	O4.2
dishonest	A	A5.2
dishonestly	G	G2.2
dishonesty	A	A5.2
dishonour	S	S7.2
dishonourable	S	S7.2
dishonourably	S	S7.2
dishonoured	S	S7.2
dishonours	S	S7.2
dishwasher	O	O3
dishwashing	B	B4
dishy	O	O4.2
disillusion	E	E4.2
disillusioned	E	E4.2
disillusioning	E	E4.2
disillusionment	E	E4.2
disincentive	S	S8
disinclination	X	X7
disinclined	X	X7
disinfectant	B	B4
disinfectants	B	B4/O1
disinformation	A	A5.2-/X2.2
disingenuous	A	A5.2
disingenuously	A	A5.2
disinherit	A	A9-/S4
disinherited	A	A9-/S4
disintegrate	A	A1.1.2
disinterest	X	X5.2
disinterested	X	X5.2
disinvestment	I	I1
disinvestments	I	I1
disjoint	A	A1.7
disjointed	A	A1.7
disjointing	A	A1.7
disk	O	O2
disks	O	O4.4/O2
dislike	E	E2
dislocate	B	B2
dislocated	B	B2
dislocating	E	E6
dislocation	B	B2
dislodge	A	A2.1
dislodged	M	M2
disloyal	S	S6
disloyalty	S	S6
dismal	O	O4.2
dismallest	O	O4.2
dismally	O	O4.2
dismantle	A	A1.1.1
dismantling	A	A1.1.1
dismay	E	E6
dismayed	E	E6
dismember	A	A1.1.2
dismembered	A	A1.1.2
dismiss	A	A11.1
dismissal	A	A11.1
dismissed	A	A11.1
dismissing	A	A11.1
dismissive	E	E6
dismount	M	M1
dismounted	M	M1
disobedience	S	S8
disobedient	S	S8
disobey	S	S8
disobeys	S	S8
disorder	B	B2
disordered	A	A6.2
disorderly	G	G2.2
disorders	B	B2
disorganise	O	O4.2
disorganised	O	O4.2
disorganize	O	O4.2
disorganized	O	O4.2
disorientate	M	M6
disorientated	M	M6
disorientation	M	M6
disoriented	M	M6
disown	X	X7
disowned	X	X7
disparage	A	A11.1-/Q2.2
disparaged	Q	Q2.2
disparagement	A	A11.1-/Q2.2
disparagements	A	A11.1-/Q2.2
disparaging	Q	Q2.2
disparate	A	A6.1
disparity	A	A6.1
dispassionate	S	S5
dispatch	M	M2
dispatched	M	M2
dispatcher	M	M2/S2mf
dispatchers	M	M2/S2mf
dispel	A	A9
dispensary	B	B3/H1c
dispensation	S	S7.4
dispense	A	A9
dispenser	O	O2
dispensing	B	B3
dispersal	M	M1
disperse	M	M1
dispersed	M	M1
dispersing	M	M1
dispersion	M	M1
dispirited	E	E4.1
dispiriting	E	E4.1
displace	A	A2.1
displaced	M	M1
displacement	M	M2
display	A	A10
displayed	A	A10
displaying	A	A10
displease	E	E4.2
displeased	E	E4.2
displeasing	E	E3
displeasure	E	E4.2
disposable	X	X7
disposal	X	X7
dispose	X	X7
disposed	X	X5.2
disposition	S	S1.2
dispositions	S	S1.2
dispossess	A	A9
dispossessed	A	A9
dispossessing	A	A9
disproportion	A	A6.1
disproportionate	N	N5.2
disproportionately	N	N5.2
disprove	A	A5.2
disproved	A	A5.2
disputable	A	A7
dispute	A	A6.1
disputed	A	A7
disqualification	A	A1.8-/I3.2
disqualified	A	A1.8-/I3.2
disqualify	A	A1.8-/I3.2
disquiet	E	E3
disquieting	E	E6
disregard	X	X5.1
disrepair	A	A1.1.2
disrepute	A	A5.1
disrespect	S	S7.2
disrespectful	S	S7.2
disrobe	B	B5
disrupt	S	S8
disrupted	S	S8
disruption	E	E3
disruptions	E	E3
disruptive	E	E3
dissatisfaction	E	E4.2
dissatisfied	E	E4.2
dissatisfy	E	E4.2
dissect	A	A1.1.1
dissected	A	A1.1.1
dissection	Y	Y1
disseminate	Q	Q2.1
dissemination	Q	Q2.1
dissent	A	A6.1
dissenting	A	A6.1
dissention	A	A6.1
dissertation	P	P1/Q1.2
dissertation-based	P	P1/Q1.2
dissertations	P	P1/Q1.2
disservice	A	A1.1.2
dissident	G	G1.2/S2mf
dissimilar	A	A6.1
dissimilarities	A	A6.1
dissimilarity	A	A6.1
dissipate	N	N5-/A2.1
dissipated	N	N5-/A2.1
dissipation	A	A10
dissocial	S	S1.1.1
dissolute	G	G2.2
dissolutely	G	G2.2
dissolution	T	T2
dissolve	A	A1.1.1
dissolved	A	A1.1.1
dissolves	A	A1.1.1
dissuade	Q	Q2.2
dissuaded	Q	Q2.2
dissuading	Q	Q2.2
distance	A	A1.9
distance-learning	P	P1
distant	N	N3.3
distaste	E	E2
distasteful	O	O4.2
distemper	B	B2-/L2
distil	F	F2/A1.1.1
distillation	F	F2/A1.1.1
distilled	O	O4.1/F2
distiller	F	F2/A1.1.1/S2mf
distillers	F	F2/A1.1.1/S2mf
distillery	F	F2/A1.1.1/H1c
distilling	F	F2/A1.1.1
distinct	A	A6.1
distinction	A	A6.1
distinctive	A	A11.2
distinctiveness	A	A11.2
distinctly	A	A11.2
distinguish	A	A6.1
distinguishable	A	A6.1
distinguished	S	S7.1
distinguishing	A	A6.1
distinguishment	A	A5.1
distort	A	A5.2-/Q2.2
distorted	O	O4.4
distorting	A	A5.2-/Q2.2
distortion	A	A2.1
distorts	A	A2.1
distract	X	X5.1
distracted	X	X5.1
distractedly	X	X5.1
distracting	X	X5.1
distraction	X	X5.1
distractions	X	X5.1
distraught	E	E6
distress	E	E6
distressed	E	E6
distressful	E	E6
distressing	E	E6
distribute	A	A9
distributed	A	A3
distribution	A	A9
distributor	I	I2.2/S2mf
distributors	I	I2.2/S2mf
distributorship	I	I2.2
distributory	I	I2.2
districts	M	M7
distrust	X	X2.1/A5.1
distrustful	X	X2.1/A5.1
disturb	X	X5.1
disturbance	E	E3
disturbances	E	E3
disturbed	E	E6
disturber	A	A2.1+/S2mf
disturbers	A	A2.1+/S2mf
disturbing	X	X5.1
disunite	S	S5
disunity	S	S5
disuse	A	A1.5.1
disused	A	A1.5.1
ditch	M	M7
dither	A	A7
ditherer	A	A7-/S2mf
ditherers	A	A7-/S2mf
dithering	A	A7
dithery	A	A7
ditto	A	A6.1
ditty	K	K2
diuretic	B	B1
diuretics	B	B1/O1
divan	H	H5
diverge	A	A6.1
diverged	A	A6.1
divergence	A	A6.1
divergent	A	A6.1
divers	A	A6.3
diverse	A	A6.3
diversely	A	A6.3
diversification	A	A6.3
diversified	A	A6.3
diversify	A	A6.3
diversion	X	X5.1
diversionary	X	X5.1
diversions	X	X5.1
diversity	A	A6.3
divert	M	M2
diverted	M	M2
diverts	M	M2
dives	M	M4
divest	A	A9
dividable	N	N2
divide	A	A6.1-/E3
divided	A	A6.1
dividend	I	I1.1
dividends	I	I1.1
divider	O	O2/A6.1
divides	A	A6.1
dividing	A	A6.1
divination	X	X2.6+/T1.1.3/S9
divine	S	S9
divinely	S	S9
divineness	S	S9
divines	X	X2.1/A7
diving	M	M4
divinity	S	S9
divisible	N	N2
division	A	A6.1
divisional	S	S5
divisionalised	S	S5
divisions	A	A6.1
divisive	S	S1.2.1
divorce	S	S4
divorced	S	S4
divorcee	S	S4/S2.1f
divulge	A	A10
divulging	A	A10
divvied	S	S1.1.2
divvy	S	S1.1.2
dixons.co.uk	Z	Z3c/Y2
diy	C	C1
dizziness	B	B2
dizzy	B	B2
dizzying	B	B2
do	A	A1.1.1
do-able	A	A7
do-gooder	S	S8+/S2mf
do-gooders	S	S8+/S2mf
do-it-yourself	C	C1
do-it-yourselves	C	C1
doable	A	A7
dob	Z	Z4
docile	E	E3
dock	M	M4/M7
docked	M	M4/M8
docker	M	M4/S2mf
docket	Q	Q1.2
dockets	Q	Q1.2
dockland	M	M4/M7
dockyard	M	M4/M7
doctor	B	B3/I3.2/S2mf
doctorate	P	P1
doctored	B	B3
doctoring	B	B3
doctors	B	B3/I3.2/S2mf
doctrinal	S	S9
doctrine	S	S9
document	Q	Q1.2
documental	Q	Q1.2
documentary	Q	Q1.2
documentation	Q	Q1.2
documented	Q	Q1.2
doddery	T	T3
doddle	A	A12
dodge	A	A1.9
dodgem	K	K1/M3
dodgems	K	K1/M3
dodger	A	A1.9/S2mf
dodgy	G	G2.2
doe	L	L2f
doe-skin	O	O1.1
doer	A	A1.1.1/S2mf
does	A	A1.1.1
doesnae	A	A1.1.1/Z6
dog	L	L2mfn
dog-house	L	L2/H1
dog-leg	O	O4.4
dog-whelk	L	L2
dog-whelks	L	L2
dog-yard	L	L2/H3
dogeared	O	O4.2
dogged	X	X8
doggedly	X	X8
doghouse	L	L2/H1
dogleg	O	O4.4
doglegs	O	O4.4
dogma	X	X4.1
dogmatic	A	A2.1-/X2.1
dogmatism	A	A2.1-/X2.1
dogmatist	A	A2.1-/X2.1/S2mf
dogmatists	A	A2.1-/X2.1/S2mf
dogs	L	L2mfn
dogsbody	S	S7.1-/S2mf
dogwhelk	L	L2
doi	Z	Z4
doilies	H	H5
doily	H	H5
doing	A	A1.1.1
doings	A	A1.1.1
doink	X	X3.2
dokey	Z	Z4
doldrum	A	A1.1.1/N5
doldrums	A	A1.1.1/N5
dole	A	A9
doleful	E	E4.1
doll	K	K6
dollar	I	I1
dollar-cost	I	I1.3
dollop	F	F1
dolly-leg	B	B4/O2
dolly-legs	B	B4/O2
dolphin	L	L2mfn
dom	S	S9/S2.2m
domain	X	X4.1
domain-oriented	Y	Y2
domain-specific	Y	Y2
domed	O	O4.4/H1
domes	H	H2
domestic	B	B4/S2mf
domestically	H	H4
domesticated	E	E3+/L2
domesticity	H	H4
domestics	B	B4/S2mf
domicile	H	H4
dominance	S	S7.1
dominant	S	S7.1
dominate	S	S7.1
dominated	S	S7.1
dominating	S	S7.1
domination	S	S7.1
domineering	S	S7.1
dominion	S	S7.1
dominions	S	S7.1
domino	K	K5.2
dominoes	K	K5.2
dominos	K	K5.2
don'ts	S	S7.4
donate	A	A9
donation	A	A9
done	A	A1.1.1
dong	X	X3.2
donkey	L	L2mfn
donkey-work	X	X5.2
donor	A	A9-/S2mf
doo	Z	Z4
doodlebug	G	G3
doodlebugs	G	G3
dool	N	N1
doolally	B	B2-/X1
doolayli	B	B2-/X1
doom	A	A5.1-/A2.1
doomed	A	A7+++/S7.1
doomsday	S	S9
door	H	H2
door-to-door	I	I2.2
doorkeeper	I	I3.2/H2/S2mf
doorlatch	H	H2
doorman	I	I3.2/H2/S2.2m
doormat	H	H5
doornail	O	O2
doors	H	H2
doorstep	H	H2
doorstop	H	H5
doorway	H	H2
dopamine	O	O1
dope	F	F3
dopey	S	S1.2.6
doppelganger	A	A6.1+/S2mf
dopy	S	S1.2.6
dorm	H	H2
dormant	A	A1.5.1
dormer	H	H1
dormice	L	L2
dormitory	H	H2
dormobile	M	M3
dormouse	L	L2mfn
dos	S	S7.1
dosage	N	N5
dose	N	N5
dosh	I	I1
doss	K	K1
dosser	H	H4-/S2mf
dossers	O	O4.2-/S2mf
dossing	K	K1
dost	A	A1.1.1
dot	A	A1.1.1
dot-com	Y	Y2
dot-commer	Y	Y2/S2mf
dot-coms	Y	Y2
dotcom	Y	Y2
dotcoms	Y	Y2
dote	E	E2
doted	E	E2
dotes	E	E2
doth	A	A1.1.1
doting	E	E2
dotted	Q	Q1.2
double	N	N5
double-book	A	A9+/N5
double-breasted	B	B5
double-check	X	X2.4+/A5.3
double-checked	X	X2.4+/A5.3
double-dealing	G	G2.2
double-decker	M	M3
double-digit	N	N1
double-edged	A	A7
double-firsts	P	P1
double-glazing	H	H2
double-hatted	I	I3.1/N5
double-marked	A	A5/P1
double-marking	A	A5/P1
double-sided	O	O4.1
doubled	N	N5
doubles	F	F2
doublet	B	B5
doubling	N	N5
doubly	A	A13.3
doubt	A	A7
doubted	A	A7
doubtedly	A	A7
doubter	A	A7-/S2mf
doubtful	A	A7
doubtfully	A	A7
doubting	A	A7
doubtless	A	A7
doubts	A	A7
dough	F	F1
doughnut	F	F1
dour	E	E4.1
dovetail	O	O2
dovetails	O	O2
dowdy	O	O4.2
dower	S	S4
down-and-out	S	S2mf
down-and-outs	S	S2mf
down-market	I	I2.2/O4.2
down-proof	A	A1.1.2
down-river	W	W3/M4
down-side	S	S8
down-to-earth	S	S1.2.1
down-town	M	M6
downbeat	X	X2.5
downcast	E	E4.1
downer	E	E4.1
downfall	X	X9.2
downgrade	A	A5.1-/A2.1
downgraded	A	A5.1-/A2.1
downgrading	A	A5.1-/A2.1
downhearted	E	E4.1
downhill	M	M6
download	M	M2
downloadable	Y	Y2
downloaded	Y	Y2
downmarket	O	O4.2
downplay	A	A11.1-/A8
downplayed	A	A11.1-/A8
downpour	W	W4
downright	A	A13.2
downshift	M	M3
downshifting	M	M3
downsize	N	N3.2-/A2.1
downstage	M	M6
downstairs	H	H2
downstream	N	N3.3
downtown	M	M6
downtrend	M	M6
downturn	N	N5-/A2.1
downward	M	M6
downwards	M	M6
downwater	O	O1.2
downy	O	O1.1
dowry	S	S4/I1/A9
dowse	X	X2.4/S9
dowsing	S	S9
doyennes	S	S7.2+/S2.1f
doyng	Z	Z4
doze	B	B1
dozen	N	N5
dozens	N	N5
dozing	B	B1
dozy	B	B1
drab	O	O4.3
drachma	I	I1
drachmas	I	I1
draconian	A	A1.7
draft	Q	Q1.2
drafted	Q	Q1.2
drafting	Q	Q1.2
draftsman	C	C1/I3.2/S2.2m
drafty	O	O4.6
drag	M	M2
dragged	M	M2
dragging	M	M2
dragon	S	S9
dragons	S	S9/L2mfn
drain	B	B4/H2
drainage	B	B4
drained	M	M2/N5.1
drainer	I	I4/S2mf
drainers	I	I4/S2mf
draining	B	B2
drainpipe	H	H2
dram	N	N3.5
drama	K	K4
dramatic	K	K4
dramatical	K	K4
dramatically	K	K4
dramatics	K	K4
dramatise	K	K4
dramatist	K	K4/S2mf
dramatize	K	K4
dramery	K	K4
drank	F	F2/B1
drape	H	H5
draped	M	M2
draper	B	B5/S2mf
draperess	B	B5/S2.1f
drapery	B	B5
drapes	H	H5
drastic	N	N5
drastically	A	A13.2
draught	W	W4
draughting	Q	Q1.2
draughtsman	C	C1/I3.2/S2.2m
draughtsmanship	C	C1
draughty	O	O4.6
draw	C	C1
drawback	S	S8
drawer	H	H5
drawing	C	C1
drawings	C	C1
drawl	Q	Q3
drawling	Q	Q2.2
drawn	C	C1
drawn-out	T	T1.3
dread	E	E5
dreaded	E	E5
dreadful	A	A5.1
dreadfully	A	A13.3
dreadlock	B	B1
dreadlocks	B	B1
dream	X	X2
dream-like	A	A5.2
dreamer	X	X5.1-/S2mf
dreaming	X	X2
dreamlike	A	A5.2
dreamt	X	X2
dreamy	X	X5.1
dreary	X	X5.2
dredge	A	A1.1.1
dregs	N	N5.2+/F2
drench	N	N5.2+/O1.2
drenched	N	N5.2+/O1.2
drenching	N	N5.2+/O1.2
dress	B	B5/A5.1
dressage	K	K5.1
dressed	B	B5
dressed-up	B	B5/O4.2
dresser	H	H5
dressing	B	B5
dressmake	B	B5
dressmaker	B	B5/S2mf
dressmaking	B	B5
dresswork	B	B5
dressworks	B	B5
dressy	O	O4.2
drew	C	C1
drib	N	N6
dribble	M	M2
dribs	N	N6
dried	O	O1.2
drier	O	O2
drift	M	M1
drifter	M	M1/S2mf
driftwood	O	O1.1
drill	A	A1.1.1
drilling	A	A1.1.1
drink	F	F2
drink-wise	F	F2
drinker	F	F2/S2mf
drinking	F	F2/B1
drip	O	O1.2/M1
dripping	O	O1.2/M1
drips	O	O1.2/N5
drive	M	M3
drive-through	F	F1/M3
drive-thru	F	F1/M3
drivel	A	A5.2
driven	M	M3
driver	M	M3/S2mf
drivers	M	M3/S2mf
driveway	M	M3/H3
driving	N	N5
drizzle	W	W4
drizzled	M	M2/O1.2
drizzling	W	W4
drollery	E	E4.1
dromedary	L	L2
drone	X	X3.2
drool	B	B1
droop	O	O4.1
drooped	O	O4.1
drooping	O	O4.1
droops	O	O4.1
droopy	O	O4.1
drop	O	O1.2/N5
drop-dead	A	A13.3
drop-down	M	M2
drop-in	S	S1.1.1/H1c
drop-off	N	N5-/A2.1
drop-out	X	X9.2-/S2mf
drop-outs	X	X9.2-/S2mf
droplets	O	O1.2/N5
dropout	X	X9.2-/S2mf
dropped	M	M2
dropping	M	M2
droppings	B	B1
drops	O	O1.2/N5
dropsy	B	B2
dross	O	O4.2
drought	W	W4
drove	M	M3
drown	L	L1
drowned	L	L1
drowning	L	L1
drowsiness	B	B1
drowsy	B	B1
drudge	E	E2
drudgery	E	E2
drug	B	B3
drug-dealing	F	F3/I2.2
drug-free	F	F3/Z6
drug-taking	F	F3
drug-user	F	F3/S2mf
drugged	F	F3
druggie	F	F3/S2mf
druggy	F	F3
drugs	B	B3
drugstores	B	B3/I2.2
druid	S	S9/S2mf
drum	K	K2
drummer	K	K2/S2mf
drumming	X	X3.2
drumstick	F	F1
drunk	F	F2/B1
drunkard	F	F2+++/S2mf
drunken	F	F2
drunkenness	F	F2
dry	O	O1.2
dry-processing	F	F4/O1.2
dryer	O	O1.2
drying	O	O1.2
dryness	O	O1.2
du	Z	Z8
dual	N	N1
dub	Q	Q4.3
dubbed	Q	Q2.2
dubery	O	O2
dubious	A	A7
dubs	S	S8+/S2mf
duchess	S	S7.1+/S2.1f
duck	M	M1
duckboard	O	O2
duckboards	O	O2
ducks	M	M1
duct	H	H2
dud	A	A1.1.2
dude	S	S2mf
dudes	S	S2mf
due	I	I1.3/S5
duel	G	G3
duet	K	K2
duff	O	O4.2
duffer	X	X9.1-/S2mf
dug	A	A1.1.1
dugout	M	M4
dull	X	X5.2
dully	X	X5.2
duly	A	A1.2
dumb	X	X3.2
dumbbell	K	K5.1
dumbbells	K	K5.1
dumbfound	E	E5
dumbfounded	E	E5
dumbness	X	X3.2
dumbstruck	E	E5
dummy	A	A5.4
dump	M	M2
dumped	M	M2
dumping	M	M2
dumpling	F	F1
dumplings	F	F1
dumpy	O	O4.2
dunce	X	X9.1-/S2mf
dune	W	W3
dunes	W	W3
dung	B	B1
dungaree	B	B5
dungarees	B	B5
dunk	M	M2
dunnit	A	A1.1.1
dunno	X	X2.2
duo	S	S5+c
duos	S	S5+c
duplicate	A	A6.1
duplicated	A	A6.1
duplicating	A	A6.1
duplication	A	A6.1
duplicity	G	G2.2
durability	O	O4.1
durable	O	O4.1
durables	O	O1.1
duration	T	T1.3
duress	A	A1.7
during	Z	Z5
dusk	T	T1.3
dusky	O	O4.3
dust	O	O1.1
dust-cart	B	B4/M3fn
dust-colored	O	O4.3
dust-like	O	O4.1
dustbin	X	X7-/O2
dustbins	X	X7-/O2
duster	B	B4
dusting	B	B4
dustman	B	B4/I3.2/S2.2m
dustpan	B	B4/O2
dusty	O	O4.1
duties	S	S6
dutiful	S	S6
dutifully	S	S6
duty	S	S6
duty-free	I	I1.3
duvet	H	H5
dwell	H	H4
dweller	H	H4/S2mf
dwelling	H	H4
dwelt	H	H4
dwindle	N	N5-/A2.1
dwindled	N	N5-/A2.1
dwindling	N	N5-/A2.1
dye	O	O4.3
dyed	O	O4.3
dyeing	O	O4.3
dying	L	L1
dynamic	A	A2.1
dynamically	A	A2.1
dynamics	X	X4.2
dynamism	X	X5.2
dynamite	G	G3/O1.1
dynamo	O	O3
dysentery	B	B2
dysfunction	B	B2
dysfunctional	A	A5.1
dyslexia	Q	Q3/B2
dyslexic	B	B2-/Q3/S2mf
dyslexics	Q	Q3/S2mf
dyspepsia	B	B2
dystrophy	B	B2
e-	Y	Y2
e-ads	I	I2.2/Y2
e-bay	Z	Z3c/Y2
e-advertising	I	I2.2/Q2.1/Y2
e-biz	I	I2.1/Y2
e-brands	I	I2.2/Y2
e-broker	I	I2.1/Y2
e-business	I	I2.1/Y2
e-campaign	G	G3/Y2
e-commerce	I	I2.1/Y2
e-companies	I	I2.1/S5+c/Y2
e-department	H	H2/Y2
e-entrepreneurs	I	I2.1/Y2/S2mf
e-frontier	M	M7/Y2
e-gold	I	I1/Y2
e-government	G	G1.1/Y2
e-journal	Q	Q4.2/Y2
e-learning	P	P1/Y2
e-mail-happy	Q	Q1.3/Y2
e-mailed	Q	Q1.3/Y2
e-mailing	Q	Q1.3/Y2
e-merchandising	I	I2.2/Y2
e-newsletters	Q	Q1.3/Y2
e-ocracy	S	S7.1+c/Y2
e-ocrats	S	S7.1+/Y2/S2mf
e-potential	Y	Y2
e-retail	I	I2.2/Y2
e-services	S	S8+/Y2
e-solutions	X	X4.2/Y2
e-synchronized	T	T1.1.2/Y2
e-tailer	I	I2.2/Y2/S2mf
e-tailers	I	I2.2/Y2/S2mf
e-tailing	I	I2.2/Y2
e-technology	Y	Y2
e-ventures	I	I2.1/Y2
e-village	M	M7/Y2
ebay	Z	Z3c
ebook	Q	Q4.1/Y2
ebroker	I	I2.2/Y2/S2mf
emarketer	I	I2.2/Y2
each	N	N5.1
eager	X	X5.2
eagerly	X	X5.2
eagles	L	L2mfn
ear	B	B1
ear-ache	B	B2
ear-aches	B	B2
ear-bashing	Q	Q2.2
earache	B	B2
eardrum	B	B1
earful	Q	Q2.2
earlier	N	N4
earliest	N	N4
earls	S	S7.1+/S2.2m
early	T	T4
early-evening	T	T1.3
early-morning	T	T1.3
early-stage	T	T3
earmark	X	X7
earmarked	X	X7
earn	A	A9+/I1
earned	A	A9+/I1
earner	A	A9+/I1/S2mf
earnest	A	A5.2
earnestly	A	A13.3
earning	A	A9
earnings	I	I1.1
earns	A	A9+/I1
earnt	A	A9+/I1
earphone	K	K3
earphones	K	K3
earpiece	K	K3
earring	B	B5
earringed	B	B5
ears	B	B1
earshot	X	X3.2
earth	W	W3
earth-mother	S	S2.1f/O4.2
earth-shattering	A	A11.1
earthen	O	O4.5
earthenware	O	O1.1
earthly	W	W1
earthquake	W	W3
earthquake-resistant	A	A15
earthworks	H	H1
earthy	S	S1.2.1
ease	A	A12
easel	C	C1/O2
easier	A	A12
easiest	A	A12
easily	A	A12
easiness	A	A12
easing	A	A12+/A2.1
east	M	M6
easterly	M	M6
eastwards	M	M6
easy	A	A12
easy-care	A	A12
easy-everything.co.uk	Z	Z3c
easy-going	A	A12
easy-to-be-with	A	A12+/S1.2.1
easy-to-navigate	M	M6/A12
easy-to-use	A	A12
easygoing	A	A12
easyshop.co.uk	Z	Z3c/Y2
eat	F	F1/B1
eaten	F	F1/B1
eater	F	F1/S2mf
eaters	F	F1/S2mf
eatery	F	F1/H1c
eating	F	F1/B1
eats	F	F1
eau	O	O1.2
eavesdrop	X	X3.2/A10
ebb	W	W3/M4
ebbs	W	W3/M4
ebullient	X	X5.2
eccentric	A	A6.2
eccentricity	A	A6.2
ecclesiastic	S	S9/S2mf
ecclesiastical	S	S9
ecclesiastically	S	S9
echelon	S	S5
echelons	S	S5
echoed	X	X3.2
eclair	F	F1
eclairs	F	F1
eclectic	A	A6.2
eclectically	A	A6.2
eclipse	W	W1
eclipsed	A	A10
eclipses	W	W1
eco	W	W5
eco-system	W	W5
ecological	W	W5
ecologically	W	W5
ecologist	Y	Y1/W5/S2mf
ecology	W	W5
economic	I	I1.3
economical	I	I1.3
economically	I	I1.3
economics	I	I1c
economise	I	I1.2/A1.3
economist	I	I2.1/S2mf
economists	I	I2.1/S2mf
economy	I	I2.1
economy-wise	I	I2.1
ecosystem	W	W5
ecotypes	A	A4.1/I1
ecru	O	O4.3
ecstatic	E	E4.1
ecstatically	E	E4.1
ecumenical	S	S9/S5
ecumenically	N	N5.1
ecumenism	S	S9
eczema	B	B2
edge	O	O2
edged	O	O4.1
edges	O	O2
edgeways	M	M6
edging	O	O2
edgy	E	E6
edible	F	F1
edict	G	G2.1
edit	Q	Q1.2
edited	Q	Q1.2
editing	Q	Q1.2
edition	Q	Q4
editor	Q	Q4/I3.2/S2mf
editor-in-chief	Q	Q4/I3.2/S2mf
editorial	Q	Q1.2
editors	Q	Q4/I3.2/S2mf
educate	P	P1
educated	P	P1
educating	P	P1
education	P	P1
educational	P	P1
educational-products	P	P1/O2
educationalist	P	P1/S2mf
educationalists	P	P1/S2mf
educationally	P	P1
educative	P	P1
educator	P	P1/S2mf
educators	P	P1/S2mf
ee	Z	Z4
eeeeeh	Z	Z4
eeeh	Z	Z4
eel	L	L2mfn
eels	L	L2mfn
eerie	E	E5
eerier	E	E5
eerily	E	E5
eerrr	Z	Z4
eery	E	E5
efface	A	A10
effacing	A	A10
effect	A	A2.2
effected	A	A2.2
effecting	A	A2.2
effective	X	X9.2
effectively	A	A5.4
effectiveness	X	X9.2
effeminate	S	S2.1
effervescent	O	O4.1
efficacy	X	X9.2
efficiency	X	X9.1+/I3.2
efficient	X	X9.1+/I3.2
efficiently	X	X9.1+/I3.2
effigy	O	O2/E2
effluent	O	O1.2/O4.2
effort	X	X8
effortless	A	A12
effortlessly	A	A12
effuse	A	A1.1.1
effused	A	A1.1.1
effusion	A	A1.1.1
effusive	Q	Q2.1/N5
eg	A	A4.1
eg.	A	A4.1
egg	L	L2
eggcup	O	O2
eggs	L	L2
egma	F	F1
ego	S	S1.2.3
ego-driven	S	S1.2.3
ego-trip	S	S1.2.3
egocentric	S	S1.2.2
egoistic	S	S1.2.3
egotistic	S	S1.2.3
egotistical	S	S1.2.3
eh	Z	Z4
eider	L	L2
eiderdown	O	O1.1
eiderdowns	O	O1.1
eight-year	T	T1.3
eighteen	N	N1
eighteen-year-old	T	T3
eighth	N	N1
eighth-highest-paid	I	I1.1+++/N4
eighths	N	N1
eightish	T	T1.2
eighty	N	N1
either	Z	Z5
eject	M	M2
ejected	M	M2
ejecting	M	M2
ejournal	Q	Q4.2/Y2
el	M	M5
elaborate	Q	Q2.2
elaborately	O	O4.1
elapse	T	T1.3
elapsed	T	T1.3
elastic	O	O4.5
elasticated	O	O4.1
elasticity	A	A2.1
elastomers	O	O1.1
elastoplast	B	B3
elastoplasts	B	B3
elate	E	E4.1
elated	E	E4.1
elation	E	E4.1
elbow	E	E3
elbows	B	B1
elder	T	T3
elderflower	L	L3
elderly	T	T3+++/S2mf
eldest	T	T3
elect	G	G1.2/X7
elected	G	G1.2/X7
election	G	G1.2/X7
election-winning	G	G1.2/X9.2
elective	X	X7
elector	G	G1.2/X7+/S2mf
electoral	G	G1.2/X7
electorate	G	G1.2/X7+/S2mf
electors	G	G1.2/X7+/S2mf
electric	O	O3
electrical	O	O3
electrically	O	O3
electricals	O	O3
electrician	O	O3/S2mf
electricity	O	O3
electrics	O	O3
electrification	O	O3
electrified	O	O3
electrify	O	O3
electro	O	O3
electro-magnetic	O	O3
electrocute	O	O3
electrocuted	O	O3
electrode	O	O3
electrolysis	B	B4
electromagnetic	O	O3
electron	Y	Y1
electronic	O	O3
electronically	O	O3
electronics	O	O3
electronicy	O	O3
electrophysics	Y	Y1
electrostatic	O	O3
elegance	O	O4.2
elegant	O	O4.2
elegantly	O	O4.2
element	A	A4.1
elemental	O	O1
elementary	A	A12
elephant	L	L2mfn
elevate	A	A11.1+/A2.1
elevated	A	A11.1
elevating	A	A11.1+/A2.1
elevation	N	N3.7
elevator	H	H2
eleven	N	N1
elevenish	T	T1.2
elevenses	B	B5
eleventh	N	N1
elf	S	S9
elicit	A	A9
eligibility	A	A1.2
eligible	A	A1.2
eliminate	A	A9
eliminated	A	A9
elimination	A	A9
elite	A	A5.1
elitism	A	A5.1
elitist	A	A5.1
elliptical	O	O4.4
elocution	Q	Q3
eloquence	Q	Q3/X9.1
eloquent	Q	Q3/X9.1
eloquently	Q	Q3/X9.1
else	A	A6.1
elses	A	A9+/Z8
elsewhere	M	M6/A6.1
elucidate	Q	Q2.2/A7
elucidation	Q	Q2.2/A7
elude	A	A9
elusive	A	A10
elves	S	S9
em	Z	Z8
email	Q	Q1.3/Y2
emailing	Q	Q1.3/Y2
emanate	M	M2
emanated	M	M2
emanates	M	M2
emanating	M	M2
emancipate	A	A1.7
emancipating	A	A1.7
emancipation	A	A1.7
emasculated	B	B3
embalm	L	L1
embalming	L	L1
embanking	I	I4/M4
embarass	E	E1
embarassed	E	E1
embargo	S	S7.4
embark	M	M1
embarked	M	M1
embarking	M	M1
embarrass	E	E4.1
embarrassed	E	E4.1
embarrassing	E	E4.1
embarrassingly	E	E4.1
embarrassment	E	E4.1
embattled	G	G3
embed	A	A1.8
embedded	M	M6
embellish	O	O4.1
embellished	O	O4.2+/A2.1
embellishment	O	O4.1
embellishments	O	O4.1
embezzle	A	A9+/G2.1
embezzled	A	A9+/G2.1
embezzlement	A	A9+/G2.1
embezzling	A	A9+/G2.1
embittered	E	E3
emblazon	O	O4.1
emblazoned	O	O4.1
emblem	C	C1
emblematic	X	X4.1
embodied	Q	Q1.1/A1.6
embodies	Q	Q1.1/A1.6
embodiment	Q	Q1.1/A1.6
embody	Q	Q1.1/A1.6
embodying	Q	Q1.1/A1.6
embolden	S	S8
emboldened	S	S8
emboss	A	A1.1.1
embossed	O	O4.1
embrace	S	S3.2
embraced	S	S3.2
embracing	S	S3.2
embroider	B	B5
embroidered	C	C1
embroil	S	S1.1.3
embroiled	S	S1.1.3
embryonic	T	T3
emerald	O	O1.1
emerge	M	M1
emergence	M	M1
emergency	A	A11.1
emergent	A	A10
emerges	M	M1
emerging	M	M1
emery	O	O1.1
emigrant	M	M1/M7/S2mf
emigrants	M	M1/M7/S2mf
emigrate	M	M1
emigrating	M	M1/M7
emigration	M	M1/M7
eminent	X	X9.1
eminently	A	A13.3
emir	S	S9/S2.2m
emission	A	A9
emissions	A	A9
emit	M	M2
emolument	I	I1.1
emoluments	I	I1.1
emotion	E	E1
emotion-laden	E	E1
emotional	E	E1
emotionally	E	E1
emotive	E	E1
empathic	S	S1.2.1
empathise	X	X2.5+/E1
empathy	X	X2.5+/E1
emperors	S	S7.1+/S2mf
emphases	A	A11.1
emphasis	A	A11.1
emphasise	A	A11.1
emphasised	A	A11.1
emphasises	A	A11.1
emphasising	A	A11.1
emphasize	A	A11.1
emphasized	A	A11.1
emphatic	E	E6
emphatically	E	E6
emphysema	B	B2
empire-building	S	S7.1
empirical	X	X2.4
employ	I	I3.1
employability	I	I3.1
employable	I	I3.1
employed	I	I3.1
employee	I	I3.1/S2mf
employee/employer	I	I3.1/S2mf
employer	I	I3.1/S2mf
employer-employee	I	I3.1
employers	I	I3.1/S2mf
employing	I	I3.1
employment	I	I3.1
employments	I	I3.1
employs	I	I3.1
emporiums	I	I2.2/H1c
empower	S	S7.1
empowered	S	S7.1
empowering	S	S7.1
empowerment	S	S7.1
empress	S	S7.1+/S2.1f
emptiness	E	E4.1
empty	N	N5
empty-handed	X	X9.2
emptying	N	N5
emulate	A	A6.1
emulation	A	A6.1
emulations	A	A6.1
emulsion	O	O1.2
en	Z	Z5
en-lai	Z	Z1
en-suite	H	H2
enable	S	S8
enabled	S	S8
enabler	S	S8
enabling	S	S8
enact	G	G2.1
enacted	G	G2.1
enamel	O	O1.1
enamels	O	O1
enamored	E	E2
enamour	E	E2
enamoured	E	E2
enc	Q	Q1.2
encamp	G	G3/M7
encamped	G	G3/M7
encampment	H	H4/M7
encapsulate	A	A1.8
encapsulated	A	A1.8
encapsulates	A	A1.8
encase	A	A10
encasing	A	A10
encephalitis	B	B2
enchant	X	X5.2
enchanted	X	X5.2
enchanting	X	X5.2
enchantment	X	X5.2
encircle	M	M1
encircled	M	M1
encirclement	G	G3
enclave	M	M7
enclaves	M	M7
enclose	A	A1.8
enclosed	A	A1.8
enclosure	Q	Q1.2
encode	Q	Q1.1
encoded	Q	Q1.1
encoding	Q	Q1.1
encompass	A	A1.8
encompassed	A	A1.8
encompassing	A	A1.8
encore	K	K1
encounter	S	S3.1
encountered	S	S3.1
encountering	S	S3.1
encourage	S	S8
encouraged	S	S8
encouragement	S	S8
encouraging	S	S8
encroach	N	N5.2+/X7
encroached	N	N5.2+/X7
encroachment	N	N5.2+/X7
encrusted	O	O4.1
encrypted	A	A10-/Q1.2
encumbrance	X	X7
encyclopaedia	Q	Q4.1
encyclopaedic	Q	Q4.1
encyclopedia	Q	Q4.1
encyclopedic	N	N5.1
end	M	M6
end-of	T	T2
end-of-module	T	T2-/P1
end-of-term	T	T2-/P1
end-of-term-assignments	T	T2-/P1
end-of-the-year	T	T2-/T1.3
end-of-year	T	T2-/T1.3
end-of-year-evaluation	T	T2-/T1.3/P1/A5
end-of-year-exam	T	T2-/T1.3/P1/X2.4
end-term-test	T	T2-/P1/X2.4
end-to-end	N	N5.1
end-user	A	A1.5.1/S2mf
endanger	A	A15
endangered	A	A15
endearing	O	O4.2
endearment	E	E2
endeavors	X	X8
endeavour	X	X8
endeavoured	X	X8
endeavouring	X	X8
endeavours	X	X8
ended	T	T2
endemic	B	B2
endgame	K	K5.1
ending	T	T2
endless	T	T2
endlessly	T	T2
endocervical	B	B1
endocytology	B	B1
endomesiosis	B	B2
endomysiosis	B	B2
endorphin	B	B1
endorphine	B	B1
endorphins	B	B1
endorse	S	S8+/Q2.2
endorsement	S	S8+/Q2.2
endorser	S	S8+/Q2.2/S2mf
endorsing	Q	Q1.2
endothelium	B	B1
endow	I	I1.1+/A9
endowed	I	I1.1+/A9
endowment	I	I1.1
endowments	I	I1
ends	T	T2
endth	N	N4
endurance	B	B1
endure	A	A1.1.1
endured	A	A1.1.1
enduring	A	A1.1.1
enemies	S	S1.2.1-/S2mfc
enemy	S	S1.2.1-/S2mfc
energetic	X	X5.2
energetically	X	X5.2
energise	X	X5.2
energised	X	X5.2
energising	X	X5.2
energize	X	X5.2
energized	X	X5.2
energizing	X	X5.2
energy	X	X5.2
enfold	A	A10
enforce	A	A1.1.1
enforceable	A	A1.1.1
enforced	A	A1.1.1
enforcement	A	A1.1.1
enforcing	A	A1.1.1
engage	A	A1.1.1
engaged	S	S4
engagement	S	S1.1.1
engagements	S	S1.1.1
engaging	X	X5.2
engender	A	A2.2
engenders	A	A2.2
engine	O	O2
engineer	S	S7.1
engineer-workforce	Y	Y1/I3.2/S2c
engineered	S	S7.1
engineering	Y	Y1
engineers	A	A1.1.1
engrain	A	A1.1.1
engrained	A	A1.1.1
engrave	C	C1
engraved	C	C1
engraving	A	A1.1.1
engross	X	X5.2
engrossed	X	X5.2
engrossing	X	X5.2
enhance	A	A5.1+/A2.1
enhanced	A	A5.1+/A2.1
enhancement	A	A5.1+/A2.1
enhancing	A	A5.1+/A2.1
enigma	X	X2.2
enigmatic	X	X2.5
enjoin	S	S7.1+/Q2.2
enjoined	S	S7.1+/Q2.2
enjoy	E	E2
enjoyable	E	E4.1
enjoying	E	E2
enjoyment	E	E2
enlarge	N	N3.2+/A2.1
enlarged	N	N3.2+/A2.1
enlargement	C	C1/N3.2
enlighten	Q	Q2.2
enlightened	A	A5.1
enlightening	Q	Q2.2
enlightenment	X	X2.3
enlist	G	G3
enliven	X	X5.2+/A2.2
enmeshed	S	S5
enmity	E	E3
enormity	N	N3.2
enormous	N	N3.2
enormously	A	A13.3
enough	N	N5
enquire	Q	Q2.2
enquired	Q	Q2.2
enquirer	Q	Q2.2/S2mf
enquiries	Q	Q2.2
enquiring	Q	Q2.2
enquiringly	X	X2.4
enquiry	Q	Q2.2
enrage	E	E3
enraged	E	E3
enrich	A	A5.1+/A2.1
enriching	A	A5.1+/A2.1
enrichment	A	A5.1+/A2.1
enrol	S	S5
enrole	S	S5+/Q2.2
enroled	S	S5+/Q2.2
enroling	Q	Q2.2
enroll	S	S5
enrolling	S	S5
enrolment	S	S5
ensconce	S	S1.2.5+/A2.1
enshrine	A	A1.8
enshrined	A	A1.8
enshrines	A	A1.8
ensign	Q	Q1.1
enslave	S	S7.1
enslaved	S	S7.1
enslavement	S	S7.1
ensnare	S	S7.1+/G2.2
ensnared	S	S7.1+/G2.2
ensue	N	N4/A2.2
ensues	N	N4/A2.2
ensuing	N	N4
ensuite	H	H2
ensure	A	A7
ensuring	A	A7
ent	I	I2.1/S2mf
entail	A	A2.2
entailed	A	A2.2
entailing	A	A2.2
entails	A	A2.2
entangle	S	S1.1.3
entangled	S	S1.1.3
enter	M	M1
entered	M	M1
entering	M	M1
enterprises	I	I2.1
enterprising	X	X8
entertain	K	K1
entertained	K	K1
entertainer	K	K4/S2mf
entertaining	K	K1
entertainment	K	K1
entertainment-related	K	K1
entertainments	K	K1
enthral	X	X5.1
enthralled	X	X5.1
enthralling	X	X5.2
enthuse	X	X5.2
enthused	X	X5.2
enthusiasm	X	X5.2
enthusiast	X	X5.2+/S2mf
enthusiastic	X	X5.2
enthusiastically	X	X5.2
enthusiasts	X	X5.2
entice	X	X5.2
enticed	X	X5.2
enticement	X	X5.2
enticing	X	X5.2
entire	N	N5.1
entirely	A	A13.2
entirety	N	N5.1
entities	O	O2
entitle	S	S7.4
entitled	S	S7.4
entitlement	S	S7.4
entitling	S	S7.4
entity	O	O2
entomologist	Y	Y1/S2mf
entomology	Y	Y1/L2
entourage	S	S8+/S2mf
entrails	B	B1
entrance	O	O4.2
entranced	X	X5.2
entrant	S	S1.1.3+/S2mf
entrap	G	G2.2
entrapped	G	G2.2
entreat	Q	Q2.2
entreated	Q	Q2.2
entreaty	A	A2.2/S1.2.4
entrench	A	A2.1
entrenched	A	A2.1
entrenchment	G	G3
entrepreneur	I	I2.1/S2mf
entrepreneur(s)	I	I2.1/S2mf
entrepreneur-cum-chef	I	I2.1/S2mf
entrepreneurial	I	I2.1
entrepreneurialism	I	I2.1
entrepreneurs	I	I2.1/S2mf
entrepreneurship	I	I2.1
entries	M	M7
entrust	A	A9
entrusted	A	A9
entry	M	M7
ents	I	I2.1/S2mf
enumerate	N	N1/N4
enumeration	N	N1/N4
envelop	A	A1.8
envelope	O	O2
enviable	X	X7
enview	X	X2.1
enviewed	X	X2.1
envious	S	S1.2.2
enviously	S	S1.2.2
environment	W	W5
environmental	W	W5
environmentalist	W	W5/S2mf
environmentalists	W	W5/S2mf
environmentally	W	W5
envisage	X	X2.6
envisaged	X	X2.6
envision	X	X2.6
envisioned	X	X2.6
envoy	Q	Q2.1/S2mf
envy	S	S1.2.2
enzyme	O	O1
enzymes	O	O1
ephemera	T	T1.2
ephemeral	T	T1.3
epic	Q	Q3
epicentre	W	W3
epidemic	B	B2-/S5
epidemics	B	B2-/S5
epidemiology	Y	Y1/B2
epidural	B	B3
epilepsy	B	B2
epileptic	B	B2-/S2mf
episcopacy	S	S9
episcopal	S	S9
episcopate	S	S9
episode	A	A3+/A11.1
episodes	A	A3+/A11.1
episodic	N	N6
epitaph	Q	Q1.2
epithelial	B	B1
epithelium	B	B1
epitome	A	A4.1
epitomise	A	A4.1
epitomises	A	A4.1
epoch	T	T1.3
eponymous	Q	Q4.1
equably	E	E3
equal	A	A6.1
equalise	A	A6.1+/A2.1
equaliser	K	K3
equality	A	A6.1
equally	A	A6.1
equanimity	E	E3
equate	A	A6.1
equation	N	N2
equator	W	W3
equatorial	W	W3
equestrian	K	K5.1
equilae	B	B2
equilibrium	A	A6.1
equip	A	A9
equipment	O	O2
equipped	A	A9
equitably	G	G2.2
equity	G	G2.2
equity-type	I	I1.1
equivalence	A	A6.1
equivalent	A	A6.1
equivocal	A	A7
er	Z	Z4
era	T	T1.3
eradicate	A	A1.1.2
eradication	A	A1.1.2
erase	A	A9
erased	A	A9
eraser	O	O2
ere	Z	Z5
erect	M	M2
erected	M	M2
erection	B	B1/S3.2
erector	H	H1/S2mf
ergh	Z	Z4
ergonomically	A	A1.5.1
erh	Z	Z4
erm	Z	Z4
ermh	Z	Z4
ermine	O	O1.1
ermmmh	Z	Z4
ermmmmmh	Z	Z4
ermmmmmmmh	Z	Z4
erode	A	A1.1.2
erosion	A	A1.1.2
erotic	S	S3.2
err	A	A5.3
errand	A	A1.1.1
errant	M	M1
erratic	A	A6.3
erratically	N	N6
erred	A	A5.3
errm	Z	Z4
erroneous	A	A5.3
erroneously	A	A5.3
erroneousness	A	A5.3
error	A	A5.3
error-prone	A	A5.3
erudite	X	X2.2
erudition	X	X2.2
erupt	W	W3
erupted	W	W3
erupting	W	W3
eruption	W	W3
eruptions	W	W3
erupts	W	W3
es	Z	Z5
escalate	N	N3.2+/A2.1
escalated	N	N3.2+/A2.1
escalating	N	N3.2+/A2.1
escalation	N	N5+/A2.1
escalator	O	O2
escape	A	A1.7
escaped	A	A1.7
escapee	A	A1.7-/S2mf
escaping	A	A1.7
escapism	X	X2.1
escapist	S	S2/X2.1mf
escapists	S	S2/X2.1mf
esoteric	A	A6.2
esp.	A	A14
especial	A	A4.2
especially	A	A14
espionage	G	G3
esplanade	M	M7
espouse	A	A9
espoused	A	A9
essay	X	X8
essay-based	Q	Q1.2/P1
essay-style	Q	Q1.2/P1
essay-writing	Q	Q1.2/P1
essays	Q	Q1.2/P1
essence	A	A11.1
essential	S	S6
essentially	S	S6
essentials	S	S6
establish	T	T2
established	T	T3
establishing	T	T2
establishment	T	T2
establishment-born	G	G1.1c
establishments	T	T2
estate	M	M7/F4
estates	M	M7
esteem	S	S7.2
esteemed	S	S7.2
estimable	S	S7.2
estimate	X	X6/A7
estimated	X	X6/A7
estimating	X	X6/A7
estimation	X	X6/A7
estimator	I	I2.1/S2mf
estoppel	G	G2.1
estradiol	O	O1
estrange	S	S5
estranged	S	S3.1-/S4
estrogen	B	B1
estuary	W	W3/M4
etc	Z	Z4
etc.	Z	Z4
etcetera	Z	Z4
etch	A	A1.1.1
eternal	T	T2
eternally	T	T2
eternity	T	T2
ethic	G	G2.2
ethical	G	G2.2
ethically	G	G2.2
ethics	G	G2.2c
ethnic	S	S5
ethnicity	S	S5
ethnics	S	S5+/S2mf
ethos	G	G2.2
ethoses	G	G2.2
etiquette	S	S1.2.4
etymology	Q	Q3
eulogistic	S	S7.2+/Q2.2
euphemism	Q	Q3
euphemistic	Q	Q3
euphemistically	S	S1.2.4
euphoria	E	E4.1
euphoric	E	E4.1
eurotunnel	Z	Z3c
euthanasia	L	L1
evacuate	N	N5.1
evacuated	N	N5.1
evacuation	M	M2
evacuations	M	M2
evacuee	M	M2/S2mf
evade	A	A1.9
evaded	A	A1.9
evading	A	A1.9
evaluate	A	A5.1
evaluated	A	A5.1
evaluating	A	A5.1
evaluation	A	A5.1
evaluator	A	A5.1/S2mf
evaluators	A	A5.1/S2mf
evangelise	S	S9
evangelism	S	S9
evangelist	S	S9/S2mf
evangelists	S	S9/S2mf
evangelization	S	S9
evangelize	S	S9
evangelizing	S	S9
evaporate	O	O1.3
evaporated	O	O1.3
evaporating	O	O1.3
evaporation	A	A2.1+/I1.3
evasion	A	A1.9
evasive	A	A1.9
evasively	A	A1.9
even	A	A6.1
evening	T	T1.3
evenly	N	N6
event	A	A3+/A11.1
event-planning	S	S1.1.1/X7
events	A	A3+/A11.1
eventual	N	N4
eventuality	A	A7
eventually	N	N4
ever	T	T1.1
ever-bigger	N	N3.2
ever-changing	A	A2.1
ever-growing	N	N3.2+/A2.1
ever-increasing	N	N5+/A2.1/T2
ever-present	T	T2
ever-shortening	N	N3.7--/A2.1
ever-tightening	A	A1.7+/A2.1
evergreen	L	L3
everlasting	T	T2
evermore	T	T2
every	N	N5.1
everybody	Z	Z8/N5.1+c
everybodys	Z	Z8/N5.1
everyday	T	T1.1.2
everyone	Z	Z8/N5.1+c
everyones	Z	Z8/N5.1
everything	Z	Z8/N5.1
everytime	N	N6/N5.1
everywhere	M	M6/N5.1
evict	M	M2/G1.1
evicted	M	M2/G1.1
eviction	H	H4/G2.1
evidence	A	A5.2
evidenced	A	A10
evidencial	A	A10
evident	A	A11.2
evidently	A	A11.2
evil	G	G2.2
evil-doer	G	G2.2-/S2mf
evil-smelling	A	A5.1-/X3.5
evocation	A	A2.2
evocative	A	A6.1
evoke	A	A2.2
evolution	A	A2.1
evolutionary	A	A2.1
evolve	A	A2.1
evolved	A	A2.1
evolvement	A	A2.1
evolving	A	A2.1
ex-	T	T1.1.1
ex-kp	Z	Z3
ex-karrimor	Z	Z3c/S2mf/T1.1.1
ex-marine	G	G3/T1.1.1mf
ex-miners	I	I4/T1.1.1mf
ex-renong	Z	Z3c
ex-royal	S	S7.1+/T1.1.1mf
ex-steel	O	O1.1/T1.1.1
ex-advertising	I	I2.2/Q2.1
ex-army	G	G3
ex-banker	I	I1.1/T1.1.1mf
ex-boyfriend	S	S3.2/T1.1.1m
ex-chairman	S	S7.1+/T1.1.1mf
ex-climber	K	K5.1/T1.1.1mf
ex-colleague	I	I3.2/T1.1.1mf
ex-colonies	M	M7/S7.1
ex-colony	M	M7/S7.1
ex-drug	F	F3
ex-employee	I	I3.1/T1.1.1
ex-exployee	I	I3.1/T1.1.1mf
ex-football	K	K5.2/T1.1.1
ex-girlfriend	S	S3.2/S2.1f
ex-government	G	G1.1c/T1.1.1
ex-hippie	A	A6.2-/S2mf
ex-husband	S	S4/T1.1.1m
ex-military	G	G3/T1.1.1
ex-miner	I	I4/T1.1.1mf
ex-missus	S	S4/T1.1.1f
ex-model	B	B5/I3.2/T1.1.1mf
ex-nun	S	S9/S2.1f
ex-offender	G	G2.1-/T1.1.1mf
ex-offenders	G	G2.1-/T1.1.1mf
ex-officio	S	S7.1
ex-partner	S	S4/T1.1.1mf
ex-police	G	G2.1/T1.1.1
ex-policeman	G	G2.1/T1.1.1m
ex-pupil	P	P1/S2mf/T1.1.1
ex-pupils	P	P1/S2mf/T1.1.1
ex-resident	H	H4/T1.1.1mf
ex-residents	H	H4/T1.1.1mf
ex-service	G	G3/T1.1.1
ex-sports	K	K5.1/T1.1.1
ex-squatters	H	H4/T1.1.1/S2mf
ex-student	P	P1/T1.1.1mf
ex-students	P	P1/T1.1.1mf
ex-user	A	A1.5.1/S2mf
ex-vegetarian	F	F1/T1.1.1mf
ex-wife	S	S4/T1.1.1f
exacerbate	A	A5.1--/A2.2
exacerbates	A	A5.1--/A2.2
exact	A	A9
exacting	X	X7
exaction	G	G1.1/I1.3
exactly	A	A4.2
exaggerate	N	N5.2+/Q2.2
exaggerated	N	N5.2+/Q2.2
exaggerating	N	N5.2+/Q2.2
exaggeration	N	N5.2+/Q2.2
exalt	S	S7.2+/Q2.2
exaltation	E	E4.1
exalted	X	X7.2
exalting	S	S1.2.3
exam	P	P1
examination	P	P1
examinations	P	P1
examine	X	X2.4
examined	X	X2.4
examiner	P	P1/S2mf
example	A	A4.1
exams	P	P1
exasperate	E	E3
exasperated	E	E3
exasperating	E	E6
exasperation	E	E3
excavate	A	A1.1.1
excavating	A	A1.1.1
excavation	A	A1.1.1
exceed	N	N5.2
exceeded	N	N5.2
exceedingly	A	A13.3
exceeds	N	N5.2
excelled	A	A5.1
excellence	A	A5.1
excellence-enablers	A	A5.1+++/S8+/S2mf
excellent	A	A5.1
excellently	A	A5.1
except	Z	Z5
exception	A	A6.1
exceptional	A	A6.2
exceptionally	A	A13.3
excerpt	N	N5.1
excerpts	N	N5.1
excess	N	N5.2
excessive	N	N5.2
excessively	N	N5.2
exchange	A	A9/S1.1.2
exchanged	A	A9/S1.1.2
exchanger	O	O2
exchangers	O	O2
exchanging	A	A9/S1.1.2
excise	G	G1.1/I1c
excise-men	G	G1.1/I1c/S2.2m
excises	G	G1.1/I1c
excitable	X	X5.2
excite	X	X5.2
excited	X	X5.2
excitedly	X	X5.2
excitement	X	X5.2
exciting	X	X5.2
exclaim	Q	Q2.2
exclaimed	Q	Q2.2
exclaims	Q	Q2.2
exclude	A	A1.8
excluded	A	A1.8
excluding	A	A1.8
exclusion	A	A1.8
exclusions	A	A1.8
exclusive	A	A14/Q4.2
exclusively	A	A14
exclusiveness	O	O4.2
exclusivity	O	O4.2
excrement	B	B1
excrete	B	B1
excretes	B	B1
excruciating	A	A13.3
excruciatingly	A	A13.3
excursion	M	M1
excuse	A	A2.2
exec	S	S7.1
execute	L	L1
executed	L	L1
executing	A	A1.1.1
execution	L	L1
executional	A	A1.1.1
executioner	L	L1-/S2mf
executive	I	I2.1/S2mf
executives	I	I2.1/S2mf
executor	G	G2.1/S2mf
executors	G	G2.1/S2mf
exemplar	A	A4.1
exemplars	A	A4.1
exemplary	A	A5.1
exemplified	A	A4.1
exemplify	A	A4.1
exempt	S	S6
exemption	S	S6
exercise	K	K5.1
exercises	K	K5.1
exercising	K	K5.1
exert	A	A1.1.1
exfoliate	B	B4
exfoliating	B	B4
exhalation	B	B1
exhale	B	B1
exhaust	M	M3/O2
exhausted	B	B2
exhausting	B	B2
exhaustion	B	B2
exhaustive	N	N5.1
exhibit	O	O2/A10
exhibited	A	A10
exhibition	A	A10+/S1.1.3
exhibitions	A	A10+/S1.1.3
exhibitor	A	A10+/S2mf
exhibits	A	A10
exhilarating	X	X5.2
exhilaration	E	E4.1
exhort	Q	Q2.2
exhortation	Q	Q2.2
exigencies	A	A1.7
exile	M	M2/G1.2
exiled	M	M2/G1.2
exiles	M	M2/G1.2/S5
exist	A	A3
existed	A	A3
existence	A	A3
existent	A	A3
existential	X	X4.1
existentialist	X	X2.1
existing	A	A3
exit	M	M1
exited	M	M1
exiting	M	M1
exodus	M	M1
exorbitant	N	N5.2
exorcise	S	S9
exorcised	S	S9
exorcism	S	S9
exotic	A	A6.2
expand	N	N3.2+/A2.1
expanded	N	N3.2+/A2.1
expanding	N	N3.2+/A2.1
expanse	N	N3.6
expansion	N	N3.2+/A2.1
expansion-minded	I	I2.2
expansionary	N	N3.2+/A2.1
expansionism	G	G1.2
expansionist	G	G1.2
expansive	N	N3.2
expat	Z	Z2/S2mf
expatriate	Z	Z2/S2mf
expatriates	Z	Z2/S2mf
expats	Z	Z2/S2mf
expect	X	X2.6
expectancy	X	X2.6
expectantly	X	X2.6
expectation	X	X2.6
expected	X	X2.6
expecting	X	X2.6
expedience	N	N3.8
expedient	A	A1.1.1/A1.5.2
expedients	A	A1.2
expedies	M	M1/Z4
expedite	N	N3.8
expedited	N	N3.8
expedition	M	M1
expeditionary	M	M1
expel	P	P1/G2.1
expelled	P	P1/G2.1
expend	I	I1.2
expendable	A	A11.1
expending	I	I1.2
expenditure	I	I1.2
expense	I	I1.3
expenses	I	I1.3
expensive	I	I1.3
expensively	I	I1.3
experience	X	X2.2
experience-based	X	X2.2
experience-learning	X	X2.2+/P1
experienced	X	X2.2
experiences	X	X2.2
experiencing	X	X3
experiental	X	X2.2+/P1
experiential	X	X9.1
experiment	Y	Y1
experimental	X	X2.4
experimentally	X	X2.4
experimentation	X	X2.4
experimenting	X	X2.4
expert	X	X2.2
expertise	X	X2.2
expertly	X	X2.2
expire	T	T2
expiry	T	T2
explain	Q	Q2.2/A7
explained	Q	Q2.2/A7
explaining	Q	Q2.2/A7
explanation	Q	Q2.2/A7
explanatory	Q	Q2.2/A7
explicit	A	A4.2
explicitly	A	A4.2
explode	A	A1.1.1
exploding	A	A1.1.1
exploit	A	A1.1.1
exploitation	A	A1.5.1
exploitative	G	G2.2
exploiter	A	A1.5.1/S2mf
exploiters	A	A1.5.1/S2mf
exploiting	G	G2.2
exploration	M	M1
exploratory	X	X2.4
explore	M	M1
explored	M	M1
explorer	M	M1/S2mf
explorers	M	M1/S2mf
exploring	M	M1
explosion	A	A1.1.1
explosive	A	A15
explosives	G	G3/O1.1
exponent	S	S8+/S2mf
exponential	N	N3.2+/A2.1
exponentially	N	N3.2+/A2.1
export	I	I2.2/M2
exportation	I	I2.2/M2
exporter	I	I2.2/S2mf
exporters	I	I2.2/S2mf
exporting	I	I2.2/M2
exports	I	I2.2/M2
expose	A	A10
exposed	A	A10
exposing	A	A10
exposition	A	A10
exposure	A	A15
expound	A	A12+/Q2.2
expressed	Q	Q1.1
expresses	M	M3/N3.8+fn
expressing	Q	Q1.1
expression	Q	Q3
expressionist	C	C1/S2mf
expressionless	E	E1
expressive	Q	Q1.1
expressly	A	A14
expresso	F	F2
expressway	M	M3
expulsion	P	P1/G2.1
expunged	A	A1.1.2
exquisite	O	O4.2
exquisitely	O	O4.2
extant	A	A3+/T2
extempore	N	N3.8
extend	N	N3.3
extendable	N	N3.7+/A2.1
extended	T	T1.3
extending	N	N3.3
extensible	Y	Y2
extension	H	H1
extensive	N	N5
extensively	N	N5
extent	N	N5
extenuate	A	A11.1-/A2.1
exterior	M	M6
extermination	L	L1
external	M	M6
externalise	A	A10
externalising	A	A10
externalities	A	A10
externally	M	M6
extinct	L	L1
extinction	L	L1
extinguish	O	O4.6
extinguisher	O	O2/O4.6
extinguishers	O	O2/O4.6
extol	Q	Q2.2
extort	A	A9+/G2.2
extorting	A	A9+/G2.2
extortion	G	G2.1
extortionate	N	N5.2
extortionist	G	G2.1-/S2mf
extortionists	G	G2.1-/S2mf
extra	N	N5
extra-long	N	N3.7
extra-mural	P	P1
extra-terrestrial	W	W1/L1
extract	N	N5
extracted	A	A1.1.1
extracting	A	A1.1.1
extraction	B	B3
extractions	B	B3
extractor	O	O2
extraditable	G	G2.1/M2
extraditables	G	G2.1-/S5
extradite	G	G2.1/M2
extraditing	G	G2.1/M2
extradition	G	G2.1/M2
extralegal	G	G2.1
extraodinario	A	A6.2
extraordinaire	A	A5.1
extraordinarily	A	A6.2
extraordinary	A	A6.2
extrapolate	X	X2.6
extrapolated	X	X2.6
extrapolation	X	X2.6
extraterrestrial	W	W1/L1
extraterritorial	M	M7/N5
extravagance	N	N5.2
extravagant	N	N5.2
extravaganza	K	K1
extravert	S	S1.2.3+/S2mf
extreme	N	N5.1
extremely	A	A13.3
extremism	G	G1.2
extremist	G	G1.2/S2mf
extremities	M	M7/N3.3
extremity	M	M7/N3.3
extricate	A	A1.7
extrovert	S	S1.2.1+/S2mf
extrude	M	M1
extruded	M	M2
extrusion	A	A1.1.1
exuberance	X	X5.2
exuberant	X	X5.2
exuded	A	A10
exultant	E	E4.1
exultation	E	E4.1
exults	E	E4.1
ey	Z	Z4
eye	B	B1
eye-catching	A	A11.2
eye-grabbing	A	A11.2
eye-level	X	X3.4
eye-opener	E	E5
eye-patch	B	B3/B5
eye-popping	O	O4.2
eye-witness	G	G2.1/S2mf
eye-witnesses	G	G2.1/S2mf
eyeball	B	B1
eyeballs	B	B1
eyebrow	B	B1
eyebrows	B	B1
eyecatching	A	A11.2
eyed	B	B1
eyeing	X	X2.4
eyelash	B	B1
eyelashes	B	B1
eyelet	B	B5
eyelets	B	B5
eyelid	B	B1
eyeliner	B	B4
eyes	B	B1
eyesight	X	X3.4
eyewitness	G	G2.1/S2mf
f***	S	S3.2/B1
f-ing	Z	Z4
f/ms	S	S2.1f
fab	A	A5.1
fabian	G	G1.2/S2mf
fabled	S	S9
fabric	B	B5
fabric-covered	B	B5
fabricate	A	A5.2
fabricating	A	A5.2
fabrication	A	A5.2
fabrics	B	B5
fabulous	A	A5.1
fabulously	A	A13.3
facade	H	H2
face	B	B1
face-off	K	K5
face-to-face	S	S1.1.3
faced	M	M6
faceless	S	S1.2.1
facelift	B	B1/A2.1
facet	A	A4.1
facetious	S	S1.2.4
facets	A	A4.1
facey	B	B1
facia	H	H2
facial	B	B1
facie	A	A5.2
facilitate	S	S8
facilitating	S	S8
facilitator	S	S8+/S2mf
facilities	H	H1
facility	H	H1
facing	M	M6
facsimile	Q	Q1.2
fact	A	A5.2
fact-finding	X	X2.4/X2.2
factfind	X	X2.4/X2.2
factfinding	X	X2.4/X2.2
factful	A	A5.2
faction	S	S5+c
factional	S	S5+c
factionalism	S	S5+c
factions	S	S5+c
factor	A	A2.2
factories	I	I4/H1
factoring	I	I2.2
factory	I	I4/H1c
factotum	S	S7.1-/S2mf
facts	A	A5.2
factual	A	A5.2
factually	A	A5.2
faculties	P	P1
faculty	X	X9.1
fad	E	E2+/T1.2
fade	Q	Q4.3
faded	O	O4.3
fader	K	K3
fadie	K	K3
fading	O	O4.3
faeces	B	B1
faff	E	E4.1
faffing	E	E4.1
faffy	A	A12
fag	S	S7.1
faggot	F	F1
faggots	F	F1
fail	X	X9.2
failed	X	X9.2
failing	X	X9.2
failure	X	X9.2
faint	B	B2
faint-hearted	S	S1.2.5
fainted	B	B2
faintest	O	O4.1
fainting	B	B2
faintly	A	A11.2
fair	A	A1.1.1
fair-haired	O	O4.1
fairer	G	G2.2
fairground	K	K1/M7
fairies	S	S9/S2mf
fairing	K	K1
fairings	K	K1
fairish	A	A5.1
fairly	A	A13.4
fairness	G	G2.2
fairway	K	K5.1/M7
fairy	S	S9/S2mf
fairy-tale	S	S9
fairyland	S	S9
fairytale	S	S9
faith	E	E6
faithful	S	S9/S2c
faithfully	S	S6
faithfulness	S	S6
faithless	S	S6
fake	A	A5.4
fall	M	M1
fall-back	A	A6.1-/A15
fall-off	N	N5-/A2.1
fall-through	X	X9.2
fallacious	A	A5.2
fallacy	A	A5.3
fallback	A	A6.1-/A15
fallen	M	M1
fallible	A	A5.3
falling	M	M1
fallout	E	E3
fallow	F	F4
falls	M	M1
false	A	A5.2
false-bottomed	O	O4.1
false-hearted	A	A5.2-/E1
falsehood	A	A5.2
falsely	A	A5.2
falseness	A	A5.2
falsification	A	A5.2
falsify	A	A5.2
falter	A	A7
fame	X	X2.2
famed	X	X2.2
familiar	S	S9
familiarise	X	X2.2
familiarity	X	X2.2
familiarize	X	X2.2
familiarly	A	A6.2
familiary	S	S4
families	S	S4
family	S	S4c
family-friendly	S	S4c/S8
family-oriented	S	S4c
family-owned	S	S4/A9
family-run	A	A1.1.1/S4c
famine	F	F1
famines	F	F1
famished	F	F1/B1
famous	X	X2.2
famously	X	X2.2
fan	A	A1.1.1
fanatic	X	X5.2
fanatical	X	X5.2
fanaticism	X	X5.2
fancied	E	E2
fancies	E	E2
fanciful	A	A7
fanciness	O	O4.2
fancy	E	E2
fancying	E	E2
fanfare	K	K2
fang	B	B1
fans	S	S2/E2+mf
fantasising	A	A5.2
fantastic	A	A5.1
fantastical	A	A6.2
fantastically	A	A13.3
fantasy	A	A5.2
fanzine	Q	Q4.2
fanziney	Q	Q4.2
far	A	A13.3
far-fetched	A	A5.2
far-flung	N	N3.3
far-reaching	N	N5
far-right	G	G1.2
far-sightedness	B	B2-/X3.4
far-thinking	X	X2.2
farce	K	K4
farcical	E	E4.1
fare	X	X9.2
farewell	Q	Q2.2
farm	F	F4/M7
farmer	F	F4/S2mf
farmers	F	F4/S2mf
farmhouse	F	F4/H1
farming	F	F4
farmland	F	F4
farms	F	F4
fart	B	B1
farted	B	B1
farther	N	N3.3
farthest	N	N3.3
fascinate	X	X5.2
fascinated	X	X5.2
fascinates	X	X5.2
fascinating	X	X5.2
fascination	X	X5.2
fascism	G	G1.2
fascist	G	G1.2/S2mf
fashion	A	A1.1.1
fashion-conscious	B	B5/X5.2
fashion-designer	B	B5/S2mf
fashion-oriented	B	B5/X5.2
fashionability	O	O4.2
fashionable	O	O4.2
fashionably	O	O4.2
fashioned	O	O4.1
fashioner	A	A1.1.1/S2mf
fashioners	A	A1.1.1/S2mf
fashions	B	B5
fast	F	F1
fast-changing	N	N3.8+/A2.1
fast-flowing	N	N3.8
fast-following	M	M1/N3.8
fast-food	F	F1
fast-growing	N	N3.2+/A2.1/N3.8
fast-moving	N	N3.8
fast-paced	N	N3.8
fast-trackers	P	P1/N3.8+/S2mf
fasten	A	A1.7
fastener	A	A1.7+/O2
fastening	O	O2/A1.7
faster	N	N3.8
fastest	N	N3.8
fastest-growing	N	N3.2+/A2.1/N3.8
fastidious	A	A4.2
fastly	N	N3.8
fat	N	N3.2
fat-cat	I	I1.1
fatal	A	A5.1
fatalism	S	S7.1-/E1
fatalist	S	S7.1-/E1/S2mf
fatalistic	S	S7.1-/E1
fatalities	L	L1
fatality	L	L1
fatally	A	A5.1
fate	S	S9
fated	A	A7+++/S7.1
fateful	A	A11.1
father	S	S4/B1
father-in-law	S	S4m
fatherhood	S	S4
fatherland	M	M7
fatherless	S	S4
fathom	X	X2.5
fathoming	X	X2.5
fatigue	B	B2
fatigued	B	B2
fatism	N	N3.2
fatten	N	N3.2+/A2.1
fattening	N	N3.2+/A2.1
fattier	O	O1
fatty	O	O1
faucet	O	O2
faucets	O	O2
fault	E	E2
faulty	A	A1.1.2
fauna	L	L2
favor	S	S8
favorable	A	A5.1
favorably	A	A5.1
favorite	E	E2
favoritism	E	E2
favour	S	S8
favourable	A	A5.1
favourably	A	A5.1
favoured	E	E2
favouring	E	E2
favourite	E	E2
favouritism	E	E2
favours	E	E2
fawn	S	S1.1.1
fawning	Q	Q2.2/E2
fax	Q	Q1.3
fear	E	E5
feared	E	E5
fearful	E	E5
fearfullest	A	A5.1
fearfully	A	A13.3
fearless	E	E5
fearlessly	E	E5
fears	E	E5
fearsome	E	E5
feasibility	A	A7
feasible	A	A7
feasibly	A	A7
feast	F	F1
feat	A	A1.1.1
feather	L	L2
featherbedded	O	O4.2
feathered	O	O4.1
feathering	A	A1.1.1
feature	O	O4.1
featured	A	A10
featureless	O	O4.1
fed	F	F1
fed-up	X	X5.2
fed-upness	X	X5.2
federal	S	S5
federalism	G	G1.1
federalist	G	G1.2
federally	G	G1.1
federated	S	S5
fedup	X	X5.2
fee	I	I1.3
feebly	S	S1.2.5
feed	F	F1
feed-back	X	X2.4/A5
feedback	X	X2.4/A5
feeder	F	F1/O2
feeding	F	F1
feel	E	E1
feeling	X	X2.1
feet	B	B1
feign	A	A5.4
feigned	A	A5.4
feint	O	O4.1
feisty	X	X5.2++/E3
feline	L	L2
fell	M	M1
fella	S	S2.2m
fellah	S	S2.2m
feller	S	S2.2m
felling	A	A1.1.1
fellow	S	S5
fellow-scot	Z	Z2/S2mf
fellowship	S	S5+c
felon	G	G2.1-/S2mf
felonies	G	G2.1
felony	G	G2.1
felpsy	Z	Z3c
felt	O	O1.1
felted	O	O1.1
fem	S	S2.1
female	S	S2.1f
female-dominated	S	S2.1/S7.1
femba	Z	Z3c
feminine	S	S2.1
femininity	S	S2.1
feminised	S	S2.1
feminism	S	S2.1/G1.2
feminist	S	S2.1f/G1.2
feminists	S	S2.1/G1.2f
femme	S	S2.1f
femur	B	B1
fen	W	W3
fence	H	H2
fencing	O	O2
fend	A	A1.1.1
fenestration	G	G2.1
feng	S	S9
fennel	F	F1
fennels	F	F1
feral	L	L1
ferment	E	E3
ferns	L	L3
ferocious	E	E3
ferociously	E	E3
ferocity	E	E3
ferrets	L	L2
ferric	O	O1.1
ferrous	O	O1.1
ferry	M	M4fn
ferryboat	M	M4fn
fertile	O	O4.1
fertilisation	B	B1/S3.2
fertilise	B	B1
fertilised	B	B1
fertiliser	F	F4/O1
fertility	B	B1/S4
fertilization	B	B1/S3.2
fertilize	F	F4
fertilized	F	F4
fertilizer	F	F4/O1
fertilizers	F	F4/O1
fervent	X	X5.2
fervour	X	X5.2
fervours	X	X5.2
festival	K	K1/S1.1.3
festive	E	E4.1
festivities	K	K1
festivity	K	K1
festoon	M	M2
feta	F	F1
fetal	B	B1
fetch	M	M2
fetched	M	M2
fetching	O	O4.2
fete	S	S1.1.3
fetes	K	K1
fetish	E	E2
fettle	X	X9.1
fettuccine	F	F1
fetus	B	B1/S2
fetuses	B	B1/S2
feud	E	E3
feudal	G	G1.2
feudalism	G	G1.2
fever	B	B2
feverish	B	B2
feverishly	B	B2
few	N	N5
fewer	N	N5
fewest	N	N5
fewish	N	N5
fiance	S	S4/S2.2m
fiancee	S	S4/S2.1f
fiasco	X	X9.2
fib	A	A5.2
fibers	O	O1.1
fibia	B	B1
fibre	O	O1.1
fibre-optic	Y	Y2
fibreglass	O	O1.1
fibromelanoma	B	B2
fibrosis	B	B2
fibrous	O	O1.1
fibs	A	A5.2
fickle	A	A2.1
fickleness	A	A2.1
fiction	A	A5.2
fictional	A	A5.2
fictitious	A	A5.2
fiddle	G	G2.2
fiddlesticks	Z	Z4
fiddling	A	A1.1.1
fiddly	A	A12
fidget	X	X5.1
fiduciary	I	I1.1
field	K	K5.1
fieldman	F	F4/S2.2m
fields	F	F4
fieldwork	X	X2.4
fiend	E	E3-/S2mf
fiendishly	A	A13.3
fierce	E	E3
fiercely	A	A13.3
fiery	O	O4.6
fifth	N	N1
fifth-graders	P	P1/S2mf
fifths	N	N1
fifties	N	N1
fifty-fifty	A	A7
fifty-odd	N	N1
fiftyish	T	T3
fig	F	F1
fig-tree	L	L3
fight	S	S8
fight-or-flight	B	B1/E5
fightback	X	X8
fighter	M	M5/G3fn
fighting	S	S8
figment	N	N5.1
figurative	Q	Q3
figuratively	Q	Q3
figure	N	N5
figure-hugging	B	B5
figured	O	O4.1
figurehead	S	S7.2+/S2mf
figurine	C	C1
file	O	O2/Q1.2
filed	Q	Q1.2
filial	S	S4
filigree	C	C1
filigreed	C	C1
filing	Q	Q1.2
fill	O	O1.1
fill-in	T	T1.3
filled	N	N5.1
filler	O	O1
fillers	O	O1
fillet	F	F1
filling	N	N5.1
fills	N	N5.1
filly	L	L2/T3
film	Q	Q4.3
film-maker	Q	Q4.3/S2mf
film-making	Q	Q4.3
film-star	Q	Q4.3/S2mf
film-stars	Q	Q4.3/S2mf
filming	Q	Q4.3
filmy	O	O4.1
filofax	Q	Q1.2
filter	O	O2
filtered	A	A1.1.1
filtering	A	A1.1.1
filth	O	O4.2
filthy	O	O4.2
filtration	A	A1.1.1
fimba	Z	Z3c
fin	L	L2
final	N	N4
final-year	T	T1.3
finale	K	K4/T2
finalisation	X	X6
finalise	X	X6
finalised	X	X6
finalising	X	X6
finalist	S	S7.3/S2mf
finalists	S	S7.3/S2mf
finality	X	X6
finally	N	N4
finals	K	K5.1
finance	I	I1
finance-related	I	I1
financed	I	I1
financial	I	I1
financial-service	I	I1
financial-services	I	I1
financially	I	I1
financier	I	I1/S2mf
financiers	I	I1/S2mf
financing	I	I1
find	A	A10
finder	A	A10+/S2mf
finding	A	A10
fine	G	G2.1
fine-tune	A	A2.1+/A5.3
fine-tuning	A	A2.1+/A5.3
fined	G	G2.1
finely	A	A5.1
finery	O	O4.2
finesse	O	O4.2
finest	A	A5.1
finest-quality	A	A5.1
finger	X	X3.3
finger-pointing	Q	Q2.2/G2.2
fingered	X	X3.3
fingermark	O	O2
fingermarks	O	O2
fingernail	B	B1
fingerprint	Q	Q1.1/B1
fingerprinting	G	G2.1/B1
fingerprints	Q	Q1.1/B1
fingertip	B	B1
fingertips	B	B1
finicky	E	E6
finish	T	T2
finished	T	T2
finisher	I	I4/S2mf
finishing	T	T2
finite	A	A1.7
finnish	Z	Z2
fir	L	L3
fire	I	I3.1
fire-fighting	O	O4.6
fire-guard	H	H5/A15
fire-resistant	O	O4.6+/A15
firearm	G	G3
firearms	G	G3
firebomb	G	G3
fired	I	I3.1
firefight	O	O4.6
firefighter	O	O4.6+/S2mf
firefighters	O	O4.6+/S2mf
firefighting	O	O4.6
fireman	O	O4.6+/S2.2m
firemen	O	O4.6+/S2.2m
fireplace	H	H5
fireplaces	H	H5
firepower	G	G3
fireside	H	H5
firewood	O	O1.1
firework	G	G3/K1
fireworks	G	G3/K1
firing	I	I3.1
firm	I	I2.1/S5+c
firmament	W	W1
firmly	A	A1.7
firmness	O	O4.5
firms	I	I2.1/S5+c
firs	L	L3
first	N	N4
first-class	A	A5.1
first-ever	N	N4
first-floor	H	H2
first-generation	N	N4/T1.3
first-half	T	T1.3
first-hand	A	A5.4
first-inning	K	K5.1
first-innings	K	K5.1
first-mover	N	N4/S7.3
first-movers	N	N4/S7.3/S2mf
first-name	Q	Q2.2
first-past-the-post	X	X9.2
first-preference	G	G1.2
first-rate	A	A5.1
first-round	T	T2
first-stage	N	N4
first-time	T	T2
first-timers	T	T2+/S2mf
firsthand	A	A5.4
firstly	N	N4
fiscal	G	G2.1/S2mf
fish	L	L2mfnc
fish-and-chip	F	F2
fishcake	F	F1
fisherman	F	F4/M4/S2.2m
fishermen	F	F4/M4/S2.2m
fishery	F	F4/M4
fishfinger	F	F1
fishing	K	K5.1/L2
fishmonger	F	F1/H1
fishnet	O	O2
fishnets	O	O2
fishpond	W	W3/M4
fishy	L	L2
fissure	A	A1.1.2
fist	B	B1
fists	B	B1
fistula	B	B1
fistulas	B	B1
fit	A	A1.2
fitful	A	A6.2
fitment	H	H5
fitments	O	O2
fitness	A	A1.2
fits	B	B2
fitted	A	A1.2
fitter	I	I4/S2mf
fitting	A	A1.2
fitting-out	A	A9
five	N	N1
five-a-day	N	N6
five-a-side	N	N5
five-and-dime	I	I2.2/H1c
five-day	T	T1.3
five-gallon	N	N3.4
five-month	T	T1.3
five-year	T	T1.3
five-year-old	T	T3-/S2mf
fivefold	N	N5
fiver	I	I1
fix	A	A1.7
fixate	X	X5.2
fixated	X	X5.2
fixation	X	X5.2
fixative	O	O1
fixed	A	A1.7
fixed-as-assets	I	I1.1
fixed-cost	I	I1.3
fixed-price	I	I1.3
fixed-term	T	T1.3
fixing	A	A1.7
fixture	O	O2
fixtures	O	O2
fizz	O	O4.5
fizzing	O	O4.5
fizzle	T	T2
fizzy	O	O4.5
fjord	W	W3/M4
fl	N	N3.4
flab	B	B1
flabbergasted	E	E5
flabby	B	B1
flack	Q	Q2.2
flag	Q	Q1.1
flagger	H	H1/S2mf
flagnell	L	L3
flagon	O	O2
flagons	O	O2
flags	Q	Q1.1
flagship	M	M4fn
flagstaff	O	O2/H1
flagstone	H	H1
flagstones	H	H1
flail	O	O2
flair	X	X9.1
flak	Q	Q2.2
flake	O	O2
flaked	O	O4.1
flakes	O	O2
flaky	O	O4.1
flamboyant	S	S1.2.3
flame	O	O4.6
flame-coloured	O	O4.3
flame-grilling	F	F1/O4.6
flames	O	O4.6
flametree.co.uk	Z	Z3c/Y2
flaming	O	O4.6
flamingoes	L	L2mf
flammable	O	O4.6+/A15
flan	F	F1
flank	G	G3
flanked	M	M6
flannel	B	B5
flanneler	Q	Q2.2/S2mf
flannelers	Q	Q2.2/S2mf
flannelling	B	B5
flap	O	O2
flapjack	F	F1
flappy	O	O4.1
flare	G	G3
flare-up	E	E3-/A2.1
flares	G	G3
flarey	O	O4.4
flashback	X	X2.2
flashbacks	X	X2.2
flashing	O	O4.3/N6
flashy	S	S1.2.3
flask	O	O2
flat	O	O4.4
flat-heeled	B	B5
flat-steel	O	O1.1/O4.4
flatlet	H	H1
flatlets	H	H1
flatly	A	A7
flatmate	H	H4/S2mf
flatness	O	O4.4
flats	H	H1/H4
flatten	O	O4.4
flatter	O	O4.4
flatterer	S	S7.2+/Q2.2/S2mf
flattering	O	O4.2
flattery	S	S7.2+/Q2.2
flattest	O	O4.4
flatties	B	B5
flattish	O	O4.4
flatulence	B	B2
flaunt	A	A10
flaunts	A	A10
flavor	X	X3.1
flavored	X	X3.1
flavors	X	X3.1
flavour	X	X3.1
flavoured	X	X3.1
flavouring	O	O1/X3.1
flavourless	X	X3.1
flaw	A	A5.1
flawed	A	A5.1
flawless	A	A5.1
flax	L	L3
flay	A	A1.1.1
flayed	A	A1.1.1
flea	L	L2mfn
fleabitten	O	O4.2
fleck	O	O2
fled	M	M1
fledge	T	T3+/A2.1
fledgeling	T	T3
fledgling	T	T3
flee	M	M1
fleece	B	B5/O1.1
fleecy	O	O4.5
fleeing	M	M1
fleeting	T	T1.3
flesh	B	B1
flesh-and-blood	S	S4
flesh-fly	L	L2
fleshy	O	O4.2
flew	M	M5
flex	M	M2/B1
flexi	A	A6.3
flexi-leave	T	T1.3/K1
flexi-time	T	T1.3/A6.3
flexibility	O	O4.5
flexible	O	O4.5
flexibly	O	O4.5
flexigrip	O	O2
flexing	M	M2/B1
flexitime	T	T1.3/I3.1
flick	A	A1.1.1
flicked	A	A1.1.1
flicker	M	M1
flickering	O	O4.3
flicking	A	A1.1.1
flier	Q	Q1.2
flight	M	M5
flimsy	O	O4.1
flinch	E	E5
flinched	E	E5
flinching	E	E5
fling	M	M2
flinging	M	M2
flip	A	A1.1.1
flip-flop	B	B5
flip-flops	B	B5
flip-side	A	A5.1
flipchart	Q	Q1.2
flippant	S	S1.2.4
flipper	M	M4/B5
flippers	M	M4/B5
flipping	A	A1.1.1
flirt	S	S3.2
flirtation	S	S3.2
flirtations	S	S3.2
flirtatious	S	S3.2
flirting	S	S3.2
flit	M	M1/N3.8
float	M	M1
floated	M	M1
floating	M	M1
floats	M	M1
floaty	B	B2
flock	L	L2/S5+c
floe	W	W3/M4
flog	I	I2.2
flogged	I	I2.2
flogging	I	I2.2
flong	O	O2
flood	W	W4
flood-gates	A	A1.7+/O1.2
flood-proofing	A	A1.1.1/W4
floodgate	H	H2/O1.2
floodgates	H	H2/O1.2
flooding	W	W4
floodlight	O	O3/W2
floodlights	O	O3/W2
floodlit	O	O3/W2
floor	H	H2
floor-work	H	H1
floorboard	O	O2
floorboards	H	H2
floored	H	H2
flooring	X	X2.5
floozie	S	S2.1f
flop	M	M1
flopped	M	M1
flopping	M	M1
floppy	O	O4.1
floral	L	L3
florestry	L	L3
florist	L	L3/S2mfn
floristry	L	L3
floss	O	O1
flotation	I	I2.2
flounce	M	M1
flouncing	M	M1
flounder	X	X9.2
flour	F	F1
flourish	M	M1
flourished	X	X9.2
flout	A	A1.9/A11.2
flouting	A	A1.9/A11.2
flow-chart	Q	Q1.2
flowchart	Q	Q1.2
flowcharts	Q	Q1.2
flower	L	L3
flowered	L	L3
flowering	L	L3
flowers	L	L3
flowery	L	L3
flowing	M	M1
flown	M	M5
flowy	O	O4.1
flu	B	B2
fluctuate	A	A2.1
fluctuates	A	A2.1
fluctuating	A	A2.1
fluctuation	A	A2.1
fluctuations	A	A2.1
flue	O	O2
fluency	Q	Q3/X9.1
fluent	X	X9.1
fluently	X	X9.1
fluff	X	X9.2
fluffy	O	O4.5
fluid	O	O1.2
fluidity	M	M1
fluke	A	A1.4
flume	O	O2
flummox	X	X2.5
flummoxed	X	X2.5
flumocksed	X	X2.5
flung	M	M2
flunk	X	X9.2
flunked	X	X9.2
flunt	M	M6
fluorescent	O	O4.3
fluoride	O	O1.1
flurry	W	W4
flush	E	E1/B1
flushed	E	E1/B1
flushing	E	E1/B1
fluster	E	E6
flustered	E	E6
flute	K	K2
fluted	O	O4.4
flutter	M	M1
flux	A	A2.1
fly	A	A10
fly-by-nights	A	A5.1-/I2.1
fly-on-the-wall	A	A5.4+/Q4.3
flyer	Q	Q1.2
flying	M	M5
foal	L	L2mfn
foam	O	O1.2
fob	O	O2
focal	A	A11.1
focally	A	A11.1
focus	X	X5.1
focused	X	X5.1
focuses	X	X5.1
focusing	X	X5.1
focussed	X	X5.1
fodder	F	F1/L2
foe	S	S1.2.1-/S2mfc
foes	S	S1.2.1-/S2mfc
foetus	B	B1
fog	W	W4
fogey	X	X5.2-/S2mf
foggiest	A	A4.2
foggy	W	W4
foible	A	A6.2
foil	O	O1.1
foiled	S	S8
foist	M	M2/X7
foisted	M	M2/X7
fold	O	O4.4
folded	O	O4.1
folder	O	O2/Q1.2
folding	A	A1.1.1
foley	Q	Q4.3
foliage	L	L3
folk	S	S2mf
folk-hero	E	E2+/S2.2m
folklore	Q	Q2.2
folks	S	S2mf
folksy	S	S5
folky	K	K2
follow	M	M1
follow-on	N	N4/K5.1
follow-through	A	A1.1.1
follow-up	N	N4
followable	X	X2.5
followed	M	M1
follower	S	S7.1-/S2mf
followers	S	S7.1-/S2mf
following	N	N4
follows	M	M1
folly	S	S1.2.6
foment	A	A2.2
fomented	A	A2.2
fond	E	E2
fondant	F	F1
fondly	E	E2
fondness	E	E2
fondue	F	F1
font	Q	Q1.2
fontanelle	B	B1
fontanelles	B	B1
fonts	Q	Q1.2
food	F	F1
food-grade	F	F2
food-oriented	F	F1
food-price	I	I1.3/F1
food-wise	F	F1
foodie	F	F1/S2mf
foodies	F	F1/S2mf
foods	F	F1
foodstuffs	F	F1
foodwise	F	F1
fool	G	G2.2
foolhardy	A	A1.3
foolish	S	S1.2.6
foolishly	S	S1.2.6
foolishness	S	S1.2.6
foolproof	A	A15
foolscap	Q	Q1.2
foot	I	I1.2
foot-and-mouth	B	B2-/L2
foot-licker	S	S7.2+/N5.2+/S2mf
footage	Q	Q4.3
football	K	K5.2
footballer	K	K5.2/S2mf
footballers	K	K5.2/S2mf
footballing	K	K5.2
footbally	K	K5.2
footer	Q	Q1.2/Y2
footers	Q	Q1.2/Y2
footfall	M	M1/X3.2
footgear	B	B5
foothill	W	W3
foothills	W	W3
foothold	S	S8
footie	K	K5.1
footing	I	I1.2
footloose	A	A1.7
footman	S	S7.1-/S2.2m
footnote	Q	Q1.2
footpath	M	M3
footprint	O	O4.4
footstep	X	X3.2/M1
footsteps	X	X3.2/M1
footstool	H	H5
footstools	H	H5
footwear	B	B5
foppish	S	S1.2.3+/O4.2
for	A	A5.1
fora	M	M7
forage	F	F1/L2
foraging	F	F1/L2
foray	T	T2+/A1.1.1
forbearance	E	E3
forbid	S	S7.4
forbidden	S	S7.4
forbidding	S	S7.4
force	E	E3
force-fed	F	F1/S7.1
forced	S	S7.1
forceful	E	E6
forcefully	E	E6
forceless	S	S1.2.5
forceps	O	O2/B3
forces	G	G3
forcible	E	E6
forcibly	E	E6
forcing	S	S7.1
fore	S	S7.1
forearm	B	B1
forebear	S	S4mfn
foreboding	E	E5
forecast	Q	Q2.2/T1.1.3
forecastable	Q	Q2.2/T1.1.3
forecasting	Q	Q2.2/T1.1.3
foreclose	A	A10-/I1.2
foreclosure	T	T2
forecourt	H	H3
forefather	S	S4m
forefathers	S	S4m
forefoot	B	B1
forefront	A	A11.1
forego	X	X7
foregoing	N	N4
foregone	T	T1.1.1
foreground	A	A11.1
forehand	K	K5.1
forehead	B	B1
foreign	M	M7
foreign-owned	Z	Z2/A9
foreign-sourced	I	I2.2/A9
foreigner	Z	Z2/S2mf
foreigners	Z	Z2/S2mf
forelady	S	S7.1+/S2.1f
foreman	S	S7.1+/I3.1/S2.2m
foremast	O	O2/M4
foremen	S	S7.1+/I3.1/S2.2m
foremost	A	A11.1
forensic	G	G2.1
foreplay	S	S3.2
forerunner	N	N4
forerunners	N	N4
foresee	X	X2.6
foreseeable	X	X2.6
foreshadow	X	X2.6
foreshore	W	W3/M4
foresight	X	X2.6
forestall	T	T2
forests	W	W3/L3
foretell	Q	Q2.2/T1.1.3/S9
foretelling	Q	Q2.2/T1.1.3/S9
foretells	Q	Q2.2/T1.1.3/S9
foretold	Q	Q2.2/T1.1.3/S9
forever	T	T2
forewarn	X	X2.2+/A15
foreword	Q	Q4.1
forfeit	A	A9
forfeited	A	A9
forfeiting	A	A9
forfeiture	A	A9-/G2.1
forfeitures	A	A9-/G2.1
forgave	S	S1.1.1
forge	A	A5.4
forged	A	A5.4
forger	G	G2.1-/S2mf
forgery	A	A5.4
forget	X	X2.2
forgetful	S	S2.1/X2.2
forgetfulness	S	S2.1/X2.2
forgettable	X	X5.2
forgetting	X	X2.2
forgive	G	G2.2
forgiven	G	G2.2
forgiveness	G	G2.2
forgiving	G	G2.2+/S1.2
forgo	A	A1.9
forgone	A	A1.9
forgot	X	X2.2
forgotten	X	X2.2
fork	O	O2
forking	A	A1.1.1
forklift	M	M3fn
forlorn	E	E4.1
form	T	T2
formal	S	S1.2.1
formaldehyde	O	O1
formalise	Q	Q2.2
formalised	Q	Q2.2
formalistic	A	A4.2/N5.2
formality	A	A6.2
formalized	Q	Q2.2
formally	S	S1.2.1
format	Y	Y2
formation	A	A2.1
formative	A	A2.1
formatively	A	A2.1
formatted	Y	Y2
formatting	Y	Y2
formed	S	S7.1
former	O	O2
formerly	T	T1.1.1
formers	O	O2
formidable	E	E5
forms	A	A4.1
formula	Y	Y1
formulaic	A	A6.2
formulate	X	X2.1
formulating	X	X2.1
formulation	G	G1.1/X7
formulative	A	A2.1
forrest-land	W	W3
fors	S	S8
forsake	A	A9
forsook	S	S8
forsythia	L	L3
fort	H	H1
forte	X	X9.1
forth	M	M6
forthcoming	T	T1.1.3
forthright	A	A5.2
forthwith	T	T1.1.2
forties	N	N1
fortification	H	H1/G3
fortified	O	O4.1
fortify	S	S1.2.5+/A2.1
fortifying	S	S1.2.5+/A2.1
fortitude	S	S1.2.5
fortnight	T	T1.3
fortnightly	N	N6
fortress	G	G3/H1c
fortuitous	A	A1.4
fortuitously	A	A1.4
fortunate	A	A1.4
fortunately	A	A1.4
fortune	I	I1.1
fortune-teller	T	T1.1.3/S9/S2mf
forty	N	N1
forty:forty	N	N5
forum	S	S1.1.3+c
forward	M	M6
forward-looking	X	X2.6
forward-thinking	X	X2.6
forwarding	M	M2
forwards	M	M6
fossilise	O	O4.1
fossilised	O	O4.1
foster-care	S	S4
fostered	S	S4
fostering	S	S4
fought	S	S8
foul	K	K5.1/S7.4
foul-mouthed	Q	Q2.2/A5.1
foully	A	A5.1
foulness	O	O4.2
found	A	A10
foundation	T	T2
founded	T	T2
founder	T	T2+/S2mf
founder-director	T	T2+/S7.1+/S2mf
founding	T	T2
foundress	T	T2+/S2.1f
foundry	I	I4/H1c
fount	A	A2.2
fountain	H	H1
fountainhead	W	W3/M4
fountains	H	H1
four	N	N1
four-acre	N	N3.6
four-day	T	T1.3
four-legged	O	O4.1
four-star	A	A5.1
four-step	N	N4
four-storey	H	H1/N3.7
four-wheel-drive	M	M3
four-year	T	T1.3
four-year-old	T	T3
fourcore	O	O3
fourteen	N	N1
fourth	N	N4
fowl	L	L2mfnc
foxholes	G	G3
foyer	H	H2
fr	I	I1
fraction	N	N5
fractionally	A	A13.6
fracture	B	B2
fractured	A	A1.1.2
fractures	B	B2
fracturing	B	B2
fragile	S	S1.2.5-/O4.1
fragilities	S	S1.2.5-/O4.1
fragment	A	A1.1.2
fragmentation	N	N5.1
fragmented	S	S5
fragrance	X	X3.5
fragrant	X	X3.5
fraiche	O	O4.1
frail	S	S1.2.5
frailty	S	S1.2.5
frame	A	A1.1.1
framed	O	O4.1
frameless	O	O4.1
framer	A	A1.1.1/S2mf
frameseal	Z	Z3
framework	X	X4.2
framing	A	A1.8
franchisation	I	I2.2
franchisations	I	I2.2
franchise	I	I2.2
franchised	I	I2.2
franchisee	I	I2.2/S2mf
franchisee-franchiser	I	I2.2
franchisement	I	I2.2
franchiser	I	I2.2/S5
franchiser-audited	I	I2.2
franchiser-provided	I	I2.2/A9
franchising	I	I2.2
franchisor	I	I2.2/S5
francs	I	I1
franking	Q	Q1.2
frankly	A	A5.2
frantic	X	X5.2
frantically	X	X5.2
frasharse	O	O4.2
fraternal	S	S5
fraternity	S	S5+c
fraternize	S	S1.2.1
fraud	G	G2.1
fraudsters	G	G2.1-/S2mf
fraudulent	G	G2.1
fraudulently	G	G2.1
fraught	N	N5.1
fraulein	S	S2.1f
fray	O	O4.5/O4.1
freak	A	A6.2
freakishness	A	A6.2
freaky	A	A6.2
freckle	B	B1
freckles	B	B1
freckly	B	B1
free	S	S6
free-for-all	A	A1.7
free-lance	S	S5
free-market	I	I2.2
free-riding	A	A1.5.1/A9
free-spirited	S	S5
free-standing	A	A1.7
free-style	A	A1.7
free-trade	I	I2.2
freebie	I	I1.3
freebies	I	I1.3
freed	A	A1.7
freedom	A	A1.7
freefone	Q	Q1.3
freeform	A	A1.7
freehold	H	H1
freeholder	H	H1/S2mf
freeing	A	A1.7
freelance	S	S5
freelancer	S	S5-/S2mf
freelancers	S	S5-/S2mf
freelancing	S	S5-/I3.1
freely	N	N5
freemason	S	S9/S2.2m
freephone	Q	Q1.3
freepost	Q	Q1.3
freestanding	O	O4.1
freestyle	A	A1.7
freewheel	M	M2/A1.7
freewheeling	M	M2/A1.7
freeze	O	O4.6
freezer	O	O4.6-/O3
freezing	O	O4.6
freight	M	M2
freighting	M	M2
frenetic	X	X5.2
frenzied	A	A1.1.1/N5
frenzy	A	A1.1.1/N5
frequency	N	N6
frequent	M	M1/N6
frequent-flyer	M	M5/N6
frequently	N	N6
fresco	C	C1
frescos	C	C1
fresh	T	T3
fresh-faced	O	O4.2+/T3
fresh-made	A	A1.1.1/T3
freshen	B	B2
fresher	T	T3
freshly	T	T3
freshman	P	P1/S2mf
freshness	T	T3
freshwater	O	O1.2/W3
fret	O	O4.4
fretful	E	E6
frets	E	E6
fretting	E	E6
friars	S	S9
friary	S	S9/H1c
fricassee	F	F1
friction	M	M1
fridge	O	O4.6-/O3
fried	F	F1
friend	S	S3.1/S2mf
friendliest	S	S1.2.1
friendliness	S	S1.2.1
friendly	S	S1.2.1
friendship	S	S3.1
frigate	M	M4
frigates	M	M4
frigging	Z	Z4
fright	E	E5
frighten	E	E5
frightened	E	E5
frightener	E	E5
frightening	E	E5
frighteningly	E	E5
frightful	O	O4.2
frightfully	A	A13.3
frigid	O	O4.6
frill	B	B5
frilled	O	O4.1
frilly	O	O4.1
fringe	B	B1
frit	M	M1
fritter	F	F1
fritting	M	M1
frivolity	E	E4.1+/S1.2.6
frivolous	S	S1.2.6
frizzy	O	O4.1
fro	M	M6
frock	B	B5
frog	L	L2mfn
frogman	M	M4/I3.2/S2.2m
frogs	L	L2mfn
frolic	E	E4.1
frolics	E	E4.1
from	Z	Z5
front	M	M6
front-line	G	G3
front-page	Q	Q4.2/A11.1
front-row	M	M6
front-runners	S	S7.1+/S2mf
frontage	H	H2
frontal	M	M6
fronted	M	M6
fronting	M	M6
frontward	M	M6
frostbite	B	B2
frosted	O	O4.1
frosty	O	O4.6
froth	O	O1.2
frothy	O	O4.1
frown	B	B1
frowned	B	B1/E2
frowns	B	B1
froze	O	O4.6
frozen	O	O4.6
frugal	A	A1.3
fruit	F	F1
fruit-and-veg	F	F1
fruiterer	F	F1/S2mf
fruitful	X	X9.2
fruitiness	F	F1
fruition	X	X9.2
fruitless	X	X9.2
fruity	F	F1
frumpy	O	O4.2
frunus	L	L3
frustrate	S	S8
frustrated	E	E4.2
frustrating	S	S8
frustratingly	E	E4.2
frustration	E	E4.2
fryer	F	F1/O3
frying	F	F1
fu-chih	Z	Z2
fuchia	L	L3
fuchias	L	L3
fuchsia	L	L3
fuck	S	S3.2/B1
fuck-off-i've-made-it	Z	Z4/S1.2.4
fuck-up	X	X9.2
fucking	Z	Z4
fuddled	X	X2.5
fuddly	X	X2.5
fuddy-duddy	O	O4.2
fuel	O	O1
fuelled	A	A1.1.1
fuelling	A	A1.1.1
fuels	O	O1
fugitive	A	A1.7-/S2mf
fulcrum	A	A11.1
fulfil	X	X9.2
fulfill	X	X9.2
fulfilled	E	E4.2
fulfilling	X	X9.2
fulfillment	E	E4.2
fulfilment	E	E4.2
full	N	N5.1
full-back	K	K5.1/S2mf
full-blown	N	N5.1
full-bodied	F	F2
full-covered	A	A10
full-fledged	T	T3
full-length	O	O4.1
full-motion	Q	Q4.3
full-page	Q	Q4.2
full-scale	N	N5.1
full-service	I	I2.2
full-sized	N	N5.1
full-spectrum	A	A6.3
full-time	T	T1.3
full-timer	T	T1.3/S2mf
full-up	N	N5.1
full-year	T	T1.3
fulltime	T	T1.3
fully	A	A13.2
fully-fledged	T	T3
fumble	A	A1.1.1/X9.2
fumbling	A	A1.1.1/A12
fume	O	O1.3
fumes	O	O1.3
fuming	O	O1.3
fun	E	E4.1
fun-loving	E	E4.1
function	A	A1.5.1
functional	A	A1.5.2
functionality	A	A1.5.2
functionaries	G	G1.1/S2mf
functioning	A	A1.1.1
fund	I	I1.1
fund-raising	I	I1.1/A9
fund-specific	I	I1.1
fundamental	A	A11.1
fundamentalism	S	S9/A11.1
fundamentalist	S	S9
fundamentally	A	A11.1
funded	I	I1.1
funder	I	I1/S2mf
funders	I	I1.1/S2mf
funding	I	I1.1
fundraise	I	I1.1/A9
fundraiser	I	I1.1/S2mf
fundraisers	I	I1.1/S2mf
fundraising	I	I1.1/A9
funds	I	I1.1
funeral	L	L1-/S1.1.1
funerary	L	L1-/S1.1.1
funereal	E	E4.1
funfair	K	K1/S1.1.1
funfairs	K	K1/S1.1.1
fungi	L	L3
fungulosis	B	B2
fungus	L	L3
funk	E	E5
funky	K	K2
funnel	O	O2
funnier	E	E4.1
funnily	A	A6.2
funny	E	E4.1
fur	O	O1.1/L2
fur-lined	B	B5
furbish	A	A9
furbished	A	A9
furious	E	E3
furiously	E	E3
furlough	K	K1/T1.3
furnace	O	O4.6
furnish	H	H5
furnished	H	H5
furnishing	H	H5
furniture	H	H5
furore	E	E3
furrow	F	F4
furry	O	O4.1/L2
furs	O	O1.1/L2
further	N	N5
furtherance	S	S8+/X9.2
furthermore	Z	Z5
furthest	N	N3.3
furtive	A	A10
fury	E	E3
fuscias	L	L3
fuse	O	O3
fusion	A	A1.8
fuss	E	E3
fussed	E	E6
fussing	E	E6
fussy	E	E6
futile	A	A1.5.2
futilely	A	A1.5.2
futility	A	A1.5.2
future	T	T1.1.3
futurism	T	T1.1.3
futuristic	T	T1.1.3
futurists	T	T1.1.3/S2mf
fuxian	Z	Z2
fuzz	B	B1
fuzziness	O	O4.1
fuzzy	O	O4.1
g	Z	Z5
gab	Q	Q2.1
gabardine	O	O1.1
gabbing	Q	Q2.1
gabble	Q	Q2.1
gabby	Q	Q2.1
gaberdine	B	B5
gabled	H	H1
gad	K	K1
gadding	K	K1
gadfly	S	S8-/S2mf
gadget	O	O2
gadgetry	O	O2
gadgets	O	O2
gaels	Z	Z2/S2mf
gaff	H	H1
gaffe	X	X9.2
gaffer	S	S7.1+/S2mf
gaffers	S	S7.1+/S2mf
gaffes	X	X9.2
gag	Q	Q2.2
gaggle	S	S5
gaiety	E	E4.1
gaily	E	E4.1
gain	A	A9
gained	A	A9
gainers	A	A9+/S2mf
gainful	S	S8
gainfully	S	S8
gaining	A	A9
gains	X	X9.2
gainsay	Q	Q2.2/A6.1
gainsaying	Q	Q2.2/A6.1
gait	M	M1
gaiter	B	B5
gaiters	B	B5
gala	K	K1/S1.1.1
galactic	W	W1
galas	K	K1/S1.1.1
galaxies	W	W1
galaxy	W	W1
gale	W	W4
gale-force	W	W4
galeish	W	W4
gall	E	E3
gallant	G	G2.2
gallantly	E	E5
gallantry	E	E5
gallbladder	B	B2
galled	E	E3
galleon	M	M4
gallery	C	C1/H1
galley	F	F1/H2
galleys	F	F1/H2
galling	E	E3
gallivant	M	M1
gallivanting	E	E4.1
gallon	N	N3.4
gallop	M	M1/N3.8+/L2
galloped	M	M1/N3.8+/L2
galloping	M	M1/N3.8+/L2
gallstone	B	B2
gallstones	B	B2
galore	N	N5
galvanise	X	X5.2
galvanised	X	X5.2
galvanize	X	X5.2
galvanized	O	O4.1
gambit	X	X4.2
gamble	A	A15
gambler	K	K5.2/I1/S2mf
gambling	A	A15
gambol	M	M1/E4.1
gambolling	M	M1/E4.1
game	K	K5.1
game-shooting	K	K5.1
gamekeeper	L	L2/S2mf
gamely	X	X8
gameplay	X	X9.1+/Y2
gamer	Y	Y2/K5.2/S2mf
games	K	K5.1
gamesmanship	X	X9.1
gamine	O	O4.2
gaming	I	I1/A1.4
gamma	Q	Q3
gamma-ray	Y	Y1
gammon	F	F1
gamut	A	A6.3
gander	L	L2fn
gang	S	S5+c
gangland	G	G2.1
gangling	O	O4.1
gangly	O	O4.1
gangplank	M	M4/O2
gangrene	B	B2
gangrenous	B	B2
gangster	G	G2.1-/S2mf
gangsters	G	G2.1-/S2mf
gangway	M	M4/H2
gaol	G	G2.1/H1
gap-toothed	O	O4.1
gape	X	X3.4
gaped	X	X3.4
gaping	X	X3.4
garage	M	M3/H1
garager	M	M3/S2mf
garages	M	M3/H1
garaging	M	M3
garagy	M	M3
garb	B	B5
garbage	X	X7-/O2
garbage-in	A	A5.2
garbage-out	A	A5.2
garbled	X	X2.5
garden	L	L3/H3
garden-based	F	F4
garden-centre	F	F4/M7c
gardened	F	F4
gardenia	L	L3
gardening	F	F4
gardening-related	F	F4
gardens	L	L3/H3
gardle	B	B4/O1.2
gargantuan	N	N3.2
gargle	B	B4
gargled	B	B4
gargoyle	H	H2
garish	O	O4.2
garishly	O	O4.2
garlic	F	F1
garlicky	X	X3.1/F1
garment	B	B5
garnish	F	F1
garret	H	H2
garrets	H	H2
garrison	G	G3c
garrisoned	G	G3
garrisons	G	G3c
garrotte	L	L1
garrotted	L	L1
garrulous	Q	Q2.1
garter	B	B5
gas	O	O1.3
gas-fired	O	O1.3/A1.1.1
gas-guzzler	N	N5.2
gas-related	O	O1.3
gaseous	O	O1.3
gasification	O	O1.3
gasket	O	O2
gaskets	O	O2
gaslamp	O	O2/O1.3
gaslight	O	O2/O1.3
gaslights	O	O2/O1.3
gasman	O	O1.3/S2mf
gasoline	O	O1.2
gasometer	A	A9+/O1.3
gasometers	A	A9+/O1.3
gasp	B	B1
gasped	B	B1
gasping	B	B1
gasps	B	B1
gassed	G	G3
gassing	E	E3
gassy	O	O1.3/N5
gastric	B	B1
gastro-intestinal	B	B1
gastroenteritis	B	B2
gastrointestinal	B	B1
gastronome	F	F1/S2mf
gastronomic	F	F1
gastronomy	F	F1/X2.2
gasworks	O	O1.3/H1c
gate	H	H2
gateau	F	F1
gateaux	F	F1
gatecrash	X	X7-/S1.1.3
gatecrasher	X	X7-/S1.1.3+/S2mf
gatecrashers	X	X7-/S1.1.3+/S2mf
gatehouse	H	H1
gatekeeper	I	I3.2/H2/S2mf
gatekeepers	I	I3.2/H2/S2mf
gatepost	H	H5/O2
gates	G	G2.1/P1
gather	S	S5
gathered	S	S5
gatherer	A	A9+/S2mf
gathering	S	S5+c
gator	L	L2
gats	W	W3
gauche	E	E5
gaudy	O	O4.3
gauge	X	X6
gauging	X	X6
gaunt	O	O4.2
gauntlet	S	S7.3
gauze	O	O1.1
gauzy	O	O4.1
gave	A	A9
gawk	X	X3.4
gawking	X	X3.4
gawky	O	O4.2
gawp	X	X3.4
gawping	X	X3.4
gay	S	S3.2/B1
gayness	S	S3.2
gaze	X	X3.4
gazebo	H	H1
gazebos	H	H1
gazelle	L	L2mfn
gazette	Q	Q4.2
gazetteer	Q	Q4.1
gazump	I	I2.2/H4
gazumped	I	I2.2/H4
gazumping	I	I2.2/H4
gear	A	A1.1.1
gearbox	M	M3/O2
gearboxes	M	M3/O2
geared	A	A11.1
gearing	A	A1.1.1
geek	X	X9.1++/S2mf
geeks	X	X9.1++/S2mf
gees	Z	Z4
geese	L	L2
geezer	S	S2.2m
geisha	S	S3.2/S2.1f
gel	O	O1
gelatin	O	O1.1/A2.1
gelatine	O	O1.1/A2.1
gelatinous	O	O1.1/A2.1
geld	L	L2/B3
gelding	L	L2mn
gelignite	G	G3
gell	O	O4.5
gelled	S	S3.1
gem	O	O1.1
gems	O	O2
gemstone	O	O2
gemstones	O	O1.1
gen	X	X2.2
gender	S	S2
gender-based	S	S2
gender-bender	S	S2.2m/S2.1f
gender-blind	S	S2
gendered	S	S2
genderism	S	S2
genealogical	S	S4
genealogy	S	S4
general	N	N5
general-process	A	A1.1.1
general-purpose	A	A1.5.2
generalisation	A	A4.2
generalise	A	A4.2
generalised	A	A4.2
generalising	A	A4.2
generalities	A	A4.2
generality	A	A4.2
generalization	A	A4.2
generalize	A	A4.2
generalized	A	A4.2
generalizing	A	A4.2
generally	A	A6.2
generate	A	A2.2
generated	A	A2.2
generating	A	A2.2
generation	T	T1.3
generational	T	T1.3
generative	A	A1.1.1/N6
generator	O	O3
generators	O	O3
generic	A	A4.2
generically	A	A4.2
generosity	S	S1.2.2
generous	S	S1.2.2
generously	S	S1.2.2
genes	B	B1
genetic	B	B1
genetically	B	B1
geneticist	Y	Y1/B1/S2mf
genetics	Y	Y1
genial	S	S1.2.1
geniality	S	S1.2.1
genially	S	S1.2.1
genie	S	S9mfn
genital	B	B1/S3.2
genitalia	B	B1/S3.2
genitals	B	B1/S3.2
genitive	Q	Q3
genius	X	X9.1+/S2mf
genned	X	X2.3
geno	B	B1
genocidal	L	L1-/S5
genocide	L	L1-/S5
genome	B	B1
genomes	B	B1
genomic	B	B1
genomics	Y	Y1/B1
genre	Q	Q4/A4.1
gent	S	S2.2m
genteel	O	O4.2
gentian	L	L3
gentile	S	S9
gentility	E	E3
gentle	E	E3
gentleman	S	S2.2m
gentlemanly	S	S1.2.4
gentlemen	S	S2.2m
gentleness	E	E3
gently	E	E3
gentry	S	S5+c
gents	S	S2.2m
genuflect	O	O4.1/B1
genuflected	O	O4.1/B1
genuflecting	O	O4.1/B1
genuine	A	A5.4
genuinely	A	A5.4
genuineness	A	A5.4
genuinity	A	A5.4
genus	A	A4.1
geo	W	W3
geo-principle	Y	Y1
geodetic	Y	Y1
geographer	W	W3/S2mf
geographical	W	W3
geographically	W	W3
geography	P	P1/W3
geological	W	W3
geologically	W	W3
geologist	Y	Y1/S2mf
geology	Y	Y1
geometric	O	O4.4
geometrical	O	O4.4
geometrically	O	O4.4
geometry	O	O4.4
geophysical	Y	Y1/W1
geophysicist	Y	Y1/W1/S2mf
geopolitical	W	W1/G1.2
geopolitics	G	G1.2/W3
geranium	L	L3
geraniums	L	L3
gerbil	L	L2mfn
geriatric	T	T3
geriatrics	S	S2/T3++mf
germ	B	B2
germane	A	A1.2
germinate	F	F4
germinated	F	F4
germinates	F	F4
germinating	F	F4
germination	F	F4
germs	L	L2
gerontocracy	G	G1.1/T3+/S2mf
gerontology	P	P1/B1/T3
gerrymandering	A	A2.1/M7
gerund	Q	Q3
gerunds	Q	Q3
gestapo	G	G2.1c
gestation	B	B1
gesticulate	M	M1
gesticulating	M	M1
gesticulation	M	M1
gesture	Q	Q1.1/B1
gestures	Q	Q1.1/B1
get	A	A9
get-rich-quick	I	I1.1+/N3.8
get-together	S	S1.1.3
get-up	B	B5
get-up-and-go	X	X5.2
getaway	A	A1.7
getter	A	A9+/S2mf
getters	A	A9+/S2mf
gettin	A	A9
getting	A	A9
geyser	W	W3
ghastly	O	O4.2
ghee	F	F1
gherkin	F	F1
gherkins	F	F1
ghetto	M	M7
ghetto-ised	S	S5
ghost-write	Q	Q1.2
ghost-written	Q	Q1.2
ghostly	S	S9
ghosts	S	S9mfn
ghostwriter	Q	Q4.1/S2mf
ghoul	S	S9
ghoulish	G	G2.2
giant	N	N3.2
giant-killer	X	X9.2+/S5
giant-killers	X	X9.2+/S5
giant-killing	X	X9.2
giant-like	N	N3.2
giant-sized	N	N3.2
giants	S	S2/N3.2+mf
gibber	Q	Q2.2/X2.5
gibbered	Q	Q2.2/X2.5
gibbering	Q	Q2.2/X2.5
gibberish	S	S1.2.6
gibbon	L	L2
gibe	S	S7.2
gibes	S	S7.2-/Q2.1
gibing	S	S7.2
giblet	F	F1/L2
giblets	F	F1/L2
giddiness	B	B2
giddy	B	B2
giddy-brained	S	S1.2
gift	A	A9
gift-wrapped	O	O4.1
gifted	X	X9.1
giftware	O	O2/A9
gig	K	K2
gigabit	Y	Y2
gigabits	Y	Y2
gigabyte	Y	Y2
gigantic	N	N3.2
giggle	E	E4.1
giggly	E	E4.1
gigs	K	K2
gild	O	O4.3
gilded	O	O4.3
gilding	O	O4.3
gilt	O	O4.3
gilt-edged	O	O4.3
gimlet	X	X5.1
gimmick	Q	Q1.1/I2.2
gimmicking	Q	Q1.1/I2.2
gimmickry	A	A1.5.2
gimmicky	Q	Q1.1/I2.2
gin	F	F2
gin-drinking	F	F2
ginger	O	O4.3
gingerbread	F	F1
gingerly	A	A1.3
gingganggooly	Z	Z3
gingham	O	O1.1
gingivitis	B	B2
ginormous	N	N3.2
ginseng	L	L3
gip	B	B2
giraffe	L	L2mfn
gird	A	A1.1.1
girded	A	A1.1.1
girder	H	H2/O2
girders	O	O2
girding	A	A1.1.1
girdle	M	M6
girl	S	S2.1f
girlfriend	S	S3.2/S2.1f
girlhood	S	S2.1f/T3-/T1.3
girlie	S	S2.1f
girlish	S	S2.1f
girls	S	S2.1f
girly	S	S2.1f
giro	Q	Q1.2/I1
girobank	I	I1.1/I2.1c
girth	N	N3.3
gist	Q	Q1.1
gist-up	X	X2.5
git	O	O4.2-/S2mf
gite	H	H1
gites	H	H1
gits	O	O4.2-/S2mf
give	A	A9
giveaway	I	I1.3
given	Z	Z5
giver	A	A9-/S2mf
givin'	A	A9-/Z4
giving	A	A9
gizmo	O	O2
gizzmo	O	O2
gizzmos	O	O2
glaciation	W	W3
glacier	W	W3
glad	E	E4.2
gladiatorial	S	S7.3
gladioli	L	L3
gladly	X	X5.2
gladness	E	E4.1
glam	O	O4.2
glam-rocker	K	K2/S2mf
glamorise	O	O4.2+/A8
glamorous	O	O4.2
glamour	O	O4.2
glamourous	O	O4.2
glance	X	X3.4
glanced	X	X3.4
glancing	M	M6
gland	B	B1
glands	B	B1
glans	B	B5
glare	X	X3.4/E3
glares	X	X3.4/E3
glaring	X	X3.4
glaringly	A	A11.2
glasnost	G	G1.2
glass	O	O1.1
glass-house	H	H1
glasses	O	O2
glassfibre	O	O1.1
glasshouse	H	H1/F4
glassware	O	O2
glassworks	I	I4
glassy	O	O4.1
glaucoma	B	B2
glaze	C	C1
glazed	C	C1
glazes	C	C1
glazier	H	H1/S2mf
glazing	O	O4.1
gleam	W	W2
gleamed	W	W2
gleaming	W	W2
glean	X	X2.3
glee	E	E2
gleeful	E	E2
gleefully	E	E2
glen	W	W3
glib	S	S1.2.3
glibly	S	S1.2.3
glide	M	M1
glider	M	M5fn
gliders	M	M5fn
gliding	M	M5
glimmer	W	W2
glimpse	X	X3.4
glint	N	N5
glints	O	O4.3
glisten	O	O4.3
glistened	O	O4.3
glistening	O	O4.3
glitch	A	A12
glitter	O	O4.3
glittering	O	O4.3
glittery	O	O4.3
glitz	O	O4.2
glitzy	O	O4.2
gloat	S	S1.2.3
globalisation	A	A1.8
globalised	A	A1.8
globally	M	M7
globe	W	W1
globe-trotting	M	M1
globetrot	M	M1/M7
globular	O	O4.4
gloom	O	O4.3
gloomily	E	E4.1
gloomy	O	O4.3
glorification	S	S7.2+/Q2.2
glorified	S	S7.2+/Q2.2
glorify	S	S7.2+/Q2.2
glorious	O	O4.2
gloss	O	O4.5
glossary	Q	Q3
glossiness	O	O4.5
glossy	O	O4.5
glove	B	B5
gloved	O	O4.1
glovelet	B	B5
gloves	B	B5
glow	O	O4.3
glowing	O	O4.2
glucose	O	O1
glue	A	A1.1.1
glued	A	A1.1.1
gluing	A	A1.1.1
glum	E	E4.1
glumly	E	E4.1
glut	N	N5.2
glutamate	O	O1
gluten	O	O1
glutonate	O	O1.1
glutton	S	S1.2.2+/S2mf
glutton-like	S	S1.2.2
gluttonous	S	S1.2.2
gluttony	S	S1.2.2
glycerine	O	O1.2
gms	N	N3.5
gnarled	L	L3
gnats	L	L2
gnaw	B	B1/L2
gnome	S	S9/S2.2m
gnomes	S	S9/S2.2m
gnomic	X	X2.5
gnp	I	I4
gnu	L	L2
go	X	X8
go-ahead	X	X9.2
go-between	S	S8+/S2mf
go-cart	M	M3
go-carts	M	M3
goad	A	A2.2
goal	K	K5.1
goal-keep	K	K5.1
goal-keeper	K	K5.1/S2mf
goal-keepers	K	K5.1/S2mf
goal-setting	X	X7
goalie	K	K5.1/S2mf
goalkeeper	K	K5.1/S2mf
goalkeeping	K	K5.2
goalless	K	K5.1
goaly	K	K5.1/S2mf
goat	L	L2mfn
goatherd	L	L2/A4.1
gob	B	B1
gobble	F	F1
gobbledegook	X	X2.5-/Q2.1
goblet	O	O2/F2
goblin	S	S9
goblins	S	S9
gobsmacked	E	E5
god-awful	O	O4.2
god-daughter	S	S4f
godchild	S	S4mf
godchildren	S	S4
goddam	Z	Z4
goddaughter	S	S4f
goddaughters	S	S4f
goddess	S	S9/S2.1f
godliness	S	S9
godly	S	S9
godmother	S	S4f
godparent	S	S4mf
godparents	S	S4mf
godsend	A	A1.5.2+/O4.2
godson	S	S4m
goer	X	X5.2+/S2mf
goes	N	N6
goey	A	A1.1.1
gofer	S	S8+/S2mf
gofers	S	S8+/S2mf
goggle	B	B5
goggles	B	B5
goin	M	M1
going	M	M1
going-on	A	A1.1.1
goings-on	A	A1.1.1
gold-beater	C	C1/S2mf
gold-leaf	O	O4.1
gold-rimmed	O	O4.1
golden	O	O4.3
goldfish	L	L2mfnc
goldmines	I	I1.1
golds	O	O1.1
goldy	O	O4.3
golf-supply	K	K5.1
golfer	K	K5.1/S2mf
golfing	K	K5.1
golly	K	K6
gon	T	T1.1.3
gondola	M	M4fn
gone	M	M1
gonna	T	T1.1.3
gonner	L	L1-/S2mf
gonners	L	L1-/S2mf
gonorrhoea	B	B2
goo	O	O1.2
good	A	A5.1
good-humoured	E	E4.2
good-looking	O	O4.2
good-natured	E	E4.2
good-quality	A	A5.1
goodbye	S	S1.1.1
goodies	G	G2.2+/S2mf
goodly	N	N5
goodness	Z	Z4
goodnight	Z	Z4
goods	O	O2
goodwill	S	S1.2.1
goody	O	O2
gooey	O	O4.5
goof	X	X9.2
googlies	K	K5.1
googly	K	K5.1
goose	L	L2mfn
gooseberries	F	F1
gooseberry	F	F1
gooseberrys	F	F1
gore	B	B1
gorge	W	W3
gorged	S	S1.2.2+/F1
gorgeous	O	O4.2
gorgeously	O	O4.2
gorgonzola	F	F1
gorilla	L	L2mfn
gorillas	L	L2mfn
gory	O	O4.2
gosh	Z	Z4
gospel	S	S9/Q4.1
goss	Q	Q2.1
gossamer	O	O4.1
gossip	Q	Q2.1
gossiper	Q	Q2.1/S2mf
gossiping	Q	Q2.1
gossipy	Q	Q2.1
got	A	A9
gothic	H	H1
gotta	S	S6
gotten	A	A9
gouge	A	A1.1.2
gourd	L	L3
gourmet	F	F1/S2mf
gourmet-coffee	F	F2
gourmet-tea	F	F2
gourmets	F	F1/S2mf
gout	B	B2
govern	S	S7.1
governance	G	G1.1
governed	S	S7.1
governess	S	S7.1+/S2.1f
governing	S	S7.1
government	G	G1.1c
government-backed	G	G1.1
government-initiated	G	G1.1/T2
government-issued	G	G1.1
government-linked	G	G1.1/A2.2
government-owned	G	G1.1/A9
government-subsidised	G	G1.1/I1.1
governments	G	G1.1c
governor	S	S7.1+/S2mf
governors	S	S7.1+/S2mf
governorship	G	G1.1
gowdown	H	H1
gowdowns	H	H1
gown	B	B5
gr	N	N3.5
grab	A	A9
grabbed	A	A9
grabber	A	A9
grabbing	S	S1.2.2
grabby	S	S1.2.2
grace	O	O4.2
graceful	O	O4.2
gracefully	O	O4.2
graceless	O	O4.2
gracious	S	S1.2.4
graciously	S	S1.2.4
grad	P	P1/S2mf
gradation	N	N3.1
grade	A	A5.1
graded	A	A2.1
gradient	N	N3.7
gradients	O	O4.4
grading	A	A5.1
gradual	T	T2
gradually	T	T2
graduate	P	P1
graduate-level	P	P1/X9.1
graduated	P	P1
graduating	P	P1
graduation	P	P1
graffiti	Q	Q1.2c
graffiti-style	Q	Q1.2
graft	B	B3
grafted	A	A1.1.1
grafter	X	X5.1+/S2mf
grafters	A	A1.1.1/S2mf
grafting	A	A1.1.1
grail	O	O2
grain	N	N5
grained	O	O4.5
grains	N	N5
grainy	O	O4.3
gram	N	N3.6
gramm	N	N3.5
grammar	Q	Q3
grammarian	Q	Q3/S2mf
grammatical	Q	Q3
grammatically	Q	Q3
grammatique	Q	Q3
gramme	N	N3.5
gramms	N	N3.5
gramophone	K	K3
gramophones	K	K3
gramp	S	S4m
grams	N	N3.7
gran	S	S4f
granaries	F	F4/H1
granary	F	F4/H1
grand	O	O4.2
grand-daughter	S	S4f
grand-jurors	G	G2.1/S5
grandad	S	S4m
grandchild	S	S4mf
grandchildren	S	S4mf
granddad	S	S4m
granddaddy	S	S4m
granddads	S	S4m
granddaughter	S	S4f
granddchildren	S	S4
grandeur	O	O4.2
grandfather	S	S4m
grandiose	O	O4.2
grandiosity	S	S1.2.3
grandissment	N	N3.2+/A2.1
grandkid	S	S4mf
grandkids	S	S4mf
grandly	O	O4.2
grandma	S	S4f
grandmother	S	S4f
grandpa	S	S4m
grandparent	S	S4mf
grandparents	S	S4/S2mf
grandson	S	S4m
grandstand	K	K5.1/H1
grandstands	K	K5.1/H1
granite	O	O1.1
grannie	S	S4f
grannies	S	S4/S2.1f
granny	S	S4f
grannys	S	S4f
grans	S	S4f
granted	A	A9
granting	A	A9
grants	I	I1.1
granular	O	O4.1
granulated	O	O4.1
granule	O	O1.2
granules	O	O1.2
grape	F	F1
grapefruit	F	F1
grapes	F	F1
grapevine	Q	Q2.1
graph	Q	Q1.2/N2
graphic	C	C1
graphical	C	C1
graphically	A	A10
graphics	C	C1
graphite	O	O1.1
graphs	Q	Q1.2/N2
grapple	E	E3
grappling	E	E3
grasp	A	A9
grasped	A	A9
grasping	S	S1.2.2
grass	L	L3
grass-roots	S	S5+/S7.1
grasshopper	L	L2mfn
grassland	W	W3/L3
grassroots	S	S5+/S7.1
grassy	L	L3
grate	A	A1.1.1
grated	O	O4.1
grateful	S	S1.2.4
gratefully	E	E4.2
gratification	E	E4.2
gratified	E	E4.2
gratify	E	E4.2
gratifying	E	E4.2
grating	X	X3.2
gratitude	S	S1.2.4
gratuitous	S	S6
gratuitously	S	S6
gratuity	I	I1.1
grave	M	M7/L1
gravel	O	O1.1
gravel-carrier	M	M2
gravel-carriers	M	M2
gravel-pit	M	M7/I4
gravel-pits	M	M7/I4
gravelled	O	O4.1
gravelly	W	W3
gravely	E	E4.1
graver	E	E4.1
graveside	M	M7/L1
gravest	E	E4.1
gravestone	O	O2
graveyard	M	M7/L1
gravitas	S	S7.2+/A11.1
gravitate	M	M1
gravitational	N	N3
gravity	N	N3
gravy	F	F1
gray-blue	O	O4.3
graze	B	B2
grazed	F	F4
grazing	F	F4
grease-laden	O	O4.5
greasepaint	B	B4/C1
greases	A	A1.1.1
greasiness	O	O4.5
greasy	O	O4.5
greasy-raincoated	O	O4.2
great	A	A5.1
great-aunt	S	S4f
great-grandchild	S	S4mf
great-grandfather	S	S4m
great-great-great-great	S	S4
great-great-uncle	S	S4m
great-niece	S	S4f
great-toe	B	B1
great-uncle	S	S4/S2.2
greatcoat	B	B5
greater	A	A5.1
greatest	A	A5.1
greatly	A	A13.3
greatness	A	A11.1
greats	S	S7.2+/S2mf
grebe	L	L2mfnc
grebo	S	S2mf
greed	S	S1.2.2
greedier	S	S1.2.2
greedily	S	S1.2.2
greediness	S	S1.2.2
greedy	S	S1.2.2
green	W	W5
greener	O	O4.3
greenery	L	L3
greeney	O	O4.3
greengage	F	F1
greengrocer	F	F1/S2mf
greengrocers	F	F1
greengrocery	F	F1
greenhouse	F	F4/H1
greenish	O	O4.3
greenness	W	W5
greens	O	O4.3
greenstuff	L	L3
greeny	O	O4.3
greet	Q	Q2.2/S1.2.4
greeted	Q	Q2.2/S1.2.4
greeting	Q	Q2.2/S1.2.4
greetings	Q	Q2.2/S1.2.4
greets	Q	Q2.2/S1.2.4
gregarious	S	S1.2.1
grenade	G	G3
grenades	G	G3
grew	N	N3.2+/A2.1
grey-eyed	B	B1
grey-haired	O	O4.1
grey-suits	B	B5
greyey	O	O4.3
greyhound	L	L2mfn
greyhounds	L	L2mfn
greyish	O	O4.3
greymens	Z	Z3c
greyness	O	O4.3
grid	O	O2
gridlock	M	M3
grief	E	E4.1
grievance	E	E2
grievances	E	E2
grieve	E	E4.1
grieved	E	E4.1
grieving	E	E4.1
grievous	E	E4.1
grill	O	O2
grille	O	O2
grilled	F	F1
grilling	F	F1
grills	O	O2
grim	E	E4.1
grimace	O	O4.2
grime	B	B4
grimly	E	E4.1
grimy	O	O4.2
grin	E	E4.1
grind	X	X5.2
grinder	O	O2/F1
grinding	A	A5.1
grindstone	O	O2/O4.5
grinning	E	E4.1
grip	A	A1.1.1
gripe	E	E2-/Q2.2
gripper	A	A9
gripping	X	X5.2
grisly	O	O4.2
grit	O	O1.1
gritting	A	A1.1.1
gritty	O	O4.5
grizzly	L	L2
groan	X	X3.2
groans	X	X3.2
grocer	F	F1/S2mf
groceries	F	F1
grocers	F	F1/S2mf
grocery	F	F1
groggy	B	B2
groin	B	B1
groins	B	B1
grommet	B	B1
grommets	B	B1
groom	B	B4
groomed	O	O4.1
grooming	B	B4
groomsman	S	S4/S2.2m
groomsmen	S	S4/S2.2m
groove	O	O2
groovy	O	O4.2
grope	X	X3.3
groping	X	X3.3
gross	N	N1
grossly	A	A13.3
grotesque	A	A6.2
grotesquely	A	A6.2
grotto	M	M7
grotty	O	O4.2
grouchy	E	E3
ground	A	A1.1.1
ground-breaking	A	A11.1
groundbreaking	A	A11.1
grounded	A	A5.2
grounding	P	P1
groundless	A	A5.2
grounds	M	M6
groundsheet	O	O2
groundsman	F	F4/S2mf
groundswell	N	N5
groundwork	X	X2.4
group	S	S5+c
group-based	S	S5
group-work	A	A1.1.1/S5
grouped	S	S5
groupies	S	S5+/S2mf
grouping	S	S5
groupmate	S	S5+/S2mf
groupmates	S	S5+/S2mf
groups	S	S5
groupware	Y	Y2
groupwork	A	A1.1.1/S5
grout	H	H1
grouting	H	H1
grovel	S	S7.1
grovelling	S	S7.1
grow	N	N3.2+/A2.1
grower	F	F4/S2mf
growers	F	F4/S2mf
growing	N	N3.2+/A2.1
growl	X	X3.2
grown	T	T3
grown-up	T	T3
grown-ups	T	T3+/S2mf
grownup	T	T3+/S2mf
grownups	T	T3+/S2mf
grows	N	N3.2+/A2.1
growth	N	N3.2+/A2.1
growth-oriented	N	N3.2+/A2.1
grub	F	F1
grubby	O	O4.2
grudge	S	S1.2.2
grudging	X	X5.2
grudgingly	X	X5.2
gruelling	A	A12
gruesome	O	O4.2
gruff	S	S1.2.1
grumble	E	E2-/Q2.2
grumbled	E	E2-/Q2.2
grumbling	E	E2-/Q2.2
grump	E	E3-/S2mf
grumpily	E	E3
grumpy	E	E3
grunge	B	B5
grungy	G	G2.2
grunt	X	X3.2
grunting	Q	Q2.2
gti	Z	Z3
guanzhong	Z	Z2
guarantee	A	A7+/Q2.2
guaranteed	A	A7+/Q2.2
guaranteeing	A	A7+/Q2.2
guarantied	A	A7
guarantor	A	A7+/S2mf
guard	A	A1.1.1/A15
guarded	A	A10
guardedly	A	A1.3
guardianship	S	S7.1
guarding	A	A1.1.1/A15
guards	A	A15+/I3.2/S2mf
gubbins	O	O2
gudgeon	L	L2mfnc
guerilla	L	L2
guerrilla	L	L2
guerrillas	L	L2
guess	X	X2.1/A7
guessed	X	X2.1/A7
guesses	X	X2.1/A7
guessing	X	X2.1/A7
guesstimate	X	X2.1/A7
guesswork	X	X2.1/A7
guest	H	H4/S2mf
guesthouse	H	H4/H1
guestimated	X	X2.1/A7
guests	S	S2mf
guff	A	A5.2
guffaw	E	E4.1+/X3.2
guidance	S	S8
guide	S	S8
guide-line	S	S8
guide-lines	S	S8
guided	S	S8
guideline	S	S8
guider	T	T3-/S2.1f
guides	S	S8
guiding	S	S8
guild	S	S5+c
guilder	I	I1
guilders	I	I1
guildhall	H	H1
guile	A	A5.2
guileful	A	A5.2
guillotine	L	L1
guilt	G	G2.2
guiltily	G	G2.2
guiltless	G	G2.1
guilty	G	G2.1
guise	A	A8
guitar	K	K2
guitarist	K	K2/S2mf
guitars	K	K2
gull	L	L2
gulled	G	G2.2
gullible	S	S1.2.6
gully	W	W3
gulp	B	B1
gum	A	A1.7
gummed	A	A1.7
gumption	X	X9.1
gun	G	G3
gunfire	G	G3
gunfires	G	G3
gung-ho	X	X5.2
gunge	O	O1.2
gunk	O	O1
gunman	G	G2.1-/S2mf
gunmen	G	G2.1-/S2mf
gunner	G	G3/S2mf
gunners	G	G3/S2mf
gunnery	G	G3
gunpoint	G	G3
gunpowder	G	G3/O1.1
guns	G	G3
gurgle	X	X3.2
gurgled	X	X3.2
guru	X	X2.2+/S2mf
gurus	X	X2.2+/S2mf
gush	M	M1
gushing	M	M1
gusset	O	O2
gust	W	W3
gusto	E	E2
gut	F	F1
guts	B	B1
gutsy	X	X8
gutted	E	E4.1
gutter	H	H2
guttering	H	H2
guttural	B	B1
guzzle	F	F1
gym	K	K5.1/H1
gym-shoe	B	B5
gym-shoes	B	B5
gymnasium	K	K5.1/H1
gymnastic	K	K5.1
gymnastics	K	K5.1
gynaecological	B	B2
gynaecologist	B	B3/S2mf
gynaecology	B	B3
gypsies	S	S2mf
gypsy	Z	Z2/S2mf
gyratory	M	M1
gyroscope	O	O2
gyroscopes	O	O2
ha	Z	Z4
ha'penny	I	I1
haah	Q	Q2.2
haahed	Q	Q2.2
haar	Z	Z4
haberdasher	B	B5/S2mf
habit	S	S1.1.1
habitable	H	H4
habitation	H	H4
habitations	H	H4
habitual	N	N6
habitually	N	N6
hack	X	X5.2
hacking	A	A1.1.1
hackneyed	A	A6.2
hacksaw	O	O2
had	A	A9
haddock	F	F1c
haematologists	B	B3/S2mf
haematoma	B	B2
haemoglobin	B	B1
haemophiliacs	B	B2-/S2mf
haemorrhage	B	B2
haemorrhaging	B	B2
haemorrhoid	B	B2
haemorrhoidectomy	B	B3
haemorrhoids	B	B2
hag	S	S2.1f/O4.2
haggis	F	F1
haggle	Q	Q2.2
haggled	Q	Q2.2
haggling	Q	Q2.2
hah	Z	Z4
hail	W	W4
hailed	Q	Q2.2
hailing	Q	Q2.2
hails	Q	Q2.2
haing	Q	Q2.2
hair	B	B1
hair-care	B	B4
hair-color	B	B1
hair-do	B	B4
hair-raising	E	E5
hairbrush	B	B4
haircare	B	B4
haircut	B	B4
hairdo	B	B4
hairdresser	B	B4/S2mf
hairdressing	B	B4
hairdryer	B	B4/O3
haired	B	B1
hairless	O	O4.2
hairline	B	B1
hairpin	B	B5
hairpins	B	B5
hairspray	B	B4
hairstyle	B	B4
hairy	O	O4.1/O4.5
half	N	N5
half-moon	O	O4.4
half-accepted	S	S7.4
half-an-hour	T	T1.3
half-asleep	B	B1
half-baked	F	F1
half-billion	N	N1
half-brother	S	S4
half-cast	S	S5/S2mf
half-court	K	K5.2
half-covered	A	A10
half-dozen	N	N5
half-empty	N	N5
half-full	N	N5
half-hearted	X	X5.2
half-heartedly	X	X5.2
half-high	N	N3.7
half-hour	T	T1.3
half-interested	X	X5.2
half-length	N	N3.7
half-life	Y	Y1
half-marathon	K	K5.1
half-price	I	I1.3
half-reformed	A	A2.1
half-sister	S	S4
half-term	T	T1.3/P1
half-timbered	O	O4.1/H1
half-time	T	T1.2/K5.1
half-truths	A	A5.2
half-yearly	N	N6
halfpence	I	I1
halfpenny	I	I1
halfway	M	M6
halibut	L	L2
hall	H	H2
hall-way	H	H2
hallelujah	Z	Z4
hallmark	A	A4.2
hallo	Z	Z4
hallow	S	S9/S2mf
hallowe'en	T	T1.3/S9
hallowed	S	S7.2
halls	H	H2
hallucinate	B	B2-/X1
hallucinating	B	B2-/X1
hallucination	B	B2-/X1
hallucinations	B	B2-/X1
hallucinogen	F	F3
hallucinogenic	B	B2-/X1
hallucinogenics	F	F3
hallway	H	H2
halo	S	S9
haloperidol	B	B3
halt	T	T2
halted	T	T2
halting	T	T2
halve	N	N2
halved	N	N2
halves	N	N1
ham	F	F1
ham-fisted	X	X9.1
ham-handed	X	X9.1
hamburger	F	F1
hammer	O	O2
hammered	A	A1.1.1
hammering	A	A1.1.1
hammeron	K	K2
hammerons	K	K2
hammock	H	H5
hamper	O	O2
hams	F	F1
hamster	L	L2mfn
hamstring	B	B1
hamstrings	B	B1
hand	A	A9
hand-down	A	A9
hand-held	O	O4.1
hand-holding	S	S8
hand-in-hand	S	S5
hand-made	O	O4.1
hand-operated	A	A1.1.1
hand-out	A	A9
hand-over	A	A9
hand-painted	O	O4.1
hand-pick	X	X7
hand-picked	X	X7
hand-picking	A	A1.1.1
hand-posed	A	A1.1.1
hand-shake	S	S1.1.1
hand-to-hand	G	G3
hand-writing	Q	Q1.2
handbag	E	E3
handball	K	K5.2
handbook	Q	Q4.1/P1
handbrake	O	O2/M3
handcart	M	M3
handcovers	B	B5
handcream	B	B4
handcuff	G	G2.1
handcuffed	G	G2.1
handcuffs	G	G2.1/O2
handed	B	B1
handful	N	N5
handheld	O	O4.1
handheld-computer	Y	Y2
handholding	S	S8
handholdy	S	S8
handicap	B	B2
handicapped	B	B2
handicraft	C	C1
handiest	A	A1.5.2
handily	A	A1.5.2
handiwork	A	A1.1.1
handkerchief	B	B5
handle	O	O2
handled	A	A1.1.1
handler	L	L2/S2mf
handlers	L	L2/S2mf
handling	A	A1.1.1
handmade	O	O4.1
handmaid	S	S7.1-/S2.1f
handmaiden	S	S7.1-/S2.1f
handout	A	A9
handouts	A	A9
handover	A	A9
hands	A	A9
hands-free	O	O4.1
hands-off	A	A1.8
hands-on	A	A1.1.1
handset	Q	Q1.3
handshake	S	S1.1.1
handsome	O	O4.2
handsomely	N	N5
handsomest	O	O4.2
handwork	A	A1.1.1
handwriting	Q	Q1.2
handwritten	Q	Q1.2
handy	A	A1.5.2
handyman	X	X9.1+/S2.2m
hang	E	E6
hang-gliding	K	K5.1
hang-up	E	E6
hang-ups	E	E6
hangar	M	M5/H1
hanged	G	G2.1
hanger	O	O2
hangers	O	O2
hangers-on	S	S5-/S2mf
hanging	M	M2
hangman	G	G2.1/S2.2m
hangover	B	B2
hangy	M	M2
hanker	X	X7
hankerchief	B	B5
hankering	X	X7
hankies	B	B5
hanky	B	B5
hanky-panky	S	S3.2
haphazard	N	N6
hapless	A	A1.4
happen	A	A2.1
happened	A	A2.1
happening	A	A2.1
happens	A	A2.1
happier	E	E4.1
happiest	E	E4.1
happily	E	E4.1
happiness	E	E4.1
happy	E	E4.1
harangue	E	E6+/Q2.2
harangued	E	E6+/Q2.2
harass	E	E3
harassed	E	E6
harasses	E	E3
harassing	X	X7
harassment	G	G2.2
harbinger	N	N4/Q1.1
harbour	M	M4
hard	O	O4.5
hard-and-fast	A	A2.1
hard-core	S	S5+c/X5.2
hard-earned	A	A9+/I1
hard-edged	S	S1.2.5
hard-headed	S	S1.2.5
hard-headedness	S	S1.2.5
hard-line	A	A1.7
hard-nosed	S	S1.2.5
hard-pressed	E	E6
hard-sell	I	I2.2
hard-selling	I	I2.2
hard-up	I	I1.2
hard-wearing	O	O4.1
hard-won	S	S1.1.4
hard-working	X	X8
hardback	Q	Q4.1
hardbacks	Q	Q4.1
hardball	S	S1.2.5
hardcore	S	S5+c/X5.2
hardened	O	O4.5/A2.1
hardener	O	O1
hardening	O	O4.5/A2.1
hardens	O	O4.5/A2.1
harder	O	O4.5
hardest	O	O4.5
hardline	A	A1.7
hardliner	A	A2.1-/S2mf
hardly	A	A13.7
hardness	O	O4.5
hardship	A	A12
hardware	O	O2
hardwood	O	O1.1
hardworking	X	X8
hare	L	L2mfn
hare-brained	S	S1.2.6
harem	S	S4c
hares	L	L2mfn
harikari	E	E3
harlot	G	G2.2-/S2.1f
harlow	Z	Z2
harm	A	A1.1.2
harmful	A	A1.1.2
harmless	E	E3
harmonic	K	K2
harmonics	K	K2
harmonious	K	K2
harmoniously	K	K2
harmonisation	A	A6.1+/A2.1
harmonise	A	A6.1+/A2.1
harmonising	A	A6.1+/A2.1
harmonize	A	A6.1+/A2.1
harmony	S	S1.2.1
harness	O	O2
harnessed	A	A1.5.1
harnessing	A	A1.5.1
harp	Q	Q2.1
harried	E	E6
harrowing	E	E4.1
harsh	O	O4.2
harshly	O	O4.2
harshness	O	O4.2
harvest	F	F4
harvester	F	F4/O2
harvesting	F	F4
has	A	A9
hash	F	F1
hassle	A	A12
hassle-full	A	A12
hassled	A	A12
hassles	A	A12
hassley	A	A12
hassling	A	A12
haste	N	N3.8
hasten	N	N3.8
hastened	N	N3.8
hastening	N	N3.8
hastily	N	N3.8
hasty	N	N3.8
hat	B	B5
hat-trick	N	N6/X9.2
hatch	L	L2
hatched	L	L2
hatches	L	L2
hatchet	O	O2
hatching	L	L2
hate	E	E2
hated	E	E2
hateful	E	E2
hath	A	A9
hatred	E	E2
hats	B	B5
hatter	B	B5/S2mf
haughtily	S	S1.2.3
haughtiness	S	S1.2.3
haughty	S	S1.2.3
haul	N	N5
haulage	M	M3
hauled	M	M2
haunch	B	B1/L2
haunches	L	L2/B1
haunt	M	M7
haunted	S	S9
haunting	M	M7
haunts	M	M7
have	A	A9
have-to	S	S6
havenae	A	A9+/Z6
having	A	A9
havoc	A	A1.7
hawk	L	L2mfn
hawking	I	I2.2
hawkish	E	E6
hay	L	L3
hayfever	B	B2
haywire	A	A5.3
hazard	A	A15
hazardous	A	A15
hazards	A	A15
haze	W	W4
hazelnut	F	F1
hazy	W	W4
he	Z	Z8m
head	S	S7.1
head-and-shoulders	I	I2.1
head-hunt	I	I3.1/I2.1
head-hunted	I	I3.1/I2.1
head-hunter	I	I3.1/S2mf
head-hunters	I	I3.1/S2mf
head-hunting	I	I3.1
head-on	M	M6
head-to-head	S	S7.3
headache	B	B2
headaches	B	B2
headband	B	B5
headboard	H	H5
headdress	B	B5
headed	Q	Q1.2
header	K	K5.1
headgear	B	B5
headhunt	I	I3.1
headhunted	I	I3.1
headhunter	I	I3.1/S2mf
heading	Q	Q1.2
headlamps	O	O2/W2
headless	B	B1
headlight	O	O2/W2/M3
headlights	O	O2/W2/M3
headline	Q	Q4.2
headlined	Q	Q4.2
headlong	M	M6
headman	S	S7.1
headmaster	P	P1/S2.2m
headmistress	P	P1/S2.1f
headphone	K	K3
headphones	K	K3
headquartered	M	M6/S7.1+/H1
headquarters	S	S7.1+/H1c
headrest	H	H5
headrests	H	H5
heads	S	S7.1
headscarf	B	B5
headscarves	B	B5
headset	Y	Y2
headsets	Y	Y2
headship	S	S7.1
headstone	L	L1-/O2
headstones	L	L1-/O2
headstrong	S	S1.2.3
headteacher	P	P1/S7.1+/S2mf
headteachers	P	P1/S7.1+/S2mf
headway	X	X9.2
heady	F	F2
heal	B	B3
healed	B	B3
healer	B	B3/S2mf
healers	B	B3/S2mf
healing	B	B3
health	B	B2
health-food	F	F1/B2
health-shoe	B	B5
health-shoes	B	B5
health-wise	B	B2
healthcarer	B	B3/S2mf
healthier	B	B2
healthiest	B	B2
healthily	B	B2
healthy	B	B2
healthy-living	B	B2
healthy-looking	B	B2
heap	A	A1.1.1/N5
hear	X	X3.2
heard	X	X3.2
hearer	X	X3.2/S2mf
hearing	B	B1/X3.2
hearken	X	X3.2
hearsay	Q	Q2.1
hearse	L	L1-/M3fn
heart	B	B1
heart-beat	B	B1
heart-rate	B	B1
heart-rending	E	E4.1
heart-searching	X	X2.4/E1
heart-shaped	O	O4.4
heart-throb	S	S2.2/O4.2
heart-tormenting	E	E4.1
heart-warming	E	E4.1
heartache	E	E4.1
heartaches	E	E4.1
heartbeat	B	B1
heartbreak	E	E4.1
heartbreaking	E	E4.1
heartbroken	E	E4.1
heartburn	B	B2
hearted	E	E1
hearten	S	S8
heartened	E	E4.1
heartening	E	E6
heartfelt	A	A5.4
hearth	H	H5
heartily	A	A13.3
heartland	X	X2.1/M7
heartless	E	E3
heartstrings	E	E4.1
hearty	S	S1.2.1
heat	O	O4.6
heat-resistant	O	O4.1/O4.6
heat-sealed	A	A1.7+/O4.6
heat-transfer	Y	Y1/O4.6
heated	O	O4.6
heatedly	E	E3
heater	O	O4.6+/O3
heaters	O	O4.6+/O3
heathen	S	S9
heathery	L	L3
heathland	W	W3/L3
heating	O	O4.6
heatwave	W	W4
heave	M	M2
heave-ho	I	I3.1
heaved	M	M2
heaven	S	S9
heavenly	O	O4.2
heavily	A	A13.3
heavily-armed	G	G3
heaviness	N	N3.5
heaving	M	M2
heavy	N	N3.5
heavy-handed	S	S1.2.5
heavy-hitter	S	S7.1+/S2mf
heavyweight	K	K5.1/S2mf
heck	Z	Z4
heckle	Q	Q2.2
heckling	Q	Q2.2
hectarage	N	N3.6
hectare	N	N3.6
hectares	N	N3.6
hectic	A	A1.1.1
hedge	L	L3
hedged	L	L3
hedgehog	L	L2mfn
hedgerow	L	L3
hedges	L	L3
hedging	L	L3
hedonistic	E	E4.2
hee	Z	Z4
heed	X	X5.1
heedful	A	A1.3
heedfully	A	A1.3
heedless	A	A1.3
heel	B	B1
heeled	B	B5
heels	B	B5
heft	N	N3.2
hefty	N	N3.2
hegemonism	S	S7.1
hegemony	S	S7.1
height	N	N3.7
heighten	N	N5+/A2.1
heightened	N	N5+/A2.1
heinous	G	G2.2
heinously	G	G2.2
heir	S	S4mf
heir-apparent	N	N4/S7.1+/S4
heiress	S	S4mf
heirloom	O	O2/S4
heirs	S	S4mf
held	M	M2
heli-admin	M	M5/S7.1+c
heliball	L	L3
heliballs	L	L3
helicopter	M	M5
helium	O	O1.3
helix	O	O4.4
hell	S	S9
hellish	O	O4.2
hello	Z	Z4
helluva	A	A13.3
helm	M	M4
helmet	B	B5
helmets	B	B5
help	S	S8
helped	S	S8
helper	S	S8+/S2mf
helpers	S	S8+/S2mf
helpful	S	S8
helpful.co.uk	Z	Z3c
helpfully	S	S8
helpfulness	S	S8
helping	S	S8
helpless	S	S1.2.5
helplessly	S	S1.2.5
helplessness	S	S1.2.5
helpline	Q	Q1.3/S8
helps	S	S8
helter-skelter	A	A1.3
hem	B	B5
hemisphere	W	W3
hemline	B	B5/O2
hemming	B	B5
hemorrhage	B	B2
hemorrhaging	B	B2
hemorrhoid	B	B2
hemorrhoids	B	B2
hemp	L	L3
hen	L	L2fn
hence	A	A2.2
henceforth	T	T1.1.2/N4
henchman	G	G2.2-/S2.2m
henchmen	G	G2.2-/S2.2m
henna	L	L3
henpeck	Q	Q2.2
henpecked	E	E6
henpecking	Q	Q2.2
hepatic	B	B1
hepatitis	B	B2
her	Z	Z8f
heralds	Q	Q2.2/S2mf
herb	L	L3
herbaceous	L	L3
herbal	L	L3
herbalism	B	B3/L3
herbs	F	F1
herd	L	L2/N5
herdsman	F	F4/S2.2m
herdsmen	F	F4/S2mf
here	M	M6
hereabouts	M	M6
hereafter	T	T1.1.3
hereby	Z	Z5
hereditament	G	G2.1/A9+/S4
hereditary	A	A9+/S4
herein	M	M6
hereof	Z	Z5
heresy	X	X2.1
heretic	S	S9/S2mf
heretical	S	S9/A6.1
heretics	S	S9/S2mf
heretofore	N	N4
hereunto	M	M6
hereupon	N	N4
heritage	A	A9+/S1.1.1
hermaphrodite	S	S2n
hermit	S	S5-/S2mf
hernia	B	B2
hernias	B	B2
hero	Q	Q4.1/S2.2m
heroes	Q	Q4.1/S2.2m
heroic	E	E5
heroically	E	E5
heroin	F	F3
heroism	E	E5
herpes	B	B2
herringbone	O	O4.1
herron	L	L2mfn
hers	Z	Z8f
herself	Z	Z8f
hertz	N	N3.8
hesitance	A	A7
hesitancy	A	A7
hesitant	A	A7
hesitantly	A	A7
hesitate	A	A7
hesitated	A	A7
hesitation	A	A7
hessian	O	O1.1
het	O	O4.6
heterogeneous	A	A6.3
heterosexual	S	S3.2
heterosexuality	S	S3.2
heuristic	X	X2.4
hews	A	A1.1.1
hey	Z	Z4
heyday	X	X9.2+/T1.3
hhh	Z	Z4
hi	Z	Z4
hi-fi	K	K3
hi-tech	Y	Y2
hiatus	T	T2-/T1.3
hibernation	A	A1.1.1
hiccup	B	B1
hiccups	B	B1
hidden	A	A10
hide	M	M7/A10
hideaway	M	M7/A10
hideous	O	O4.2
hides	M	M7/A10
hiding	A	A10
hierarchal	S	S7.1
hierarchical	S	S7.1
hierarchy	S	S7.1
hieroglyphic	Q	Q1.2
higgledy-piggledy	M	M6
high	N	N3.7
high-art	C	C1
high-bay	H	H2
high-brow	P	P1/S2mf
high-class	A	A5.1
high-density	N	N5
high-dimensional	Y	Y2
high-end	I	I1.3
high-energy	X	X5.2
high-face	O	O4.1
high-flyer	X	X9.2+/S2mf
high-flyers	X	X9.2+/S2mf
high-flying	X	X9.2
high-frequency	N	N6
high-growth	N	N3.2+/A2.1
high-handed	S	S7.1
high-heeled	B	B5
high-heeler	B	B5
high-heelers	B	B5
high-interest	I	I1
high-level	M	M6
high-maintenance	I	I1.3
high-margin	I	I1.1
high-minded	G	G2.2
high-octane	O	O1.2
high-paying	I	I1.1
high-performance	A	A5.1
high-pitched	X	X3.2
high-potential	A	A7
high-powered	S	S7.1
high-pressure	N	N3.5
high-priced	I	I1.3
high-profile	A	A11.1
high-quality	A	A5.1
high-ranking	A	A11.1
high-rise	N	N3.7
high-risk	A	A15
high-school	P	P1
high-speed	N	N3.8
high-spirited	X	X5.2
high-stakes	A	A1.4
high-street	M	M3/H3/A11.1
high-strung	E	E6
high-sugar	N	N5.2
high-tar	O	O1/N5
high-tech	Y	Y1
high-technology	Y	Y1
high-traffic	M	M3
high-up	S	S7.1
high-visibility	X	X3.4
high-water	O	O4.1/O1.2
highbrow	X	X9.1
highchair	H	H5
highchairs	H	H5
higher	P	P1
higher-education	P	P1
higher-end	M	M6
higher-income	I	I1.1
higher-margin	I	I2.1
highest	N	N3.7
highest-earning	I	I1.1
highest-growth	N	N3.2+++/A2.1
highlands	M	M7
highlight	X	X5.1
highlighted	X	X5.1
highly	A	A13.3
highly-experienced	X	X2.2
highness	S	S7.1+/S2mf
highways	M	M3
hijack	G	G2.1
hijacked	G	G2.1
hijacker	G	G2.1-/S2mf
hijacking	G	G2.1
hike	M	M1
hiking	M	M1
hilarious	E	E4.1
hilariously	E	E4.1
hill	W	W3
hill-walk	K	K5.1
hill-walker	K	K5.1/S2mf
hill-walking	K	K5.1
hills	W	W3
hilly	W	W3
hilt	O	O2
him	Z	Z8m
him-	Z	Z8m
himself	Z	Z8m
hind	L	L2fn
hinder	S	S8
hinderance	S	S8
hindered	S	S8
hinderer	S	S8-/S2mf
hinderers	S	S8-/S2mf
hindering	S	S8
hinders	S	S8
hindmost	N	N4
hindrance	S	S8
hindsight	X	X2.5+/T4
hinged	A	A2.2
hint	Q	Q2.2
hinted	Q	Q2.2
hints	Q	Q2.2
hip	O	O4.2
hip-hop	K	K2
hippie	A	A6.2-/S2mf
hippies	A	A6.2-/S2mf
hippo	L	L2mfn
hippopotamus	L	L2
hippy	A	A6.2-/S2mf
hippy-ism	A	A6.2
hipster	B	B5
hire	I	I2.2
hired	I	I2.2
hiring	I	I2.2
his	Z	Z8m
hiss	X	X3.2
hisself	Z	Z8m
hissy	E	E3-/X3.2
histochemistry	B	B3
historian	P	P1/T1.1.1/S2mf
historic	T	T3
historical	T	T1.1.1
historically	T	T1.1.1
history	T	T1.1.1
hit	E	E3
hit-and-run	G	G2.1
hit-or-miss	A	A7
hitch	A	A12
hitch-hike	M	M3
hitch-hiked	M	M3
hitchhike	M	M3
hitchhiked	M	M3
hitchhiker	M	M3/S2mf
hitchhikers	M	M3/S2mf
hitchhiking	M	M3
hither	M	M6
hitherto	T	T1.1.1
hits	X	X9.2
hitters	S	S7.1+/S2mf
hitting	E	E3
hive	H	H1/L2
hived	A	A1.1.1
hiving	M	M2/I2.1
hiya	Z	Z4
hm	Z	Z4
hmm	Z	Z4
ho-hum	A	A6.2
hoard	N	N5
hoarder	A	A9+/S2mf
hoarders	A	A9+/S2mf
hoarding	O	O2
hoards	N	N5
hoax	A	A5.2
hob	O	O3
hobbie	K	K1
hobbies	K	K1
hobble	M	M1
hobbling	M	M1
hobby	K	K1
hobbyhorse	E	E2
hobbyist	K	K1/S2mf
hobbyists	K	K1/S2mf
hock	F	F2
hockey	K	K5.1
hocus	S	S9
hod-carrier	H	H1/S2mf
hoeing	A	A1.1.1/F4
hog	A	A9+/T1.3
hog-yard	H	H3/F4
hogs	L	L2mfn
hoi	S	S5+c
hoist	M	M2/N3.5
hoisted	M	M2
hoists	M	M2
hoity	S	S1.2.3
hold	A	A9
hold-up	G	G2.1
holdall	B	B5
holdalls	B	B5
holder	O	O2
holders	O	O2
holding	A	A9
hole	O	O2
holiday	K	K1/T1.3
holidayish	K	K1/T1.3
holidaymaker	K	K1/T1.3/S2mf
holidaymakers	K	K1/T1.3/S2mf
holidays	K	K1/T1.3
holiness	S	S9
holistic	N	N5.1
holler	X	X3.2
hollering	Q	Q2.2
hollow	O	O4.1
hollow-eyed	O	O4.1
hollowness	N	N5.1
holocaust	E	E3
hologram	Y	Y2
holster	O	O2/G3
holy	S	S9
homage	S	S7.2
home	H	H4
home-base	H	H4
home-financing	I	I1.2
home-grown	F	F4
home-lover	H	H4/E2
home-made	O	O4.1
home-owner	H	H4/A9+/S2mf
home-tapping	F	F2
homebird	H	H4/S2mf
homebound	M	M1
homebuilders	H	H1/S2mf
homegrown	F	F4
homeland	M	M7
homeless	H	H4
homelessness	H	H4-/S2c
homely	O	O4.1
homemade	O	O4.1
homemaking	H	H4/A1.1.1
homeopath	B	B3/S2mf
homeopathic	B	B3
homeopathy	B	B3
homesick	E	E4.1
homestyle	H	H4
homeward	M	M1
homewards	M	M1
homework	P	P1
homey	O	O4.1
homicidal	A	A15
homicide	L	L1-/G2.1
homily	Q	Q2.1
homo	S	S3.2/S2.2m
homoeopathy	B	B3
homogeneity	A	A6.1
homogeneous	A	A6.1
homogenise	A	A1.1.1
homogenised	O	O4.1
homogenize	A	A1.1.1
homogenous	A	A6.1
homophobic	E	E2-/S3.2
homos	S	S3.2/S2.2m
homosexual	S	S3.2/S2mf
homosexuality	S	S3.2
honan	Z	Z2
honcho	S	S7.1+/S2mf
honchos	S	S7.1+/S2mf
hone	A	A1.1.1
honed	A	A1.1.1
honest	A	A5.2
honestly	Z	Z4
honesty	A	A5.2
honey	F	F1
honey-coloured	O	O4.3
honeycomb	H	H1/L2
honeyed	F	F1
honeymoon	K	K1/S4
honeysuckle	L	L3
honk	X	X3.2
honorarium	I	I1.1
honorary	S	S7.2
honour	G	G2.2
honourable	G	G2.2
honourably	G	G2.2
honoured	S	S7.2
honours	G	G2.2
hoo	Z	Z4
hoo-hoo	Z	Z4
hood	B	B5
hooded	B	B5
hoodwink	A	A5.2
hoodwinked	G	G2.2
hoof	L	L2
hook	O	O2
hook-up	A	A2.2
hooked	O	O4.4
hoola	K	K1
hooligan	G	G2.1-/S2mf
hooliganism	G	G2.1
hoop	O	O2
hoop-jumping	K	K5.1
hoopsters	K	K5.1/S2mf
hoorah	Z	Z4
hooray	Z	Z4
hoot	X	X3.2
hooter	O	O2/X3.2
hoots	X	X3.2
hoovering	B	B4
hooves	L	L2
hop	M	M1
hope	X	X2.6
hopeful	X	X2.6
hopefully	X	X2.6
hopeless	X	X2.6
hopelessly	X	X2.6
hopelessness	X	X2.6
hoping	X	X7
hopping	K	K1
hoppings	K	K1
hops	M	M1
horde	S	S5+c
horizontal	O	O4.4
horizontally	O	O4.4
hormonal	B	B1
hormone	B	B1
horn	O	O2/X3.2
hornet	L	L2mfn
hornpipe	K	K1
horns	L	L2
horoscope	S	S9/T1.1.3
horrendous	A	A5.1
horrendously	A	A13.3
horrible	O	O4.2
horribly	O	O4.2
horrid	O	O4.2
horrific	O	O4.2
horrified	E	E5
horrifies	E	E5
horrify	E	E5
horrifying	E	E5
horror	E	E5
horroristic	O	O4.2
horse	L	L2mfn
horse-drawn	M	M3/L2
horse-racing	K	K5.1
horse-rider	K	K5.1/S2mf
horse-riding	K	K5.1/L2
horseback	M	M3
horseman	K	K5.1/S2.2m
horsemanship	K	K5.1
horsemen	K	K5.1/S2.2m
horsepower	M	M3/N3.1
horseracing	K	K5.1
horseride	K	K5.1/L2
horseriding	K	K5.1/L2
horsey	L	L2
horsy	L	L2/E2
horticultural	F	F4
horticulturally	F	F4
horticulture	F	F4
hose	O	O2
hosepipe	O	O2
hosiery	B	B5
hosp	B	B3/H1c
hospice	B	B3/H1c
hospitable	S	S1.2.1
hospital	B	B3/H1c
hospitalisation	B	B3
hospitalise	B	B3
hospitalised	B	B3
hospitality	S	S1.2.1
host	S	S1.1.1
hostage	A	A1.7+/S2mf
hostages	A	A1.7+/S2mf
hostel	H	H4/H1
hosteling	H	H4
hostelling	H	H4
hostess	M	M5/S2.1f
hostesses	M	M5/S2.1f
hostile	S	S1.2.1
hostility	S	S1.2.1
hot	O	O4.6
hot-dog	F	F1
hot-selling	I	I2.2
hot-water	O	O1.2/O4.6
hotbed	M	M7/X5.2+/Z6
hotchpotch	X	X7-/O2
hotel	H	H4/H1
hotel-like	H	H4/H1
hotelier	H	H4/S2mf
hoteliers	H	H4/S2mf
hotfoot	N	N3.8
hothouse	F	F4/H1
hotline	Q	Q1.3
hotly	E	E3
hotspot	M	M7/G3/A15
hottish	O	O4.6
hou-lan	Z	Z1
hound	L	L2mfn
hounding	E	E6
hour	T	T1.3
hour-by-hour	T	T1.1.2
hourly	N	N6
hours	T	T1.3
house	H	H1
house-building	A	A1.1.1/H1
house-proud	E	E4.2+/H1
house-sit	H	H1/S8
house-sitting	H	H1/S8
house-woman	S	S2.1/H1f
houseboat	H	H1/M4fn
housebound	H	H1/A1.7
houseboy	B	B4/I3.1/S2.2m
housebuilding	A	A1.1.1/H1
housebuyer	H	H1/S2mf
household	S	S4c
household-stuff	S	S4c
householder	H	H1/S2mf
householders	H	H1/S2mf
houseish	H	H1
housekeep	H	H4
housekeeper	B	B4/S2mf
housekeeping	H	H4
housemaid	I	I3.1/B4/S2.1f
housemaster	P	P1/S2.2m
housemen	B	B3/S2mf
houseroom	N	N3.6
housetop	H	H2
housetops	H	H2
housetrain	L	L2/P1
housetrained	L	L2/P1
housewares	H	H5
housewife	S	S2.1/H1f
housewifey	H	H4/S2.1
housewives	S	S2.1/H1f
housework	A	A1.1.1/H1
housing	H	H1
hover	M	M1
hovering	M	M1
how	Z	Z5
however	Z	Z4
howl	E	E4.1
howled	Q	Q2.2
howling	E	E4.1
howls	X	X3.2
howsoever	Z	Z4
hu	Z	Z4
huang	Z	Z1
hub	O	O2
hubbub	A	A1.1.1/N5
hubby	S	S4m
hubbys	S	S4/S2.2m
hubris	S	S1.2.3
hubristic	S	S1.2.3
huddle	S	S5+c
huddled	M	M8
hue	O	O4.3
huff	E	E4.2
hug	S	S3.2
huge	N	N3.2
hugely	A	A13.3
huggable	S	S3.2/X3.3
hugging	S	S3.2
hula	K	K1
hulk	M	M4
hulking	N	N3.2
hullabaloo	E	E3
hulled	F	F4/A1.1.1
hum	Z	Z4
human	S	S2
humane	G	G2.2
humanely	G	G2.2
humanism	S	S9
humanist	S	S9/S2mf
humanistic	S	S2
humanitarian	S	S8
humanitarians	S	S1.2.3-/S2mf
humanities	P	P1
humanity	S	S1.2.1
humanly	S	S2
humble	S	S7.1
humbleness	S	S1.2.3
humbling	S	S1.2.3-/A2.2
humbly	S	S.1.2.3
humbug	F	F1
humdrum	A	A6.2
humerus	B	B1
humid	W	W4
humidifier	O	O3/O1.2
humidifiers	O	O3/O1.2
humidity	O	O1.2
humiliate	S	S7.2
humiliated	S	S7.2
humiliating	S	S7.2
humiliatingly	S	S7.2
humiliation	S	S7.2
humility	S	S1.2.3
humm	Z	Z4
hummed	K	K2
hummingbird	L	L2
hummy	K	K2
humor	E	E4.1
humorous	E	E4.1
humorously	E	E4.1
humour	E	E4.1
humoured	E	E4.2
humourous	E	E4.1
humours	E	E4.2
hump	O	O4.4
humungus	L	L3
hun	Z	Z2/S2mfc
hunan	Z	Z2
hunch	X	X4.1
hunched	O	O4.2
hundred	N	N1
hundred-fold	N	N5
hundreds	N	N5
hundredweight	N	N3.5
hung	M	M1
hunger	F	F1-/B1
hunger-related	F	F1-/B1
hungry	F	F1-/B1
hunk	O	O2
hunker	A	A10
hunky	S	S2.2/O4.2
hunting	X	X2.4
huntress	K	K5.1/S2.1f
hurdle	K	K5.1
hurdler	K	K5.1/S2mf
hurl	M	M2
hurled	M	M2
hurly-burly	E	E3
hurricane	W	W4
hurried	N	N3.8
hurriedly	N	N3.8
hurry	N	N3.8
hurt	B	B2
hurtful	E	E4.1
hurting	E	E3
hurtle	N	N3.8
husband	S	S4m
husband-and-wife	S	S4
husbandry	F	F4
husbands	A	A1.5.1/A1.3
hush	X	X3.2
hushed	X	X3.2
hussle	M	M1
hustle	A	A1.1.1
hut	H	H1
hutch	L	L2/O2
hyacinth	L	L3
hyacinths	L	L3
hybrid	A	A2.1
hydrangea	L	L3
hydraulic	O	O2
hydraulics	O	O2
hydrocephalous	B	B2
hydrocephalus	B	B2
hydrochloric	O	O1.2
hydrochloride	O	O1
hydrofoil	M	M4
hydrogen	O	O1.3
hydrogenomics	Y	Y1/B1
hydrophilic	O	O4.1/O1.2
hydrophobic	O	O4.1/O1.2
hydroschopic	O	O4.1
hydrostatic	O	O4.1
hygiene	B	B4
hygienic	O	O4.2
hygienically	B	B4/O4.2
hygienist	B	B3/S2mf
hymen	B	B1
hymn	S	S9/K2
hyped	Q	Q2.2/I2.2
hyper	N	N5.2
hyper-active	A	A1.1.1/N5.2
hyper-growth	N	N3.2+++/A2.1
hyper-inflation	I	I1.3
hyperactive	A	A1.1.1/N5.2
hyperactivity	A	A1.1.1/N5.2
hyperlink	Y	Y2
hyperlinks	Y	Y2
hypermania	B	B2-/X1
hypermarket	I	I2.2/H1c
hypersensitive	E	E6
hypertext	Y	Y2
hyphen	Q	Q1.2
hyphenated	Q	Q1.2
hypnosis	X	X2
hypnotherapy	B	B3
hypnotic	X	X2
hypnotise	X	X2
hypnotism	X	X2
hypnotist	X	X2/S2mf
hypnotists	X	X2/S2mf
hypo	B	B2
hypo-allergenic	B	B3
hypochondriac	B	B2-/S2mf
hypocrisy	A	A6.1-/X2.1
hypocrite	A	A6.1-/X2.1mf
hypocrites	A	A6.1-/X2.1mf
hypocritical	A	A6.1-/X2.1
hypodermic	B	B3
hypoglycemia	B	B2
hypothermia	B	B2
hypothesis	X	X4.1
hypothesise	X	X4.1
hypothesize	X	X4.1
hypothesizing	X	X4.1
hypothetical	X	X4.1
hypothetically	X	X4.1
hysterectomy	B	B3
hysteria	E	E1/A1.7
hysterical	E	E1
hysterically	E	E3
hysterics	B	B2-/X1c
i-mode	Z	Z3c
i-ching	Z	Z1
i.e.	A	A4.1
imac	Y	Y2
ibid	Z	Z5/Q1.2
ice	O	O1.1
ice-cap	W	W3
ice-climbing	K	K5.1
ice-cold	O	O4.6
ice-cream	F	F1
ice-rink	M	M7/K5.1
ice-skating	K	K5.1
iced	O	O4.6
icelander	Z	Z2/S2mf
icily	O	O4.6
icing	F	F1
iconic	A	A11.1
iconoclastic	A	A6.2-/Q2.2
iconography	Q	Q1.1
icons	C	C1/S9
icy	O	O4.6
id	X	X2
idea	X	X4.1
ideal	A	A5.1
idealise	A	A5.1+++/X4.1
idealised	A	A5.1+++/X4.1
idealism	X	X4.1/A5.1
idealist	X	X2.1/A5.1+++/S2mf
idealistic	X	X2.1/A5.1
idealistically	X	X2.1/A5.1
idealization	A	A5.1+++/X4.1
idealize	A	A5.1+++/X4.1
idealized	A	A5.1+++/X4.1
ideally	A	A5.1
ideas	X	X4.1
identical	A	A6.1
identically	A	A6.1
identifiable	X	X2.2
identification	X	X2.2
identified	X	X2.2
identify	X	X2.2
identifying	X	X2.2
identity	S	S2
ideological	X	X4.1
ideologically	X	X4.1
ideologies	X	X4.1
ideologist	X	X4.1/S2mf
ideology	X	X4.1
ides	T	T1.3
idiocy	S	S1.2.6
idiom	Q	Q3
idioms	Q	Q3
idiosyncrasy	A	A6.2
idiosyncratic	A	A6.2
idiot	X	X9.1-/S2mf
idiot-proof	A	A15
idiotic	S	S1.2.6
idiots	X	X9.1-/S2mf
idle	A	A1.5.1
idleness	A	A1.5.1
idly	X	X5.2
idol	S	S7.2+/S2mf
idolise	S	S7.2
idols	S	S7.2+/S2mf
idyll	O	O4.2+/M7
idyllic	O	O4.2
ie	Z	Z5
if	Z	Z7
iffy	A	A7
ifs	Z	Z7
igloo	H	H1
igneous	W	W1
ignite	O	O4.6
ignited	O	O4.6
igniting	O	O4.6
ignition	O	O3
ignoble	A	A5.1
ignobly	G	G2.2
ignominious	G	G2.2
ignorance	X	X9.1
ignorant	X	X9.1
ignore	X	X5.1
ignored	X	X5.1
ignoring	X	X5.1
ikat	C	C1
ileostomy	B	B3
ilgob	N	N1
ilk	A	A4.1
ill	B	B2
ill-advised	S	S8
ill-affected	S	S1.2.1
ill-at-ease	E	E6
ill-bred	S	S1.2.4
ill-conceived	X	X7
ill-defined	A	A7
ill-disposed	S	S1.2.1
ill-educated	P	P1
ill-effects	A	A2.2/A5.1
ill-equipped	A	A9
ill-fated	X	X9.2-/S7.1
ill-fitting	B	B5/A1.2
ill-gotten	A	A9+/A5.1
ill-health	B	B2
ill-judged	S	S1.2.6
ill-suited	A	A1.2
ill-tempered	E	E3
ill-timed	T	T1.2/A1.2
ill-treat	E	E3
ill-treated	E	E3
ill-treatment	E	E3
ill-will	E	E2
ill-willer	S	S1.2.1-/S2mf
ill-willers	S	S1.2.1-/S2mf
illegal	G	G2.1
illegality	G	G2.1
illegally	G	G2.1
illegitimate	S	S4
illicit	G	G2.1
illiquid	I	I1
illiquidity	I	I1
illiteracy	Q	Q3
illiterate	Q	Q3
illness	B	B2
illogical	S	S1.2.6
illuminate	W	W2
illuminated	O	O3/W2
illuminating	A	A7
illumination	W	W2
illuminations	O	O4.3/O3/W2
illusion	A	A5.2
illustrate	A	A4.1
illustrated	A	A4.1
illustrating	A	A10
illustration	A	A4.1
illustrative	A	A10
illustrator	C	C1/S2mf
illustrious	O	O4.2
image	O	O4.1
image-building	A	A8
image-conscious	O	O4.2
image-maker	C	C1/S2mf
image-wise	A	A8
imager	Y	Y1
imagers	Y	Y1
imagery	X	X2.1
imagey	A	A8
imaginable	X	X2.1
imaginary	A	A5.2
imagination	X	X2.1/A6.2
imaginative	X	X2.1/A6.2
imaginatively	X	X2.1/A6.2
imagine	X	X2.1
imagined	X	X2.1
imaging	C	C1/Y2
imagining	X	X2.1
imam	S	S9/S7.1+/S2.2m
imbalance	A	A6.1
imbalanced	A	A6.1
imbed	A	A1.8
imbedded	A	A1.8
imbue	N	N5.1
imitate	A	A6.1
imitated	A	A6.1
imitation	A	A6.1
immaculate	O	O4.2
immaculately	O	O4.2
immanent	A	A3
immaterial	A	A11.1
immature	S	S1.2
immeasurable	N	N3.1
immediacy	A	A11.1
immediate	N	N3.8
immediately	Z	Z5/N3.8
immemorial	T	T1.1.1
immense	N	N3.2
immensely	A	A13.3
immerse	M	M2
immersed	M	M2
immersion	X	X5.2
immigrant	M	M1/M7/S2mf
immigrants	M	M1/M7/S2mf
immigrate	M	M1/M7
immigration	M	M1/M7
imminent	T	T1.1.3
imminently	T	T1.1.3
immobile	M	M8
immobilise	M	M8
immobilised	M	M8
immobiliser	M	M8
immobility	M	M8
immodest	S	S1.2.3
immoral	G	G2.2
immorality	G	G2.2
immortal	L	L1+/T2
immortality	L	L1+/T2
immortalize	L	L1+/T2
immortalized	L	L1+/T2
immovable	M	M8
immune	B	B2
immunise	B	B3
immunises	B	B3
immunity	B	B2
immunization	B	B3
immunize	B	B3
immunizes	B	B3
immuno	B	B1
immunology	Y	Y1/B1
immure	A	A1.7
immured	A	A1.7
immutable	A	A2.1
impact	A	A2.2
impacted	B	B1
impair	S	S8
impaired	S	S8
impairment	B	B2
impart	A	A9
impartial	G	G2.2+/E2
impartiality	G	G2.2+/E2
impartially	G	G2.2+/E2
impasse	A	A12
impassioned	X	X5.2
impassive	E	E1
impassively	E	E1
impatience	X	X5.2
impatient	X	X5.2+/S1.2
impatiently	X	X5.2
impeach	G	G2.1
impeached	G	G2.1
impeachment	G	G2.1
impeccable	A	A5.1
impecunious	I	I1.1
impede	S	S8
impeded	S	S8
impediment	A	A12
impel	S	S6
impelled	S	S6
impending	T	T1.1.3
imperative	A	A11.1
imperceptible	X	X3.4
imperceptibly	X	X3.4
imperfect	O	O4.2
imperfection	O	O4.2
imperfections	O	O4.2
imperfectly	O	O4.2
imperialism	G	G1.1/X2.1
imperialist	G	G1.1/S2mf
imperialists	G	G1.1/S2mf
imperious	S	S1.2.3
imperiously	S	S1.2.3
imperishable	A	A1.1.2
impersonal	S	S1.2.1
impersonally	S	S1.2.1
impersonation	A	A5.4-/A8
impersonations	A	A5.4-/A8
impersonator	K	K1/S2mf
impersonators	K	K1/S2mf
impertinence	S	S1.2.4
impertinent	S	S1.2.4
impetuous	A	A1.3
impetus	A	A2.2
impinge	X	X7
impinges	X	X7
impinging	X	X7
impious	S	S9/S7.2
implacable	S	S7.1
implant	B	B3
implausible	A	A5.2
implement	O	O2
implementation	A	A1.1.1
implemented	A	A1.1.1
implementing	A	A1.1.1
implication	A	A2.2
implicit	A	A10
implicitly	A	A10
implied	Q	Q1.1
implies	Q	Q1.1
implode	A	A1.1.2
implore	Q	Q2.2
imploring	X	X7+/Q2.2
imply	Q	Q1.1
implying	Q	Q1.1
impolite	S	S1.2.4
import	I	I2.2/M2
import-beer	F	F2
importance	A	A11.1
important	A	A11.1
importantly	A	A11.1
importation	I	I2.2/M2
imported	M	M2/M7
importer	I	I2.2/S2mf
importers	I	I2.2/S2mf
importexport	I	I2.2/M2
importing	I	I2.2/M2
imports	I	I2.2/M2
importune	G	G2.2
importunity	A	A11.1
impose	S	S6
imposed	S	S6
imposing	O	O4.2
imposition	S	S6
impossibility	A	A7
impossible	A	A7
impossibly	A	A7
impotent	S	S7.1
impound	A	A1.7
impoverish	I	I1.1
impoverished	I	I1.1
impoverishing	I	I1.1
impoverishment	I	I1.1
impracticable	A	A7
impractical	A	A1.6
imprecise	A	A4.2
imprecision	A	A4.2
impregnable	A	A15
impregnate	N	N5.1
impress	X	X5.2
impressed	X	X5.2
impression	X	X2.1
impressionable	S	S1.2.5
impressionist	C	C1
impressionistic	C	C1
impressive	O	O4.2
impressively	O	O4.2
imprint	Q	Q4.1
imprison	G	G2.1
imprisoned	G	G2.1
imprisonment	G	G2.1
improbable	A	A7
impromptu	N	N3.8
improper	G	G2.2
improperly	G	G2.2
improve	A	A5.1+/A2.1
improved	A	A5.1+/A2.1
improvement	A	A5.1+/A2.1
improvements	A	A5.1+/A2.1
improvident	A	A1.3
improving	A	A5.1+/A2.1
improvisation	A	A1.4
improvise	A	A1.4
imprudent	A	A1.3
impudence	S	S1.2.4
impudently	S	S1.2.4
impulse-buying	I	I2.2/X7
impulsive	A	A1.3
impulsively	A	A1.3
impunity	A	A1.9/G2.1
impure	A	A5.4
impurities	O	O1
impurity	O	O1
impute	A	A2.2
in	Z	Z5
in-between	Z	Z5
in-boxes	Q	Q1.3/Y2
in-built	A	A6.2
in-car	M	M3
in-class	P	P1
in-company	I	I2.1/S5+c
in-country	M	M6
in-crowd	S	S5+c
in-depth	A	A4.2
in-fighting	S	S8-/S5
in-flight	M	M5
in-flows	M	M1/I1.1
in-house	S	S5
in-kind	A	A6.1
in-law	S	S4mf
in-laws	S	S4
in-line	Q	Q1.2
in-orbit	M	M1/W1
in-patient	B	B2-/S2mf
in-place	M	M6
in-put	Y	Y2
in-putting	Y	Y2
in-service	I	I3.2
in-sock	B	B5
in-store	S	S5
in-tune	A	A6.1
in-your-face	X	X7
in.	N	N3.7
inability	X	X9.1
inaccessible	M	M6
inaccuracies	A	A5.3
inaccuracy	A	A5.3
inaccurate	A	A5.3
inaccurately	A	A5.3
inaction	A	A2.1
inactive	A	A1.1.1
inactivity	A	A1.1.1
inadequacy	N	N5
inadequate	N	N5
inadequately	N	N5
inadmissible	S	S7.4
inadvertently	A	A1.4
inane	S	S1.2.6
inanely	S	S1.2.6
inanimate	L	L1
inapplicable	A	A1.5.2
inappropriate	A	A1.2
inappropriately	A	A1.2
inarticulate	Q	Q3
inasmuch	Z	Z5
inattention	X	X5.1
inaudible	X	X3.2
inaugural	P	P1
inaugurate	T	T2
inaugurated	T	T2
inauguration	T	T2
inauspicious	A	A5.1
inbetween	N	N5
inbox	Q	Q1.3/Y2
inbox-busting	Q	Q1.3/Y2/A1.1.2
inbred	A	A1.8
inbuilt	A	A6.2
incandescent	O	O4.2
incantation	Q	Q2.2/S9
incantations	Q	Q2.2/S9
incapable	X	X9.1
incapacitate	S	S1.2.5
incapacitated	B	B2
incarceration	G	G2.1
incarnate	S	S9
incarnation	S	S9
incarnations	S	S9
incendiary	G	G3
incense	O	O1.1
incensed	E	E3
incent	X	X5.2
incented	A	A2.2
incentive	X	X5.2
incentivised	X	X5.2
inception	T	T2
incessant	T	T2
incessantly	T	T2
incest	G	G2.1-/S3.2
incestuous	G	G2.1-/S3.2
inch	N	N3.7
incidence	N	N6
incident	A	A1.4
incidental	A	A11.1
incidentally	Z	Z4
incidently	A	A1.4
incinerator	O	O2/O4.6
incipient	T	T2
incision	B	B3
incisive	X	X2.5
incisor	B	B1
incisors	B	B1
incite	A	A2.2
incivility	S	S1.2.4
incl.	A	A1.8
inclement	W	W4
inclination	X	X7
inclinations	X	X7
incline	O	O4.4
inclined	X	X7
include	A	A1.8
included	A	A1.8
including	A	A1.8
inclusion	A	A1.8
inclusive	A	A1.8
incognito	A	A10
incoherence	A	A7
incoherent	A	A7
incoherently	A	A7
income	I	I1.1
income-generating	I	I1.1
incomer	M	M1/S2mf
incomers	M	M1/S2mf
incoming	M	M1
incommunicado	Q	Q2.1
incommunicando	S	S7.4-/Q2.2
incomparable	A	A6.1
incompatibility	A	A6.1
incompatible	A	A6.1
incompetence	X	X9.1
incompetent	X	X9.1
incomplete	N	N5.1
incomprehensible	X	X2.5
inconceivable	A	A5.2-/A8
inconclusive	A	A7
incongruence	A	A6.1
incongruent	A	A6.1
incongruous	A	A1.2
inconsequential	A	A11.1
inconsiderable	N	N5
inconsiderate	S	S1.2.3
inconsistency	A	A6.1
inconsistent	A	A6.1
inconsolable	E	E4.1
inconspicuous	X	X5.1
inconspicuously	A	A10
incontestable	A	A7
incontinence	B	B2
incontinent	B	B2
incontrovertible	A	A7
inconvenience	A	A12
inconveniences	A	A2.2/A12
inconvenient	A	A12
inconveniently	A	A12
incorporate	A	A1.8
incorporated	A	A1.8
incorporating	A	A1.8
incorporation	A	A1.8
incorrect	A	A5.3
incorrectable	A	A5.1-/A2.1
incorrectly	A	A5.3
incorrigible	A	A2.1
increase	N	N5+/A2.1
increased	N	N5+/A2.1
increasing	N	N5+/A2.1
increasingly	A	A13.3
incredible	A	A6.2
incredibly	A	A13.3
incredulity	X	X2.1
incredulous	X	X2.1
incredulously	X	X2.1
increment	N	N5+/A2.1
incremental	N	N5+/A2.1
incrementally	N	N5+/A2.1
increments	N	N5+/A2.1
incriminate	G	G2.1
incriminating	G	G2.1
incubation	O	O4.6
incubator	S	S8
incubators	S	S8
inculcate	P	P1
incumbent	S	S9/S2mf
incur	A	A2.2
incurable	B	B2
incurred	A	A2.2
incursion	M	M1/E2
incursions	G	G3
indebted	S	S1.2.4
indecency	S	S1.2.4
indecent	G	G2.2
indecently	S	S1.2.4
indecipherable	X	X2.5-/Q1.1
indecision	A	A7
indecisive	A	A7
indecisiveness	X	X6
indeed	A	A13.3
indefatigable	X	X5.2
indefensible	A	A5.1
indefinable	A	A7
indefinite	A	A7
indefinitely	T	T2
indelible	O	O4.1
indemnified	I	I2.1
indemnify	I	I2.1
indemnifying	I	I2.1
indemnity	I	I1/A15
indentation	Q	Q1.2
indenture	I	I3.1
indentured	I	I3.1
independant	S	S5
independence	S	S5
independent-minded	S	S5
independently	S	S5
indepth	A	A4.2
indescribable	A	A7
indestructible	O	O4.1
indeterminable	A	A7
indeterminate	A	A7
index	Q	Q4.1
index-link	I	I1.3
index-linked	I	I1.3
indexed	Q	Q4.1
indexing	Q	Q4.1
indicate	A	A10
indicates	A	A10
indication	A	A10
indicative	A	A10
indicator	A	A10
indicators	A	A10
indict	G	G2.1
indictable	G	G2.1
indicted	G	G2.1
indictment	Q	Q2.2
indie	K	K2
indifference	X	X5.2
indifferent	X	X5.2
indifferently	X	X5.2
indigenous	M	M7
indigestion	B	B2
indignant	E	E3
indignantly	E	E3
indignation	E	E3
indignity	S	S7.2
indigo	O	O4.3
indirect	A	A10
indirectly	A	A10
indiscipline	A	A1.7
indiscreet	S	S1.2.6
indiscretions	S	S1.2.6
indiscriminate	A	A4.2
indiscriminately	A	A4.2
indispensable	A	A11.1
indisposed	B	B2
indisputable	A	A5.2
indistinct	A	A11.2
indistinguishable	A	A6.1
individual	N	N5
individualised	S	S5
individualism	S	S5
individualist	S	S5-/S2mf
individualistic	S	S5
individualists	S	S5-/S2mf
individuality	S	S5
individualize	A	A4.2
individualized	A	A4.2
individually	N	N5
indivisible	N	N5.1
indoctrinate	P	P1
indoctrinated	P	P1
indoctrinating	P	P1
indoctrination	P	P1
indoor	H	H2
indoors	H	H2
indubitable	A	A7
induce	A	A2.2
induced	A	A2.2
inducement	Q	Q2.2
inducing	A	A2.2
induct	S	S9/T2
inducted	S	S9/T2
induction	X	X2.1
indulge	E	E2
indulged	E	E2
indulgence	S	S7.4
indulgent	S	S7.4
indulging	E	E2
industrial	I	I4
industrial-related	I	I4
industrialisation	I	I4
industrialise	I	I4
industrialised	I	I4
industrialist	I	I4/S2mf
industrialization	I	I4
industries	I	I4
industrious	X	X5.2+/S1.2
industriously	X	X5.2
industry	I	I4c
industry-creating	I	I2.1
industry-wide	I	I4
inebriate	F	F2
inebriated	F	F2
inebriating	F	F2
inebriation	F	F2
ineffective	A	A1.5.2
ineffectively	A	A1.5.2
ineffectiveness	A	A1.5.2
ineffectual	X	X9.2
inefficiency	X	X9.1-/I3.2
inefficient	X	X9.1-/I3.2
inefficiently	X	X9.1-/I3.2
inelegant	O	O4.2
ineligible	A	A1.2
inept	X	X9.1
ineptitude	X	X9.1
inequalities	A	A6.1
inequality	A	A6.1
inequitable	G	G2.2
inert	O	O4.1
inertia	M	M8
inescapable	A	A1.9
inessential	S	S6
inestimable	N	N3.1
inevitability	A	A7
inevitable	A	A7
inevitably	A	A7
inexhaustible	T	T2
inexorable	T	T2
inexorably	T	T2
inexpensive	I	I1.3
inexpensively	I	I1.3
inexperience	X	X2.2
inexperienced	X	X2.2
inexplicable	X	X2.5
inexpressible	A	A7
inextricable	A	A1.7
inextricably	A	A1.7
inf	Z	Z3c
infallibility	A	A5.3
infallible	A	A5.3
infamous	X	X2.2+/G2.2
infamously	X	X2.2+/G2.2
infamy	G	G2.2-/A11.1
infancy	T	T3
infant	T	T3--/S2mf
infantile	T	T3-/S2mf
infantry	G	G3c
infantry-carrier	G	G3/M2
infantry-carriers	G	G3/M2
infants	T	T3--/S2mf
infarction	B	B2
infatuated	X	X5.2+/N5.2
infatuation	X	X5.2+/N5.2
infect	B	B2
infected	B	B2
infection	B	B2
infectious	B	B2
infects	B	B2
infer	X	X2.5
inferably	X	X2.5
inference	X	X2.5
inferior	S	S7.1
inferiority	A	A5.1
inferred	X	X2.5
infertile	B	B2-/S4
infertility	B	B2-/S4
infest	B	B4
infestation	N	N5
infested	N	N5
infighting	S	S8-/S5
infill	N	N5.1
infiltrate	M	M1/A10
infiltrated	M	M1/A10
infiltration	M	M1/A10
infiltrator	M	M1/A10-/S2mf
infiltrators	M	M1/A10-/S2mff
infinite	T	T2
infinitely	A	A13.2
infinitesimal	N	N3.2
infinitesimally	N	N3.2
infinitive	Q	Q3
infinitives	Q	Q3
infinity	T	T2
infirm	B	B2
infirmity	B	B2
inflame	E	E3
inflamed	B	B2
inflaming	E	E3
inflammable	O	O4.6+/A15
inflammation	B	B2
inflammatory	B	B2
inflatable	O	O4.1
inflate	N	N3.4
inflated	N	N3.4
inflation	I	I1.3
inflationary	I	I1.3
inflators	O	O2/N3.4
inflect	Q	Q3
inflected	Q	Q3
inflecting	Q	Q3
inflection	Q	Q3
inflections	Q	Q3
inflexibility	A	A2.1
inflexible	A	A2.1
inflict	A	A2.2/E4.1
inflicting	A	A2.2/E4.1
infliction	A	A2.2/E4.1
inflow	M	M1/I1.1
influence	S	S7.1
influenced	A	A2.2
influencers	A	A2.2/S2mf
influencing	A	A2.2
influential	S	S7.1
influenza	B	B2
influx	M	M1
info	X	X2.2
infographic	Q	Q1.1
infographics	Q	Q1.1
inform	X	X2.2
informal	S	S1.2.1
informality	S	S1.2.1
informally	S	S1.2.1
informant	X	X2.2/S2mf
informants	X	X2.2/S2mf
informatician	Y	Y2/X2.2/S2mf
informaticians	Y	Y2/X2.2/S2mf
informatics	Y	Y2/X2.2
information	X	X2.2
informative	X	X2.2/X2.4
informed	X	X2.2
informer	G	G2.1/S2mf
informing	X	X2.2
informs	X	X2.2
infra	M	M6
infra-red	Y	Y1/O4.3
infrared	Y	Y1/O4.3
infrastructural	I	I2.1/S8
infrastructure	I	I2.1/S8
infrequent	N	N6
infrequently	N	N6
infringe	G	G2.1
infringement	G	G2.1
infringing	G	G2.1
infuriate	E	E3
infuriated	E	E3
infuriating	E	E3
infuse	A	A1.1.1
infusion	F	F2
ingenious	X	X9.1+/A6.2
ingeniously	X	X9.1+/A6.2
ingenuity	X	X9.1+/A6.2
ingenuously	A	A5.2
ingestion	B	B1/F1
ingot	O	O2
ingots	O	O2
ingrain	A	A1.8
ingrained	A	A1.8
ingratiated	S	S7.1
ingratiating	S	S7.1
ingratitude	S	S1.2.3
ingredient	A	A1.8
ingredients	O	O1
ingress	M	M1
ingrowing	N	N3.2+/M6
ingrowth	B	B2
inhabit	H	H4
inhabitant	H	H4/S2mf
inhabitants	H	H4/S2mf
inhabited	H	H4
inhalation	B	B1
inhale	B	B1
inhaler	B	B3
inhalers	B	B3
inhales	B	B1
inhaling	B	B1
inherent	A	A6.2
inherently	A	A6.2
inherit	A	A9+/S4
inheritance	A	A9+/S4
inherited	A	A9+/S4
inhibit	S	S8
inhibited	E	E5
inhibition	E	E5
inhibitions	E	E5
inhibitor	S	S8
inhospitable	O	O4.2
inhuman	G	G2.2
inhumane	G	G2.2
inhumanity	G	G2.2
inimitable	A	A6.1
iniquitous	G	G2.2
iniquity	G	G2.2
initial	T	T2
initially	N	N4
initiate	T	T2
initiated	T	T2
initiation	S	S1.1.1
initiative	A	A1.1.1
initiatives	A	A1.1.1
inject	B	B3
injectable	B	B3
injected	B	B3
injecting	B	B3
injection	B	B3
injoined	Q	Q2.2
injudicious	S	S1.2.6
injunction	G	G2.1
injunctions	G	G2.1
injure	B	B2
injured	B	B2
injuries	B	B2
injuring	B	B2
injurious	A	A1.1.2
injury	B	B2
injustice	G	G2.1
ink	O	O1.2
inking	Q	Q1.2
inkling	X	X2.6
inkwell	O	O2/Q1.2
inky	O	O4.1
inlaid	O	O4.1
inland	M	M6
inlaw	S	S4
inlaws	S	S4
inlay	O	O2
inlaying	A	A1.1.1
inlays	O	O2
inlet	W	W3/M4
inmate	G	G2.1/S2mf
inn	F	F2/H1
innards	B	B1
innate	A	A6.2
innately	A	A6.2
inner	K	K5.1
inner-city	M	M7
inner-party	S	S5/N5.1
innermost	A	A10
innings	K	K5.1c
innkeeper	F	F1/S2mf
innocence	G	G2.1
innocent	G	G2.1
innocently	G	G2.2
innocuous	E	E3
innovate	T	T3
innovating	T	T3
innovation	T	T3
innovative	T	T3
innovator	T	T3-/S2mf
innovatory	T	T3
inns	F	F2/H1
innuendo	S	S1.2.4
innumerable	N	N5
inoculate	B	B3
inoculated	B	B3
inoculation	B	B3
inoculations	B	B3
inoperative	A	A1.5.2
inordinate	N	N5.2
inpractical	A	A1.6
input	O	O2
inputted	Y	Y2
inputter	Y	Y2/S2mf
inputters	Y	Y2/S2mf
inquest	G	G2.1
inquire	Q	Q2.2
inquired	Q	Q2.2
inquiries	Q	Q2.2
inquiring	X	X2.4
inquiry	Q	Q2.2
inquisition	X	X2.4/G2.1
inquisitive	X	X2.4
inroad	X	X9.2
inroads	X	X9.2
ins.	N	N3.7
insane	B	B2-/X1
insanely	S	S1.2.6
insanitary	B	B4
insanity	S	S1.2.6
insatiable	X	X7/N5
inscribe	Q	Q1.2
inscribed	Q	Q1.2
inscription	Q	Q1.2
inscriptions	Q	Q1.2
insect	L	L2mfn
insects	L	L2
insecure	E	E6
insecurity	A	A7
insensibly	X	X5.1
inseparable	S	S5
insert	O	O2
inserted	A	A1.1.1
inserting	M	M2
inset	O	O4.1
inshore	M	M6
inside	Z	Z5
insider	A	A1.8+/X2.2+/S2mf
insidious	A	A11.2
insight	X	X2.5
insightful	X	X2.5
insignia	C	C1
insignificance	A	A11.1
insignificant	A	A11.1
insincere	A	A5.4
insinuate	Q	Q2.2
insinuating	Q	Q2.2
insinuation	Q	Q1.1
insinuations	Q	Q1.1
insipid	X	X3.1
insist	S	S7.1+/Q2.2
insistant	S	S7.1
insisted	S	S7.1
insistence	S	S7.1+/Q2.2
insistent	Q	Q2.2/N6
insistently	Q	Q2.2/N6
insister	Q	Q2.2/S2mf
insisting	S	S7.1+/Q2.2
insole	B	B5
insolence	S	S1.2.4
insolent	S	S7.2
insoluble	A	A12
insolvency	I	I1.2
insolvent	I	I1.1
insomnia	B	B2
insomuch	Z	Z5
inspecific	A	A4.2
inspect	X	X2.4/A5.3
inspected	X	X2.4/A5.3
inspecting	X	X2.4/A5.3
inspection	X	X2.4/A5.3
inspector	G	G2.1/S2mf
inspectorate	X	X2.4/A5.3/S5+c
inspects	X	X2.4/A5.3
inspiration	S	S8
inspirational	S	S8
inspire	S	S8
inspired	X	X5.2
inspiring	S	S8
instability	A	A2.1
install	A	A1.1.1
installation	A	A1.1.1
installed	A	A1.1.1
installing	A	A1.1.1
installment	I	I1.2
installments	I	I1.2
instalment	I	I1.2
instalments	I	I1.2
instance	A	A4.1
instant	T	T1.1.2
instantaneous	T	T1.1.2
instantaneously	N	N3.8
instantiation	A	A4.1/X4.1
instantiations	A	A4.1/X4.1
instantly	N	N3.8
instead	A	A6.1
instep	B	B1
instigate	T	T2
instigated	T	T2
instigating	T	T2
instigation	A	A2.2/Q2.2
instigator	A	A2.2/S2mf
instil	A	A2.2
instill	A	A2.2
instillation	A	A1.1.1
instilled	A	A2.2
instinct	X	X1/A6.2
instinctive	X	X2.1
instinctively	X	X1
institute	P	P1/S5+c
institution	S	S5+c
institutional	S	S5
institutionalise	S	S5
institutionalised	S	S5
institutionalize	S	S5
institutionalized	S	S5
instruct	Q	Q2.2
instructed	Q	Q2.2
instructing	Q	Q2.2
instruction	Q	Q2.2
instructional	P	P1
instructive	Q	Q2.1
instructor	P	P1/S2mf
instructress	P	P1/S2.1f
instrument	O	O2
instrumental	A	A11.1
instrumentation	Y	Y1
insubstantial	N	N3.2
insufferable	O	O4.2
insufficiency	N	N5
insufficient	N	N5
insular	S	S1.2.3
insularity	S	S5
insulate	A	A10
insulated	A	A10
insulating	A	A10
insulation	O	O2/A10
insulin	O	O1/B1
insult	Q	Q2.2/S1.2.4
insulted	Q	Q2.2/S1.2.4
insulting	Q	Q2.2/S1.2.4
insuperable	A	A12
insupportable	G	G2.2
insurance	I	I1/A15
insure	I	I1/A15
insured	I	I1/A15
insurer	I	I1/S2mf
insurgency	G	G3
insuring	I	I1/A15
insurmountable	A	A12-/N5.1
insurrection	G	G3
int	Z	Z3c
int'l	M	M7
intact	N	N5.1
intake	A	A9
intangible	A	A1.6
integer	N	N1
integral	A	A11.1
integrate	A	A1.8
integrated	A	A1.8
integrating	A	A1.8
integration	A	A1.8
integrative	A	A1.8
integrators	A	A1.8
integrity	G	G2.2
intellect	X	X2
intellectual	X	X2
intellectualisation	X	X2
intellectualization	X	X2
intellectually	X	X2
intellectuals	X	X2.1/S2mf
intelligence	X	X9.1
intelligent	X	X9.1
intelligently	S	S1.2.6
intelligentsia	X	X2.2+/S5
intelligible	X	X2.5
intend	X	X7
intended	X	X7
intending	X	X7
intense	N	N5
intensely	A	A13.3
intensification	N	N5+/A2.1
intensified	N	N5+/A2.1
intensify	N	N5+/A2.1
intensity	N	N5
intensive	N	N5
intensively	N	N5
intensiveness	N	N5
intent	X	X7
intention	X	X7
intentional	X	X7
intentionally	X	X7
intently	X	X5.1
inter-agency	G	G1.1
inter-coastal	M	M6
inter-company	I	I2.1
inter-denominational	S	S9/S5
inter-departmental	H	H2/S5+c
inter-dependent	S	S7.1
inter-disciplinarity	P	P1
inter-generational	T	T1.3
inter-governmental	G	G1.1/S5
inter-house	S	S1.1.3
inter-marriage	S	S4
inter-marriages	S	S4
inter-mountain	W	W3
inter-national	M	M7
inter-person	S	S1.1.3
inter-personal	S	S1.1.1
inter-railed	M	M3
inter-relating	A	A2.2
inter-religious	S	S9
inter-tribal	S	S5
inter-university	P	P1
interact	S	S1.1.2
interacting	S	S1.1.2
interaction	S	S1.1.2
interactive	S	S1.1.2
interactively	S	S1.1.2
interactivity	S	S1.1.2
interagency	G	G1.1
intercalate	A	A1.8
intercalated	A	A1.8
intercede	S	S1.1.3
intercept	S	S8
interception	S	S8
intercession	S	S9/Q2.2
intercessions	S	S9/Q2.2
interchange	S	S1.1.2
interchangeable	A	A2.1
interchangeably	A	A2.1
interchanges	S	S1.1.2
interchanging	S	S1.1.2
intercom	Q	Q1.3
interconnect	A	A2.2
interconnected	A	A2.2
interconnecting	A	A2.2
intercontinental	W	W3
intercourse	S	S3.2/B1
intercultural	S	S5
interdependence	S	S7.1
interdependent	A	A2.2
interdisciplinarity	P	P1
interdisciplinary	P	P1
interest	X	X5.2
interest-free	I	I1.1
interest-only	I	I1.1
interested	X	X5.2
interesting	X	X5.2
interestingly	X	X5.2
interethnic	S	S5
interface	Q	Q1.1
interfere	S	S1.1.3
interfered	S	S1.1.3
interference	S	S1.1.3
interfering	S	S1.1.3
intergovernmental	G	G1.1/S5
interim	T	T1.3
interior	H	H2
interiors	M	M6
interject	Q	Q2.2
interline	B	B5
interlining	B	B5
interlink	A	A2.2
interlinked	A	A2.2
interlock	A	A1.1.1
interlocking	A	A1.1.1
interlocks	A	A1.1.1
interlocutory	Q	Q2.1
interlude	T	T1.3
intermarriage	S	S4
intermediaries	S	S8+/S2mf
intermediary	S	S8
intermediate	N	N5
interminable	T	T2+++/X5.2
interminably	T	T2
intermingle	S	S1.1.1
intermingled	S	S5
intermingling	S	S1.1.1
intermit	A	A1.8+/T1.3
intermittent	N	N6
intermittently	N	N6
internal	M	M6
internalise	X	X2.3
internalize	X	X2.3
internally	M	M6
international	M	M7
internationalisation	M	M7/S5+c
internationalise	M	M7/S5+c
internationalism	G	G1.2
internationally	M	M7
internecine	S	S5
internee	G	G2.1/S2mf
internment	A	A1.7
interpersonal	S	S1.1.1
interplay	A	A2.2
interpose	Q	Q2.2
interposed	A	A1.1.1
interpret	X	X2.5
interpretation	X	X2.5
interpreted	X	X2.5
interpreter	Q	Q3/I3.2/S2mf
interpreting	X	X2.5
interregnum	T	T1.3/G1.1
interrelated	A	A2.2
interrelations	A	A2.2
interrelationship	S	S3.1/A2.2
interrogate	Q	Q2.2
interrogation	Q	Q2.2
interrupt	Q	Q2.2
interrupted	T	T2
interrupting	Q	Q2.2
interruption	Q	Q2.2
interruptions	Q	Q2.2
intersect	M	M3
intersection	M	M3
interslices	O	O2
intersperse	A	A1.8
interspersed	A	A1.8
interstitials	W	W3
intertwine	A	A2.2
intertwined	A	A2.2
interval	T	T1.3
intervene	S	S1.1.3
intervened	S	S1.1.3
intervening	S	S1.1.3
intervention	S	S1.1.3
interventionist	S	S1.1.3
interview	Q	Q2.1
interviewed	Q	Q2.1
interviewee	Q	Q2.1/S2mf
interviewees	Q	Q2.1/S2mf
interviewer	Q	Q2.1/S2mf
interviewing	Q	Q2.1
interviews	Q	Q2.1
interwar	T	T1.3
interwove	A	A2.1
intestacy	G	G2.1
intestate	G	G2.1
intestinal	B	B1
intestine	B	B1
intifada	G	G3
intimacy	S	S3.2
intimate	S	S1.2.1
intimated	Q	Q2.1
intimately	S	S3.2
intimidate	E	E5
intimidated	E	E5
intimidating	E	E5
intimidatingly	E	E5
intimidation	E	E5
into	Z	Z5
intolerable	S	S7.4
intolerance	S	S7.4
intolerant	S	S7.4
intonation	Q	Q3
intoxicate	F	F2
intoxicated	F	F2
intoxicating	F	F2
intoxication	F	F2
intra-	M	M6
intra-curricular	P	P1
intra-firm	I	I2.1
intra-industry	I	I4
intra-regional	M	M7
intranet	Y	Y2
intrapreneurship	I	I2.1
intrepid	E	E5
intricacies	A	A4.2
intricacy	A	A4.2
intricate	O	O4.1
intrigue	G	G2.2
intrigued	X	X5.2
intriguing	X	X5.2
intriguingly	X	X5.2
intrinsic	A	A6.2
intrinsically	A	A6.2
intro	Q	Q2.2
introduce	S	S1.1.1
introduced	S	S1.1.1
introducer	Q	Q4.3/S2mf
introducing	S	S1.1.1
introduction	T	T2
introductory	T	T2
introspection	X	X2.4/S5
introspective	S	S1.2
introvert	S	S1.2.1
introverted	S	S1.2.1
intrude	S	S1.1.3+++/X7
intruded	S	S1.1.3+++/X7
intruder	M	M1/X7-/S2mf
intruding	S	S1.1.3+++/X7
intrusion	X	X7
intrusive	X	X7
intrusively	X	X7
intuit	X	X2
intuition	X	X2
intuitive	X	X2
intuitively	X	X2
inundate	N	N5
inundated	N	N5
invade	G	G3
invaded	G	G3
invader	G	G3/S2mf
invading	G	G3
invalid	B	B2-/S2mf
invalided	B	B2
invalidity	B	B2
invaluable	A	A1.5.2
invariable	A	A2.1
invariably	T	T2
invasion	G	G3
invective	E	E3-/Q2.2
invectives	E	E3
inveigh	Q	Q2.2
inveigher	Q	Q2.2/S2mf
inveighing	Q	Q2.2
inveigled	Q	Q2.2
invent	X	X2.1
invented	X	X2.1
inventing	X	X2.1
invention	X	X2.1
inventive	X	X2.1/A6.2
inventiveness	X	X2.1/A6.2
inventor	Y	Y1/S2mf
inventors	Y	Y1/S2mf
inventory	Q	Q1.2/A9
inverse	A	A6.1
inversion	A	A6.1
invert	A	A1.1.1
invertebrate	L	L2
inverted	A	A6.1
invest	I	I1.1
investable	I	I2.1
invested	I	I1
investee	I	I1.1/S2mf
investees	I	I1.1/S2mf
investigate	X	X2.4
investigated	X	X2.4
investigating	X	X2.4
investigation	X	X2.4
investigative	X	X2.4
investigator	X	X2.4/S2mf
investigators	X	X2.4/S2mf
investigatory	X	X2.4
investing	I	I1
investiture	S	S7.1
investment	I	I1.1
investment-led	I	I1.1
investor	I	I1.1/S2mf
investor(s)	I	I1.1/S2mf
investor-entrepreneur	I	I2.1
investor-investor	I	I1.1
investors	I	I1.1/S2mf
inveterate	T	T2
invigilator	P	P1
invigorate	B	B2
invigorating	X	X5.2+/A2.2
invincible	S	S7.1
inviolable	G	G2.1
invisible	X	X3.4
invisibles	I	I2.1
invitation	Q	Q2.2
invite	Q	Q2.2
invited	Q	Q2.2
inviting	O	O4.2
invocation	Q	Q2.2/S9
invoice	Q	Q1.2/I1.3
invoicing	I	I1.3
invoke	T	T2
invoked	T	T2
involuntarily	X	X7
involuntary	X	X7
involve	A	A1.8
involved	A	A1.8
involvement	A	A1.8
involves	A	A1.8
involving	A	A1.8
invulnerable	S	S1.2.5
inward	A	A10
inwardly	M	M6
inwards	M	M6
iodine	O	O1
ion	O	O1
ionise	Y	Y1
ionising	Y	Y1
ions	O	O1
iota	N	N5
ipc	Z	Z3c
iranian	Z	Z2
irascible	E	E3
irate	E	E3
ire	E	E3
iridescent	O	O4.3/A6.3
irk	E	E3
irked	E	E3
irks	E	E3
irksome	E	E3
iron	B	B4
ironed	B	B4
ironic	Q	Q2.2/S1.2.4
ironical	Q	Q2.2/S1.2.4
ironically	Q	Q2.2/S1.2.4
ironing	B	B4
ironmonger	I	I2.2/S2mf
ironmongers	I	I2.2/S2mf
ironmongery	O	O2
ironwork	O	O1.1
irony	Q	Q2.2/S1.2.4
irradiate	Y	Y1
irradical	X	X5.2
irrational	S	S1.2.6
irrationality	S	S1.2.6
irrationally	S	S1.2.6
irreconcilable	A	A6.1
irredeemable	A	A5.1-/A2.1
irreducible	N	N3.2/A2.1
irrefutable	A	A7
irregular	A	A6.2
irregularity	A	A6.2
irregularly	N	N6
irrelevance	A	A1.2
irrelevant	A	A1.2
irremoveable	M	M8
irreparable	A	A1.1.2
irreplaceable	A	A2.1+/A7
irrepressible	S	S7.1
irrepressibly	A	A1.7
irresistible	S	S7.1
irresistibly	S	S7.1
irrespective	A	A11.1
irresponsibility	S	S1.2.6
irresponsible	S	S1.2.6
irresponsibly	A	A1.3
irretrievable	A	A2.1
irretrievably	A	A1.1.2
irreverence	S	S7.2
irreverent	S	S7.2
irreversible	A	A2.1
irreversibly	A	A2.1
irrevocable	A	A2.1
irrevocably	A	A2.1
irrigate	A	A9-/O1.2
irrigated	A	A9-/O1.2
irrigation	A	A9-/O1.2
irritability	E	E3
irritable	E	E3
irritant	E	E3
irritate	E	E3
irritated	E	E3
irritates	E	E3
irritating	E	E3
irritation	E	E3
is	A	A3
islamic	S	S9
island	W	W3
islander	M	M7/S2mf
islanders	M	M7/S2mf
isles	W	W3
islet	W	W3
islets	W	W3
isolate	A	A6.1
isolated	N	N3.3
isolating	A	A6.1
isolation	A	A1.8
isolationist	G	G1.2/S5
isometrically	N	N3.1
issuance	A	A9
issue	X	X4.1
issued	A	A9
issuing	A	A9
isthmus	W	W3
istory	T	T1.1.1
italic	Q	Q1.2
itch	B	B2
itchiness	B	B2
itching	B	B2
itchy	O	O4.5
item	O	O2
itemise	Q	Q1.2/N4
itemize	Q	Q1.2/N4
itemized	Q	Q1.2/N4
iterative	N	N6
itinerant	M	M1
itinerary	M	M1
its	Z	Z8
itself	Z	Z8
itty	N	N3.2
ivory	O	O1.1
jab	A	A1.1.1
jabber	Q	Q2.1
jabbering	Q	Q2.1
jack-asses	X	X9.1-/S2mf
jackass	X	X9.1-/S2mf
jacket	B	B5
jacuzzi	H	H5
jacuzzis	H	H5
jad	B	B2
jaded	B	B2
jagged	O	O4.4
jaggered	O	O4.4
jail	G	G2.1/H1
jailer	G	G2.1/S2mf
jailhouse	G	G2.1/H1
jam-packed	S	S5+++/N5.2
jam-tomorrow	A	A7-/Q2.1
jama	B	B5
jamas	B	B5
jamming	T	T2
jammy	O	O4.2
jangle	M	M2
jangling	M	M2
janitor	B	B4/S2mf
jar	O	O2
jargon	Q	Q3
jargonese	Q	Q3
jargonistic	Q	Q3
jargony	Q	Q3
jarred	M	M2
jarring	E	E2
jasmin	L	L3
jaundice	B	B2
jaundiced	X	X5.2
jaunt	M	M1
jaunty	S	S1.2.3
javelin	K	K5.1
jaw	B	B1
jawing	Q	Q2.1
jazz	K	K2
jazzed	O	O4.2
jazzer	K	K2/S2mf
jazzy	O	O4.2
je	Z	Z8
jealous	E	E4.1-/S3.2
jealously	E	E4.1-/S3.2
jealousy	E	E4.1-/S3.2
jeans	B	B5
jeer	S	S7.2
jeering	S	S7.2
jeeze	Z	Z4
jell	O	O4.5
jelled	O	O4.5
jellied	F	F1
jelly	F	F1
jeopardise	A	A15
jeopardised	A	A15
jeopardize	A	A15
jeopardy	A	A15
jerk	M	M2
jerkin	B	B5
jerky	M	M1
jerrycan	F	F1/O2
jerrycans	F	F1/O2
jest	E	E4.1
jester	E	E4.1+/S2mf
jesting	E	E4.1
jet-flying	M	M5
jet-set	M	M4
jet-setting	M	M4
jetlag	M	M5/B2
jetting	M	M5
jettison	X	X7
jettisoning	X	X7
jetty	M	M4/M7
jewel	B	B5
jeweller	C	C1/S2mf
jewellers	B	B5/S2mf
jewellery	B	B5
jewelry	B	B5
jewels	B	B5
jewess	S	S9/S2.1f
jewish	S	S9
jiangsu	Z	Z2
jiaotong	Z	Z3
jib	M	M4
jibe	Q	Q2.2/E4.1
jic	Z	Z3c
jicar	Z	Z3c
jicrar	Z	Z3c
jiggery-pokering	A	A1.1.1
jiggery-pokery	G	G2.2
jiggle	M	M2
jiggling	M	M2
jigsaw	K	K6
jih-pao	Q	Q4.2/Z3
jin	N	N3.5
jingbian	Z	Z2
jingle	X	X3.2
jingo	Q	Q2.2
jingoistic	M	M7/S5
jitterbugging	K	K1
jitters	E	E6
jittery	E	E6
jive	K	K1
jiving	K	K1
job	I	I3.1
job-for-life	I	I3.1
job-search	I	I3.1/X2.4
job-searched	I	I3.1/X2.4
job-searching	I	I3.1/X2.4
job-seekers	I	I3.1/S2mf
job-seeking	I	I3.1/X2.4
job-share	I	I3.1
job-wise	I	I3.1
jobber	I	I3.1
jobbing	I	I3.1
jobby	B	B5
jobcentre	I	I3.1/H1
jobhunters	I	I3.1/S2mf
jobless	I	I3.1
jobs	I	I3.1
jobs-wise	I	I3.1
jockey	K	K5.1
jockeying	K	K5.1
jockeys	K	K5.1
jocund	E	E3
joddy	B	B5
jodhpur	B	B5
jodhpurs	B	B5
jods	B	B5
jog	K	K5.1
jogged	K	K5.1
jogger	K	K5.1/S2mf
jogging	K	K5.1
join	O	O2
joined	A	A2.2
joiner	C	C1/S2mf
joinery	C	C1
joining	A	A2.2
joint	S	S5
joint-stock	I	I1.1
joint-venture	I	I2.1
jointly	S	S1.1.2
joist	O	O2
joists	O	O2
jojoba	L	L3
joke	E	E4.1
joker	E	E4.1+/S2mf
jokers	E	E4.1+/S2mf
jokey	E	E4.1
joking	E	E4.1
jokingly	E	E4.1
joky	E	E4.1
jollified	E	E4.1
jollify	E	E4.1
jollity	E	E4.1
jolly	E	E4.1
jolts	M	M2
jostle	M	M2
jostling	M	M2
jot	N	N5
jotted	Q	Q1.2
journal	Q	Q4.2
journalism	Q	Q4.2
journalist	Q	Q4.2/I3.2/S2mf
journalistic	Q	Q4.2
journals	Q	Q4.2
journey	M	M1
jovial	E	E4.1
jowl	B	B1
joy-ride	M	M3/G2.1
joy-riding	M	M3/G2.1
joyful	E	E4.1
joyfully	E	E4.1
joyous	E	E4.1
joyride	G	G2.1-/M3
joyriding	G	G2.1-/M3
joystick	M	M5
joysticks	M	M5
jubilant	E	E4.1
jubilation	E	E4.1
jubilee	T	T1.2
judge	G	G2.1/I3.2/S2mf
judgement	X	X2.1
judgemental	Q	Q2.2/E2
judges	G	G2.1/I3.2/S2mf
judging	X	X6
judgment	X	X2.1
judgmental	Q	Q2.2/E2
judicature	G	G2.1/T1.3
judice	G	G2.1
judicial	G	G2.1
judicially	G	G2.1
judiciary	G	G2.1c
judicious	S	S1.2.6
judiciously	A	A1.3
judo	K	K5.1
jug	O	O2
juggernaut	M	M3
juggernauts	M	M3
juggle	K	K5.2
juggled	K	K5.2
juggler	K	K5.2/S2mf
jugglers	K	K5.2/S2mf
juggling	K	K5.2
juice	F	F2
juicy	O	O1.2
jukeboxes	K	K2
julienne	F	F1
jumble	X	X7-/O2
jumbled	O	O4.1
jumbo	M	M5fn
jump	M	M1
jumped	M	M1
jumped-up	S	S1.2.3
jumper	B	B5
jumping	M	M1
jumpstart	M	M3
jumpstarting	M	M3
junction	M	M7/M3
juncture	T	T1.2
jungle	L	L3
jungley	L	L3
junior	S	S7.1
juniper	L	L3
junk	O	O4.2
junkie	F	F3/S2mf
junkies	F	F3/S2mf
junky	F	F3/S2mf
junta	G	G1.1/G3
juridical	G	G2.1
jurisdiction	S	S7.1
jurisdictional	G	G2.1
jurisprudence	G	G2.1
jurist	G	G2.1/S2mf
jurists	G	G2.1/S2mf
jury	G	G2.1c
jus	A	A14
just	A	A14
just-in-case	A	A1.3
just-in-time	T	T4
justices	G	G2.1/S2.2m
justifiable	G	G2.2
justifiably	G	G2.2
justification	G	G2.2
justified	G	G2.2
justifies	G	G2.2
justify	G	G2.2
justifying	G	G2.2
justly	G	G2.2
jut	O	O4.4
jutted	O	O4.4
juvenile	T	T3
juxtaposition	N	N3.3
k	Z	Z5
k'uai	Z	Z1
kaftan	B	B5
kai-shek	Z	Z1
kaleidoscope	K	K6
kamikaze	G	G3/S2mf
kangaroo	L	L2mfn
kapok	O	O1.1
karabiner	O	O2
karabiners	O	O2
karate	K	K5.1
karrimac	B	B5/Z3c
karrimacs	B	B5/Z3c
kart	M	M3/K5.1
karting	M	M3/K5.1
kayak	M	M4
kayake	M	M4
kayaking	M	M4
kebab	F	F1
kebabs	F	F1
keen	X	X5.2
keeness	X	X5.2
keenest	X	X5.2
keenly	X	X5.2
keep	A	A9
keep-fit	K	K5
keep-up-with-the-joneses	A	A6.1
keeper	L	L2/S2mf
keeping	A	A9
keeps	H	H1
keg	O	O2
kegging	A	A1.1.1
kegs	O	O2
keiretsu	I	I2.1
kennel	L	L2/H1
kennels	L	L2/H1
kept	A	A9
keratome	B	B1
kerb	M	M3/H3
kernel	L	L3
ketamine	O	O1
ketchup	F	F1
kettle	F	F2/O2
kewl	O	O4.2
key	O	O2
keyboard	Y	Y2
keyhole	O	O2
keynote	A	A11.1
keys	O	O2
keystone	H	H2
keystroke	Y	Y2
keyword	Q	Q3
keyword-targeted	Q	Q1.2
khaki	O	O4.3
kibbutz	M	M7
kibosh	T	T2
kick	E	E3
kick-boxing	K	K5.1
kick-off	T	T2
kick-start	M	M3
kickback	I	I1/G2.2
kickboxing	K	K5.1
kicked	E	E3
kickoff	K	K5.1
kid	S	S2mf/T3
kiddie	S	S2mf/T3
kiddies	S	S2mf/T3
kiddified	T	T3-/A2.1
kiddify	T	T3-/A2.1
kidding	A	A5.2-/E4.1
kiddo	S	S2mf/T3
kiddos	S	S2mf/T3
kiddy	S	S2mf/T3
kidnap	G	G2.1
kidnapped	G	G2.1
kidnapping	G	G2.1
kidnaps	G	G2.1
kidney	B	B1
kidneys	B	B1
kids	S	S2mf/T3
kill	L	L1
killed	L	L1
killer	L	L1-/S2mf
killers	L	L1-/S2mf
killing	L	L1
kills	L	L1
kilo	N	N3.6
kilobytes	Y	Y2
kilogram	N	N3.5
kilograms	N	N3.5
kilohertz	N	N3.8
kilometer	N	N3.3
kilometre	N	N3.3
kilowatt	N	N3.1/O3
kilt	B	B5
kilts	B	B5
kimono	B	B5
kin	S	S4c
kind	A	A4.1
kind-natured	S	S1.2/S8
kinda	A	A13.4
kinder	S	S1.2/S8
kindergarten	P	P1/H1
kindest	S	S1.2/S8
kindle	T	T2
kindliness	S	S1.2/S8
kindling	O	O1.1
kindly	S	S1.2/S8
kindness	S	S1.2/S8
kindred	A	A6.1
kinetic	Y	Y1
king	S	S7.1+/S2.2m
kingdoms	G	G1.1
kingly	S	S7.1+/A6.1
kingship	S	S7.1
kink	O	O4.4
kinky	O	O4.4
kinpeople	S	S4c
kinship	S	S4
kinsman	S	S4
kinsmen	S	S4
kiosk	I	I2.2/H1
kip	B	B1
kipped	B	B1
kipper	L	L2
kippers	F	F1
kipping	B	B1
kirsch	F	F2
kiss	S	S3.2
kissed	S	S3.2
kissing	S	S3.2
kissy	S	S3.2
kit	O	O2
kitchen	F	F1/H2
kitchen-diner	H	H2
kitchen-stuff	O	O2/F1
kitchenette	F	F1/H2
kitchenware	O	O2/F1
kite	K	K6
kitsch	C	C1/O4.2
kitten	L	L2mfn
kitty	I	I1.1
kiwis	L	L2mfn
kleptomaniac	B	B2-/G2.1-/S2mf
kms	N	N3.3
knack	X	X9.1
knacker	B	B2
knackered	B	B2
knackering	B	B2
knackers	L	L1-/S2mf
knapsack	B	B5
knave	G	G2.2-/S2.2m
knavery	S	S1.2.6
knaves	G	G2.2-/S2.2m
knead	A	A2.1
knee	B	B1
knee-cap	B	B1
knee-deep	O	O4.1
knee-high	N	N3.7
knee-length	N	N3.7
kneecap	A	A1.1.2
kneel	O	O4.1/B1
kneeling	O	O4.1/B1
kneels	O	O4.1/B1
knell	X	X3.2
knew	X	X2.2
knick-knack	O	O2
knick-knacks	O	O2
knicker	B	B5
knickerbocker	F	F1
knickerbockers	B	B5
knickers	B	B5
knife	O	O2
knifed	E	E3
knifepoint	A	A15
knight	S	S7.1+/G3/S2.2m
knighthood	S	S7.1
knighthoods	S	S7.1
knit	B	B5
knitted	B	B5
knitter	B	B5/S2mf
knitting	B	B5
knitwear	B	B5
knives	O	O2
knob	O	O2
knobbly	O	O4.1
knobs	O	O2
knock	X	X3.2
knock-kneed	B	B1
knock-on	A	A2.2
knocked	X	X3.2
knocker	O	O2
knocking	X	X3.2
knockout	K	K5.2
knockouts	K	K5.2
knot	O	O2
knot-line	O	O2
knot-lines	O	O2
knotted	O	O4.1
knotty	A	A12
know	X	X2.2
know-how	X	X2.2
know-it-alls	X	X2.2+/S2mf
knowhow	X	X2.2
knowing	X	X2.2
knowing-how	X	X2.2
knowingly	X	X2.2
knowledgable	X	X9.1
knowledgably	X	X2.2
knowledge	X	X2.2
knowledge-based	X	X2.2
knowledge-building	X	X2.2
knowledge-giver	X	X2.2+/S2mf
knowledge-intensive	X	X2.2
knowledge-making	X	X2.2
knowledgeable	X	X2.2
knowledgeably	X	X2.2
known	X	X2.2
knows	X	X2.2
knuckle	B	B1
korfball	K	K5.2
kosh	E	E3
kosher	S	S9
kowtow	S	S7.1
ktel	Z	Z3c
kudos	S	S7.2
kufuffal	E	E3
kuo-t'ao	Z	Z1
kuomintang	G	G1.2/Z3
lab	Y	Y1/H1
lab-based	Y	Y1/H1
label	Q	Q1.2
labeled	Q	Q1.2
labeling	Q	Q1.2
labelled	Q	Q1.2
labelling	Q	Q1.2
labor	A	A1.1.1
labor-intensive	I	I3.1/S5
laboratory	Y	Y1/H1c
laborer	I	I3.1/S2mf
laboring	A	A1.1.1/A12
laborious	X	X8+/A12
laboriously	X	X8+/A12
labour-intensive	I	I3.1/S5
labour-saving	S	S8
labourer	I	I3.1/S2mf
labouring	A	A1.1.1/A12
labours	A	A1.1.1
labs	Y	Y1/H1
laburnum	L	L3
labyrinthine	M	M7
lace	A	A1.1.1
lace-up	B	B5
laced	O	O4.1
laced-up	B	B5
lacerated	A	A1.1.2
lacing	B	B5
lack	A	A9
lackey	S	S7.1-/S2mf
lackeys	S	S7.1-/S2mf
lacking	A	A9
lacklustre	X	X5.2
laconic	Q	Q2.1/N5
lacquer	B	B5
lacrosse	K	K5.1
lacuna	A	A9
lacunae	A	A9
lacy	O	O4.1
lad	S	S2.2m
ladder	O	O2
laddie	S	S2.2m
laddies	S	S2.2m
laden	N	N5
ladies	S	S2.1f
ladieswear	B	B5
lads	S	S2.2m
ladylike	S	S2.1
ladyship	S	S7.1+/S2.1f
lag	G	G2.1-/S2mf
lag-time	Y	Y2
lager	F	F2
laggards	A	A5.1
lagoon	W	W3/M4
laid	M	M2
laid-back	E	E3
laid-off	I	I3.1
laissez-faire	S	S1.1.3
laity	S	S9/S5+c
lake	W	W3/M4
lakes	W	W3/M4
lama	S	S9/S2mf
lamb	L	L2mfn
lambada	K	K1
lambaste	Q	Q2.2/E2
lambing	L	L2
lame	B	B2
lamely	S	S1.2.5
lament	Q	Q2.2/E2
lamentable	E	E4.1
lamentably	E	E4.1
lamentation	E	E4.1
lamented	E	E4.1
lamenting	Q	Q2.2/E2
laminate	A	A1.1.1
laminated	O	O4.1
lamination	A	A1.1.1
lamp	O	O2/W2
lamp-post	O	O2
lamp-posts	O	O2
lamplighting	A	A1.1.1/W2
lamppost	O	O2
lampshade	H	H5
lampshades	H	H5
land	W	W3
land-grab	A	A9+/M7
landed	A	A9+/M7
landfill	M	M7/O2/X7
landing	H	H2
landladies	H	H4/S2.1f
landlady	H	H4/S2.1f
landless	A	A9
landline	Q	Q1.3
landlord	S	S7.1+/H4/S2.2m
landmark	M	M7/A11.2
landmass	W	W3
landmine	G	G3
landmines	G	G3
landowner	A	A9+/S2mf
landrover	M	M3
landrovers	M	M3
lands	W	W3
landscape	F	F4
landscaped	F	F4
landslide	X	X9.2
langauge	Q	Q3
language	Q	Q3
language-independent	Y	Y2/Q3
langue	Q	Q3
languid	X	X5.2
languish	E	E4.1
languished	E	E4.1
languishing	E	E4.1
lanky	N	N3.7
lantern	O	O2/W2
lap	B	B1/L2
lap-top	Y	Y2
lapel	B	B5
lapillus	L	L2
lapis	W	W3/O2
lapping	K	K5.1
lapse	T	T2
lapsed	T	T2
laptop	Y	Y2
lapwing	L	L2
larch	L	L3
lard	F	F1
larder	H	H2/F1
lardy	F	F1
large	N	N3.2
large-scale	N	N3.2
largely	A	A13.2
largeness	N	N3.2
larger	N	N3.2
largesse	S	S1.2.2
largest	N	N3.2
largish	N	N3.2
lark	L	L2mfn
larval	L	L2/B1
lasagna	F	F1
lasagnas	F	F1
lasagne	F	F1
lascivious	S	S3.2+/G2.2
laser	W	W2
laserquest	K	K6
lash	B	B1
lashing	N	N5
lashings	N	N5
lass	S	S2.1f
lassoing	A	A1.7
last	T	T2
last-minute	T	T4
last-minute-goal	X	X7
lasting	T	T2
lastly	N	N4
lasts	O	O2
latch	A	A1.7
latched	A	A1.7
late	T	T4
late-night	T	T4-/T1.3
late-stage	N	N4
late-thirtysomething	T	T3
latecomer	T	T4-/S2mf
latecomers	T	T4-/S2mf
lately	T	T3
lateness	T	T4
latent	A	A10
later	T	T4
later-stage	N	N4
lateral	M	M6
laterally	M	M6
latest	T	T3
latest-generation	N	N4/T1.3
latex	O	O1
latex-glove	B	B5
lath	H	H2
lathe	O	O2
lather	B	B4/O1
lathered	O	O4.1
lathering	O	O4.1
latish	T	T4
latitude	W	W3
latrine	B	B4
latrines	B	B4
latte	F	F2
latter	N	N4
latter-day	A	A6.1
latterly	T	T3
lattice	O	O2
laud	S	S9
laudable	S	S1.1.4
laude	P	P1
lauds	S	S9
laugh	E	E4.1+/X3.2
laughable	S	S1.2.6
laughably	S	S1.2.6
laughing	E	E4.1+/X3.2
laughingly	E	E4.1
laughter	E	E4.1+/X3.2
launch	M	M4fn
launched	M	M4
launcher	G	G3
launchers	G	G3
launching	M	M4
launder	B	B4
laundered	B	B4
launderette	B	B4/M7
laundrette	B	B4/H1
laundry	B	B4
laurels	L	L3
lav	B	B4/H5
lava	W	W3
lavatories	B	B4/H5
lavatory	B	B4/H5
lavender	L	L3
lavish	O	O4.2
lavishly	O	O4.2
law	G	G2.1
law-breaking	G	G2.1
lawful	G	G2.1
lawfully	G	G2.1
lawfulness	G	G2.1
lawless	G	G2.1
lawlessness	G	G2.1
lawn	L	L3/H3
lawn-mower	O	O2/F4
lawnmower	O	O2/F4
lawns	L	L3/H3
laws	G	G2.1
lawsuit	G	G2.1
lawyer	G	G2.1/I3.2/S2mf
lawyers	G	G2.1/I3.2/S2mf
lax	A	A1.7
laxative	B	B3
laxatives	B	B3
laxity	A	A1.7
lay	I	I3.2
lay-by	M	M3
lay-bys	M	M3/M7
lay-off	I	I3.1
lay-offs	I	I3.1
layabout	K	K1/S2mf
layer	O	O2
layered	O	O4.1
layering	A	A1.1.1
layette	B	B5
laying	M	M2
layman	I	I3.2-/S2mf
laymen	I	I3.2-/S2mf
layoff	I	I3.1
layoffs	I	I3.1
layout	O	O4.1
layout-wise	O	O4.1
layover	M	M3
lays	S	S3.2/B1
laze	K	K1
lazily	X	X5.2
laziness	X	X5.2
lazuli	O	O4.3
lazy	X	X5.2-/S1.2
lb	N	N3.5
lbs	N	N3.5
lbw	K	K5.1
leaches	A	A10
lead	S	S7.1
lead-in	Q	Q2.2
leaded	O	O1
leaden-footed	X	X5.2
leader	S	S7.1+/S2mf
leadership	S	S7.1
leading	S	S7.1
leading-edge-technology	Y	Y1
leaf	A	A1.1.1
leafless	L	L3
leaflet	Q	Q1.2
leafleting	Q	Q1.2
leafy	L	L3
league	S	S5+c
leagues	S	S5+c
leak	A	A1.7
leakage	A	A1.7-/O1.2
leaked	A	A1.7
leaking	A	A1.7
lean	O	O4.2
leaner	O	O4.2
leaning	M	M6
leant	M	M6
leap	M	M1
leap-frogging	K	K5.1
leapfrog	K	K6/M1
leaping	M	M1
leapt	M	M1
learn	X	X2.3
learned	X	X2.3
learnedly	X	X2.2
learner	P	P1/S2mf
learner-centred	P	P1/S2mf
learner-focused	P	P1/S2mf
learners	P	P1/S2mf
learning	X	X2.3
learnt	X	X2.3
lease	I	I2.2
lease-price	I	I2.2
leased	I	I2.2
leasehold	I	I2.2
leaseholder	I	I2.2/S2mf
leash	O	O2
leasing	I	I2.2
least	A	A13.7
least-recognized	X	X2.2
leastwise	Z	Z4
leather	O	O1.1
leather-made	O	O1.1
leather-upholstered	O	O1.1
leathern	O	O1.1
leathers	B	B5
leave	K	K1/T1.3
leaver	I	I3.1-/S2mf
leavers	I	I3.1-/S2mf
leaves	L	L3
leaving	M	M1
lecherous	S	S3.2+/G2.2
lecture	Q	Q2.2
lecture-based	P	P1
lecture-centered	P	P1
lecture-style	P	P1
lecturer	P	P1/S2mf
lecturers	P	P1/S2mf
lectures-related	P	P1
lectureship	P	P1
lecturing	Q	Q2.2
led	S	S7.1
ledge	W	W3
ledger	Q	Q1.2
leek	F	F1
leeks	F	F1
leer	X	X3.4/E2
leering	X	X3.4/E2
leeway	A	A2.1
left	M	M6
left-hand	M	M6
left-hander	O	O4.2/S2mf
left-wing	G	G1.2
left-winger	G	G1.2/S2mf
left-wingers	G	G1.2/S2mf
lefthanded	B	B1/M6
lefties	G	G1.2/S2mf
leftist	G	G1.2/S2mf
leftover	F	F1
leftovers	F	F1
leftwards	M	M6
leftwing	G	G1.2
lefty	G	G1.2/S2mf
leg	B	B1
leg-up	S	S8
legacies	A	A9
legacy	A	A9+/I1.1
legal	G	G2.1
legal/administrative	G	G2.1/S7.1
legalise	G	G2.1
legalising	G	G2.1
legalism	G	G2.1
legalistic	G	G2.1
legality	G	G2.1
legally	G	G2.1
legals	G	G2.1
legate	G	G1.1/S2mf
legates	G	G1.1/S2mf
legend	S	S9/Q2.1
legendary	X	X2.2
legends	S	S9/Q2.1
legged	B	B1
leggings	B	B5
leggo	Z	Z3c
leggy	O	O4.1
legibility	Q	Q1.2
legible	Q	Q1.2
legislate	G	G2.1
legislated	G	G2.1
legislating	G	G2.1
legislation	G	G2.1
legislative	G	G2.1
legislator	G	G2.1/S2mf
legislature	G	G1.1c
legit	G	G2.1
legitimacy	G	G2.2
legitimate	G	G2.2
legitimately	G	G2.2
legitimatise	G	G2.1+/A2.2
legitimatises	G	G2.1+/A2.2
legitimise	G	G2.1+/A2.2
legitimised	G	G2.1+/A2.2
legitimize	G	G2.1+/A2.2
legitimized	G	G2.1+/A2.2
legitimizing	G	G2.1+/A2.2
legless	F	F2
legs	B	B1
legwork	A	A1.1.1
leisure	K	K1
leisure-time	K	K1/T1.3
leisurely	N	N3.8
leisurewear	B	B5
leitmotif	X	X4.1
lemma	Q	Q3
lemon	O	O4.3
lemon-lime	F	F2
lemon-yellow	O	O4.3
lemonade	F	F2
lemons	F	F1
lemony	L	L3
lend	A	A9
lender	A	A9-/S2mf
lending	A	A9
length	N	N3.7
lengthen	N	N3.7+/A2.1
lengthened	N	N3.7+/A2.1
lengthening	N	N3.7+/A2.1
lengthens	N	N3.7+/A2.1
lengthways	M	M6
lengthwise	N	N3.7
lengthy	T	T1.3
leniency	S	S1.2.1
lenient	A	A1.7
leniently	A	A1.7
leninism	G	G1.2/X2.1
lenity	E	E3
lens	O	O2
lense	B	B1
lenses	B	B1
lent	A	A9
lentil	F	F1
lentils	F	F1
leopard	L	L2
leotards	B	B5
leprosy	B	B2
lesbian	S	S3.2/B1
lesbianism	S	S3.2/S2.1
lesi	S	S3.2/S2.1f
less	N	N5
lessee	I	I2.2/S2mf
lessen	N	N5-/A2.1
lessened	N	N5-/A2.1
lesser	N	N3.2
lesser-known	X	X2.2
lesson	P	P1
lessor	H	H4/S2mf
lest	A	A1.3
let	I	I2.2/H1
let-down	E	E4.2
letdown	E	E4.2
lethal	L	L1
lethargic	X	X5.2
lethargy	B	B2
letter	Q	Q1.2
letterbox	H	H2
letterhead	Q	Q1.2
letterheads	Q	Q1.2
lettering	Q	Q1.2
letting	S	S7.4
lettuce	F	F1
leukaemia	B	B2
leukaemic	B	B2-/S2mf
leukaemics	B	B2-/S2mf
leukemia	B	B2
level	O	O4.4
leveling	O	O4.4
levelled	O	O4.4
leveller	A	A6.1+/A2.1
levellers	S	S9/S2mf
levelling	O	O4.4
lever	O	O2
leverage	M	M2
leverageable	M	M2
leveraged	M	M2
levied	G	G1.1/A9
levies	G	G1.1/A9
levitate	M	M5
levitating	M	M1
levity	E	E4.1
levy	G	G1.1/I1.1
levying	G	G1.1/I1.1
lewd	G	G2.2
lexica	Q	Q3
lexical	Q	Q3
lexicographer	Q	Q3/S2mf
lexicon	Q	Q3
li-san	Z	Z1
liabilities	A	A1.5.2
liability	A	A1.5.2
liable	G	G2.1
liaise	S	S1.1.2
liaising	S	S1.1.2
liaison	S	S1.1.2
liar	A	A5.2-/S2mf
lib	G	G1.2
libel	Q	Q1.2/A5.2
libelled	Q	Q1.2/A5.2
libellous	Q	Q1.2/A5.2
liberal	G	G1.2/S2mf
liberal-minded	S	S7.4+/A1.7
liberal-thinking	S	S7.4+/A1.7
liberal/lax	A	A1.7-/A1.3
liberalisation	A	A1.7
liberalise	A	A1.7-/A2.1
liberalised	A	A1.7
liberalism	G	G1.2
liberalization	A	A1.7
liberally	N	N5
liberate	A	A1.7
liberated	A	A1.7
liberating	A	A1.7
liberation	A	A1.7
libertarian	G	G1.2/S2mf
libertarians	G	G1.2/S2mf
libido	S	S3.2
librarian	Q	Q4.1/S2mf
library	Q	Q4.1/H1c
libretto	Q	Q3/K2
lice	L	L2mfn
licence	G	G1.1/Q1.2
licence-holder	G	G1.1/S7.4+/S2mf
licenced	G	G1.1/Q1.2
license	G	G1.1/Q1.2
licensed	G	G1.1/Q1.2
licensee	G	G1.1/S7.4+/S2mf
licensing	G	G1.1/Q1.2
licentiate	P	P1/S2mf
licentious	G	G2.2
licentiousness	G	G2.2
lichen	L	L3
lick	B	B1
licking	B	B1
licorice	F	F1
lid	O	O2
lie	A	A5.2
lied	A	A5.2
lien	I	I2.2
lies	A	A5.2
lieu	A	A6.1
lieutenant	G	G3/S7.1+/S2mf
life-change	A	A2.1
life-course	L	L1+/T1.3
life-force	L	L1
life-long	T	T1.3
life-related	L	L1
life-saving	L	L1/S8
life-threatening	L	L1/S8
life-time	T	T1.3
life-world	L	L1+/X3
lifeblood	A	A11.1
lifeboat	M	M4fn
lifeboatman	M	M4/S2m
lifecourse	L	L1+/T1.3
lifecycles	T	T1.3
lifeguard	M	M4/A15+/I3.2/S2mf
lifeless	L	L1
lifelike	L	L1+/A6.1
lifeline	S	S8
lifelong	T	T1.3
lifer	G	G2.1-/S2mf
lifespan	T	T1.3
lifestyle	S	S1.1.1
lifetime	T	T1.3
lifeworld	L	L1+/X3
lift	O	O2/M2
lifter	M	M2/S2mf
lifting	M	M2
ligament	B	B1
ligaments	B	B1
light	W	W2
light-blue	O	O4.3
light-colored	O	O4.3
light-headed	B	B2
light-hearted	E	E4.1
light-heartedness	E	E4.1
lighten	O	O4.3
lightening	W	W4
lighter	W	W2
lighthearted	E	E4.1
lightheartedness	E	E4.1
lighthouse	W	W2/H1/M4
lighting	W	W2
lightly	N	N6
lightness	W	W2
lightning	W	W2/W4
lights	W	W2
lightweight	N	N3.5
lignite	O	O1.1
likable	O	O4.2
like	Z	Z5
like-minded	A	A6.1+/X2.1
likeable	E	E2
liked	E	E2
likelihood	A	A7
likely	A	A7
liken	A	A6.1
likened	A	A6.1
likeness	A	A6.1
likes	A	A6.1
likewise	A	A6.1
liking	E	E2
lilac	O	O4.3
lilies	L	L3
lilos	M	M4
limb	B	B1
limber	G	G3
limbo	A	A7
lime	F	F1
lime-green	O	O4.3
limed	O	O4.1
limelight	X	X5.1
limestone	O	O1.1
limit	N	N5.1
limitation	A	A1.7
limited	N	N5
limiting	A	A1.7
limitless	A	A1.7
limits	A	A1.7
limo	M	M3fn
limousine	M	M3fn
limousines	M	M3fn
limp	O	O4.5
limpet	L	L3
limping	B	B2
linchpin	A	A11.1
line	A	A1.1.1
line-drawn	C	C1
line-out	K	K5.2
line-up	K	K5.1/S5
linear	N	N4
lined	O	O4.1
linens	O	O1.1
liner	M	M4fn
linesman	K	K5.2/S2.2m
linger	M	M8
lingerie	B	B5
lingering	M	M8
lingo	Q	Q3
lingua	Q	Q3
linguist	Q	Q3/S2mf
linguistic	Q	Q3
linguistically	Q	Q3
linguistics	Q	Q3
lining	B	B5
link	A	A2.2
link-up	A	A2.2
linkable	A	A2.2
linkage	A	A2.2
linked	A	A2.2
linking	A	A2.2
links	A	A2.2
lino	O	O1.1
linoleum	O	O1.1
linseed	L	L3
lintel	H	H2
lion-tamer	K	K1
lioness	L	L2f
lionesses	L	L2fn
lions	L	L2mfn
lip	B	B1
lipoprotein	B	B1/O1
lipoproteins	B	B1/O1
lipped	O	O4.1
lips	B	B1
lipsalve	B	B4
lipstick	B	B4
lipsticked	B	B4
liqueur	F	F2
liquid	O	O1.2
liquidate	T	T2
liquidation	E	E3/L1
liquidiser	F	F1/O3
liquidity	I	I1
liquor	F	F2
liquorice	F	F1
lira	I	I1
lire	I	I1
lisp	Q	Q2.2/B2
lissome	O	O4.2
list	Q	Q1.2
listed	Q	Q1.2/N4
listen	X	X3.2
listenable	O	O4.2+/X3.2
listened	X	X3.2
listener	X	X3.2/S2mf
listeners	X	X3.2/S2mf
listening	X	X3.2
listing	Q	Q1.2
listless	X	X5.2
listlessly	X	X5.2
lists	Q	Q1.2
lit	O	O4.6
literal	Q	Q3
literally	A	A13.2
literary	Q	Q4.1
literate	Q	Q3
literately	Q	Q3
literati	P	P1/S2mf
literature	Q	Q4.1
lithe	O	O4.2
litho	C	C1
lithograph	Q	Q1.2
litigate	G	G2.1
litigation	G	G2.1
litigator	G	G2.1/S2mf
litigators	G	G2.1/S2
litigious	G	G2.1
litre	N	N3.4
litres	N	N3.4
litter	O	O4.2
litterbin	X	X7-/O2
littered	N	N5
little	N	N5
little-known	X	X2.2
littler	N	N3.2
littlest	N	N3.2
liturgical	S	S9
liturgy	S	S9
livable	H	H4
live	L	L1
liveable	H	H4
lived	H	H4
livelihood	I	I3.1
lively	X	X5.2
liven	X	X5.2
livens	X	X5.2
liver	B	B1
livery	B	B5
livestock	F	F4
livid	E	E3
living	H	H4
living-room	H	H2
lo	Z	Z1
load	M	M2
loaded	N	N5
loader	O	O2
loading	N	N5
loadstone	O	O2
loadstones	O	O2
loaf	F	F1
loafer	B	B5
loafers	B	B5
loafing	X	X5.2
loam	W	W3
loan	A	A9
loaned	A	A9
loaner	I	I1.2/S2mf
loaning	A	A9
loans	A	A9
loath	X	X7
loathe	E	E2
loathed	E	E2
loathing	E	E2
loathsome	E	E2
lob	M	M2
lobby	H	H2
lobbying	G	G1.2
lobbyist	G	G1.2/S2mf
lobelia	L	L3
lobster	L	L2
local	H	H3/S2mf
local(ish)	M	M7
locale	M	M7
localise	N	N3.3
localised	N	N3.3
localism	Q	Q3/M7
localisms	Q	Q3/M7
localities	M	M7
locality	M	M7
localized	M	M8
locally	N	N3.3
locally-based	N	N3.3
locate	M	M6
located	M	M6
location	M	M7
loch	W	W3/M4
lock	O	O2
lock-on	G	G3
lock-up	H	H1
locked	A	A1.7
locker	H	H5
lockers	H	H5
locking	A	A1.7
locksmith	C	C1/S2mf
lockstep	M	M1
locomotion	M	M3
locomotive	M	M1
lodge	H	H1
lodger	H	H4/S2mf
lodging	H	H4
lodgings	H	H4
loft	L	L2/H4
loftiest	S	S1.2.3
lofty	S	S1.2.3
log	Q	Q1.2
loganberries	F	F1
loganberry	F	F1
logarithm	N	N2
logarithms	N	N2
logbook	Q	Q1.2/M3
loggerhead	A	A6.1
loggerheads	A	A6.1
logging	Q	Q1.2
logic	X	X2.1
logical	X	X2.1
logically	X	X2.1
logistical	A	A1.1.1
logistically	A	A1.1.1
logistics	A	A1.1.1c
logo	C	C1/Q1.1
loin	F	F1
loiter	M	M8
loitering	M	M8
lol	E	E4.1+/X3.2
loll	M	M1
lolling	M	M1
lollipop	M	M3
lolly	F	F1
lone	N	N5
loneliness	S	S5
lonely	S	S5
loner	S	S5-/S2mf
long	X	X7
long-	T	T1.3
long-awaited	X	X2.6/T1.3
long-distance	N	N3.3
long-established	T	T3
long-existing	T	T1.3
long-hand	Q	Q1.2
long-haul	M	M3/N3.3
long-held	X	X2.1/T1.3
long-hours	T	T1.3
long-lasting	T	T2
long-lost	A	A9
long-product	O	O2
long-range	G	G3/N3.3
long-run	T	T1.3
long-running	T	T1.3
long-simmering	T	T3
long-standing	T	T2
long-stay	M	M8/T1.3
long-suffering	E	E3
long-term	T	T1.3
long-time	T	T1.3
long-undetected	A	A10-/T1.3
longbow	G	G3
longdong	Z	Z2
longer	T	T1.3
longer-dated	T	T1.3
longer-stay	M	M8/T1.3
longer-term	T	T1.3
longest	T	T1.3
longevity	L	L1/T3
longhaired	O	O4.1
longhand	Q	Q1.2
longhouses	H	H1
longingly	X	X7
longish	N	N3.7
longitude	W	W3
longitudinally	M	M6
longtime	T	T1.3
look-alike	A	A6.1+/S2mf
look-in	S	S1.1.3
look-out	X	X3.4/S2mf
lookalike	A	A6.1+/S2mf
looked	A	A8
looker	O	O4.2+/S2.1f
lookie	X	X3.4
looking	A	A8
looking-glass	O	O2
lookup	Y	Y2
loom	T	T1.1.3
looming	N	N3.2
loony	S	S1.2.6
loophole	G	G2.1
loopy	B	B2-/X1
loose	A	A1.7
loose-fitting	O	O4.1/B5
loose-leaf	O	O4.1/Q1.2
loosely	A	A1.7
loosen	A	A1.7
loosened	A	A1.7
looter	G	G2.1-/S2mf
looters	G	G2.1-/S2mf
looting	G	G2.1
lop	A	A1.1.1
lopped	A	A1.1.1
lopsided	O	O4.4
loquacious	Q	Q2.1/N5
loquacity	Q	Q2.1
lord	S	S7.1+/S2.2m
lording	S	S7.1
lore	L	L2
lorry	M	M3fn
los	Z	Z5
lose	X	X9.2
lose-lose	X	X9.2
loser	X	X9.2-/S2mf
losers	X	X9.2-/S2mf
losing	X	X9.2
loss	I	I1.2
loss-adjuster	I	I1.2/A2.1+/S2mf
loss-adjusters	I	I1.2/A2.1+/S2mf
loss-leader	A	A9-/S7.1
loss-making	I	I1.2
lossage	I	I1.2
lost	X	X9.2
lot	N	N5
lotion	B	B4
lots	N	N5
lotsa	N	N5
lotta	N	N5
lottery	K	K1/A1.4
lotto	K	K1/A1.4
loud	X	X3.2
louder	X	X3.2
loudly	X	X3.2
loudness	X	X3.2
loudspeaker	O	O3
lounge	X	X5.2
lounger	H	H5/K1
lounger-diner	H	H2
loungers	H	H5/K1
lounging	K	K1
louse	L	L2
lousily	A	A5.1
lousy	A	A5.1
lout	E	E3-/S2mf
lovable	O	O4.2
love	S	S3.2
love-hate	A	A7
love-life	S	S3.2
love-making	S	S3.2
love/hate	E	E2
loved	E	E2
lovely	O	O4.2
lover	S	S3.2/S2mf
lovesong	K	K2/S3.2
lovey	K	K4/S2mf
loving	E	E2
lovingly	E	E2
low	L	L2/Q2.1
low-ability	X	X9.1/N5
low-activity	A	A1.1.1/N5
low-alcohol	F	F2
low-calorie	N	N3/F1
low-cost	I	I1.3
low-cut	B	B5/O4.1
low-down	A	A5.1
low-end	A	A5.1
low-fat	O	O1/N5
low-heeled	B	B5
low-key	A	A11.1
low-level	M	M6
low-lying	O	O4.1
low-pressure	O	O4.1/N5
low-profile	A	A11.1
low-tech	Y	Y2
low-value	I	I1.3
low-wage	I	I1.1
lowdown	Q	Q2.1
lower	M	M6
lower-end	A	A5.1
lower-income	I	I1.1
lower-middle	S	S7.1
lower-priced	I	I1.3
lower-profile	A	A11.1
lower-risk	A	A15
lowered	M	M2
lowering	W	W4
lowest	N	N3.7
lowest-cost	I	I1.3
lowest-paid	I	I1.1
lowland	Z	Z2
lowlander	M	M7/S2mf
lowly	S	S7.1
loyal	S	S6
loyalist	S	S6++/S2mf
loyally	S	S6
loyalties	S	S6
loyalty	S	S6
lozenge	B	B3/F1
lubricant	O	O4.5
lubricate	O	O4.5
lubrication	O	O4.5
lucid	A	A10
lucidly	A	A10
luck	A	A1.4
luckily	A	A1.4
luckless	A	A1.4
lucky	A	A1.4
lucrative	I	I1.1
lucre	I	I1
ludicrous	S	S1.2.6
lug	B	B1
luggage	B	B5
lugging	M	M2
lukewarm	O	O4.6
lull	N	N5
lullaby	K	K2
lumber	L	L3
lumbered	M	M1/N3.8
lumbering	M	M1/N3.8
lumberjack	I	I3.1/F4/S2mf
lumey	Z	Z4
luminary	X	X9.1
luminous	O	O4.3
lump	A	A1.8
lumping	G	G2.2
lumpings	G	G2.2
lumpy	O	O4.5
lunacy	S	S1.2.6
lunar	W	W1
lunatic	B	B2-/X1
lunatics	B	B2-/S2mf
lunch	F	F1
lunch-time	F	F1/T1.3
luncheon	F	F1
lunchtime	F	F1/T1.3
lunchtimes	F	F1/T1.3
lung	B	B1
lunge	L	L2
lunges	L	L2
lurch	M	M1
lure	X	X5.2
lurid	A	A5.1
lurk	A	A10
lurking	A	A10
lush	O	O4.2
lust	S	S3.2
luster	W	W2
lustful	S	S3.2
lustre	W	W2
lusty	X	X5.2
lute	K	K2
luv	E	E2
luvvly	O	O4.2
luxuriate	E	E2
luxuriated	E	E2
luxuries	O	O4.2
luxurious	O	O4.2
luxury	O	O4.2
lycra	O	O1.1
lying	M	M1
lymph	B	B1
lymphatic	B	B1
lymphatics	B	B1
lynch-pin	O	O2
lynched	G	G2.1
lynx-eyed	O	O4.1
lyre	K	K2
lyrical	Q	Q3
lyricism	E	E1
lyricist	Q	Q4.1/S2mf
lyrics	Q	Q3
lysteria	B	B2
ma	S	S4f
ma'am	S	S2.1f
mac	B	B5
macabre	O	O4.2
macaroni	F	F1
macerate	A	A1.1.2
macerated	A	A1.1.2
mach	N	N3.8
machete	O	O2
machinations	G	G2.2
machine	O	O2
machine-assisted	Y	Y1
machine-readable	Y	Y2
machinegun	G	G3
machineguns	G	G3
machinery	O	O2
machinist	I	I4/S2mf
machismo	S	S2.2/S1.2.3
macho	S	S2.2/S1.2.3
machoness	S	S2.2/S1.2.3
macing	A	A1.1.1
mackerel	L	L2mfnc
macrame	C	C1
macramé	C	C1
macro-economic	I	I2.1
macro-engineering	Y	Y1
macrophage	B	B1
macrophages	B	B1
mad	B	B2-/X1
madam	S	S2.1f
madatory	S	S6
madden	E	E3
maddening	E	E3
maddens	E	E3
made	A	A1.1.1
madhead	S	S1.2.6-/S2mf
madhouse	B	B3/H1
madly	X	X5.2
madman	S	S1.2.6-/S2.2m
madmen	S	S1.2.6-/S2.2m
madness	B	B2-/X1
maelstrom	X	X2.5
mafia	G	G2.1-c
magalog	Q	Q4.1
magalogs	Q	Q4.1
magazine	Q	Q4.2
magazine-catalog	Q	Q4.1
magazine-like	Q	Q4.2
magazine/catalog	Q	Q4.1
magaziney	Q	Q4.2
magenta	O	O4.3
magic	S	S9
magical	S	S9
magically	S	S9
magician	K	K4/S2mf
magicians	K	K4/S2mf
magistrate	G	G2.1/S2mf
magnanimity	S	S1.2.2
magnanimous	S	S1.2.2
magnate	X	X9.2+/I2.1/S2.2m
magnates	X	X9.2+/I2.1/S2.2m
magnesium	O	O1
magnet	O	O2
magnetic	O	O4.1
magnetism	O	O4.1
magnification	N	N3.2+/A2.1
magnificence	A	A5.1
magnificent	A	A5.1
magnificently	A	A5.1
magnified	N	N3.2+/A2.1
magnifier	O	O2/N3.2
magnifiers	O	O2/N3.2
magnify	N	N3.2+/A2.1
magnifying	N	N3.2+/A2.1
magnitude	N	N3.2
magnolia	L	L3
magnolias	L	L3
magra	K	K3
mags	Q	Q4.2
maharajah	S	S7.1
mahogany	O	O4.3
maid	I	I3.1/B4/S2.1f
maiden	T	T2
maids	I	I3.1/B4/S2.1f
mail-in	Q	Q1.2
mail-order	I	I2.2/Q1.2
mailer	Q	Q1.2/O3
mailing	Q	Q1.2
mails	Q	Q1.2
mailshot	Q	Q1.2
mailshotting	Q	Q1.2
maim	A	A1.1.2
maimed	A	A1.1.2
mainframe	Y	Y2
mainland	W	W3
mainline	M	M3
mainlining	F	F3
mainly	A	A13.2
mainmast	M	M4/O2
mains	O	O3
mainsail	M	M4
mainsailing	M	M4
mainstay	A	A11.1
mainstream	A	A6.2
maintain	A	A9
maintainable	T	T2
maintained	A	A9
maintaining	A	A9
maintenance	A	A1.1.1
maintenence	A	A1.1.1
mais	Z	Z5
maisonette	H	H1
maitre	F	F1/S2m
maize	F	F1
majesty	O	O4.2
major	A	A11.1
majorative	N	N5
majoring	P	P1
majority	N	N5+++c
majorly	A	A13.3
make	A	A1.1.1
make-believe	A	A5.4
make-or-break	X	X9.2
make-up	B	B4
makeover	B	B4
makeovers	B	B4
maker	A	A1.1.1/S2mf
makeshift	T	T1.3/A5.1
makeup	B	B4
making	A	A1.1.1
malabsorption	A	A2.1-/O1
maladies	B	B2
maladjusted	S	S1.2/A5.1
maladjustment	S	S1.2/A5.1
malady	A	A12
malaise	E	E6
malaria	B	B2
malarkey	Q	Q2.1/S1.2.6
male	S	S2.2
male-dominated	S	S2.2/S7.1
male-oriented	S	S2.2
malevolent	G	G2.2
malfeasance	G	G2.1
malfeasant	G	G2.1/S2mf
malfeaser	G	G2.1/S2mf
malfunction	A	A1.1.2
malfunctions	A	A1.1.2
malicious	E	E3
maliciously	E	E3
malign	A	A1.1.2
malignancy	B	B2
malignant	B	B2
malignity	G	G2.2
mall	I	I2.2/H1c
mallard	L	L2
mallards	L	L2
malleable	O	O4.5
mallet	O	O2
malnutrition	F	F1/N5
malocclusion	B	B2
malocclusions	B	B2
malpractice	I	I3.2/G2.1
malt	F	F1
malt-based	O	O4.1
maltreatment	E	E3
mama	S	S4f
mammal	L	L2
mammals	L	L2mfn
mammoth	L	L2mfn
man	S	S2.2m
man-hours	I	I3.1
man-made	O	O4.1
man-to-man	S	S5
manacles	O	O2
manage	S	S7.1
manageable	A	A12
managed	S	S7.1
management	S	S7.1+c
management-style	S	S7.1
manager	S	S7.1+/S2mf
manageress	S	S7.1
managerial	S	S7.1
managerially	S	S7.1
managers	S	S7.1+/S2mf
managing	S	S7.1
manana	T	T1.1.3
mandarin	F	F1
mandate	S	S7.1
mandatory	S	S6
mandolin	K	K2
mane	L	L2/B1
maneuver	M	M1
manfully	E	E5
manganese	O	O1.1
manger	O	O2/F4
mangle	B	B4/O2
manhandled	A	A1.1.1/S7.1
manhole	O	O2
manhood	S	S2.2
manhunt	X	X2.4
mania	B	B2-/X1
maniac	S	S1.2.6-/S2mf
maniast	Q	Q4.3
manic	X	X5.2
manic-depressive	B	B2-/X1
manicured	B	B4
manifest	A	A10
manifestation	A	A10
manifestly	A	A11.2
manifesto	Q	Q1.2/X7
manifold	A	A6.3
manipulate	A	A2.1+/G2.2
manipulating	A	A2.1+/G2.2
manipulation	A	A2.1+/G2.2
manipulative	S	S7.1
mankind	S	S2
manky	O	O4.2
manly	S	S2.2
manmade	O	O4.1
manna	F	F1/S9
manned	I	I3.1
manner	S	S1.1.1
mannered	S	S1.2.4
mannerism	S	S1.2
mannerisms	S	S1.2
mannerly	S	S1.2.4
manoeuvering	M	M1
manoeuvrability	M	M1
manoeuvrable	M	M1
manoeuvre	M	M1
manors	H	H1c
manservant	S	S7.1-/S2.2m
mansion	H	H1
manslaughter	L	L1
mantelpiece	H	H5
mantle	B	B5
mantlepiece	H	H5
mantra	Q	Q2.2/S9
manual	Q	Q4.1/P1
manually	A	A1.1.1
manually-driven	A	A1.1.1
manuals	Q	Q4.1/P1
manufacture	A	A1.1.1
manufactured	O	O2
manufacturer	A	A1.1.1/S2mfc
manufacturing	A	A1.1.1
manure	L	L2/B1
manuscript	Q	Q1.2
manuscripts	Q	Q1.2
many	N	N5
many-contoured	O	O4.1
many-mouthed	Q	Q2.1/N5.2
map	Q	Q1.2/W3
maple	L	L3
mapped	Q	Q1.2/W3
mapping	Q	Q1.2/W3
marachas	K	K2
marathon	K	K5.1
marble	O	O1.1
marbles	O	O2
marbling	O	O4.3
marched	M	M1
marches	M	M1
marching	M	M1
mardy	A	A12
mare	L	L2fn
marg	F	F1
margarine	F	F1
margariney	F	F1
margarita	F	F2
marge	F	F1
margin	N	N5
marginal	A	A11.2
marginalise	A	A11.1
marginalised	A	A11.1
marginality	A	A11.1
marginalization	A	A11.1
marginally	A	A13.5
margined	I	I1.1/I2.2
margins	N	N5
mariage	S	S4
marigold	L	L3
marigolds	L	L3
marihuana	F	F3
marijuana	F	F3
marinate	F	F1
marinated	F	F1
marine	G	G3/M4/S2mf
mariner	M	M4/S2mf
mariners	M	M4/S2mf
marionette	K	K6
marital	S	S4
mark-sheet	Q	Q1.2/A5/P1
mark-up	Y	Y2/Q3
markdowns	I	I1.3
marked	A	A11.2
markedly	A	A11.2
marker	O	O2/M6
markers	O	O2/M6
market	I	I2.2
market-based	I	I2.2
market-conscious	I	I2.2
market-makers	I	I2.2/S2mf
market-oriented	I	I2.2
market-stall	I	I2.2/H5
market-town	M	M7
marketability	I	I2.2
marketable	I	I2.2
marketed	I	I2.2
marketer	I	I2.2/S2mf
marketing	I	I2.2
marketing-related	I	I2.2
marketing-wise	I	I2.2
marketingy	I	I2.2
marketplace	I	I2.2/M7
marking	O	O4.2
marksheet	Q	Q1.2/A5/P1
marksheets	Q	Q1.2/A5/P1
marksman	G	G3/S2.2m
markup	I	I1.3+/A2.1
marmalade	F	F1
maroon	O	O4.3
maroony	O	O4.3
marquee	H	H1
marquess	S	S7.1+/S2.1f
marquesses	S	S7.1+/S2.1f
marriage	S	S4
marriageable	S	S4
marriages	S	S4
married	S	S4
marrow	B	B1
marry	S	S4
marrying	S	S4
marshalling	G	G3
marshland	W	W3
marshy	W	W3
martinet	A	A1.7+/S2mf
martingale	O	O2/L2
martingales	O	O2/L2
martyr	S	S9/S2mf
martyrdom	S	S9
martyred	L	L1-/S9
marvellous	A	A5.1
marvellously	A	A5.1
marvelous	A	A5.1
marvelously	A	A5.1
marxism	G	G1.2/X2.1
marxist	G	G1.2/S2mf
marxist-leninist	G	G1.2/S2mf
marxists	G	G1.2/S2mf
marzipan	F	F1
mascara	B	B4
mascot	L	L2mfn
masculine	S	S2.2
masculine-looking	S	S2.2
masculinity	S	S2.2
mash	F	F1
mask	O	O2
masked	A	A10
masking	A	A10
masks	B	B5
masochistic	E	E4.1-/E2
masochists	E	E4.1-/E2/S2mf
mason	I	I3.2/H1/S2mf
masonry	H	H1
masquerade	A	A5.2
mass	N	N5
mass-market	I	I2.2
mass-marketing	I	I2.2
mass-merchant	I	I2.2
mass-produced	A	A1.1.1/N5
massacre	L	L1
massacred	L	L1
massage	B	B3
massaging	B	B3
masses	N	N5
massing	N	N5
massive	N	N3.2
massively	N	N5
mast	H	H2/M4
mast-head	H	H2/M4
mastectomy	B	B3
master	S	S7.1+/S2.2m
mastered	X	X9.1
masterful	S	S7.1
mastering	X	X9.1
masterly	A	A5.1
masterpiece	C	C1
masterplan	X	X7
mastertape	K	K3
mastery	X	X9.1
mastic	O	O1
mastick	O	O1
mastiff	L	L2
mastiff-dog	L	L2
masts	H	H2/M4
masturbation	B	B1
mat	H	H5
match	K	K5.1
matchbox	O	O2
matched	A	A6.1
matching	A	A6.1
matchless	A	A5.1
matchmaker	S	S3.2/S2mf
matchmakers	Z	Z3
matchstick	O	O2
mate	S	S3.1/S2.2m
matelot	M	M4/S2.2m
matelots	M	M4/S2.2m
material	A	A1.6
materialise	A	A3
materialism	A	A1.6
materialist	A	A9
materialistic	A	A9
materialize	A	A3
materialized	A	A3
materializes	A	A3
materially	A	A1.6
materials	O	O1
maternal	S	S4
maternity	S	S4
matey	S	S2.2m
mateyness	S	S1.2.1
mateys	S	S2.2m
mathematical	N	N2
mathematically	N	N2
mathematician	N	N2/S2mf
mathematics	N	N2
mathophobic	N	N2/E2
maths	N	N2
matin	S	S9
matinee	K	K4
mating	S	S3.2
matins	S	S9
matriarchal	S	S4
matrilineal	S	S4/S2.1
matrimonial	S	S4
matrix	S	S1.1.1
matron	B	B3/S2.1f
matronly	T	T3+/O4.2
matter	A	A11.1
matter-of-fact	S	S1.2.6
mattered	A	A11.1
matting	O	O2/H5
mattock	B	B5
mattress	H	H5
maturation	N	N3.2+/A2.1
mature	T	T3
matured	T	T3+/A2.1
maturer	T	T3+/A2.1mfn
maturity	T	T3
maudlin	E	E1
maul	A	A1.1.2
mauled	A	A1.1.2
mauling	A	A1.1.2
mauve	O	O4.3
mavens	X	X2.2+/S2mf
maverick	S	S5
maxi	N	N5.1
maxilla	B	B1
maxilo-facial	B	B1
maxim	X	X4.1
maximalist	N	N5.1
maximalists	N	N5.1+/S2mf
maximisation	N	N5.1
maximise	N	N5.1
maximiser	N	N5.1
maximises	N	N5.1
maximize	N	N5.1
maximizes	N	N5.1
maximum	N	N5.1
maybe	A	A7
maybes	A	A7
mayhem	E	E3
mayonnaise	F	F1
maze	M	M7
mazurka	K	K2
maître	F	F1/S2.2m
mcaans	Z	Z3c
me	Z	Z8mf
me-generation	S	S1.2.3
me-too	S	S1.1.3
meadow	W	W3/L3
meagre	N	N5
meal	F	F1
meal-break	T	T1.3/F1
mealtime	F	F1/T1.3
mean	Q	Q1.1
mean-spirited	E	E3
meander	M	M1
meanders	M	M1
meaning	X	X2.1
meaningful	A	A11.1+/Q1.1
meaningfully	A	A11.1+/Q1.1
meaningless	A	A11.1-/Q1.1
meanness	S	S1.2.2
means	X	X4.2
meant	Q	Q1.1
meantime	T	T1.1.2
meanwhile	T	T1.1.2
meany	S	S1.2.2
measles	B	B2
measly	N	N3.2
measurable	N	N3.1
measure	N	N3.1
measured	N	N3.1
measureful	N	N3.4
measurefuls	N	N3.4
measurement	N	N3.1
measuring	N	N3.1
meat	F	F1
meatier	F	F1
meaty	F	F1
mecano	K	K6
mech.	Y	Y1
mechanic	O	O2/S2mf
mechanical	O	O2
mechanicalised	O	O2
mechanically	O	O2
mechanics	S	S2/O2mf
mechanisation	O	O3
mechanise	O	O3
mechanism	O	O2
mechanistic	Y	Y1
mechanization	O	O3
medal	O	O2
medallions	O	O2
medallist	X	X9.2+/S2mf
meddle	S	S1.1.3
meddler	S	S1.1.3+++/S2mf
meddlers	S	S1.1.3+++/S2mf
meddlesome	S	S1.1.3
meddling	S	S1.1.3
media	Q	Q4c
media-buying	I	I2.2/Q4
mediaeval	T	T1.1.1
median	N	N2
medias	Q	Q4
mediate	T	T1.1.2
mediating	T	T1.1.2
mediation	S	S8
mediative	S	S1.1.1
mediator	T	T1.1.2/S2mf
mediators	T	T1.1.2/S2mf
medic	B	B3/S2mf
medical	B	B3
medically	B	B3
medicate	B	B3
medicated	B	B3
medication	B	B3
medicinal	B	B3
medicine	B	B3
medicines	B	B3
medics	B	B3/S2mf
medieval	T	T1.1.1
mediocre	A	A5.1
mediocrity	A	A5.1
meditate	X	X2.1
meditating	X	X2.1
meditative	X	X2.1
medium	N	N3.2
medium-	N	N3.2
medium-cost	I	I1.3
medium-heeled	B	B5
medium-high	N	N3.7
medium-sized	N	N3.2
medium-term	T	T1.3
medley	K	K2
meek	S	S1.2.3
meekly	S	S1.2.3
meet	A	A1.2
meeting	S	S1.1.3
mega	N	N3.2
mega-giant	N	N3.2+/S5
mega-giants	N	N3.2+/S5
mega-high	N	N3.7
mega-projects	X	X7+/N3.2
mega-sale	I	I2.2/N5
mega-sales	I	I2.2/N5
mega-successful	X	X9.2
megabit	Y	Y2
megabuck	I	I1.1
megabudget	I	I1.1
megabyte	Y	Y2
megabytes	Y	Y2
megadrive	Y	Y2
megalomaniac	S	S7.1+/S2mf
megamerger	S	S5
megaphone	K	K3
megaportal	Y	Y2
megastar	A	A11.1+/S2mf
melamine	O	O1
melancholy	E	E4.1
melba	F	F1
melbas	F	F1
melding	A	A2.1
mellow	O	O4.3
mellowed	E	E3+/A2.1
mellower	O	O4.3
melodic	K	K2
melodrama	K	K4
melodramatic	E	E1/N5.2
melody	K	K2
melon	F	F1
melt	A	A2.1
meltdown	Y	Y1
melted	O	O4.6
melting	O	O4.6
melts	O	O4.6
melty	O	O4.5
member	S	S5+/S2mf
member-state	S	S5+/G1.2
member-states	S	S5+/G1.2
membership	S	S5+c
membrane	B	B1
memento	O	O2/X2.2
mementos	O	O2/X2.2
memo	Q	Q1.2
memoir	Q	Q4.1
memoirs	Q	Q4.1
memorabilia	T	T1.1.1/O2
memorable	X	X2.2
memorably	A	A11.2
memoranda	Q	Q1.2
memorandum	Q	Q1.2
memorisation	X	X2.2
memorise	X	X2.2
memorising	X	X2.2
memorize	X	X2.2
memorized	X	X2.2
memory	X	X2
men	S	S2.2m
menace	E	E5
menacing	E	E5
menagerie	L	L2
mend	A	A5.1+/A2.1
mended	O	O4.1
mender	A	A5.1+/A2.1/S2mf
menders	A	A5.1+/A2.1/S2mf
mending	A	A5.1+/A2.1
menfolk	S	S4m
menial	A	A1.1.1
meniscus	B	B1
menopause	B	B1
mens	S	S2.2m
menservants	S	S7.1-/S2.2m
menstrual	B	B1
menswear	B	B5
mental	X	X2
mentality	X	X2.1
mentally	X	X2
menthol	O	O1.1
mention	Q	Q2.1
mentioned	Q	Q2.1
mentioning	Q	Q2.1
mentionless	A	A11.1
mentor	Q	Q2.2
mentored	Q	Q2.2
mentoring	Q	Q2.2
menu	F	F1/Q1.2
menu-planning	F	F1
mercenaries	G	G3/S2mf
mercenary	G	G3/S2mf
merchandise	I	I2.2/O2
merchandises	I	I2.2/O2
merchandising	I	I2.2
merchant	I	I2.2/S2mf
merchantman	I	I2.2/M4
merchantmen	M	M4/S2.2m
merchants	I	I2.2/S2mf
mercifully	E	E4.2
merciless	G	G2.2
mercilessly	G	G2.2
mercurial	X	X2.6
mercy	G	G2.2
mere	A	A11.1
merely	A	A13.6
merge	S	S5
merged	S	S5
merger	S	S5
merger-happy	S	S5
merging	S	S5
meridian	W	W3
meridians	W	W3
merit	A	A5.1
meritocracy	X	X9.1+/S7.1
meritocratic	X	X9.1+/S7.1
mermaid	S	S9f
mermaids	S	S9f
merrily	E	E4.1
merriment	E	E4.1
merry	E	E4.1
merry-go-round	K	K6
meself	Z	Z8
mesh	A	A2.2
meshes	O	O2
meshing	A	A2.2
mesmerise	X	X5.2
mesmerised	X	X5.2
mesmerising	X	X5.2
mess	A	A1.1.1/A12
message	Q	Q1.1
messaging	Y	Y2
messed-up	O	O4.2
messenger	Q	Q2.1/S2mf
messing	A	A1.1.1/A12
messy	O	O4.2
met	S	S3.1
metabolic	B	B1
metabolism	B	B1
metadata	Y	Y2/X2.2
metal	O	O1.1
metal-bashing	I	I4
metalised	O	O1.1
metallic	O	O4.1
metallurgist	Y	Y1/O1.1/S2mf
metallurgy	Y	Y1/O1.1
metalness	O	O1
metalware	O	O1.1
metalwork	C	C1
metalworks	I	I4/H1c
metamorphoses	A	A2.1
metaphor	Q	Q3
metaphorical	Q	Q3
metaphorically	Q	Q3
metaphysical	X	X4.1
metaphysics	A	A1.6
metastatic	B	B2
mete	A	A9
meteoric	W	W1
meteorological	W	W4
meter	N	N3.1
methane	O	O1.3
method	X	X4.2
methodical	A	A1.3
methodological	X	X4.2
methodology	X	X4.2
methyl	O	O1
meticulous	A	A1.3
meticulously	A	A1.3
meting	A	A9
metre	N	N3.3
metres	N	N3.3
metric	N	N3.1
metrics	N	N3
metro	M	M3
metropolis	M	M7
metropolitan	M	M7
mettle	E	E5
mew	X	X3.2/L2
mews	M	M3/H3
mezzanine	H	H2
mezzo-soprano	K	K2/S2.1f
mhm	Z	Z4
mice	L	L2
micro	N	N3.2
micro-balloon	O	O2
micro-balloons	O	O2
micro-biology	Y	Y1/L2
micro-browser	Y	Y2
micro-computer	Y	Y2
micro-layer	O	O2
micro-management	S	S7.1+c
micro-mosaic	C	C1
micro-organism	L	L2
micro-organisms	L	L2
micro-porous	O	O4.1
micro-skin	O	O2
micro-teaching	P	P1
micro-thin	N	N5
microbe	Y	Y1
microbial	L	L2
microbiologist	Y	Y1/S2mf
microbiologists	Y	Y1/S2mf
microchip	Y	Y2
microclimate	W	W4
microcomputer	Y	Y2
microcosm	A	A4.1
microdot	O	O2
microdots	O	O2
microelectronics	O	O3
microfabrics	B	B5
microfibre	O	O1.1
microfibres	O	O1.1
microform	Q	Q1.3
microforms	Q	Q1.3
microholes	O	O2
microphone	Q	Q2.1/O3
microprocessors	Y	Y2
microscope	O	O2/Y1
microscopic	N	N3.2
microteaching	P	P1
microwave	O	O3/F1
microwaveable	F	F1/O3
mid	N	N5
mid-1960s	T	T1.3
mid-1970s	T	T1.3
mid-1980s	T	T1.3
mid-african	Z	Z2/S2mf
mid-april	T	T1.3
mid-lancashire	Z	Z2
mid-november	T	T1.2
mid-wales	Z	Z2
mid-ability	X	X9.1
mid-air	M	M6
mid-career	I	I3.1/T1.3
mid-flow	Q	Q2.1/T1.2
mid-level	M	M6
mid-life	L	L1/T1.2
mid-market	I	I2.2
mid-morning	T	T1.2
mid-range	N	N3.1
mid-scale	N	N3.2
mid-sized	N	N3.2
mid-stream	W	W3/M4
mid-teens	T	T3
mid-term	T	T1.2
mid-terrace	H	H1
mid-to-late	T	T1.3
mid-way	M	M6
mid-week	T	T1.2
mid-winter	T	T1.2
midday	T	T1.2
middle	M	M6
middle-aged	T	T3
middle-class	S	S5
middle-level	M	M6
middle-man	I	I2.2/S2.2m
middle-upper	M	M6
middleman	I	I2.2/S2.2m
middlemen	I	I2.2/S2.2m
middling	A	A5.1
middling-aged	T	T3
middlish	M	M6
midfield	K	K5.1/M6
midges	L	L2
midifiles	K	K3
midnight	T	T1.2
midrange	N	N3.1
midriff	B	B1
midscale	N	N3.2
midshipman	M	M4/S2mf
midsize	N	N3.2
midst	M	M6
midstream	W	W3/M4
midsummer	T	T1.3
midtier	N	N3.7
midway	M	M6
midweek	T	T1.2
midwife	B	B3/I3.2/S2.1f
midwifery	B	B3
midwives	B	B3/I3.2/S2.1f
miffed	E	E3
might	A	A7
mightily	A	A13.3
mighty	A	A13.3
migraine	B	B2
migraine-inducing	B	B2
migraines	B	B2
migrant	M	M1
migrants	M	M1/S2mf
migrate	M	M1
migration	M	M1
migratory	M	M1
mil	N	N3.7
mil.	N	N3.4
mild	F	F2
milder	S	S1.2.5
mildew	L	L3
mildly	A	A13.6
mile	N	N3.3
mileage	N	N3.3
miles	N	N3.3
milestone	T	T1.2
milestones	X	X9.2
miliary	L	L3
milieu	M	M6
militancy	G	G2.1-/G1.2
militant	G	G2.1-/G1.2/S2mf
militaria	G	G3
militarian	G	G3
militarily	G	G3
militarism	G	G3
militaristic	G	G3
military	G	G3
militate	S	S8
militiaman	G	G3/S2mf
militiamen	G	G3/S2mf
milk	F	F4
milk-round	F	F2/I2.2
milking	F	F4
milkman	F	F2/I3.2/S2.2m
milkshake	F	F2
mill	A	A1.1.1
millennia	T	T1.3
millennium	T	T1.3
milligram	N	N3.5
milligrams	N	N3.5
millilitre	N	N3.4
millimetre	N	N3.7
milling	A	A1.1.1
million	N	N1
million-pound	I	I1
millionaire	I	I1.1++/S2mf
millionairess	I	I1.1++/S2.1f
millions	N	N1
millisecond	T	T1.2
milliseconds	T	T1.2
millpond	I	I4/M4
millstone	O	O2/F1
millstones	O	O2/F1
milord	S	S7.1+/S2.2m
milords	S	S7.1+/S2.2m
mils	N	N3.7
mime	A	A1.1.1
mimes	A	A1.1.1
mimic	K	K1/S2mf
mimicked	A	A6.1+/A5.4
min	Z	Z1f
minature	N	N3.2
mince	A	A1.1.1
mincer	O	O2/F1
mind-blowing	A	A6.2
mind-boggling	X	X2.5
mind-map	Q	Q1.2/X2.4
mind-mapping	Q	Q1.2/X2.4
mind-maps	Q	Q1.2/X2.4
mind-numbing	X	X5.2-/X2.1
mind-set	X	X2
mind-shift	X	X2/A2.1
minded	X	X7
minders	S	S1.2.5+/S2mf
mindful	X	X5.1
minding	E	E6
mindless	S	S1.2.6
mindmap	Q	Q1.2/X2.4
mindset	X	X2
mine	I	I4/H1c
mined	I	I4
minefield	G	G3/M7
miner	I	I4/S2mf
mineral	O	O1
mineralise	O	O1
mineralised	O	O1
miners	I	I4/S2mf
mines	I	I4/H1c
minestrone	F	F1
mingle	S	S5
mingled	A	A2.1
mingling	S	S5
mini	N	N3.2
mini-boom	I	I2.1/N5
mini-bus	M	M3fn
mini-cash	I	I1/N5
mini-conference	S	S1.1.3
mini-essay	Q	Q1.2/P1
mini-garage	M	M3/H1c
mini-lecture	P	P1
mini-lectures	P	P1
mini-pack	O	O2/N5
mini-quizzes	X	X2.4
mini-review	X	X2.4/A5
mini-sites	Y	Y2
mini-skirt	B	B5
mini-topics	X	X4.1
mini-trial	G	G2.1
miniature	N	N3.2
miniaturise	N	N3.2
miniaturising	N	N3.2
minibus	M	M3fn
minibuses	M	M3fn
minicormers	O	O3
minimal	N	N5
minimalise	N	N5
minimalism	C	C1/N5
minimalist	N	N5
minimisation	N	N5
minimise	N	N5
minimised	N	N5
minimize	N	N5
minimum	N	N5
mining	I	I4
minion	S	S7.1-/S2mf
minions	S	S7.1-/S2mf
minis	B	B5
miniscule	N	N3.2
minisites	Y	Y2
minister	G	G1.1/S2mf
ministerial	G	G1.1
ministers	G	G1.1/S2mf
ministry	G	G1.1c
minivan	M	M3
minivans	M	M3
mink	L	L2
minnows	L	L2
minor	T	T3-/S2mf
minoring	P	P1
minorities	N	N5-/S5
minority	N	N5
minors	T	T3-/S2mf
minotaur	S	S9
minstrel	K	K2/S2mf
mint	F	F1
minta	Z	Z3
minted	I	I1.1
minty	F	F1
minus	Z	Z5
minuscule	N	N3.2
minuses	N	N2
minusses	N	N2
minute	Q	Q1.2
minute-by-minute	T	T1.3
minute-taker	Q	Q1.2/S2mf
minutely	A	A4.2
minutes	T	T1.3
minutia	A	A4.2
minutiae	A	A4.2
miracle	S	S9
miraculous	S	S9
mirage	X	X3.4/W4
mirages	X	X3.4/W4
mire	W	W3
mirror	A	A6.1
mirrored	A	A6.1
mirroring	A	A6.1
mirrors	A	A6.1
mirth	E	E4.1
mis-cue	A	A5.3
mis-cues	A	A5.3
mis-selling	I	I2.2/G2.2
misadventure	A	A1.4
misadventures	A	A1.4
misapprehension	X	X2.5
misbehave	G	G2.2
misbehaved	G	G2.2
misbehaving	G	G2.2
misbehaviour	G	G2.2
miscalculation	N	N2
miscarriage	B	B2
miscarry	B	B2
miscast	K	K4/A5.3
miscellaneous	A	A4.2
miscellany	A	A6.3
mischief	G	G2.2
mischievously	G	G2.2
miscoloured	O	O4.3
misconceived	A	A5.2-/X2.1
misconcepted	X	X4.1/A5.2
misconception	X	X4.1/A5.2
misconceptions	X	X4.1/A5.2
misconduct	G	G2.2
misconstrue	X	X2.5
misconstrued	X	X2.5
miscreant	G	G2.2-/S2mf
misdemeanors	G	G2.1
misdemeanour	G	G2.1
misdemeanours	G	G2.1
misdirect	M	M6/A5.3
misdirected	M	M6/A5.3
miser	S	S1.2.2+/S2mf
miserable	E	E4.1
miserably	E	E4.1
miserly	S	S1.2.2
misery	E	E4.1
misfire	G	G3
misfit	A	A6.2-/S2mf
misfortune	A	A1.4
misgiving	A	A7
misgivings	A	A7
misgovernment	S	S7.1+/A5.1
misguided	X	X2.5
mishandling	S	S7.1
mishap	A	A1.4-/A1.1.1
mishear	X	X3.2/A5.3
misheard	X	X3.2/A5.2
mishmash	A	A6.3
misinformation	A	A5.2-/X2.2
misinterpret	X	X2.5
misinterpretation	X	X2.5
misinterpreted	X	X2.5
mislaid	A	A9
mislay	M	M6/A5.3
mislead	A	A5.2
misleading	A	A5.2
misled	A	A5.2
mismanaged	S	S7.1
mismanagement	S	S7.1
mismatch	A	A6.1
misnomer	Q	Q2.2/A5.3
misogynist	S	S2.1/E2-m
misplace	M	M6/A5.3
misplaced	A	A1.2
misprint	Q	Q1.2/A5.3
misreading	X	X2.5
misreport	Q	Q2.1/A5.2
misreporting	Q	Q2.1/A5.2
misrepresent	A	A5.3
misrepresentation	A	A5.3
misrepresented	A	A5.3
misrepresenting	A	A5.3
misrule	G	G2.1
miss	A	A5.3
missed	A	A5.3
misshapen	O	O4.4/A6.2
missile	G	G3
missiles	G	G3
missing	A	A3
mission	X	X7
missions	X	X7
missive	Q	Q1.2
misspent	I	I1.2
misstatement	Q	Q2.1/A5.2
missy	S	S2.1f
mist	W	W4
mistake	A	A5.3
mistaken	A	A5.3
mistakenly	A	A5.3
mistaking	A	A5.3
mister	S	S2.2m
mistreat	E	E3
mistreated	E	E3
mistrial	G	G2.1
mistrust	X	X2.1/A5.1
mists	W	W4
misty	W	W4
misunderstand	X	X2.5
misunderstanding	X	X2.5
misunderstood	X	X2.5
misuse	G	G2.2-/A1.5.1
misused	G	G2.2-/A1.5.1
misusing	G	G2.2-/A1.5.1
mite	L	L2
mites	L	L2
mitigate	A	A5.1+/A2.1
mitigated	A	A5.1+/A2.1
mitigating	A	A5.1+/A2.1
mitigation	A	A2.2
mitre	B	B5/S9
mitten	B	B5
mittens	B	B5
mix	O	O1.1
mix-up	A	A5.3
mixed	A	A6.3
mixed-age	T	T3
mixed-crop	F	F4
mixed-race	A	A6.3+/S5
mixed-up	X	X2.5
mixer	O	O3
mixing	A	A2.1
mixture	O	O1.1
ml	N	N3.4
mls	N	N3.4
mmmmm	Z	Z4
mmmmmm	Z	Z4
mmmmmmm	Z	Z4
mnemonic	X	X2.2
mo	T	T1.2
moan	Q	Q2.2
moaner	Q	Q2.2/S2mf
moaning	Q	Q2.2
moat	H	H2
moats	H	H2
mob	S	S1.1.1
mobile	M	M1/N3.8
mobilisation	A	A1.5.1
mobilise	A	A1.5.1
mobility	M	M1
mobilization	A	A1.5.1
mobilize	A	A1.5.1
mobilized	A	A1.5.1
mobilizing	A	A1.5.1
mobs	S	S5+c
moccasin	B	B5
moccasins	B	B5
mock	A	A5.4
mock-up	A	A5.4
mockery	Q	Q2.2/S1.2.4
mocking	Q	Q2.2/S1.2.4
mod	K	K2/S5
modal	Q	Q3
mode	X	X4.2
model	O	O2/A5.4
modeling	A	A5.4
modelled	A	A5.4
modelling	A	A5.4
modem	Y	Y2
moderate	N	N5
moderately	A	A13.4
moderating	S	S7.1
moderation	N	N5-/A2.1
moderator	S	S7.1+/S2mf
modern	T	T3
modern-day	T	T1.1.2
modernisation	T	T1.1.2/A2.1
modernise	T	T1.1.2/A2.1
modernised	T	T3---/A2.1
modernish	T	T1.1.2
modernism	T	T3
modernistic	T	T3
modernization	T	T1.1.2/A2.1
modernizations	T	T1.1.2/A2.1
modernize	T	T1.1.2/A2.1
modernizing	T	T1.1.2/A2.1
modest	N	N3.2
modestly	S	S1.2.3
modesty	S	S1.2.3
modicum	N	N5
modification	A	A2.1
modifications	A	A2.1
modified	A	A2.1
modify	A	A2.1
modifying	A	A2.1
modish	O	O4.2
modula	N	N3.1/O4.6
modular	N	N5.1
modularised	N	N5.1
modulate	K	K2
modulated	K	K2
modulation	A	A2.1
module	P	P1
mogul	S	S7.1+/S2mf
moguls	S	S7.1+/S2
mohair	O	O1.1
moist	O	O4.1/O1.2
moisten	O	O4.1/O1.2
moistened	O	O4.1/O1.2
moisture	O	O1.2
moisturise	B	B4/O1.2
moisturises	B	B4/O1.2
molar	N	N3
molecular	O	O1
molecule	O	O1
molecules	O	O1
molehill	A	A11.1
molehills	A	A11.1
moles	B	B1
molest	G	G2.1
molestation	E	E3
molested	E	E3
molester	G	G2.1-/S2mf
molesters	G	G2.1-/S2mf
molesting	G	G2.1
mollify	O	O4.5/A2.1
mollusc	L	L2
mollycoddle	E	E3+/N5.2
mollycoddling	E	E3+/N5.2
molten	O	O4.5/O4.6
mom	S	S4/S2.1f
moment	T	T1.2
momentarily	T	T1.2
momentary	T	T1.2
momentous	A	A11.1
monarch	S	S7.1+/S2mf
monarchy	S	S7.1
monastery	S	S9/H1
monastic	S	S9
mondeo	Z	Z3
monetary	I	I1
money	I	I1
money-back	I	I1
money-generating	I	I1.1
money-grabbing	S	S1.2.2
money-lender	I	I1.1/S2mf
money-making	I	I1.1
money-management	I	I1
money-sapping	I	I1.1
money-wise	I	I1
moneywise	I	I1.3
monger	I	I2.2/S2mf
mongering	I	I2.2
mongrel	L	L2mfn
monies	I	I1
monikers	Q	Q2.2
monitor	O	O2
monitored	X	X2.4
monitoring	X	X2.4
monitors	O	O2
monkey	L	L2mfn
mono	K	K3
mono-carbon	O	O1.1
monochrome	O	O4.3
monogamous	S	S4
monoglot	Q	Q3/S2mf
monograph	Q	Q4.1
monolith	O	O2
monolithic	A	A2.1
monologue	Q	Q2.1
monologues	Q	Q2.2
monopolise	S	S7.1
monopolist	S	S7.1+/S5-/S2mf
monopolistic	S	S7.1
monopolize	S	S7.1
monopolizing	S	S7.1
monopoly	S	S7.1
monosodium	O	O1
monotone	X	X3.2
monotonous	X	X3.2
monotonously	X	X5.2
monotony	X	X5.2-/A2.1
monoxide	O	O1
monster	L	L2/S9mfn
monstrosity	O	O4.2
monstrous	A	A5.1
monstrously	A	A5.1
montage	C	C1
month	T	T1.3
monthlies	Q	Q4.2
monthly	Q	Q4.2
months	T	T1.3
monument	O	O2
monumental	A	A11.1
mooch	M	M1
mood	E	E1
moody	E	E1
moon	W	W1
moonless	W	W2/W1
moonlight	W	W2/W1
moonlit	W	W2/W1
mooring	A	A1.7-/M4
moorland	W	W3/L3
moors	W	W3/L3
moose	L	L2c
moot	A	A7
mooted	Q	Q2.2
mop	B	B4
moped	M	M3fn
mopeds	M	M3
moping	E	E4.1
mops	B	B4
moral	X	X4.1
morale	E	E1
moralise	G	G2.2/Q2.2
moralising	G	G2.2/Q2.2
moralist	G	G2.2/S2mf
morality	G	G2.2
morally	G	G2.2
morals	G	G2.2
moratorium	A	A1.7
morbid	O	O4.2
morbidity	B	B2
morbidly	L	L1
moreish	X	X7/N5
moreover	Z	Z5
morgue	L	L1-/H1
moribund	L	L1
morning	T	T1.3
moron	X	X9.1-/S2mf
moronic	X	X9.1-/S1.2
morose	E	E3
morosely	E	E3
morphed	A	A2.1+/N3.8
morpheme	Q	Q3
morphemes	Q	Q3
morphine	B	B3
morphological	Q	Q3
morsel	F	F1/N3.2
mortal	L	L1
mortality	L	L1
mortalled	F	F2
mortally	L	L1
mortals	L	L1/S2mf
mortar	O	O1.1
mortgage	I	I1.2/H1
mortgage-related	I	I1.2/H1
mortified	E	E5
mortify	E	E5
mortuary	L	L1-/H1c
mosaic	C	C1
mosaics	C	C1
mosey	M	M1
moseying	M	M1
moslem	S	S9
mosque	S	S9/H1
mosquito	L	L2
mosquitoes	L	L2
mossy	L	L3
most	N	N5
most-successful	X	X9.2
mostly	A	A13.2
mote	O	O2
motel	H	H4/H1c
motes	O	O2
moth	L	L2mfn
mothball	B	B4
mothballs	A	A1.5.1
mother	S	S4f
mother-in-law	S	S4f
mother-of-pearl	O	O1.1
mothered	E	E2
motherhood	S	S4
mothering	S	S4
motherland	M	M7
motherly	S	S4
mothers	S	S4f
motif	Q	Q1.1
motion	M	M1
motionless	M	M8
motivate	A	A2.2
motivated	A	A2.2
motivating	A	A2.2
motivation	A	A2.2
motivational	A	A2.2
motivator	X	X5.2+/A2.2
motive	A	A2.2
motley	O	O4.2
motor-cycle	M	M3
motor-cycles	M	M3
motor-cycling	M	M3
motor-cyclist	M	M3/S2mf
motor-cyclists	M	M3/S2mf
motorbike	M	M3fn
motorboat	M	M4
motorboats	M	M4
motorcade	M	M3
motorcar	M	M3fn
motorcars	M	M3fn
motorcycle	M	M3fn
motorcyclist	M	M3/S2mf
motorcyclists	M	M3/S2mf
motorcyle	M	M3
motoring	M	M3
motorise	M	M3
motorised	M	M3
motorist	M	M3/S2mf
motorists	M	M3/S2mf
motorized	M	M3
motors	O	O2
motorsport	K	K5.1/M3
motorspring	O	O2
motorway	M	M3
motown	K	K2
mottled	O	O4.3
motto	Q	Q2.1
mou	N	N3.6
mould	O	O2
moulded	O	O4.1
moulder	A	A1.1.2
moulding	A	A2.1
moult	L	L2
moulting	L	L2
mound	W	W3
mountain	W	W3
mountaineer	K	K5.1/S2mf
mountaineering	K	K5.1
mountainous	W	W3
mountains	W	W3
mountainside	W	W3
mounted	L	L2
mounting	N	N5+/A2.1
mountings	O	O2
mounts	T	T2
mourn	E	E4.1
mourned	E	E4.1
mournful	E	E4.1
mourning	E	E4.1
mourns	E	E4.1
mouse	L	L2mfn
mousetrap	O	O2/A1.1.2
mousetraps	A	A1.7+/L2
moussaka	F	F1
mousse	F	F1
moustache	B	B1
moustachioed	O	O4.1
mouth	Q	Q2.1
mouthful	F	F1/N5
mouths	B	B1
movable	M	M2
movables	M	M2
move	M	M1
moveable	M	M2
moved	M	M1
movement	M	M1
mover	M	M1/S2mf
movers	M	M1/S2mf
movie	Q	Q4.3
movie-making	Q	Q4.3
moviegoers	Q	Q4.3/S2mf
moviemakers	Q	Q4.3/S2mf
movies	Q	Q4.3
moving	M	M2
mow	F	F4
mowed	F	F4
mower	F	F4/O2
mowing	F	F4
mown	F	F4
mows	F	F4
mozzarella	F	F1
mph	N	N3.8
mr.	S	S2.2m
mrs	S	S4f
mrs.	S	S4f
ms	S	S2.1f
ms.	S	S2.1f
mu	N	N3.6
much	A	A13.3
much-ballyhooed	Q	Q2.2/I2.2
much-loved	E	E2
much-needed	S	S6
much-used	A	A1.5.1
muchness	N	N5
muck	O	O4.2
muckers	Z	Z3
mucking	A	A1.1.1
mucky	O	O4.2
mucus	B	B1
mud	O	O1.1
muddle	O	O4.2
muddled	O	O4.2
muddly	O	O4.2
muddly-fuddly	X	X2.5
muddy	O	O1.1
muesli	F	F1
muff	B	B5
muffins	F	F1
muffle	X	X3.2
mufti	B	B5
mug	O	O2
mugged	E	E3
mugger	O	O2
muggers	E	E3-/S2mf
mugging	E	E3
muggins	S	S1.2.6-/S2mf
muggy	W	W4
mulch	F	F4
mulching	F	F4
mule	L	L2mfn
mullah	S	S9/S2.2m
multi	N	N5
multi-channel	Y	Y2
multi-choice	A	A6.3
multi-cultural	S	S5+/N5
multi-disciplinary	P	P1
multi-discipline	P	P1
multi-ethnic	S	S5
multi-faceted	A	A6.3
multi-flavoured	X	X3.1
multi-force	A	A6.3
multi-forces	A	A6.3
multi-function	A	A1.5.2
multi-functional	A	A1.5.1/N5
multi-functioning	A	A1.5.1/N5
multi-level	N	N3.7
multi-lingual	Q	Q3
multi-list	Q	Q1.2
multi-listed	Q	Q1.2
multi-listing	Q	Q1.2
multi-manufacturer	I	I4/N5
multi-member	S	S5+/N5
multi-million	N	N1
multi-million-dollar	I	I1.3
multi-millionaire	I	I1.1+++/S2mf
multi-national	I	I2.1/M7
multi-organisation	S	S5
multi-organisations	S	S5
multi-pack	N	N5+/O2
multi-part	A	A4.1
multi-party	A	A6.3+/G1.2
multi-point	O	O4.1
multi-purpose	A	A1.5.1/N5
multi-racial	S	S5/N5
multi-service	S	S8
multi-skilled	I	I3.2+/N5
multi-staged	T	T1.2/N5
multi-storey	H	H1/N3.7
multi-taskers	A	A1.1.1/N5+/S2mf
multi-thousand	N	N1
multi-track	K	K3/N5
multi-tracking	K	K3
multibillion-dollar	I	I1
multichoice	A	A6.3
multicoloured	O	O4.3
multicultural	S	S5
multiculturalism	S	S5+/N5
multidisciplinary	P	P1
multifaceted	A	A6.3
multifarious	A	A6.3
multifunctional	A	A1.5.1/N5
multilateral	N	N5+/M7
multilingual	Q	Q3
multilingualism	Q	Q3
multimedia	Y	Y2
multimillion	N	N1
multinational	M	M7
multinationals	M	M7/S5
multiple	N	N5
multiple-business	I	I2.1
multiple-choice	A	A6.3
multiplex	Q	Q4.3/H1c
multiplexer	Q	Q1.3
multiplexes	Q	Q4.3/H1
multiplication	N	N1
multiplicity	N	N5
multiplier	N	N5+/A2.1
multipliers	N	N5+/A2.1
multiply	N	N5
multistorey	H	H1/N3.7
multitrack	K	K3
multitracking	K	K3
multitude	N	N5
multivit	B	B3
multivitamin	B	B3
multivits	B	B3
mum	S	S4f
mumble	Q	Q2.2/X3.2
mumbled	Q	Q2.2/X3.2
mumbling	Q	Q2.2/X3.2
mummified	O	O4.1
mummify	O	O4.1
mummy	S	S4f
mumps	B	B2
mums	S	S4f
mumsy	S	S4f
munch	F	F1
munching	F	F1/B1
mundane	X	X5.2
municipal	M	M7/G1.1
municipality	M	M7/G1.1
munition	G	G3
munitions	G	G3
muppet	K	K5.2
mur	H	H2
mural	C	C1
murals	C	C1
murder	L	L1
murdered	L	L1
murderer	L	L1-/G2.1-/S2mf
murderers	L	L1-/G2.1-/S2mf
murderess	L	L1-/G2.1-/S2.1f
murdering	L	L1
murderous	G	G2.1
murders	L	L1
murk	O	O4.2
murky	O	O4.2
murmur	Q	Q2.2/X3.2
murmured	Q	Q2.2/X3.2
mus	S	S6
muscle	E	E3
muscly	B	B1
muscular	B	B1
muse	X	X2.1
mused	X	X2.1
museum	T	T1.1.1/H1c
museums	T	T1.1.1/H1c
mush	O	O1.2
mushroom	N	N3.2+/A2.1
mushroomed	N	N3.2+/A2.1
mushrooms	N	N3.2+/A2.1
mushroomy	F	F1
mushy	O	O4.5
music	K	K2
music-mad	K	K2/E2
music-wise	K	K2
musical	K	K2
musically	K	K2
musician-performer	K	K2/S2mf
musicians	K	K2/S2mf
musing	X	X2.1
musings	X	X2.1
musket	G	G3
musketeer	G	G3/S2.2m
muslim	S	S9
mussel	L	L2
mussels	L	L2
mussels-and-beer	F	F1
must	S	S6
must-go	I	I2.2
must-have	X	X7
must-see	X	X3.4
mustard	F	F1
muster	S	S5
mustiness	X	X3.5
musty	X	X3.5
musume	Q	Q3
mutant	L	L2
mute	X	X3.2
muted	X	X3.2
mutilated	A	A1.1.2
mutilation	A	A1.1.2
mutinous	E	E3
mutt	L	L2
mutter	Q	Q2.2/X3.2
muttered	Q	Q2.2/X3.2
muttering	Q	Q2.2/X3.2
mutters	Q	Q2.2/X3.2
mutton	F	F1
mutual-aid	S	S8
mutual-fund	I	I1.1
mutually	S	S1.1.2
muzzle	A	A10
my	Z	Z8
myocardial	B	B1
myopia	B	B2-/X3.4
myopic	B	B2/X3.4
myriad	N	N5
myself	Z	Z8mf
mysterious	A	A6.2
mysteriously	A	A6.2
mystery	X	X2.2
mystic	S	S9
mystical	S	S9
mysticism	S	S9
mystified	X	X2.5
mystify	X	X2.5
mystique	A	A6.2
myth	S	S9/Q2.2
mythic	S	S9
mythical	S	S9
mythological	S	S9/Q2.2
mythology	S	S9/Q2.2
n	Z	Z5
n't	Z	Z6
na	Z	Z5
nab	A	A9
nack	O	O2
nacks	O	O2
nadir	W	W1
nae	Z	Z6
naff	O	O4.2
nag	Q	Q2.2
nagged	Q	Q2.2
nagging	Q	Q2.2
nagra	K	K3
nagras	K	K3
nah	Z	Z4
nail	O	O2
nail-biting	B	B2
nail-enamel	O	O1.1
nailing	A	A1.1.1
naive	S	S1.2.6
naively	S	S1.2.6
naivete	S	S1.2.6
naivety	S	S1.2.6
naiveté	S	S1.2.6
naked	B	B5
name	Q	Q2.2
name-brand	Q	Q1.1/I2.2
named	Q	Q2.2
nameless	A	A10-/Q2.2
namely	Z	Z5
nameplate	Q	Q1.2
namesake	Q	Q2.2
naming	Q	Q2.2
nana	S	S4f
nanine	S	S2.1f
nanines	S	S2.1f
nanna	S	S4f
nanny	S	S2.1f
nanosecond	T	T1.2
nap	B	B1
nape	B	B1
napkin	B	B5
napkins	B	B5
nappies	B	B5
napping	B	B1
nappy	B	B5
narcissistic	S	S1.2.3
narcissus	L	L3
narcotic	F	F3
narcotics	F	F3
nark	E	E3
narked	E	E3
narking	E	E3
narks	E	E3
narrate	Q	Q2.1
narration	Q	Q1.2
narrative	Q	Q2.1
narrator	Q	Q2.1/S2mf
narrow	N	N3.7
narrow-market	I	I2.2
narrow-minded	A	A1.7+/X2.1
narrowed	N	N3.7
narrower	N	N3.7
narrowest	N	N3.7
narrowing	N	N3.7
narrowly	A	A1.7
narrowness	N	N3.7
nary	Z	Z6
nasal	B	B1
nascent	T	T2
naso-gastric	B	B1
nastily	O	O4.2
nasturtium	L	L3
nasty	O	O4.2
nation	G	G1.1c
nation-wide	M	M7/N5.1
nationalisation	G	G1.1
nationalise	G	G1.1
nationalised	G	G1.1
nationalism	G	G1.2/M7
nationalistic	G	G1.2/M7
nationality	G	G1.1c
nationalization	G	G1.1
nationally	M	M7/N5.1
nationals	M	M7/S2mf
nationwide	M	M7/N5.1
native	M	M7
natives	M	M6/S2mf
natter	Q	Q2.1
nattering	Q	Q2.1
natty	O	O4.2
natural	X	X9.1
natural-born	B	B1
naturalisation	G	G1.1/S5
naturalise	G	G1.1/S5
naturalism	C	C1
naturalist	W	W5/S2mf
naturalization	G	G1.1/S5
naturalize	G	G1.1/S5
naturalized	G	G1.1/S5
naturally	A	A6.2
nature	W	W5
naturist	B	B5-/S2mf
naught	Z	Z6/Z8
naughty	G	G2.2
nausea	B	B2
nauseate	O	O4.2
nauseated	O	O4.2
nauseating	O	O4.2
nauseous	B	B2
nautical	M	M4
naval	M	M4
nave	H	H2/S9
navel	B	B1
navigable	M	M4
navigate	M	M6
navigation	M	M4
navigational	M	M6/M4
navigator	M	M6/S2mf
navy	G	G3/M4c
nay	Z	Z4
nazism	G	G1.2
ne	Z	Z6
ne'er	T	T1/Z6
neap	W	W3/M4
near	Z	Z5
near-east	Z	Z2
near-identical	A	A6.1
near-monopolies	S	S7.1
near-monopoly	S	S7.1
near-term	T	T1.3
near-total	A	A13.2
nearby	N	N3.3
nearer	N	N3.3
nearest	Z	Z5
nearing	M	M1/N3.3
nearly	A	A13.4
nearness	N	N3.3
nearside	M	M6
nearsightedness	B	B2-/X3.4
neat	O	O4.2
neater	O	O4.2
neatly	O	O4.2
neatness	O	O4.2
nebulous	A	A4.2
necessarily	S	S6
necessary	S	S6
necessitate	S	S6
necessitated	S	S6
necessities	S	S6
necessity	S	S6
neck	B	B1
necklace	B	B5
neckline	B	B5
necropolis	M	M7/L1
necropsy	B	B3
nectar	L	L3
nee	S	S4
need	S	S6
needed	S	S6
needful	I	I1.2
needing	S	S6
needle	O	O2
needlepoint	O	O2
needles	A	A1.1.1
needless	S	S6
needlessly	S	S6
needs	S	S6
needy	I	I1.1
neet	T	T1.3
nefarious	G	G2.2
negate	Q	Q2.2/Z6
negation	Q	Q2.2/Z6
negative	Z	Z6
negatively	Z	Z6
negativity	Z	Z6
neglect	A	A1.9
neglected	O	O4.1
neglecting	A	A1.9
negligence	A	A1.9
negligent	A	A1.9
negligible	N	N3.2
negotiable	Q	Q2.2
negotiate	Q	Q2.2
negotiated	Q	Q2.2
negotiating	Q	Q2.2
negotiation	Q	Q2.2
negotiator	Q	Q2.2/S2mf
negro	Z	Z2/O4.3mf
negroes	Z	Z2/O4.3mf
neigh	L	L2/X3.2
neighbor	H	H3/S2mf
neighborhood	N	N3.3-/H3c
neighbour	H	H3/S2mf
neighbourhood	N	N3.3-/H3c
neighbouring	M	M6
neither	Z	Z8/Z6
nemesis	A	A1.1.2
neo-classical	T	T3
neoclassical	T	T3
neolithic	T	T3
neon	O	O1.3
neon-colored	O	O4.3
neon-orange	O	O4.3
neonatal	T	T3
neophyte	X	X9.1
neoprene	O	O1.1
nephew	S	S4m
nepotism	G	G2.2-/S4/E2
nerd	S	S1.2.6-/S2mf
nerds	S	S1.2.6-/S2mf
nerdy	S	S1.2.1
nerve	B	B1
nerve-racking	E	E5
nerves	B	B1
nervous	E	E6
nervously	E	E6
nervousness	E	E6
nervy	E	E6
nest	L	L2
nested	O	O4.1
nesting	L	L2
net	N	N5
net-debt	I	I1.2
net-design	Y	Y2
net-ready	Y	Y2
netball	K	K5.2
nether	M	M6
nets	O	O2
nett	N	N5.1
netting	O	O2
nettle	L	L3
nettles	L	L3
network	Q	Q4.3
network-tv	Q	Q4.3
networked	Q	Q4.3
networker	S	S5
networking	Q	Q4.3
networks	Q	Q4.3
neuro	B	B1
neurological	B	B3
neurologist	B	B3/S2mf
neuron	B	B1
neurone	B	B1
neurophysiology	Y	Y1/B1
neuroscience	Y	Y1/B1
neurosciences	Y	Y1/B1
neurosis	B	B2
neurotic	B	B2-/X1
neurotransmitter	B	B1
neurotransmitters	B	B1
neuter	B	B2-/S3.2
neutered	B	B2-/S3.2
neutral	S	S5
neutralise	A	A1.1.1
neutrality	S	S5
neutralize	A	A1.1.1
never	T	T1/Z6
never-ending	T	T2
neverending	T	T2
nevertheless	Z	Z4
new	T	T3
new-age	K	K2/S9
new-car	M	M3
new-democratic	G	G1.2/S2mf
new-economy	I	I2.1
new-fangled	T	T3-/E2
new-found	T	T3-/A9
new-look	O	O4.2/A2.1
new-mackerel	L	L2mfnc
new-media	Q	Q4
new-product	I	I2.2
new-wealth	I	I1.1+/T3
newbie	M	M1/T3-/S2mf
newborn	T	T3
newcomer	M	M1/T3-/S2mf
newcomers	M	M1/T3-/S2mf
newer	T	T3
newest	T	T3
newfound	A	A10
newly	T	T3
newly-completed	T	T2-/T3
newly-founded	T	T2
newly-uncovered	A	A10+/T3
newlyweds	S	S4/T3-/S2mf
news	X	X2.2+/T3
newsagent	Q	Q4.2/S2mf
newsagents	Q	Q4.2/S2mf
newsboy	Q	Q4.2/S2.2m
newsboys	Q	Q4.2/S2.2m
newscaster	Q	Q4.3/S2mf
newsdesk	Q	Q4.2
newsgroup	Q	Q2.1/Y2
newshour	T	T1.3/Q4.3
newsletter	Q	Q4.2
newspaper	Q	Q4.2
newspaperman	Q	Q4.2/S2.2m
newsprint	Q	Q4.2
newsreader	Q	Q4.3/S2mf
newsreaders	Q	Q4.3/S2mf
newsroom	Q	Q4.2/H2
newsrooms	Q	Q4.2/H2
newsstand	Q	Q4.2/I2.2
newswire	Q	Q4.2
newswires	Q	Q4.2
newsworthy	A	A11.1
newswriting	Q	Q4.2
newsy	Q	Q4.2
newt	L	L2
newts	L	L2
next-door	N	N3.3-/H3
nextdoor	M	M6
nib	Q	Q1.2/O2
nibble	F	F1
nibbling	F	F1
nice	O	O4.2
nice-looking	O	O4.2
nicely	A	A5.1
nicer	O	O4.2
nicest	O	O4.2
niceties	A	A4.2
nicety	A	A4.2
niche	O	O2
niche-hunting	I	I2.1
niches	O	O2
nick-nack	O	O2
nick-nacks	O	O2
nicked	A	A9-/G2.1
nickel	O	O1.1
nicking	A	A9-/G2.1
nickname	Q	Q2.2
nicks	A	A9-/G2.1
nicotinamide	O	O1
nicotine	F	F3
niece	S	S4f
nieces	S	S4f
nifty	O	O4.2
niggard	S	S1.2.2+/S2mf
niggardly	S	S1.2.2
nigger	Z	Z2/O4.3mf
niggers	Z	Z2/O4.3mf
niggle	E	E6
niggles	E	E6
niggling	E	E6
niggly	E	E6
nigh	M	M6
night	T	T1.3
night-club	K	K1/S5+c
night-clubs	K	K1/S5+c
night-night	Z	Z4
night-time	T	T1.3
nightclub	K	K1/S5+c
nightclubbing	K	K1
nightclubs	K	K1/S5+c
nightfall	T	T1.2
nightgown	B	B5
nightgowns	B	B5
nighthawk	L	L2
nightie	B	B5
nighties	B	B5
nightime	T	T1.3
nightlife	K	K1
nightly	N	N6
nightmare	X	X4.1/A5.1
nights	T	T1.3
nightschool	P	P1/T1.3c
nightshift	T	T1.3/I3.1
nightshifts	T	T1.3/I3.1
nightspot	K	K1/H1
nightspots	K	K1/H1
nighttime	T	T1.3
nignog	O	O4.3/S2mf
nil	N	N1
nimble	B	B1
nimbleness	N	N3.8
nimbly	B	B1
nincompoop	S	S1.2.6-/S2mf
nincompoops	S	S1.2.6-/S2mf
nine-year-old	T	T3
nineish	T	T1.2
nineteenth	N	N4
nineteenth-century	T	T1.3
nineties	T	T1.3
ninety	N	N1
ninth	N	N1
nip	E	E3
nipper	T	T3-/S2mf
nipple	B	B1
nippy	O	O4.6
nit	S	S1.2.6-/S2
nit-pick	Q	Q2.2
nit-picking	Q	Q2.2
nitpick	Q	Q2.2
nitpicks	Q	Q2.2
nitpicky	A	A4.2
nitrate	O	O1.3
nitrile	O	O1.1
nitrogen	O	O1.3
nitrogenous	O	O1.3
nitroglycerine	O	O1.2
nitty-gritty	A	A4.2
no	Z	Z6
no-brainer	X	X9.1
no-change	A	A2.1
no-competition	S	S7.3
no-fault	G	G2.1
no-haggle	I	I2.2
no-hassle	A	A12
no-hopers	X	X9.2
no-less-enterprising	X	X8
no-man	Z	Z6/Z8m
no-no	S	S7.4
no-nonsense	S	S1.2.6
no-one	Z	Z6/Z8cmf
no-ones	Z	Z6/Z8
no-pressure	S	S7.1
no-show	S	S1.1.3
no-smoking	F	F3
no-start	T	T2
no-win	S	S7.1
no.1	A	A5.1
nobble	X	X5.1
nobbled	X	X5.1
nobility	S	S7.1+c
noble	G	G2.2
noble-hearted	S	S7.2
nobleman	S	S7.1+/S2.2m
nobleness	G	G2.2
nobly	A	A5.1
nobody	A	A11.1-/S2mf
nobodys	A	A11.1-/S2mf
nocturnal	B	B1/T1.3
nodded	M	M1
node	O	O2
nodes	O	O2
nodule	B	B2
nodules	B	B2
noise	X	X3.2
noiselessly	X	X3.2
noises	X	X3.2
noisily	X	X3.2
noisome	O	O4.2
noisy	X	X3.2
nom	Q	Q2.2
nomadic	M	M1
nominal	S	S7.1
nominate	X	X7+/Q2.2
nominated	X	X7+/Q2.2
nomination	X	X7
nominative	Q	Q3
nominee	X	X7+/S2mf
non	Z	Z6
non-	Z	Z6
non-apple	Z	Z3
non-british	Z	Z2
non-bumiputeras	Z	Z2/S2mf
non-catholic	S	S9
non-christian	S	S9/S2mf
non-christians	S	S9/S2mf
non-english	Z	Z2
non-gm	Y	Y1/A2.1
non-han	Z	Z2
non-indian	Z	Z2/S2mf
non-malaysian	Z	Z2
non-net	Y	Y2
non-opec	S	S5
non-vatable	G	G1.1/I1
non-academic	P	P1/Z6
non-accredited	P	P1/A5.1
non-achiever	X	X9.2-/S2mf
non-achievers	X	X9.2-/S2mf
non-addictive	F	F3
non-advertised	I	I2.2/Q2.1
non-agency	I	I2.2/S5
non-alcoholic	F	F2
non-animal	L	L2/Z6
non-appearance	G	G2.1/Z6
non-argumentative	Q	Q2.1/E3
non-assessed	X	X2.4-/A5
non-attendance	S	S1.1.3
non-biological	L	L1
non-biting	O	O4.1
non-blood	B	B1
non-boring	X	X5.2
non-brainwork	X	X9.1
non-brand	A	A4.1
non-brands	A	A4.1
non-chronological	T	T1/N4
non-commissioned	G	G3
non-compete	S	S7.3
non-conformist	A	A6.2-/S2mf
non-conformists	A	A6.2-/S2mf
non-confrontational	A	A6.1
non-controlled	S	S7.1
non-conventional	A	A6.2
non-core	S	S6
non-custodial	A	A1.7
non-cyclical	N	N4
non-dairy	F	F1
non-descript	A	A6.2
non-destructive	A	A1.1.2
non-disabled	B	B2
non-disclosure	A	A10
non-discrimination	A	A5.1-/A6.1
non-drinking	F	F2
non-drug	F	F3
non-economic	I	I2.1
non-effective	X	X9.2
non-elected	G	G1.2/X7
non-employed	I	I3.1/Z6
non-essential	A	A11.1
non-exclusive	A	A1.8
non-exec	S	S7.1+/I2.1
non-executive	S	S7.1+/Z6
non-existence	A	A3
non-expression	E	E1
non-extradition	G	G1.1/G2.1
non-family	S	S4c
non-ferrous	O	O1.1
non-fiction	A	A5.2
non-financial	I	I1/Z6
non-flat	O	O4.4
non-food	F	F1
non-formal	A	A6.2
non-frozen	O	O4.6
non-funding	I	I1/Z6
non-gender	S	S2/Z6
non-government	G	G1.1
non-governmental	G	G1.1
non-guilty	G	G2.1
non-gun	O	O2
non-interference	S	S1.1.3
non-internet	Y	Y2
non-intervention	S	S1.1.3
non-issue	X	X4.1
non-job	I	I3.1
non-judgemental	Q	Q2.2/E2
non-judgmental	Q	Q2.2/E2
non-league	K	K5.1
non-leagues	S	S5
non-listed	I	I2.1
non-macho	S	S2.2/S1.2.3
non-management	S	S7.1-/S5
non-materialistic	A	A9
non-mattering	A	A11.1
non-medical	B	B3/Z6
non-member	S	S5-/S2mf
non-members	S	S5-/S2mf
non-monetary	I	I1
non-native	M	M6/S2mf
non-natural	A	A6.2
non-negligible	A	A11.1
non-negotiable	A	A2.1
non-nuclear	G	G3
non-obvious	A	A11.2
non-participating	S	S1.1.3
non-party	G	G1.2
non-patterned	O	O4.3
non-payer	I	I1.2/S2mf
non-payment	I	I1.1
non-performing	I	I1.2
non-political	G	G1.2
non-practising	I	I3.1
non-profit	I	I1.1
non-profit-making	I	I1.1
non-property-related	H	H1/H3
non-refoulement	G	G2.1/M8
non-refundable	I	I1.1+/A9
non-resident	H	H4
non-residents	H	H4-/S2mf
non-retail	I	I2.2
non-risking	A	A15
non-rivalrous	S	S7.3
non-saturated	O	O4.1
non-scene	S	S3.2
non-scientific	Y	Y1/Z6
non-self	S	S5
non-selling	I	I2.2/Z6
non-smoker	F	F3-/S2mf
non-smoking	F	F3
non-specialist	X	X2.2
non-standard	A	A5.1
non-starter	X	X9.2
non-statutory	G	G2.1
non-sticky	O	O4.5
non-stop	T	T2
non-stretch	O	O4.1
non-striking	I	I3.1
non-submission	Q	Q1.2
non-supervised	S	S7.1
non-swimmer	M	M4-/S2mf
non-swimmers	M	M4-/S2mf
non-technician	Y	Y1/Z6
non-textual	C	C1/Q4.1
non-trading	I	I2.2/Z6
non-traditional	A	A6.2
non-transferable	A	A9
non-verbal	Q	Q2.2
non-violence	G	G1.2/E3
non-violent	G	G1.2/E3
nonadjustable	A	A2.1
nonaligned	G	G1.2
noncarbonated	F	F2
nonchalance	E	E3
nonchalant	E	E3
nonchalantly	E	E3
nonconformist	A	A6.2-/S2mf
nondescript	A	A6.2
none	Z	Z6/Z8c
noneconomic	I	I2.1
nonetheless	Z	Z4
nonexistent	A	A3
nonlinear	N	N4
nonperforming	I	I1.2
nonplussed	X	X2.5
nonsense	A	A5.2
nonsensical	S	S1.2.6
nonstarter	X	X9.2
nonstop	T	T2
nonthreatening	E	E3
nonvirtual	Y	Y2
noodles	F	F1
nook	M	M7
nooks	M	M7
noon	T	T1.2
noone	Z	Z6/Z8c
noose	O	O2
nope	Z	Z4
nor	Z	Z6
norepinephrine	O	O1
norm	A	A6.2
normal	A	A6.2
normality	A	A6.2
normally	A	A6.2
norming	A	A6.2
north	M	M6
north-east	M	M6
north-eastern	M	M6
north-western	M	M6
northbound	M	M6
northeastern	M	M6
northener	M	M7/S2mf
northeners	M	M7/S2mf
northerly	M	M6
northern	M	M6
northerner	M	M7/S2mf
northerners	M	M7/S2mf
northward	M	M6
northwards	M	M6
nose	X	X2.4/X7
nose-dive	X	X9.2
nose-dived	X	X9.2
nosedive	M	M5
nosey	X	X2.4/X7
nosh	F	F1
nosiness	X	X2.4/X7
nosing	X	X2.4/X7
nostalgia	E	E1/T1.1.1
nostalgic	T	T1.1.1
nostril	B	B1
nosy	X	X2.4/X7
not	Z	Z6
not-always-flattering	O	O4.2
not-so-new	T	T3
notable	A	A11.2
notably	A	A14
notation	Q	Q1.1/Q1.2
notch	O	O2
notcher	X	X9.2+/S2mf
notches	O	O2
note	Q	Q1.2
note-taking	Q	Q1.2
notebook	Q	Q1.2
noted	A	A11.1
notepaper	Q	Q1.2
notetaking	Q	Q1.2
noteworthy	A	A11.1
nothing	A	A11.1
nothingness	A	A3
nothings	A	A11.1
notice	Q	Q1.2
noticeable	X	X3.4
noticeably	X	X3.4
noticeboard	Q	Q1.2/H5
noticed	X	X3.4
notices	X	X3.4
noticing	X	X3.4
notification	Q	Q2.2
notified	Q	Q2.2
notify	Q	Q2.1
notion	X	X4.1
notional	A	A1.6
notionally	A	A1.6
notoriety	X	X2.2+/G2.2
notorious	X	X2.2+/G2.2
notoriously	X	X2.2+/G2.2
notre	Z	Z8
notwithstanding	A	A2.1
nougat	F	F1
nought	Z	Z6/Z8
noughts	N	N1
noun	Q	Q3
nourish	B	B2+/F1
nourishing	B	B2+/F1
nourishment	F	F1
nous	X	X9.1
nouvelle	T	T3
novel	Q	Q4.1
novelist	Q	Q4.1/S2mf
novella	Q	Q4.1
novelty	T	T3
novena	S	S9
novice	X	X9.1-/S2mf
noviciate	S	S9
novitiate	S	S9
now	Z	Z5
nowadays	T	T1.1.2
nowhere	M	M6/Z6
nowse	X	X9.1
nowt	Z	Z6/Z8
noxious	A	A15
nozzle	O	O2
nsa	S	S6
nuance	O	O4.1
nuanced	O	O4.1
nuances	O	O4.1
nucella	L	L2
nuclear	Y	Y1
nuclei	B	B1
nucleotide	B	B1
nucleus	B	B1
nude	B	B5
nudge	A	A1.1.1
nudity	B	B5
nugget	O	O4.4
nuggets	O	O4.4
nuisance	E	E6
nullify	T	T2-/G2.1
numb	B	B1
number	N	N5
number-crunchers	Y	Y2/N2
number-crunching	N	N2
numbered	N	N1
numbering	N	N1
numbers	N	N5
numbness	B	B1
numeracy	X	X9.1/N1
numeral	N	N1
numerical	N	N1
numerous	N	N5
nummo	X	X9.1-/S2mf
nun	S	S9/S2.1f
nunnery	S	S9/H1
nuns	S	S9/S2.1f
nuptial	S	S4
nuptials	S	S4
nurse	B	B3/S2mf
nursed	B	B3
nursemaid	I	I3.1/S4/S2.1f
nursery	P	P1/H1c
nursey	B	B3
nursing	B	B3
nurture	S	S1.1.1
nurtured	S	S1.1.1
nurturer	S	S8+/S2mf
nurturing	S	S1.1.1
nut	E	E3
nutcase	S	S1.2.6-/S2mf
nutmeg	F	F1
nutraceutical	B	B3
nutraceuticals	B	B3
nutrient	O	O1
nutrient-rich	O	O1
nutrients	O	O1
nutrition	F	F1
nutritional	F	F1
nutritionist	F	F1/S2mf
nutritious	F	F1/A5.1
nuts	Z	Z4
nutshell	L	L3
nutter	S	S1.2.6-/S2mf
nutters	B	B2-/S2mf
nuttier	F	F1
nutty	F	F1
nuzzle	A	A1.1.1
nylon	O	O1.1
nylons	B	B5
nymph	S	S9
o	Z	Z5
o'clock	T	T1
o'clockish	T	T1.2
o.k.	A	A5.1
o.k	A	A5.1
oak	O	O1.1
oar	M	M4/O2
oat	F	F1
oath	Q	Q2.2
oaths	Q	Q2.2
oatmeal	F	F1
oats	F	F1
ob	X	X2.4
obdurate	A	A2.1-/X2.1
obedience	S	S7.1
obedient	S	S7.1
obesity	O	O4.2
obey	S	S7.1
obituaries	L	L1-/Q4.2
obituary	L	L1-/Q4.2
object	A	A6.1
objectify	A	A3
objectifying	A	A3
objection	E	E2
objectionable	O	O4.2
objective	X	X7
objectively	G	G2.2/S5
objectiveness	G	G2.2/S5
objectivity	G	G2.2/S5
oblate	S	S9/S2mf
obligate	S	S6
obligation	S	S6
obligatory	S	S6
oblige	S	S6
obliged	S	S6
obliging	S	S6
obligingly	S	S6
oblique	O	O4.4
obliquely	A	A10
obliterate	A	A1.1.2
obliterated	A	A1.1.2
oblivion	A	A10
oblivious	X	X2.2
oblong	O	O4.4
obloquy	E	E2-/Q2.2
obnoxious	O	O4.2
oboe	K	K2
oboist	K	K2/S2mf
obscene	S	S1.2.4
obscenely	S	S1.2.4
obscenity	S	S1.2.4
obscure	A	A10
obscurity	A	A10
obsequious	S	S7.1
observable	X	X3.4
observance	G	G2.1
observant	X	X5.1
observation	X	X3.4
observational	X	X3.4
observations	X	X3.4
observe	X	X3.4
obsess	X	X5.2+/N5.2
obsessed	X	X5.2+/N5.2
obsession	X	X5.2+/N5.2
obsessional	X	X5.2+/N5.2
obsessionally	X	X5.2+/N5.2
obsessive	X	X5.2
obsessively	X	X5.2
obsolescence	T	T3
obsolescent	T	T3
obsolete	T	T3
obstacle	S	S8
obstetric	B	B3
obstetrics	B	B3
obstinacy	A	A2.1-/X2.1
obstinate	A	A2.1-/X2.1
obstinately	A	A2.1-/X2.1
obstruct	S	S8
obstructer	S	S8-/S2mf
obstructers	S	S8-/S2mf
obstruction	A	A12
obstructions	A	A12
obstructive	S	S8
obtain	A	A9
obtainable	A	A7
obtained	A	A9
obtaining	A	A9
obtrusion	S	S7.1+/X7
obtrusive	S	S7.1+/X7
obverse	A	A6.1
obviate	A	A1.9
obvious	A	A11.2
obviously	Z	Z4
ocassionally	N	N6
occasion	T	T1.2
occasional	N	N6
occasionally	N	N6
occult	S	S9
occupancy	H	H4
occupant	H	H4/S2mf
occupants	H	H4/S2mf
occupation	I	I3.1
occupational	I	I3.1
occupied	H	H4
occupier	H	H4/S2mf
occupies	H	H4
occupy	H	H4
occupying	H	H4
occur	A	A2.1
occurred	A	A2.1
occurrence	A	A2.1
occurrences	A	A2.1
occurring	A	A2.1
ocean	W	W3/M4
oceanographer	W	W3/M4/S2mf
oceanography	Y	Y1/W3
och	Z	Z4
ochre	O	O4.3
oclock	T	T1
octave	K	K2
octobers	T	T1.3
octogenarian	T	T3
octopus	L	L2
odd	A	A6.2
odd-bod	A	A6.2-/S2mf
odd-bods	A	A6.2-/S2mf
oddball	A	A6.2-/S2mf
oddity	A	A6.2
oddly	A	A6.2
oddment	O	O2
oddments	O	O2
odds	A	A7
odds-on	A	A7
ode	Q	Q3
odious	O	O4.2
odoriferous	X	X3.5
odour	X	X3.5
odours	X	X3.5
oestrogen	B	B1
of	Z	Z5
off	Z	Z5
off-beat	A	A6.2
off-chance	A	A1.4
off-colour	B	B2
off-cut	O	O2
off-cuts	O	O2
off-day	X	X9.2
off-duty	I	I3.1
off-guard	X	X2.6
off-hand	S	S1.2.1
off-key	K	K2
off-licence	F	F2/G1.1
off-line	Y	Y2
off-load	M	M2
off-price	I	I1.3
off-putting	O	O4.2
off-road	M	M7
off-stage	K	K4
off-tape	K	K3
off-the-ground	T	T2+/X9.2
off-the-record	A	A10
off-the-shelf	A	A9
off-the-wall	A	A6.2
off-white	O	O4.3
offbeat	A	A6.2
offence	G	G2.1
offend	S	S1.2.4
offended	S	S1.2.4
offender	G	G2.1-/S2mf
offenders	G	G2.1-/S2mf
offending	S	S1.2.4
offense	G	G2.1
offenses	G	G2.1
offensive	S	S1.2.4
offer	A	A9
offered	A	A9
offerer	I	I1.3/S2mf
offering	A	A9
offhand	S	S1.2.4
office	I	I2.1/H1c
office-bound	I	I2.1/H2c
office-supply	Q	Q1.2
officer	G	G3/S7.1+/S2mf
officers	G	G3/S7.1+/S2mf
officey	H	H2/I2.1
official	G	G1.1
officiality	G	G1.1
officially	G	G1.1
officiate	S	S7.1
officiating	S	S1.1.1
officious	X	X7
offing	T	T2
offish	O	O4.2
offline	Y	Y2
offload	M	M2
offputting	T	T1.1.3
offset	A	A6.1
offshoot	S	S5
offshore	M	M6
offside	K	K5.1
offsite	M	M6
offspring	S	S4mf
offsprings	S	S4
offstage	M	M6
offstump	K	K5.1
oft	N	N6
often	N	N6
oftentimes	N	N6
ogre	O	O4.2-/S2mf
oh	Z	Z4
oh-so-british	Z	Z2
ohhh	Z	Z4
oil	O	O1.2
oil-based	O	O1.2
oil-pressing	I	I4
oil-soaked	O	O1.2
oilfield	W	W3
oils	A	A1.1.1
oily	O	O4.1
ointment	B	B3/O1.1
ok	Z	Z4
okay	Z	Z4
old	T	T3
old-brand	I	I2.2
old-economy	I	I2.1/T3
old-fashioned	T	T3
old-line	I	I2.2
old-style	T	T3
old-technology	Y	Y1/T3
old-time	T	T3
olden	T	T3
older	T	T3
oldest	T	T3
oldfashioned	T	T3
oldie	K	K2/T3
oldies	T	T3
oldish	T	T3
olds	T	T3
oleophobic	O	O4.1
oligarchy	S	S7.1
olive-green	O	O4.3
ology	A	A1.1.1
olympics	K	K5.1
ombudsman	G	G1.1/S2mf
omelette	F	F1
omen	S	S9
ominous	S	S9
omission	A	A1.9
omit	A	A1.9
omnia	N	N5.1
omnibus	Q	Q4
omniscient	S	S9
on	Z	Z5
on-going	T	T2
on-licence	F	F2/G1.1
on-licences	F	F2/G1.1
on-line	Y	Y2
on-side	K	K5.2
on-site	M	M6
on-stream	N	N6
on-the-job	I	I3.1
on-the-spot	N	N3.8
onboard	M	M6
once	Z	Z5
once-over	X	X2.4
once-sacrosanct	S	S9
once-shunned	S	S1.2.1
oncology	B	B3
oncoming	M	M1
one	N	N1
one-click	Y	Y2
one-day	T	T1.3
one-dimensional	O	O4.1
one-eyed	B	B1
one-hour	T	T1.3
one-inch-wide	N	N3.7
one-liter	N	N3.4
one-man	S	S5
one-million-	N	N1
one-note	K	K2
one-of-a-kind	N	N5
one-off	N	N6
one-parent	S	S4
one-party	G	G1.2
one-piece	B	B5
one-sided	S	S1.1.2
one-sidedness	S	S1.1.2
one-size-fits-all	A	A1.2
one-stop	I	I2.2
one-time	T	T1.1.1
one-to-one	S	S5
one-ton	N	N3.5
one-up-manship	S	S7.1
one-upmanship	S	S7.1
one-way	M	M1
one-year	T	T1.3
one:twenty-five	N	N1
oneness	S	S5
oneoff	N	N6
oneoffs	N	N6
onerous	A	A12
ones	N	N1
oneself	Z	Z8
onetime	T	T2
ongoing	T	T2
onion	F	F1
online	Y	Y2
online-marketing	I	I2.2/Y2
online-only	Y	Y2
onlookers	X	X3.4/S2mf
only	A	A14
onset	T	T2
onshore	M	M6
onside	S	S8
onslaught	N	N5
onto	Z	Z5
ontological	X	X2.1/A3
ontologies	X	X2.1/A3
ontology	X	X2.1/A3
ontology-based	X	X4.1/Y2
onus	S	S6
onward	M	M6
onwards	M	M6
oodles	N	N5
ooglie	F	F1
ooh	Z	Z4
oohh	Z	Z4
oooh	Z	Z4
oop	Z	Z4
oops	Z	Z4
ooze	A	A1.1.1
oozing	A	A1.1.1
op	B	B3
opacity	O	O4.3
opaque	O	O4.3
open	A	A10
open-air	W	W1
open-ended	X	X6
open-eyed	X	X3.4
open-heeled	B	B5
open-market	I	I2.2
open-minded	S	S7.4+/A1.7
open-mouthed	E	E5
open-neck	O	O4.1
open-plan	H	H2
open-shirted	B	B5
open-source	Y	Y2
open-toe	B	B5
opencast	I	I4
opened	A	A1.1.1
opener	O	O2
opening	A	A1.1.1
openly	A	A10
openness	A	A5.2
opera	K	K2
opera-ish	K	K2
operate	A	A1.1.1
operated	A	A1.1.1
operatic	K	K2
operating	A	A1.1.1
operation	A	A1.1.1
operational	A	A1.1.1
operationalize	A	A5.1
operationally	A	A1.1.1
operative	A	A1.1.1
operatively	B	B3
operator	Q	Q1.3/S2mf
opere	P	P1
operetta	K	K2
opiate	B	B3
opiates	B	B3
opined	Q	Q2.1/X2.1
opiniate	S	S1.2.3
opiniated	S	S1.2.3
opinion	X	X2.1
opinion-making	X	X2.1
opinionate	X	X2.1/A5
opinionated	X	X2.1/A2.1
opinionator	O	O2/X3.4
opioid	B	B3
opium	B	B3
opponent	S	S7.3/S2mf
opponents	S	S7.3/S2mf
opportune	T	T1.2/A1.2
opportunism	A	A1.4/A1.5.1
opportunist	A	A1.4
opportunistic	G	G2.2
opportunities	A	A1.4
opportunity	A	A1.4
oppose	S	S8-/E2
opposed	S	S8-/E2
opposing	A	A6.1
opposite	A	A6.1
opposition	S	S8-/E2
oppress	E	E3
oppressed	S	S7.1
oppression	S	S7.1
oppressive	A	A1.7
oppressor	S	S7.1+/S2mf
oppressors	S	S7.1+/S2mf
opprobrium	Q	Q2.2/E2
opt	X	X7
opt-in	S	S1.1.3
opt-out	S	S1.1.3
opted	X	X7
optic	B	B1
optical	X	X3.4
optician	B	B3/S2mf
optics	Y	Y1
optimal	A	A5.1
optimally	A	A5.1
optimisation	A	A5.1+++/A2.1
optimise	A	A5.1+++/A2.1
optimised	A	A5.1+++/A2.1
optimism	X	X2.6+/A5.1
optimist	X	X2.6+/A5.1+mf
optimistic	X	X2.6/A5.1+/S1.2
optimistically	X	X2.6/A5.1+/S1.2
optimists	X	X2.6/A5.1+mf
optimize	A	A5.1+++/A2.1
optimizing	A	A5.1+++/A2.1
optimum	A	A5.1
option	X	X7
optional	S	S6
opulent	O	O4.2
oral	Q	Q2.1/P1
orally	B	B1
orange	O	O4.3
orange-and-purple	O	O4.3
orangey	O	O4.3
orangy	O	O4.3
orator	Q	Q2.2/S2mf
orbit	M	M7/W1
orchard	F	F4/H3
orchards	F	F4/H3
orchestra	K	K2/S5c
orchestral	K	K2
orchestrate	S	S7.1
orchestrating	S	S7.1
orchestration	K	K2
orchestrator	S	S7.1+/S2mf
orchid	L	L3
ordain	S	S9
ordained	S	S9
ordains	S	S9
ordeal	E	E6
order	S	S7.1+/Q2.2
ordered	S	S7.1+/Q2.2
ordering	S	S7.1+/Q2.2
orderliness	O	O4.2
orderly	O	O4.2
ordinance	G	G2.1
ordinarily	A	A6.2
ordinary	A	A6.2
ordinary-looking	O	O4.1
ordination	S	S9
ordnance	G	G3
ore	O	O1.1
oregano	L	L3
organ	B	B1
organic	L	L1
organically	A	A6.2
organisation	S	S5+c
organisational	S	S5+c
organisations	S	S5+c
organise	S	S7.1
organised	S	S7.1
organiser	S	S7.1+/S2mf
organising	S	S7.1
organism	L	L2
organisms	L	L2
organist	K	K2/S2mf
organists	K	K2/S2mf
organization	S	S5+c
organizational	S	S5+c
organizations	S	S5+c
organize	S	S7.1
organized	S	S7.1
organizer	S	S7.1+/S2mf
organizing	S	S7.1
orgasm	B	B1
orgy	S	S3.2
oriental	Z	Z2
orientate	M	M6
orientated	M	M6
orientation	M	M6
oriented	M	M6
orienteering	K	K1
origin	T	T2
original	A	A5.4
original-equipment	O	O2/A5.4
originality	A	A6.2
originally	T	T1.1.1
originate	T	T2
originated	T	T2
originating	T	T2
originator	T	T2+/S2mf
ornament	O	O2
ornamental	O	O4.1
ornamentation	C	C1
ornaments	O	O2
ornate	O	O4.2
ornithological	L	L2
ornithologist	L	L2/S2mf
orphan	S	S4
orphanage	H	H4/H1c
orphanaged	S	S4
orphaned	S	S4
orse	L	L2mfn
orthodontic	B	B3
orthodontics	B	B3
orthodontist	B	B3/S2mf
orthodox	S	S9
orthodoxy	S	S9
orthopaedic	B	B3
orthopaedics	B	B3
orthotics	B	B3
orthotist	B	B3/S2mf
orthotists	B	B3/S2mf
oscillate	A	A2.1
oscillating	A	A2.1
oscillation	A	A2.1
ostensibly	A	A8
ostensively	A	A8
ostentatious	S	S1.2.3
ostentatiously	A	A10
osteo-porosis	B	B2
osteopath	B	B3/S2mf
osteopathy	B	B3
osteoporosis	B	B2
ostracise	A	A1.8-/G1.2
ostrich	L	L2mfn
ostriches	L	L2
other	A	A6.1
otherness	A	A6.1
others	A	A6.1-/Z8
otherwise	A	A6.1
otherworldly	S	S9
ottar	O	O1.2/X3.5
otter	L	L2
otto	O	O1.2/X3.5
ou	Z	Z4
ouch	Z	Z4
ought	S	S6
ouija-board	S	S9
ounce	N	N3.5
ounces	N	N3.5
our	Z	Z8
ours	Z	Z8
ourself	Z	Z8
ourselves	Z	Z8
oust	A	A9
ousted	A	A9
out	S	S3.2
out-and-about	M	M1
out-and-out	N	N5.1
out-dated	T	T3
out-flow	M	M1/O1.2
out-going	S	S1.2.1
out-number	N	N5
out-numbered	N	N5
out-of-date	T	T3
out-of-stock	I	I2.2/A9
out-of-town	M	M6
out-price	I	I1.3
out-stripping	A	A5.1
out-talk	Q	Q2.1/N5.2
outages	O	O3
outback	M	M7
outboard	M	M4
outbreak	B	B2
outbuilding	H	H1
outbuildings	H	H1
outburst	E	E3
outcast	A	A1.8-/S2mf
outcasts	A	A1.8-/S2mf
outcome	X	X9.2
outcrop	W	W3
outcrops	W	W3
outcry	Q	Q2.2
outdate	T	T3
outdated	T	T3
outdo	A	A5.1
outdone	A	A5.1
outdoor	M	M6
outdoories	M	M6
outdoors	M	M6
outdoorsy	M	M6
outdoory	M	M6
outer	K	K5.1
outermost	M	M6
outface	S	S7.1
outfit	B	B5
outfits	O	O2
outfitter	B	B5/S2
outfitters	B	B5/S2
outflanked	X	X9.2+/G3
outflow	M	M1/O1.2
outfox	X	X9.1
outgoing	S	S1.2.1
outgoings	I	I1.2
outgrew	N	N3.2/N5.2
outgrow	N	N3.2/N5.2
outgrowing	N	N3.2/N5.2
outgrown	N	N3.2/N5.2
outhouse	H	H1
outing	M	M1
outlaid	I	I1.2
outlandish	N	N5.2
outlast	T	T2++/T1.3
outlaw	G	G2.1
outlawed	G	G2.1
outlay	I	I1.2
outlet	Q	Q2.1
outline	Q	Q2.1
outlined	Q	Q2.1
outlive	L	L1/T1.3
outlived	L	L1/T1.3
outlook	X	X2.1
outlying	N	N3.3
outmanoeuvred	X	X9.1
outmarketed	I	I2.2
outmoded	T	T3
outnumber	N	N5
outnumbered	N	N5
outpace	N	N3.8
outpatient	B	B2-/S2mf
outpatients	B	B3
outperform	A	A5.1
outplacement	I	I3.1
outplay	K	K5.1/A5.1
outplayed	K	K5.1/A5.1
outpost	M	M7
outpouring	M	M2
outprice	I	I1.3/N5.2
outpriced	I	I1.3/N5.2
outpunch	N	N5.2
output	N	N5
outrage	E	E3
outraged	E	E3
outrageous	N	N5.2
outrageously	A	A13.3
outrank	S	S7.1
outre	O	O4.2
outreach	M	M7
outreaches	M	M7
outride	S	S7.1
outrider	M	M3/S2mf
outright	N	N5.2
outros	Q	Q4.3
outsell	I	I2.2/N5.2
outselling	I	I2.2
outsells	I	I2.2/N5.2
outset	T	T2
outshine	A	A5.1
outshrunk	N	N3.2/N5.2
outside	M	M6
outsider	S	S5-/S2mf
outsize	N	N3.2
outskirts	M	M7
outsole	B	B5
outsoles	B	B5
outsource	I	I2.2
outsourcing	I	I2.2
outspoken	A	A10+/S1.2
outspokenness	A	A10+/S1.2
outstanding	A	A5.1
outstandingly	A	A13.3
outstay	M	M8/T2
outstayed	M	M8/T2
outstretch	M	M2
outstretched	M	M2
outstrip	A	A5.1
outstripped	A	A5.1
outstripping	A	A5.1
outthrust	Q	Q2.2
outward	M	M6
outward-going	S	S1.2.1
outward-looking	S	S1.2.1
outwardly	A	A8
outwards	M	M6
outweigh	A	A11.1
outweighed	A	A11.1
outweighing	A	A11.1
outwit	X	X9.1
outworn	T	T3
ovary	B	B1
oven	O	O2/F1
over	N	N5.2
over-academic	A	A1.6
over-achieved	A	A9
over-all	A	A14
over-analyse	X	X2.4/N5.2
over-anxious	E	E6
over-bid	I	I1.3/N5.2
over-bombard	N	N5.2+/Q2.2
over-bombarding	N	N5.2+/Q2.2
over-booting	B	B5
over-claim	N	N5.2+/Q2.2
over-claiming	N	N5.2+/Q2.2
over-claustrophobic	A	A1.7
over-confidence	E	E6+/N5.2
over-confident	E	E6+/N5.2
over-design	C	C1/N5.2
over-designed	C	C1/N5.2
over-emphasise	A	A11.1+/N5.2
over-exaggerate	N	N5.2+/Q2.2
over-exaggerated	N	N5.2+/Q2.2
over-expose	C	C1
over-exposed	C	C1
over-exposes	C	C1
over-feed	F	F1/N5.2
over-feeding	F	F1/N5.2
over-gearing	A	A9
over-inflated	I	I1.3+/N5.2
over-ink	Q	Q1.2/N5.2
over-inking	Q	Q1.2/N5.2
over-investment	I	I1.1
over-man	I	I3.1/N5.2
over-obsessed	X	X5.2+/N5.2
over-obsessive	X	X5.2+/N5.2
over-optimistic	X	X2.6+/A5.1+/N5.2
over-ordered	I	I2.2/Q2.2
over-payment	I	I1.1/N5.2
over-power	S	S7.1
over-powered	S	S7.1
over-price	I	I1.3+/N5.2
over-priced	I	I1.3+/N5.2
over-produce	N	N5.2
over-production	N	N5.2+/A1.1.1
over-protective	S	S8+/A15
over-qualified	I	I3.2
over-react	A	A1.1.1/N5.2
over-reacted	A	A1.1.1/N5.2
over-regulated	A	A1.7++/G1.1
over-run	S	S7.1
over-secure	A	A15
over-sensitive	X	X2.5+/E1/N5.2
over-simplification	A	A12+/N5.2
over-smart	O	O4.2+/N5.1
over-subscribed	S	S1.1.3/N5.2
over-supply	A	A9-/N5.2
over-supplying	A	A9-/N5.2
over-theoretical	A	A1.6
over-time	I	I3.1/T1.3
over-valued	I	I1.3
over-whelming	X	X9.2+/S7.3
overall	N	N5.1
overarm	B	B1
overawed	E	E5
overbanding	O	O2
overbearing	S	S7.1
overblown	N	N5.2
overboard	N	N5.2
overbook	Q	Q2.2/N5.2
overbooked	Q	Q2.2/N5.2
overbooking	A	A9+/Q2.2/N5.2
overboots	B	B5
overburden	N	N5.2
overburdened	N	N5.2
overcame	X	X9.2+/S7.3
overcapacity	N	N5.1+/N5.2
overcast	W	W4
overcharges	I	I1.3
overclean	O	O4.2
overcoat	B	B5
overcome	X	X9.2+/S7.3
overcoming	X	X9.2+/S7.3
overcompensate	S	S8
overcook	F	F1/N5.2
overcooked	F	F1/N5.2
overcrowd	N	N5.2+/N5
overcrowded	N	N5
overcrowding	N	N5.2+/N5
overdependent	S	S7.1
overdo	N	N5.2
overdoing	N	N5.2
overdone	N	N5.2
overdose	B	B3/N5.2
overdraft	I	I1.2
overdraw	I	I1.2
overdrawn	I	I1.2
overdrive	O	O2/M3
overdue	T	T4
overeat	F	F1/N5.2
overeaten	F	F1/N5.2
overemphasise	A	A11.1+/N5.2
overestimate	N	N5.2
overestimation	N	N5.2
overexploitation	A	A1.1.2
overexpose	C	C1
overexposed	C	C1
overfill	N	N5.2
overfilled	N	N5.2
overflap	B	B5
overflow	H	H2
overflowing	N	N5.2
overflows	N	N5.2
overgrow	L	L3
overgrown	L	L3
overgrowth	L	L3
overhang	M	M6
overhanging	M	M6
overhaul	A	A1.1.1
overhauled	A	A1.1.1
overhead	I	I1.2
overhear	X	X3.2
overheated	O	O4.6
overhyped	Q	Q2.2/I2.2
overjoyed	E	E4.1
overkill	N	N5.2
overlaid	M	M6
overland	M	M6
overlap	N	N5.2
overlay	O	O2
overleaf	Q	Q1.2
overload	N	N5.2
overloaded	N	N5.2
overloading	N	N5.2
overlong	T	T1.3
overlook	M	M6
overlooking	M	M6
overlord	S	S7.1+++/S2.2m
overly	A	A13.3
overnight	T	T1.3
overpaid	I	I1.1/N5.2
overpay	I	I1.1/N5.2
overplay	N	N5.2
overpopulation	S	S2/N5.2
overpower	S	S7.1
overpowered	S	S7.1
overpowering	S	S7.1
overpowers	S	S7.1
overprice	I	I1.3/N5.2
overpriced	I	I1.3/N5.2
overqualified	I	I3.2
overrate	A	A11.1+/X2.1
overrated	A	A11.1+/X2.1
override	T	T2
overriding	A	A11.1
overrule	T	T2-/S7.1
overruled	T	T2-/S7.1
overrun	S	S7.1
overrunning	S	S7.1
oversale	I	I2.2/N5.2
oversales	I	I2.2/N5.2
overseas	M	M6
oversee	S	S7.1
overseeing	S	S7.1
overseen	S	S7.1
overseer	S	S7.1+/S2mf
oversell	I	I2.2/N5.2
overselling	I	I2.2/N5.2
overshadow	A	A11.1
overshoot	N	N3.3
oversight	A	A5.3
oversimplify	A	A12+/N5.2
oversized	N	N3.2
overslept	B	B1/N5.2
oversold	I	I2.2/N5.2
overspend	I	I1.2/N5.2
overspending	I	I1.2/N5.2
overspent	I	I1.2/N5.2
overspill	N	N5.2
overstaff	I	I3.1/N5.2
overstaffed	I	I3.1/N5.2
overstate	N	N5.2+/Q2.2
overstatement	Q	Q2.1/N5.2
overstay	M	M8/T2
overstayer	M	M8/T2++/S2mf
overstayers	M	M8/T2++/S2mf
overstep	N	N5.2
overstretch	N	N5.2
overstretched	A	A1.1.1/N5.2
oversubscribed	S	S1.1.3/N5.2
overt	A	A10
overtake	M	M3
overtaken	N	N3.8
overtaking	M	M3
overtaxed	I	I1.1/G1.1/N5.2
overthrew	A	A2.1
overthrow	S	S7.1
overtime	I	I3.1/T1.3
overtly	A	A11.2
overtone	A	A8
overtones	A	A6.1
overtrain	P	P1/N5.2
overtrousers	B	B5
overture	K	K2
overtures	K	K2
overturn	A	A2.1
overturned	A	A2.1
overuse	A	A1.5.1/N5.2
overused	A	A1.5.1/N5.2
overvalued	I	I1.3
overview	X	X2.5
overweight	N	N3.5/N5.2
overwhelm	X	X9.2+/S7.3
overwhelmed	X	X9.2+/S7.3
overwhelming	X	X9.2+/S7.3
overwhelmingly	A	A13.2
overwhelms	X	X9.2+/S7.3
overwork	A	A1.1.1/N5.2
overworked	A	A1.1.1/N5.2
overworking	A	A1.1.1/N5.2
overworry	E	E6-/N5.2
overworrying	E	E6-/N5.2
ow	Z	Z4
owe	I	I1.2
owed	I	I1.2
owing	I	I1.2
owl	L	L2mfn
own	A	A9
owned	A	A9
owner	A	A9+/S2mf
owner-manager	A	A9+/S7.1+/S2mf
owner-managers	A	A9+/S7.1+/S2mf
owner-occupied	H	H4/A9+/S2mf
owner-occupier	H	H4/A9+/S2mf
owner-proprietor	A	A9+/I2.1/S2mf
ownership	A	A9
owt	Z	Z8
ox	L	L2
oxidation	Y	Y1
oxide	O	O1
oxidise	O	O4.1
oxidises	O	O4.1
oxygen	O	O1.3
oxygenate	O	O1.3
oxygenated	O	O4.1/O1.3
oxygenates	O	O1.3
oyster	L	L2
oysters	F	F1
oz	N	N3.5
ozone	O	O1.3
ozone-friendly	W	W5
p	Z	Z5
p'eng	Z	Z1
p.r.	I	I2.1/Q2.2
p.v.	B	B1
pr	I	I2.1/Q2.2
paced	N	N3.8
pacifist	E	E3
pacify	A	A1.1.1/E3
pacing	M	M1
pack	O	O2
pack-a-mac	B	B5
package	O	O2
packaged	O	O4.1
packaged-goods	O	O2/I2.2
packaging	A	A1.1.1
packed	S	S5
packet	O	O2
packets	O	O2
packing	A	A1.1.1
packs	A	A1.1.1
pact	G	G1.1
pad	O	O2
padded	O	O4.1
padding	O	O4.1
paddle	M	M4
paddling	M	M4
paddock	F	F4
padlock	O	O2
pads	M	M1
paediatric	B	B3
paediatrician	B	B3/S2mf
paediatrics	B	B3
paedophile	G	G2.1-/S3.2
paedophiles	G	G2.1-/S3.2
paedophilic	S	S3.2/T3
paella	F	F1
paellas	F	F1
pagan	S	S9/S2mf
paganism	S	S9
pageant	S	S1.1.1
pageantry	K	K1
pager	Q	Q1.3
paging	Q	Q2.2
pagoda	H	H1
pagodas	H	H1
paid	I	I1.1
paid-up	I	I1.2
pail	O	O2
pain	B	B2
pained	O	O4.2
painful	B	B2
painfully	B	B2
painkiller	B	B3
painkillers	B	B3
painless	B	B2-/Z6
pains	B	B2
painstaking	A	A1.3
painstakingly	A	A1.3
paint	C	C1
paintball	K	K5.2
paintbrushes	C	C1
painted	C	C1
painter	C	C1/S2mf
painting	C	C1
paintwork	C	C1
pair	N	N5c
pairings	N	N5
pairs	N	N5
pal	S	S3.1
palace-yard	H	H2/S7.1
palatable	X	X3.1
palate	B	B1
palava	A	A12
palaver	A	A12
pale	O	O4.3
paleness	O	O4.3
paler	O	O4.3
palette	O	O2/C1
paling	H	H2
palisade	H	H2
pallet	O	O2
palletised	O	O2
pallets	O	O2
palliative	B	B3
pallid	O	O4.3
pallor	B	B2
pally	S	S1.2.1
pally-pally	S	S1.2.1
palm	B	B1
palm-top	Y	Y2
palmtop	Y	Y2
palpable	A	A11.2
palpitation	B	B2
palpitations	B	B2
palsy	B	B2
paltry	N	N5
pamper	O	O4.2
pampered	O	O4.2
pampering	O	O4.2
pamphlet	Q	Q4.1
pamphleting	Q	Q1.2
pamphlets	Q	Q4.1
pan	O	O2
pan-european	Z	Z2
panacea	X	X4.2
panache	S	S1.2.3
pancake	F	F1
pancreas	B	B1
pancreatic	B	B1
pancreatitis	B	B2
pandemic	B	B2
pander	S	S8
pandering	S	S8
pane	H	H5
panel	S	S5+c
panelling	H	H5
pang	Z	Z1
pangs	B	B2
panhandlers	I	I3.1/S2mf
panic	E	E5
panick	E	E5
panicked	E	E5
panicking	E	E5
panicky	E	E5
panned	Q	Q4.3/M1
pannier	O	O2
panniers	O	O2
panoply	N	N5
panoramic	N	N5.1
pans	O	O2
pansies	L	L3
pansy	L	L3
pant	B	B1
panthenol	B	B3
pantheon	S	S9
panthethenol	B	B3
panties	B	B5
panto	K	K4
pantolettes	B	B5
pantomime	K	K4
pantomimy	K	K4
pantry	H	H2/F1
pants	B	B5
papa	S	S4m
papacy	S	S7.1+/S9/Z1m
papaya	F	F1
paper	Q	Q4.2c
paper-and-pencil	Q	Q1.2
paper-mill	I	I4/H1c
paperback	Q	Q4.1
paperbacks	Q	Q4.1
papered	H	H5
papering	H	H5
papermaking	I	I4
paperwork	Q	Q1.2
paperworker	Q	Q1.2/S2mf
papoose	B	B5
papooses	B	B5
par	A	A6.1
para	G	G3c
parable	Q	Q3
parabolic	O	O4.4
paracetamol	B	B3
paracetamols	B	B3
parachute	M	M5
parachutes	M	M5
parade	K	K1/M1/S5
paradental	B	B3
paradigm	A	A4.1
paradise	S	S9
paradox	A	A6.1-/X2.6
paradoxical	A	A6.1-/X2.6
paradoxically	A	A6.1-/X2.6
paraffin	O	O1.2
paragon	A	A5.1+/S2mf
paragraph	Q	Q3
parakeet	L	L2
parallel	A	A6.1
paralleled	A	A6.1
paralyse	B	B2
paralysed	B	B2
paralyses	B	B2
paralysing	B	B2
paralysis	B	B2
paralytic	B	B2
paramedic	B	B3/S2mf
paramedical	B	B3
parameter	A	A1.7
parameters	A	A1.7
parametric	A	A1.7
paramilitary	G	G3
paramount	A	A11.1
paramour	S	S3.2/S2mf
paramours	S	S3.2/S2mf
paranoia	B	B2-/X1
paranoid	B	B2-/X1
parapet	H	H2
paraphernalia	O	O2c
paraphrase	Q	Q3
paraphrased	Q	Q3
paraplegic	B	B2-/S2mf
parasite	L	L2
parasites	L	L2
parasitic	L	L2
parasitical	L	L2
parasol	O	O2
parasols	B	B5
paratroop	G	G3/S2mf
paratrooper	G	G3/S2mf
paratroops	G	G3/S5
parcel	O	O2
parcels	O	O2
parched	O	O4.1
parching	O	O1.2
pardon	G	G2.1
pardoning	G	G2.1
pare	A	A1.1.1
pared	A	A1.1.1
pared-down	N	N5-/A2.1
parent	S	S4mf
parent-teacher	P	P1
parentage	S	S4
parental	S	S4
parenteral	B	B1
parenthood	S	S4
parenting	S	S4
parents-in-law	S	S4mf
pariah	S	S1.1.3-/S2mf
paring	A	A1.1.1
parish	S	S9/M7
parishioner	S	S9/S2mf
parishioners	S	S9/S2mf
parishoners	S	S9/S2mf
parity	A	A6.1
park	M	M7/L3
park-bench	O	O2
parked	M	M8
parking	M	M8
parkland	W	W3/L3
parlance	Q	Q3
parle	Q	Q2.1
parley	S	S1.1.3+/G3
parliament	G	G1.1
parliamentarian	G	G1.1/S2mf
parliamentarians	G	G1.1/S2mf
parliamentary	G	G1.1
parlour	H	H2
parlours	H	H2
parochial	A	A1.7
parody	A	A6.1
parole	G	G2.1
parolee	G	G2.1/S2mf
parolees	G	G2.1/S2mf
parquet	H	H2/O1
parrot	L	L2
parrot-wise	A	A6.1
parrots	L	L2
parsed	Q	Q3
parsimonious	I	I1.3
parsimony	I	I1.3
parsing	Q	Q3
parsley	F	F1
parsnip	F	F1
parson	S	S9/S2.2m
parsonage	H	H4/S9
part	A	A10
part-accountant	I	I3.2/I1.1/S2mf
part-black	O	O4.3
part-journalist	Q	Q4.2/I3.2/S2mf
part-narrator	Q	Q2.1/S2mf
part-owner	A	A9+/S2mf
part-qualified	I	I3.2
part-salesman	I	I2.2/S2.2m
part-time	T	T1.3
part-timer	T	T1.3/S2mf
part-timers	T	T1.3/S2mf
part-timing	T	T1.3
part-way	M	M6
partake	S	S1.1.2
partaken	S	S1.1.2
partaker	S	S1.1.3+/S2mf
partakers	S	S1.1.3+/S2mf
parted	A	A10
partial	N	N5.1
partially	A	A13.6
participant	S	S1.1.3+mfn
participate	S	S1.1.3
participating	S	S1.1.3
participation	S	S1.1.3
participative	S	S1.1.3
particle	O	O2
particles	O	O2
particular	A	A4.2
particularity	A	A4.2
particularly	A	A13.3
parties	S	S1.1.3
parting	A	A10
partisan	S	S5
partisans	S	S8+/S2mf
partition	A	A6.1
partitioning	A	A6.1
partly	A	A13.6
partner	S	S3.1/S2mf
partners	S	S3.1
partnership	S	S5+c
parts	N	N5.1
party	K	K1/S1.1.3
parvenu	I	I1.1+/T3---/S2mf
pas	K	K4
pass	M	M1
passable	A	A5.1
passage	H	H2
passageway	H	H2
passbook	G	G1.1/Q1.2
passbooks	G	G1.1/Q1.2
passe	T	T3
passed	M	M1
passenger	M	M3/S2mf
passengers	M	M3/S2mf
passer-by	M	M1/S2mf
passers-by	M	M1/S2mf
passholder	G	G1.1/Q1.2/S2mf
passiage	F	F1
passing	M	M1
passion	X	X5.2
passionate	X	X5.2
passionately	X	X5.2
passive	X	X5.2
passively	X	X5.2
passivity	A	A1.1.1
passport	G	G1.1/Q1.2
password	Y	Y2/Q3
past	T	T1.1.1
pasta	F	F1
paste	O	O1.1
pasted	A	A1.1.1
pastel	C	C1
pastelly	O	O4.3
pastels	O	O4.3
pastiche	A	A6.1
pastie	F	F1
pasties	F	F1
pastille	F	F1
pastilles	F	F1
pastime	K	K1
pastimes	K	K1
pasting	A	A1.1.1
pastor	S	S9/S2mf
pastoral	S	S1.1.1
pastors	S	S9/S2mf
pastry	F	F1
pasture	F	F4
pasty	F	F1
patch	O	O2
patchwork	C	C1
patchy	N	N5.1
pate	F	F1
patella	B	B1
patent	A	A11.2
patent-leather	O	O1.1
patentable	A	A9
patentee	A	A9+/Q1.2/S2mf
patently	A	A11.2
paternal	S	S4
paternalism	S	S7.1
paternalistic	S	S7.1
paternity	S	S4
path	M	M3
pathetic	A	A5.1
pathetically	E	E4.1
pathological	B	B2
pathologist	B	B3/S2mf
pathology	B	B2
pathos	E	E4.1
pathway	M	M3
pathways	M	M3
patient	E	E3
patiently	E	E3
patients	B	B2-/S2mf
patina	O	O4.2
patio	H	H3
patisserie	F	F1/I2.2
patisseries	F	F1/I2.2
patriarch	S	S4m
patriarchal	S	S4
patriarchy	S	S2.2/S7.1
patrilineal	S	S4/S2.2
patriot	S	S6+/S2mf
patriotic	S	S6
patriotism	S	S6
patriots	S	S6+/S2mf
patrol	X	X2.4/S5+c
patrols	X	X2.4/S5
patron	S	S8+/S2mf
patronage	S	S8
patronise	S	S1.2.3
patronising	S	S1.2.3
patronisingly	S	S1.2.3
patronize	S	S1.2.3
patronizing	S	S1.2.3
patsy	S	S1.2.5
patter	X	X3.2
pattern	O	O4.3
patterned	O	O4.3
paucity	A	A9
paunch	B	B1
pauper	I	I1.1-/S2mf
pause	T	T2-/T1.3
pave	H	H1
paved	H	H1
pavement	M	M3/H3
paving	O	O4.1/M3
pavlova	F	F1
paw	L	L2
pawn	K	K5.1
pawnbroker	I	I1.1/S2mf
pawnbrokers	I	I1.1/S2mf
pawnshop	I	I2.2/H1
pawnshops	I	I2.2/H1
paws	A	A1.1.1
pay	I	I1.2
pay-off	I	I1.1/I3.1
pay-up	I	I1.1
payable	I	I1.2
payback	I	I1.1
paycheck	I	I1.1
payer	I	I1.2/S2mf
payers	I	I1.2/S2mf
paying	I	I1.2
paying-in	I	I1.1
paymaster	I	I1.1/I3.1/S2mf
paymasters	I	I1/S2mf
payment	I	I1.1
payoff	I	I1.1/I3.1
payout	I	I1.2
payphone	Q	Q1.3
payrise	I	I1.1/N5
payroll	I	I3.1
pays	I	I1.1/I3.1
pcchhew	Z	Z4
pea	F	F1
pea-green	O	O4.3
peace	E	E3
peace-time	E	E3
peaceable	E	E3
peaceably	E	E3
peaceful	E	E3
peacefully	E	E3
peacekeeper	E	E3+/S2mf
peacekeepers	E	E3+/S2mf
peacekeeping	E	E3
peacetime	E	E3+/G3
peach	O	O4.3
peaches	F	F1
peachy	O	O4.3
peak	N	N5.1
peak-hour	T	T1.3/N5.1
peaked	O	O4.1
peal	X	X3.2
peanut	F	F1
pear	F	F1
pear-flavored	X	X3.1
pears	F	F1
peas	F	F1
peasant	F	F4/S2mf
peasantry	S	S7.1-/S5
peasants	F	F4/S2mf
peat	O	O1.1
pebbles	O	O2
peck	F	F1/L2
pecking	L	L2/F1
peckish	F	F1/B1
pectoral	B	B1
peculiar	A	A6.2
peculiarity	A	A6.2
peculiarly	A	A6.2
pecuniary	I	I1
pedagogical	P	P1
pedagogue	P	P1/S2mf
pedagogy	P	P1
pedal	M	M3
pedantic	A	A4.2/N5.2
pedestal	O	O2
pedestrian	M	M3
pedestrianisation	M	M3/H3
pedestrianise	M	M3/H3
pedestrianised	M	M3
pedestrianization	M	M3/H3
pedestrianize	M	M3/H3
pediatricians	B	B3/S2mf
pediatrics	B	B3
pedicure	B	B4
pee	B	B1
peek	X	X3.4
peel	F	F1/L3
peeler	O	O2/F1
peeling	F	F1/L3
peer	X	X3.4
peer-assessed	X	X2.4/A5/P1
peer-assessment	X	X2.4/A5/P1
peer-based	A	A6.1
peer-controlled	S	S7.1+/A6.1
peer-directed	S	S7.1+/A6.1
peer-evaluation	X	X2.4/A5/P1
peer-feedback	X	X2.4/A5
peer-learning	P	P1
peer-led	S	S7.1+/A6.1
peer-observation	X	X3.4
peer-observations	X	X3.4
peer-observed	X	X3.4
peer-observing	X	X3.4
peer-pressurised	S	S7.1+/A6.1
peer-review	X	X2.4
peer-reviewed	X	X2.4
peer-teaching	P	P1
peerage	S	S7.1
peerages	S	S7.1
peering	X	X3.4
peeved	E	E3
peeves	E	E3
peevish	E	E3
peg	O	O2
pegging	A	A1.7
pegs	O	O2
peitaiho	Z	Z2
pejorative	Q	Q2.2
pelican	L	L2mfn
pell-mell	M	M6
pellet	O	O2
pellicle	B	B1
pelmet	H	H5
pelmets	H	H5
pelt	E	E3
pelting	A	A1.1.1
pelvic	B	B1
pelvis	B	B1
pen	Q	Q1.2/O2
penal	G	G2.1
penalise	G	G2.1
penalised	G	G2.1
penalising	G	G2.1
penalty	G	G2.1
penance	S	S9/G2.1
pence	I	I1
penchant	E	E2
pencil	Q	Q1.2
pencilled	Q	Q1.2
pending	T	T1.1.3
pendulum	O	O2
pendulums	O	O2
penetrate	M	M1
penetrating	X	X3.2
penetration	M	M1/A10
penfriend	S	S3.1/Q1.2mf
penicillin	B	B3
peninsula	W	W3
penis	B	B1
penitence	E	E4.1
penitent	E	E4.1
penneth	I	I1
pennies	I	I1
penniless	I	I1.1
penny	I	I1
penpal	S	S3.1/S2mf
penpals	S	S3.1/S2mf
pens	Q	Q1.2/O2
pension	I	I1.1/T3
pensionable	I	I1.1/T3
pensione	H	H4/H1c
pensioner	T	T3+/S2mf
pensiones	H	H4/H1c
pensioning	I	I1.1/T3
pensions	I	I1.1/T3
pensive	X	X2.1/E4.1
pentathlon	K	K5.1
penthouse	H	H1
penthouses	H	H1
pentop	O	O2
penultimate	N	N4
penury	I	I1.1
people	S	S2
people-centred	S	S2/A11.1
peoples	S	S2mf
pep	X	X5.2
pepper	F	F1
peppercorn	F	F1
peppercorns	F	F1
peppered	F	F1
peppermint	F	F1
peppers	F	F1
peptic	B	B1
per	Z	Z5
per-day	N	N6
perceive	X	X4.1
perceived	X	X4.1
perceiver	X	X3.4/S2mf
perceivers	X	X3.4/S2mf
perceiving	X	X4.1
percent	N	N5
percentage	N	N5
percentage-wise	N	N5
percentages	N	N5
percentile	N	N2
percents	N	N5
perceptible	X	X3.4
perception	X	X4.1
perceptive	X	X5.1
perceptual	X	X2.5
perch	M	M8
perched	M	M8
perching	M	M8
percolate	F	F2/A1.1.1
percolates	F	F2/A1.1.1
percolation	F	F2/A1.1.1
percolator	O	O2/F2
percussion	K	K2
perdition	X	X9.2
perennial	L	L3
perestroika	G	G1.2
perfect	A	A5.1
perfecting	A	A5.1+++/A2.1
perfection	A	A5.1
perfectionism	A	A5.1
perfectionist	A	A5.1+++/S2mf
perfectist	A	A5.1+++/S2mf
perfectly	A	A13.2
perfidious	G	G2.2
perforate	A	A1.1.1
perforated	A	A1.1.1
perforator	O	O2
perforators	O	O2
perform	A	A1.1.1
performance	K	K4
performance-based	A	A1.1.1
performance-wise	X	X9.2
performative	A	A1.1.1
performativity	A	A1.1.1
performed	A	A1.1.1
performer	K	K4/S2mf
performers	K	K4/S2mf
performing	A	A1.1.1
perfume	B	B4
perfumed	X	X3.5
perfumier	B	B4/S2mf
perfumiers	B	B4/S2mf
pergonian	L	L3
pergonians	L	L3
perhaps	A	A7
peridontitis	B	B2
peril	A	A15
perilously	A	A15
perimeter	M	M7
period	T	T1.3
periodic	N	N6
periodical	Q	Q4.2
periodically	N	N6
periodicals	N	N6+/Q4.2
periodontal	B	B1
periodontium	B	B1
peripatetic	M	M6
peripheral	A	A11.1
periphery	A	A11.1
perish	L	L1
perishable	T	T2
peritoneal	B	B1
peritonitis	B	B2
perjury	A	A5.2-/G2.1
perk	I	I1.1/N5
perks	A	A9-/N5.2
perm	B	B4
permanence	T	T2
permanency	T	T2
permanently	T	T2
permeability	N	N5.1
permeable	N	N5.1
permeate	N	N5.1
permeates	N	N5.1
permed	B	B4
permissable	S	S7.4
permissible	S	S7.4
permission	S	S7.4
permission-based	S	S7.4
permissive	S	S7.4
permit	S	S7.4
permitted	S	S7.4
permutation	A	A6.3
permutations	A	A6.3
pernicious	A	A1.1.2
pernickety	E	E6
perpendicular	O	O4.4
perpetrate	A	A1.1.1
perpetrated	A	A1.1.1
perpetrator	G	G2.1-/S2mf
perpetrators	G	G2.1-/S2mf
perpetual	T	T2
perpetually	T	T2
perpetuate	T	T2
perpetuated	T	T2
perpetuates	T	T2
perpetuity	T	T2
perplex	X	X2.5
perplexed	X	X2.5
perplexedly	X	X2.5
perplexing	X	X2.5
perplexity	X	X2.5
perquisite	I	I1.1/N5
perquisites	I	I1.1/N5
persecute	E	E3
persecuted	E	E3
persecuting	E	E3
persecution	E	E3
persecutions	E	E3
perseverance	T	T2
persevere	T	T2
persist	T	T2
persistence	T	T2
persistency	T	T2
persistent	T	T2
persistently	T	T2
person	S	S2mfc
persona	S	S1.2
personable	S	S1.2.1
personage	I	I3.1/S2mf
personal	S	S5
personalise	A	A1.2/S5
personalised	A	A1.2/S5
personalities	S	S1.2
personality	S	S1.2
personalization	A	A1.2/S5
personalized	A	A1.2/S5
personalizes	A	A1.2/S5
personalizing	A	A1.2/S5
personally	S	S5
personification	A	A10
personified	A	A10
personify	A	A10
personnel	I	I3.1/S5
perspective	X	X4.1
perspex	O	O1.1
perspiration	B	B1
persuade	Q	Q2.2
persuaded	Q	Q2.2
persuading	Q	Q2.2
persuasion	Q	Q2.2
persuasions	Q	Q2.2
persuasive	Q	Q2.2
persuasively	Q	Q2.2
persuasiveness	Q	Q2.2
pertain	A	A2.2
pertaining	A	A2.2
pertinent	A	A2.2
perturb	E	E6
perturbed	E	E6
perusal	Q	Q1.2
peruse	Q	Q1.2
pervade	N	N5.1
pervaded	N	N5.1
pervading	N	N5.1
pervasive	N	N5.1
perverse	S	S1.2.3
perversion	G	G2.2-/S3.2
perversity	S	S1.2.3
pervert	A	A2.1
perverted	A	A2.1
peso	I	I1
pessimism	X	X2.6/A5.1
pessimist	X	X2.6/A5.1
pessimistic	X	X2.6/A5.1
pest	X	X7-/S2mf
pester	Q	Q2.2/X7
pestered	Q	Q2.2/X7
pestering	Q	Q2.2/X7
pesticide	O	O1
pestilence	B	B2
pests	L	L2
pesty	G	G2.2-/S2mf
pet	E	E2
petal	L	L3
petals	L	L3
petit	N	N3.2
petit-bourgeois	G	G1.2
petite	N	N3.2
petition	Q	Q1.2
petitions	Q	Q1.2
petrified	E	E5
petrify	E	E5
petrochemical	O	O1
petrol	O	O1.2
petroleum	O	O1.2
petticoat	B	B5
pettiness	A	A11.1
petty	A	A11.1
petty-cash	I	I1/N5
petulant	E	E3
petunia	L	L3
petunias	L	L3
peu	N	N5
pew	H	H5
pews	H	H5
pewter	O	O1.1
pfft	Z	Z4
pgs	Q	Q1.2
ph	Y	Y1
phallic	S	S3.2
phallus	B	B1
phantom	S	S9mfn
pharmaceutical	B	B3
pharmaceutically	B	B3
pharmacist	B	B3/S2mf
pharmacology	Y	Y1
pharmacy	B	B3/H1
phase	N	N3.8
phased	E	E5
phaw	Z	Z4
pheasant	F	F1
pheasants	L	L2
phenomenal	A	A5.1
phenomenally	A	A13.3
phenomenon	A	A3
phew	Z	Z4
phial	O	O2
philadelphus	L	L3
philanderer	S	S3.2/S2.2m
philanthropic	S	S1.2.2
philanthropist	S	S1.2.2-/S2mf
philanthropy	S	S1.2.2
philatelist	C	C1/S2mf
philophobic	O	O4.1
philophobics	O	O4.1
philosopher	X	X2.1/S2mf
philosopher-tycoon	X	X2.1/I2.1/S2mf
philosophical	A	A1.6
philosophically	A	A1.6
philosophy	P	P1
phlegm	B	B1
phlegmatic	E	E3
phobia	E	E5
phobias	E	E5
phone	Q	Q1.3
phone-in	Q	Q1.3
phonebook	Q	Q1.3/Q4.1
phonebooks	Q	Q1.3/Q4.1
phonecall	Q	Q1.3
phoned	Q	Q1.3
phonetic	Q	Q3
phonetically	Q	Q3
phonetics	Q	Q3
phoney	A	A5.4
phonic	Q	Q3
phonics	Q	Q3/P1
phoning	Q	Q1.3
phonographic	K	K3
phote	C	C1
photo	C	C1
photocopiable	Q	Q1.2/A5.4
photocopied	Q	Q1.2/A5.4
photocopier	Q	Q1.2/A5.4
photocopies	Q	Q1.2/A5.4
photocopy	Q	Q1.2/A5.4
photocopying	Q	Q1.2/A5.4
photogenic	O	O4.2
photograph	C	C1
photographer	C	C1/S2mf
photographic	C	C1
photographing	C	C1
photography	C	C1
photomatic	C	C1
photomatics	C	C1
photos	C	C1
photostat	Q	Q1.2/A5.4
phrase	Q	Q3
phrased	Q	Q3
phraseology	Q	Q3
phrasing	Q	Q3
phrenological	B	B3
phrenology	B	B3
phycological	Y	Y1/L3
phycologically	Y	Y1/L3
phycology	Y	Y1
physical	B	B3
physically	B	B1
physicist	Y	Y1/S2mf
physics	Y	Y1
physio	B	B3
physiological	B	B1
physiology	Y	Y1
physios	B	B3/S2mf
physiotherapist	B	B3/S2mf
physiotherapy	B	B3
physique	B	B1
pianist	K	K2/S2mf
piano	K	K2
pianoforte	K	K2
piazza	F	F1
pic	C	C1
picall	Y	Y2
picalls	Y	Y2
picaroon	G	G2.2-/S2mf
picaroons	G	G2.2-/S2mf
piccalilli	F	F1
pick	X	X7
pick-pocket	G	G2.1-/S2mf
pick-up	A	A9
pickaxe	O	O2
picked	X	X7
picket	I	I3.1
picketing	I	I3.1
picking	X	X7
pickle	F	F1
pickled	F	F1
pickling	F	F1
pickpocket	G	G2.1-/S2mf
picks	O	O2
pickup	A	A5.1+/A2.1
picky	X	X7
picnic	F	F1
picolour	O	O4.3
pics	C	C1
picsall	Y	Y2
picsell	Y	Y2
picsells	Y	Y2
pictorial	C	C1
picture	C	C1
picture-gram	C	C1
picture-grams	C	C1
pictures	C	C1
picturesque	O	O4.2
picturise	X	X2.1
picturises	X	X2.1
piddle	B	B1
piddling	B	B1
piddly	N	N3.2
pie	F	F1
pie-chart	Q	Q1.2/N2
piece	N	N5.1
pieced	N	N5
piecemeal	N	N6
pieces	N	N5.1
pied	L	L2mfn
pier	M	M4/H1
pierced	A	A1.1.1
piercing	A	A11.2
piety	G	G2.2
pig	L	L2mf
pig-headed	S	S1.2/A2.1
pigeon	L	L2mfn
pigeonhole	H	H5
piggy	L	L2mf
piggy-back	M	M2/K6
piggy-backed	M	M2/K6
piggy-backing	M	M2/K6
piglet	L	L2mf/T3
pigment	O	O4.3
pigmentation	B	B1/O4.3
pigs	L	L2mf
pigsty	O	O4.2
pike	L	L2mfnc
pile	N	N5
piles	N	N5
pilfer	G	G2.1-/A9
pilferage	G	G2.1-/A9
pilferer	G	G2.1-/S2mf
pilferers	G	G2.1-/S2mf
pilfering	G	G2.1-/A9
pilgrimage	M	M1/S9
pill	B	B3
pill-popping	B	B3
pillage	G	G2.1-/A9
pillar	H	H2
pillion	M	M3/S2mf
pillock	S	S1.2.6-/S2mf
pillory	O	O2/A1.7+/G2.1
pillow	H	H5
pillowcase	H	H5
pillowcases	H	H5
pills	B	B3
pilot	M	M5/I3.2/S2mf
piloted	X	X2.4
piloting	X	X2.4
piltch	A	A9
pimp	S	S3.2/S2mf
pimple	B	B2
pimples	B	B1
pimps	S	S3.2/S2mf
pin	O	O2
pin-board	Q	Q1.2/H5
pin-point	N	N3.2
pin-striped	O	O4.3
pin-up	C	C1
pinafore	B	B5
pinball	K	K5.2
pincer	O	O2
pinch	E	E3
pinched	E	E3
pinching	E	E3
pineapple	L	L3
ping	X	X3.2
pingpong	K	K5.1
pinholes	O	O2/B5
pinion	M	M3/S2mf
pink	O	O4.3
pinking	A	A1.1.1
pinkish	O	O4.3
pinky	O	O4.3
pinnacle	N	N5.1
pinned	A	A1.7
pinnie	B	B5
pinny	B	B5
pinpoint	A	A10
pins	A	A1.7
pinstripe	B	B5/O4.3
pint	N	N3.4
pinta	F	F2
pinup	C	C1
pinups	C	C1
pioneer	T	T2+/S2mf
pioneered	T	T2
pioneering	T	T2
pious	S	S9
piously	S	S9
pipe	O	O2
piped	M	M2
pipeline	O	O2
pipelines	O	O2
pipework	H	H2
pipeworks	I	I4/H1c
piping	O	O4.1
pique	E	E3
piqued	E	E3
piracy	G	G2.1-/M4
pirate	G	G2.1-/S2mf
pirates	G	G2.1-/S2mf
piro	G	G3
piros	G	G3
piss	B	B1
piss-head	F	F2++/S2mf
piss-heads	F	F2++/S2mf
piss-up	F	F2
pissed	F	F2
pisshole	O	O4.2
pissing	B	B1
piste	M	M7/K5.1
pistol	G	G3
piston	O	O2
pistons	O	O2
pit	O	O2
pitch	M	M7/K5.1
pitched	M	M2
pitcher	O	O2
pitching	M	M2
piteous	E	E4.1
pitfall	A	A15
pitfalls	A	A15
pitied	E	E4.1
pitiful	E	E4.1
pitifully	E	E4.1
pits	O	O2
pittance	I	I1/N5
pitted	A	A1.1.1
pity	E	E4.1
pitying	E	E4.1
pivot	M	M1
pivotal	A	A11.1
pix	C	C1
pixel	Y	Y2
pixels	Y	Y2
pixie	S	S9/S2mf
pizza	F	F1
pizzeria	F	F1/H1
pizzerias	F	F1/H1
placard	Q	Q1.2
placate	A	A1.1.1/E3
placated	A	A1.1.1/E3
place	M	M7
placed	M	M2
placement	M	M2
places	M	M7
placid	E	E3
placing	M	M2
placings	N	N4/S7.3
placque	B	B2
plagiarise	A	A5.4
plagiarising	A	A5.4
plagiarism	A	A5.4
plagiarize	A	A5.4
plagiarizing	A	A5.4
plague	X	X7
plaice	L	L2mfnc
plaid	B	B5
plain	O	O4.1
plain-sailing	A	A12
plain-song	K	K2
plainchant	K	K2
plainclothes	B	B5/G2.1
plainly	A	A11.2
plainness	A	A5.2
plaintiff	G	G2.1/S2mf
plaintiffs	G	G2.1/S2
plaintive	E	E4.1
plaintively	E	E4.1
plait	B	B4
plaited	A	A1.1.1
plan	X	X7
plane	O	O4.4
planet	W	W1
planetwide	W	W3
planing	A	A1.1.1
plank	O	O2
planking	O	O2
planned	X	X7
planner	S	S7.1+/I3.2/S2mf
planning	X	X7
plans	X	X7
plant	F	F4
plantation	F	F4/M7
plantation-based	F	F4
plantations	F	F4/M7
planted	F	F4
planter	O	O2/F4
planters	O	O2/F4
planting	F	F4
plaque	O	O2
plasma	B	B1
plaster	O	O1.1
plasterboard	O	O1.1
plastercene	O	O1.1
plastercine	O	O1.1
plastered	A	A1.1.1
plasterer	H	H1/S2mf
plastering	A	A1.1.1
plasterwork	H	H5
plastic	O	O1.1
plastic-based	O	O1.1
plasticine	O	O1.1
plasticky	O	O1.1
plastics	O	O1.1
plasticy	O	O1.1
plate	A	A1.1.1
plateau	N	N5.1
plateaue	A	A2.1
plateauing	A	A2.1
plated	O	O2/F1
platelet	B	B1
platelets	B	B1
plater	I	I4/S2mf
platform	M	M3/M7
platforms	M	M3/M7
plating	A	A1.1.1
platinum	O	O1.1
platitude	A	A6.2
platonic	S	S3.2
platonics	Y	Y1
platoon	G	G3/S5+c
platter	F	F1
plaudits	S	S7.2+/Q2.2
plausibility	A	A5.2
plausible	A	A7
play	K	K4
play-off	K	K5.1
play-offs	K	K5.1
play-school	P	P1c
playdo	O	O1.1
played	K	K1
played-out	K	K5.1
player	K	K6/S2mf
player-manager	S	S7.1+/K5.2/S2mf
playful	E	E4.1
playgirl	S	S2.1f
playground	K	K6/H3
playing	K	K1
playpark	K	K6/M7
playroom	K	K6/H2
plays	K	K5
playschool	P	P1
plaything	K	K6
playtime	K	K1/T1.3
playwright	K	K4/S2mf
plc	I	I2.1/S5
ple	Q	Q2.2
plea	Q	Q2.2
plead	Q	Q2.2
pleading	Q	Q2.2
pleasant	O	O4.2
pleasantly	O	O4.2
pleasantness	O	O4.2
pleasantries	S	S1.2.4
pleasantry	S	S1.2.4
please	Z	Z4
pleased	E	E4.2
pleasing	E	E4.2
pleasurable	O	O4.2
pleasure	E	E4.2
pleat	B	B5
pleated	B	B5
pleats	B	B5
pleb	O	O4.2-/S2mf
plebs	O	O4.2-/S2mf
plec	K	K2
pled	Q	Q2.2
plenary	S	S1.1.3
plenitude	N	N5
plentiful	N	N5
plentifully	N	N5
plenty	N	N5
plenum	S	S1.1.3
plethora	N	N5
pliable	O	O4.5
pliant	S	S1.2.5
plier	O	O2
pliers	O	O2
plight	A	A12
plimsoll	B	B5
plimsolls	B	B5
plinth	O	O2
plod	G	G2.1/S2mf
plodder	N	N3.8-/S2mf
plodders	N	N3.8-/S2mf
plodding	N	N3.8
plonk	F	F2
plonked	M	M2
plonker	S	S1.2.6-/S2mf
plonkers	S	S1.2.6-/S2mf
plot	G	G2.1
plotter	G	G2.1-/S2mf
plotting	G	G2.1
plough	F	F4
ploughed	F	F4
ploughman	F	F4/S2mf
ploughmen	F	F4/S2mf
ploughs	F	F4
ploughshare	O	O2/F4
ploughshares	O	O2/F4
plow	O	O2/F4
ploy	X	X4.2
pluck	E	E5
plucked	O	O4.1
plug	O	O3
plug-in	O	O3
plugged	O	O4.1
plugging	A	A1.1.1
plughole	O	O2
plum	F	F1
plumage	L	L2
plumb	X	X2.5
plumber	H	H2/S2mf
plumbers	H	H2/S2mf
plumbing	H	H5
plume	N	N5
plumed	O	O4.1
plumes	L	L2/B1
plummet	M	M1/N3.8
plummeted	M	M1/N3.8
plummeting	M	M1/N3.8
plump	O	O4.4
plumped	O	O4.4/A2.1
plumpish	O	O4.4
plums	F	F1
plunder	G	G2.1-/A9
plundered	G	G2.1-/A9
plundering	G	G2.1-/A9
plunderings	G	G2.1-/A9
plunders	G	G2.1-/A9
plunge	M	M1
plunged	M	M1
plunger	O	O2
plunk	M	M2
plural	Q	Q3
pluralism	A	A6.3
pluralist	A	A6.3
pluralistic	A	A6.3
plus	A	A5.1
pluses	A	A5.1
plush	O	O4.2
plusses	A	A5.1
plutonium	O	O1.1
ply	O	O2
plywood	O	O2
pma	Q	Q1.2
pnd	N	N3.5
pnds	N	N3.5
pneumatic	Y	Y1
pneumatics	Y	Y1
pneumoconiose	B	B2
pneumoconioses	B	B2
pneumonia	B	B2
pneumonics	O	O2
po-faced	E	E4.1
po-ta	Z	Z1
po-tsan	Z	Z1
poach	G	G2.1
poached	F	F1
poacher	G	G2.1-/S2mf
poaching	G	G2.1
pocket	A	A9
pocket-sized	N	N3.2
pocketbook	B	B5/I1
pocketed	A	A9
pocketful	N	N5
pocketing	A	A9
pockets	B	B5
pocus	S	S9
pod	L	L2
podiatrist	B	B3/S2mf
podium	O	O2
poem	Q	Q3
poet	Q	Q4.1/S2mf
poetic	Q	Q3
poetically	Q	Q3
poetry	Q	Q3
poets	Q	Q4.1/S2mf
poignancy	E	E4.1
poignant	E	E4.1
poinsettia	L	L3
point	Q	Q2.1
point-blank	A	A5.2
point-of-sale	I	I2.2
point-to-point	K	K5.1
pointed	O	O4.4
pointedly	X	X7
pointer	S	S8
pointing	A	A10
pointless	A	A1.5.2
pointlessness	X	X9.2
pointy	O	O4.4
poise	S	S1.2
poison	E	E3-/O1
poisoned	E	E3
poisoner	G	G2.2-/S2mf
poisoning	E	E3
poisonous	E	E3
poke	E	E3
poker	O	O2
pokey	N	N3.2
polar	W	W3
polarisation	A	A6.1-/A2.1
polarise	A	A1.1.1
polarised	A	A1.1.1
polarization	A	A6.1
pole	O	O2
polemic	Q	Q2.2
police	G	G2.1
policed	G	G2.1
policeman	G	G2.1/I3.2/S2.2m
policemen	G	G2.1/I3.2/S2.2m
policewoman	G	G2.1/S2.1f
policies	X	X7
policing	G	G2.1
policy	X	X7
policy-maker	G	G1.2/S2mf
policy-making	G	G1.2
policyholder	I	I2.1/S2mf
policyholders	I	I2.1/S2mf
polio	B	B2
polished	O	O4.1
polisher	B	B4
polishers	B	B4
polishing	B	B4
politburo	G	G1.1/S7.1
polite	S	S1.2.4
politely	S	S1.2.4
politeness	S	S1.2.4
politic	G	G1.2
political	G	G1.2
politically	G	G1.2
politically-motivated	G	G1.2
politician	G	G1.2/S2mf
politicisation	G	G1.2
politicise	G	G1.2
politicised	G	G1.2
politicize	G	G1.2
politicized	G	G1.2
politicizing	G	G1.2
politicking	G	G1.2
politics	G	G1.2c
polities	M	M7
polity	M	M7
poll	G	G1.2
poll-tax	I	I1.1/G1.1
pollava	E	E6
pollen	L	L3
pollination	F	F4
polling	G	G1.2
pollutant	O	O1
pollutants	O	O1
pollute	W	W5
polluted	W	W5
pollutes	W	W5
polluting	W	W5
pollution	W	W5
poltergeist	S	S9mfn
poltergeists	S	S9mfn
poly	P	P1/H1c
polycotton	O	O1.1
polyester	O	O1.1
polyfilla	O	O1.1
polyfunctional	A	A1.5.2
polygamy	S	S4/N5
polyglot	Q	Q3/S2mf
polygon	O	O4.4
polygons	O	O4.4
polygym	K	K5.1/H1c
polymer	O	O1
polypropylene	O	O2
polys	P	P1
polysemy	Q	Q3
polystyrene	O	O1.1
polysulphate	O	O1
polytechnic	P	P1/H1c
polythene	O	O1.1
polyunsaturate	O	O1
polyunsaturated	O	O4.1
polyunsaturates	O	O1
polyurethane	O	O1.1
polyurethanes	O	O1.1
pom	Z	Z4
pompous	S	S1.2.3
pond	W	W3/M4
ponder	X	X2.1
pondering	X	X2.1
ponderous	N	N3.5
pong	X	X3.5
pontics	O	O2
pontifical	S	S9
pontificate	Q	Q2.2
pontoon	M	M4
pontoons	M	M4
ponytail	B	B4
poo	B	B1
poo-poo	B	B1
poodle	L	L2mfn
poodling	A	A1.1.1
poof	S	S3.2/S2.2m
poofter	S	S3.2/S2.2m
poofy	S	S3.2
pooh-pooh	E	E2-/Q2.2
pool	W	W3/M4
pooled	S	S1.1.2
pooling	S	S1.1.2
pools	W	W3/M4
poolside	W	W3/M4
poor	I	I1.1
poorer	I	I1.1
poorest	I	I1.1
poorly	B	B2
pop	Z	Z4
pop-star	K	K2/S2mf
pop-up	Y	Y2
pop-ups	Y	Y2
popcorn	F	F1
popish	S	S9/S1.2.4
poplar	L	L3
poplica	K	K1
popmobility	K	K5.1
popped	X	X3.2
popper	O	O2/B5
poppet	S	S2/E2+mf
popping	X	X3.2
pops	X	X3.2
populace	S	S2/N5c
popular	E	E2
popularity	E	E2
popularly	N	N5
populate	S	S2
populated	S	S2
population	S	S2/N5c
populist	G	G1.2/S2mf
populous	N	N5+/S2
porcelain	O	O1.1
porch	H	H2
porcupine	L	L2
pore	B	B1
pores	B	B1
pork	F	F1
porkies	A	A5.2
porn	S	S3.2/Q4
porno	Q	Q4/S3.2
pornographer	S	S3.2/Q4/S2mf
pornographic	S	S3.2/Q4
pornography	Q	Q4/S3.2
porous	O	O4.1
porpoise	L	L2mfn
porpoises	L	L2mfn
port	M	M4/M7
portability	M	M2
portable	Q	Q4.3
portacabin	H	H1
portage	M	M3
portal	H	H2
portend	X	X2.6
porter	I	I3.1/S2mf
porterage	M	M2
portering	M	M2
porters	I	I3.1/S2mf
portfolio	I	I2.1
portico	H	H2
portio	H	H2
portion	S	S1.1.2
portly	O	O4.2
portraiture	C	C1
portray	C	C1
portrayal	C	C1
portrayed	C	C1
pose	O	O4.1/B1
poser	A	A5.4-/S2mf
posers	A	A5.4-/S2mf
poses	O	O4.1/B1
poseur	S	S1.2.3+/S2mf
poseurs	S	S1.2.3+/S2mf
posh	O	O4.2
poshly	O	O4.2
posing	O	O4.1/B1
position	M	M6
positional	M	M6
positioned	M	M6
positioning	M	M6
positive	A	A7
positively	A	A7
positivism	X	X2.4/A5.2
positivist	X	X2.4/A5.2
posse	S	S5+c
posses	G	G2.1c
possess	A	A9
possessed	S	S9
possession	A	A9
possessive	S	S1.2.2
possessiveness	S	S1.2.2
possessor	A	A9+/S2mf
possessors	A	A9+/S2mf
possibilities	A	A7
possibility	A	A7
possible	A	A7
possibly	A	A7
post	Q	Q1.2
post-80	T	T1.3
post-everest	T	T1.3
post-ipo	T	T1.3/I2.2
post-yts	P	P1
post-cold-war	T	T1.3/G1.2
post-communist	T	T1.3/G1.2
post-doctoral	P	P1
post-entry	N	N4/M7
post-flight	M	M1/N4
post-grad	P	P1
post-graduate	P	P1
post-industrial	T	T1.3/I4
post-it-notes	Q	Q1.2
post-its	Q	Q1.2
post-modernism	C	C1
post-modernist	C	C1
post-monsoon	W	W4
post-office	Q	Q1.2
post-production	Q	Q4.3
post-school	P	P1
post-servicing	I	I2.2
post-test	P	P1
post-testing	P	P1
post-traumatic	B	B2
post-war	T	T1.3
postage	Q	Q1.2
postal	Q	Q1.2
postbag	O	O2/Q1.2
postbox	Q	Q1.2/O2
postboxes	Q	Q1.2/O2
postcard	Q	Q1.2
postcards	Q	Q1.2
postcode	Q	Q1.2
posted	Q	Q1.2
poster	Q	Q1.2
postering	Q	Q1.2
posterior	M	M6
posterity	T	T1.1.3/T1.3
postgrad	P	P1
postgrads	P	P1/S2mf
postgraduate	P	P1
posthumous	N	N4/L1
posthumously	N	N4/L1
posting	Q	Q1.2
postman	Q	Q1.2/I3.2/S2.2m
postmaster	Q	Q1.2/I3.1/S2.2m
postmortem	B	B3
postpone	T	T1.1.3
postponed	T	T1.1.3
postponement	T	T1.1.3
postscript	Q	Q1.2
postulant	S	S9/S2mf
postulate	X	X2.1
postulated	X	X2.1
posture	O	O4.1/B1
postwar	T	T1.3
posy	S	S1.2.3
pot	F	F4
pot-ash	F	F4/O1.1
pot-ashes	F	F4/O1.1
pot-hole	W	W3
pot-holes	W	W3
potassium	O	O1
potato	L	L3/F1
potato-masher	O	O2/F1
potency	S	S7.1
potent	S	S7.1
potentate	S	S7.1+/S2mf
potential	A	A7
potentially	A	A7
pothole	W	W3
potholes	W	W3
potion	O	O1
potluck	A	A1.4
pots	O	O2
potsy	S	S1.2.6
potted	F	F4
potter	C	C1/S2mf
potteries	C	C1/H1
pottering	A	A1.1.1
pottery	C	C1
potty	S	S1.2.6
pouch	B	B5
pouches	O	O2
pouchy	O	O4.1
poultice	B	B3
poultry	L	L2
pounce	M	M1
pound	M	M7
pounder	N	N3.5
pounding	A	A1.1.2
pour	A	A1.1.1/O1.2
poured	A	A1.1.1/O1.2
pouring	A	A1.1.1/O1.2
pout	B	B1
pouty	O	O4.1
poverty	I	I1.1
poverty-stricken	I	I1.1
powder	O	O1.1
powdered	B	B4
powders	O	O1.1
powdery	O	O4.5
power	A	A1.1.1
power-play	S	S7.1
powerboat	M	M4fn
powered	A	A1.1.1
powerful	S	S7.1
powerfully	S	S7.1
powerhouse	S	S7.1
powering	A	A1.1.1
powerless	S	S7.1
powerlessly	S	S7.1
powerlessness	S	S7.1
powers	S	S7.1
pox	B	B2
poxy	O	O4.2
pp.	Q	Q1.2
practicability	A	A1.6
practicable	A	A7
practical	A	A1.6
practical-based	A	A1.1.1/A1.6
practicalities	A	A1.6
practicality	A	A1.6
practically	A	A13.4
practice	A	A1.1.1
practice-based	I	I3.1
practice-oriented	A	A1.1.1/A1.6
practiced	I	I3.2
practicing	A	A1.1.1
practise	A	A1.1.1
practised	A	A1.1.1
practising	A	A1.1.1
practitioner	I	I3.2/S2mf
pragmatic	Q	Q3
pragmatically	S	S1.2.6
pragmatism	A	A1.6
pragmatist	A	A1.6/S2mf
prairies	W	W3/L3
praise	S	S7.2+/Q2.2
praiseworthy	S	S1.1.4
praising	S	S7.2+/Q2.2
pram	M	M3
prance	M	M1
prancing	M	M1
prank	K	K6/G2.2
pranks	K	K6/G2.2
prat	S	S1.2.6-/S2mf
prattle	Q	Q2.1
prattling	Q	Q2.1
prawn	F	F1
praxis	I	I3.1
pray	S	S9/Q2.2
prayer	S	S9/Q2.2
prayerful	S	S9
praying	S	S9/Q2.2
prays	S	S9/Q2.2
pre	N	N4
pre-1924	T	T1.3
pre-berghaus	T	T1.3
pre-christian	S	S9
pre-christmas	S	S9/T1.3/N4
pre-cubs	T	T3
pre-gore-tex	T	T1.3
pre-ipo	I	I2.2/N4
pre-agree	Q	Q2.2/N4
pre-agreed	Q	Q2.2/N4
pre-asylum	N	N4/Z2/G1.1
pre-book	Q	Q2.2/N4
pre-booked	Q	Q2.2/N4
pre-breathable	T	T1.3
pre-clerical	S	S9
pre-clinical	B	B3
pre-conceived	N	N4
pre-condition	S	S6
pre-conditions	S	S6
pre-cook	F	F1
pre-cut	O	O4.1/N4
pre-cycling	T	T1.3
pre-define	X	X6+/N4
pre-defined	X	X6+/N4
pre-determined	A	A7+/A2.1
pre-done	A	A1.1.1/N4
pre-election	G	G1.2/X7
pre-eminence	A	A11.1
pre-eminent	A	A5.1
pre-empt	N	N4
pre-empted	N	N4
pre-empting	N	N4
pre-emptive	N	N4
pre-entry	N	N4/M7
pre-fitted	O	O4.1
pre-flight	M	M1/N4
pre-generation	T	T1.3
pre-industrial	I	I4/N4
pre-interview	Q	Q2.1/N4
pre-judgement	X	X2.1/N4
pre-judgements	X	X2.1/N4
pre-literate	N	N4/Q3
pre-luncheon	F	F1/N4
pre-made	A	A1.1.1/N4
pre-make	A	A1.1.1/N4
pre-making	A	A1.1.1/N4
pre-nursing	B	B3
pre-occupation	X	X5.1
pre-occupied	X	X5.1
pre-occupy	X	X5.1
pre-occupying	X	X5.1
pre-ordained	S	S9
pre-owned	T	T3
pre-packed	O	O4.1/N4
pre-payment	I	I1.1
pre-plan	X	X7+/N4
pre-planned	X	X7+/N4
pre-planning	X	X7+/N4
pre-prepare	A	A1.1.1/N4
pre-prepared	O	O4.1
pre-press	Q	Q4.2/N4
pre-printed	Q	Q1.2/N4
pre-prod	A	A1.1.1/N4
pre-production	A	A1.1.1/N4
pre-reading	Q	Q1.2/N4
pre-receivership	I	I2.1/I1.2
pre-reckon	X	X2.1
pre-record	N	N4/X9.2
pre-recorded	K	K3/N4
pre-registration	I	I3.2+/N4
pre-released	A	A10+/N4
pre-research	X	X2.4/N4
pre-retirement	I	I3.1-/N4
pre-sealed	O	O4.1/N4
pre-season	N	N4
pre-selections	X	X7+/N4
pre-sentence	G	G2.1
pre-session	P	P1
pre-sessional	P	P1
pre-set	A	A1.7+/N4
pre-settlement	M	M7/N4
pre-shrunk	N	N3.2-/A2.1
pre-sold	I	I2.2
pre-start-up	T	T2+/N4
pre-tax	I	I1.1
pre-test	P	P1
pre-tested	P	P1
pre-testing	P	P1
pre-thought	X	X2.1
pre-trained	P	P1
pre-training	P	P1
pre-vet	P	P1/L2
pre-vocational	I	I3.2
pre-war	T	T1.1.1
preach	Q	Q2.2
preacher	S	S9/S2mf
preaching	Q	Q2.2
preamble	Q	Q2.1/T2
precarious	A	A15
precariously	A	A15
precaution	A	A1.3
precautions	A	A1.3
precede	N	N4
preceded	N	N4
precedence	A	A11.1
precedent	A	A3
precedents	A	A3
precedes	N	N4
preceding	N	N4
precept	Q	Q2.2
precinct	I	I2.2/H1c
precious	E	E2
preciously	A	A1.3
precipitancy	N	N3.8
precipitantly	N	N3.8
precipitate	N	N3.8
precipitately	N	N3.8
precipitous	A	A15
precipitously	A	A15
precis	Q	Q2.2
precise	A	A4.2
precisely	A	A4.2
preciseness	A	A4.2
precising	Q	Q2.2
precision	A	A5.3
preclude	S	S7.4
precludement	S	S7.4
precocity	X	X9.1
preconceived	X	X2.6
preconception	X	X2.1
preconceptions	X	X2.1
precondition	S	S6
precooked	F	F1/N4
precursor	N	N4
predate	N	N4
predating	T	T3
predator	L	L2mfn
predatory	L	L2/F1
predecessor	N	N4/S2mf
predecessors	N	N4/S2mf
predefine	X	X6+/N4
predetermine	X	X7
predetermined	X	X7
predicament	A	A12
predicated	A	A2.2
predication	A	A12
predications	A	A12
predict	Q	Q2.2/T1.1.3
predictability	Q	Q2.2/T1.1.3
predictable	Q	Q2.2/T1.1.3
predictably	Q	Q2.2/T1.1.3
predicted	Q	Q2.2/T1.1.3
predicting	Q	Q2.2/T1.1.3
prediction	Q	Q2.2/T1.1.3
predictive	X	X2.6
predictor	X	X2.6
predicts	Q	Q2.2/T1.1.3
predispose	A	A2.2
predisposed	A	A2.2
predominance	N	N5
predominant	N	N5
predominantly	A	A13.2
predominate	N	N5
predominately	A	A13.2
preempt	S	S8
preempted	S	S8
preen	O	O4.2+/A2.1
preened	O	O4.2+/A2.1
preening	O	O4.2+/A2.1
prefab	H	H1
prefabricate	N	N4/A1.1.1
prefabricated	N	N4/A1.1.1
preface	T	T2
prefect	S	S7.1+/S2mf
prefer	E	E2
preferable	E	E2
preferably	E	E2
preference	E	E2
preferential	E	E2
preferentially	E	E2
preferment	S	S7.1+/A2.1
preferred	E	E2
prefix	Q	Q3
prefixed	N	N4
preformed	N	N4
pregnancy	B	B1
pregnant	B	B1
preheated	N	N4/O4.6
prehistoric	T	T3
prehistory	T	T1.1.1
prejudge	X	X6+/N4
prejudgmental	X	X6+/N4
prejudice	A	A6.1-/E2
prejudiced	S	S5
prejudicial	S	S8
prejudism	S	S5
prelaunch	M	M4fn
preliminary	N	N4
prelude	N	N4
premature	T	T4
prematurely	T	T4
premeditated	X	X7
premeditation	X	X7
prementioned	Q	Q2.1/N4
premiere	N	N4
premiership	G	G1.1
premise	X	X4.1
premises	H	H1
premium	I	I1.1
premolar	B	B1
premolars	B	B1
premonition	E	E5
preoccupation	X	X5.1
preoccupied	X	X5.1
preoccupy	X	X5.1
preoccupying	X	X5.1
prep	A	A1.1.1
prepacked	O	O4.1
prepaid	I	I1.1/T4
preparation	A	A1.1.1
preparatory	A	A1.1.1/N4
prepare	A	A1.1.1
prepared	X	X7
preparedness	O	O4.1
preparing	A	A1.1.1
preped	A	A1.1.1
preplanned	X	X7
preponderance	N	N5
preposition	Q	Q3
prepositions	Q	Q3
preproduction	Q	Q4.3/N4
prerecord	K	K3
prerecorded	K	K3
prerequisite	S	S6
prerogative	G	G2.1
presage	X	X2.6
presbyterian	S	S9
preschool	P	P1
prescribe	B	B3
prescribed	B	B3
prescriber	B	B3/S2mf
prescribing	B	B3
prescription	B	B3/Q1.2
prescription-only	B	B3/Q1.2
prescriptive	S	S6
presence	M	M6
present	T	T1.1.2
present-day	T	T1.1.2
presentable	O	O4.2
presentation	O	O4.1
presentational	O	O4.1
presented	A	A9
presenter	Q	Q4.3/S2mf
presenting	A	A9
presently	T	T1.1.3
preservation	S	S8
preservative	S	S8+/A1.1.2
preserve	F	F1
preserved	S	S8
preserving	S	S8
preset	A	A1.7+/N4
preside	S	S7.1
presided	S	S7.1
president	G	G1.1/S7.1+/S2mf
president-elect	G	G1.1/S7.1+/S2mf
presidential	G	G1.1/S7.1
presidentially-approved	G	G1.1/S7.4
presidents	G	G1.1/S7.1+/S2mf
presiding	S	S7.1
press	Q	Q4.2c
pressed	A	A1.1.1
presser	O	O2
pressers	O	O2
presses	Q	Q4.2
pressie	A	A9
pressing	A	A11.1
pressure	N	N3.5
pressured	S	S7.1
pressureless	O	O4.1
pressuring	S	S7.1
pressurise	N	N3.5
pressurised	O	O4.1/N3.5
pressurize	N	N3.5
pressurizing	N	N3.5
pressy	A	A9
prestige	S	S7.2
prestigious	S	S7.2
presumably	X	X2.1
presume	X	X2.1
presumed	X	X2.1
presuming	X	X2.1
presumption	X	X2.1
presumptive	S	S1.2.3
presumptuous	S	S1.2.3
pret-a-porter	Z	Z3
pretence	A	A5.2
pretend	A	A5.4
pretended	A	A5.4
pretenders	A	A5.4-/S2mf
pretense	A	A5.4
pretenses	A	A5.4
pretension	S	S1.2.3
pretensions	S	S1.2.3
pretentious	S	S1.2.3
pretext	A	A5.4-/A2.2
prettily	O	O4.2
pretty	A	A13.5
prevail	X	X9.2
prevaile	A	A11.1
prevailing	A	A11.1
prevalence	A	A11.1
prevalent	N	N5
prevent	S	S8
preventative	S	S8
prevented	S	S8
preventing	S	S8
prevention	S	S8
preventive	S	S8
prevents	S	S8
preview	X	X3.4/N4
previewing	X	X3.4/N4
previews	X	X3.4/N4
previous	N	N4
previously	N	N4
prey	L	L2
preying	L	L2/E3
preys	L	L2
price	I	I1.3
price-cut	I	I1.3/N5
price-cutting	I	I1.3/N5
price-earnings	I	I2.1
price-wise	I	I1.3
priced	I	I1.3
priceless	I	I1.3
prices	I	I1.3
pricewise	I	I1.3
pricey	I	I1.3
pricier	I	I1.3
pricing	I	I1.3
pricings	I	I1.3
prick	A	A1.1.1
prickly	O	O4.1
pride	E	E4.2+/S1.2
prides	E	E4.2
priest	S	S9/S2mf
priests	S	S9/S2mf
prim	S	S1.2.4
prima-donnaish	S	S1.2.3
primacy	A	A11.1
primaeval	T	T1.1.1
primarily	A	A13.2
primary	G	G1.2
primate	L	L2mfn
primates	L	L2mfn
prime	A	A11.1
primed	Q	Q2.2
primeliner	Z	Z3c
primer	O	O1
primeval	E	E1/B1
primitive	T	T3
primordial	T	T3+/S1.1.1
primrose	O	O4.3
primula	L	L3
princely	N	N3.2
princess	S	S7.1+/S2.1f
principal	S	S7.1+/S2mf
principalities	M	M7
principally	A	A13.2
principle	X	X4.1
principled	G	G2.2
print	Q	Q1.2
print-out	Q	Q1.2/Y2
print-outs	Q	Q1.2/Y2
printable	A	A5.1
printed	Q	Q1.2
printer	Q	Q1.2/S2mf
printing	Q	Q1.2
printmaking	C	C1
printout	Q	Q1.2/Y2
printouts	Q	Q1.2/Y2
prints	Q	Q1.2
prior	N	N4/T1.1.1
prioritise	A	A11.1+/A2.1
prioritised	A	A11.1+/A2.1
prioritize	A	A11.1+/A2.1
prioritized	A	A11.1+/A2.1
prioritizes	A	A11.1+/A2.1
prioritizing	A	A11.1
priority	A	A11.1
priory	S	S9/H1c
prise	A	A1.1.1
prism	O	O2
prisms	O	O2
prison	G	G2.1/H1
prisoner	G	G2.1/S2mf
prisoners	G	G2.1/S2mf
prissies	S	S1.2.5-/S2mf
prissy	S	S1.2.4
pristine	O	O4.2
privacy	A	A10
private	A	A10
privately	A	A10
privation	A	A12
privatisation	G	G1.1
privatisational	G	G1.1
privatise	G	G1.1
privatised	G	G1.1
privatising	G	G1.1
privatization	G	G1.1
privatizations	G	G1.1
privatize	G	G1.1
privatized	G	G1.1
privet	L	L3
privilege	A	A5.1
privileged	A	A5.1
privileges	G	G2.1
privy	S	S1.1.2
prize	A	A5.1
prize-giving	S	S1.1.4
prize-winning	X	X9.1+/S7.3
prized	X	X7
prizes	S	S1.1.4
pro	E	E2
pro-american	Z	Z2/E2
pro-french	E	E2+/Z2
pro-syrian	E	E2+/Z2
pro-active	A	A2.2
pro-separatist	E	E2+/G1.2
pro-television	Q	Q4.3/E2
proactive	S	S7.1
probabilistic	A	A7
probability	A	A7
probable	A	A7
probably	A	A7
probate	G	G2.1
probation	G	G2.1
probational	X	X2.4
probationary	X	X2.4
probationer	P	P1/S2mf
probe	X	X2.4
probed	X	X2.4
probing	X	X2.4
problem	A	A12
problem-based	X	X4.1/A12
problem-centred	X	X4.1/A12
problem-solving	A	A12/X9.2
problematic	A	A12
problematical	A	A12
problematisation	X	X4.1/A12
problematisations	X	X4.1/A12
problematise	X	X4.1/A12
problematised	X	X4.1/A12
problematize	X	X4.1/A12
procedural	X	X4.2
procedure	X	X4.2
proceed	A	A1.1.1
proceeding	A	A1.1.1
proceedings	A	A1.1.1
proceeds	I	I1.1
process-based	A	A1.1.1/X4.2
process-driven	A	A1.1.1/X4.2
process-oriented	A	A1.1.1/X4.2
processed	O	O4.1
processing	A	A1.1.1
procession	S	S1.1.1/M1
processor	Y	Y2
proclaim	Q	Q2.2
proclaimed	Q	Q2.2
proclaiming	Q	Q2.2
proclamation	Q	Q2.2
proclamations	Q	Q2.2
proclivity	A	A6.2
procrastinate	T	T1.1.3
procrastinating	T	T1.1.3
procrastination	T	T1.1.3
procreation	S	S3.2/B1
proctal	B	B1
procurator	S	S7.1+/S2mf
procure	A	A9
procurement	A	A9
prod	A	A1.1.1
prodded	A	A1.1.1
prodding	A	A1.1.1
prodigal	A	A1.3
prodigious	O	O4.2
prodigy	X	X9.1+/S2mf
produce	A	A2.2
produced	A	A1.1.1
producer	K	K4/S7.1+/S2mf
producing	A	A2.2
product	O	O2
product-based	I	I2.2
product-market	I	I2.2
product-related	I	I2.2
production	A	A1.1.1
productive	X	X9.2
productively	X	X9.2
productivity	I	I2.1/N5
products	O	O2
profaneness	Q	Q2.2/S1.2.4
profess	Q	Q2.2/A5.2
professed	Q	Q2.2/A5.2
professing	Q	Q2.2/A5.2
profession	I	I3.1
professional	I	I3.2
professional-looking	I	I3.2+/A8
professionalism	I	I3.2
professionalities	I	I3.2
professionality	I	I3.2
professionally	I	I3.2
professor	P	P1/S2mf
professorship	P	P1/I3.2
proffer	S	S6-/Q2.2
proffered	A	A9
proffers	S	S6-/Q2.2
proficient	X	X9.1
proficiently	X	X9.1
profile	B	B1
profiled	Q	Q1.1
profit	I	I1.1
profit-related	I	I1.1
profit-taking	I	I1.1
profit-worshipping	I	I1.1+/E2
profitability	I	I1.1
profitable	I	I1.1
profitably	I	I1.1
profiteering	I	I1.1/G2.2
profligate	A	A1.3
proforma	Q	Q1.2
profound	N	N3.2
profoundly	A	A13.3
profundity	N	N5/X9.1
profuse	N	N5
profusely	N	N5
profusion	N	N5
progenitor	S	S4
progenitors	S	S4
progeny	S	S4
prognosis	X	X2.6
prognostication	X	X2.6
prognostics	X	X2.6
program	Y	Y2
programme	X	X7
programmed	Y	Y2
programmer	Y	Y2/S2mf
programmer/analyst	Y	Y2/S2mf
programming	Y	Y2
programs	Y	Y2
progress	A	A5.1+/A2.1
progressed	A	A5.1+/A2.1
progresses	A	A5.1+/A2.1
progressing	A	A5.1+/A2.1
progression	A	A2.1
progressive	G	G1.2
progressively	T	T2
progressment	A	A5.1+/A2.1
prohibit	S	S7.4
prohibited	S	S7.4
prohibition	F	F2
prohibitive	S	S7.4
prohibitively	N	N5.2
project	A	A10
project-based	A	A1.1.1
projected	A	A10
projecting	A	A10
projection	A	A10
projectionist	Q	Q4.3/S2mf
projectionists	Q	Q4.3/S2mf
projector	O	O3
projects	A	A1.1.1
proletarian	G	G1.2
proletariat	S	S5+c
proliferate	N	N5+/A2.1
proliferated	N	N5+/A2.1
proliferation	N	N5+/A2.1
prologue	Q	Q2.1/N4
prolong	T	T1.3
prolonged	T	T1.3
prolongs	T	T1.3
prom	M	M7
promenade	M	M7
prominence	A	A11.1
prominent	A	A11.1
prominently	A	A11.2
promiscuous	S	S3.2
promise	S	S6
promised	A	A7+/Q2.2
promising	A	A7+/X9
promisingly	A	A7+/X9
promo	I	I2.2/Q2.2
promontory	W	W3
promos	I	I2.2/Q2.2
promotable	I	I2.2/Q2.2
promote	S	S8
promote-from-within	I	I3.2
promoted	S	S8
promoter	Q	Q2.2/S2mf
promoting	S	S8
promotion	S	S7.1+/A2.1
promotional	I	I2.2/Q2.2
promotions-wise	I	I2.2/Q2.2
prompt	N	N3.8
prompted	A	A2.2
prompter	K	K4/Q2.2/S2mf
prompting	A	A2.2
promptly	N	N3.8
promptness	N	N3.8
promulgate	G	G1.1
promulgated	G	G1.1
prone	A	A8
pronged	O	O4.4
prongs	O	O2
pronounce	Q	Q3
pronounced	A	A11.2
pronto	N	N3.8
pronunciation	Q	Q3
pronunciations	Q	Q2.2
proof	A	A15
proofed	A	A15
proofing	A	A15
proofread	Q	Q1.2/A5.3
prop	O	O2
propaganda	G	G1.2
propagate	T	T2
propagating	T	T2
propagation	T	T2
propane	O	O1.3
propel	M	M2
propellant	O	O1
propellants	O	O1
propelled	M	M2
propeller	M	M4/O2
propensity	S	S1.2
proper	A	A5.4
properly	A	A5.3
properties	H	H1
property	A	A9
property-related	H	H1/H3
prophecy	Q	Q2.2/T1.1.3/S9
prophesy	Q	Q2.2/T1.1.3/S9
prophetic	Q	Q2.2/T1.1.3/S9
prophets	T	T1.1.3/S9/S2mf
proponent	X	X5.2+/S2mf
proportion	N	N5.1
proportional	A	A2.2
proportionally	A	A2.2
proportionate	A	A2.2
proportionately	A	A2.2
proportioned	A	A2.2/N3.2
proposal	Q	Q2.2
proposals	Q	Q2.2
propose	Q	Q2.2/X7
proposed	Q	Q2.2/X7
proposing	Q	Q2.2
proposition	S	S3.2/Q2.2
propound	X	X7
propounded	X	X7
propounding	X	X7
propped	A	A1.1.1
proprietary	A	A9
proprietor	I	I2.1/S2mf
proprietry	I	I2.1
propriety	S	S1.2.4
propulsion	M	M2
pros	I	I3.2
prosaic	A	A6.2
prosaically	X	X5.2
proscribe	S	S7.4
proscription	S	S7.4
prose	Q	Q3
prosecute	G	G2.1
prosecuted	G	G2.1
prosecuting	G	G2.1
prosecution	G	G2.1
prosecutor	G	G2.1/I3.1/S2mf
prosecutors	G	G2.1/I3.1/S2mf
proselytizers	S	S9/S2mf
prosodic	Q	Q3
prospect	X	X2.4
prospecting	X	X2.4
prospective	X	X7
prospectus	Q	Q1.2
prospectuses	Q	Q1.2
prosper	I	I1.1
prosperity	I	I1.1
prosperous	I	I1.1
prostate	B	B1
prosthesis	B	B3
prostitute	S	S3.2+/I3.1/S2mf
prostitution	S	S3.2/G2.2
prostrate	M	M2
protagonist	S	S2mf
protagonists	S	S2mf
protect	S	S8+/A15
protected	S	S8+/A15
protecting	S	S8+/A15
protection	S	S8+/A15
protectionism	I	I2.2/I1.3
protectionist	I	I2.2/I1.3/S2mf
protective	S	S8+/A15
protectively	S	S8+/A15
protector	S	S8+/A15+/S2mf
protectorate	S	S7.1-/M7
protege	P	P1/S2mf
protein	O	O1
proteins	O	O1
protest	Q	Q2.2
protestant	S	S9/S2mf
protestation	Q	Q2.2/A5.2
protestations	Q	Q2.2
protester	G	G1.2/S2mf
protocol	G	G2.1
protocols	G	G2.1
protor	Y	Y2
protors	Y	Y2
prototype	A	A4.1/X2.4
prototyping	A	A4.1/X2.4
protract	T	T2
protracted	T	T1.3
protruding	O	O4.1
protégées	S	S7.1-/S2.1f
proud	E	E4.2+/S1.2
proudly	E	E4.2+/S1.2
prove	A	A5.2
proved	A	A5.2
proven	A	A5.2
proverb	Q	Q3
proverbial	Q	Q3
provide	A	A9
provided	Z	Z5
providence	A	A1.4
provider	A	A9-/S2mf
providers	A	A9-/S2mf
providing	A	A9
province	M	M7
provinces	M	M7
proving	A	A10
provision	A	A9
provisional	T	T1.3
provisionally	T	T1.3
provisioner	I	I2.2/S2mfc
provisions	O	O2
proviso	A	A7
provocation	A	A2.2
provocative	X	X5.2
provoke	A	A2.2
provost	P	P1/S2mf
prow	O	O2/M4
prowess	X	X9.1
prowl	M	M1/A10
proximity	N	N3.3
proxy	S	S1.1.1
prrrrh	Z	Z4
prude	S	S3.2/S2mf
prudent	A	A1.3
prudently	A	A1.3
prune	L	L3
pruned	F	F4
prunes	F	F4
pruning	F	F4
pruriently	S	S3.2/S1.2.2
pry	X	X2.4/X7
prying	X	X2.4/X7
psalm	S	S9/K2
psalms	S	S9/K2
pseud	A	A5.4-/S2mf
pseudo	A	A5.4
pseudo'ish	A	A5.4
pseudo-commercial	I	I2.1/A5.2
pseudo-intellectual	X	X2/A5.2
pseudo-profession	I	I3.1/A5.2
pseudo-professions	I	I3.1/A5.2
pseudonym	Q	Q2.2
pseudonyms	Q	Q2.2
psillosybin	F	F3
psoriasis	B	B2
pst	Z	Z4
psych	E	E5
psyche	X	X2
psychedelic	F	F3
psycher	X	X1/S2mf
psychiatric	B	B3/X1
psychiatrist	B	B3/S2mf
psychiatry	B	B3/X1
psychic	S	S9
psychical	S	S9/X2
psychically	S	S9/X2
psyching	E	E5
psycho-analytical	B	B3/X1
psycho-dynamic	X	X2.1
psycho-dynamically	X	X2.1
psycho-geriatrics	B	B3
psycho-social	X	X1/S1.1.1
psychoanalyse	B	B3/X1
psychoanalysed	B	B3/X1
psychoanalysis	B	B3/X1
psychoanalyst	B	B3/S2mf
psychoanalysts	B	B3/S2mf
psychoanalytic	B	B3/X1
psychoanalytical	B	B3/X1
psychogeriatric	B	B3
psychographics	X	X1
psychological	X	X1
psychologically	X	X1
psychologist	Y	Y1/S2mf
psychology	Y	Y1/X1
psychopath	B	B2-/S2mf
psychoses	B	B2-/X1
psychosexual	S	S3.2/X1
psychosis	B	B2-/X1
psychosynthesis	X	X2.1
psychotherapist	B	B3/S2mf
psychotherapists	B	B3/S2mf
psychotherapy	B	B3/X1
psychotic	B	B2-/X1
ptchoo	Z	Z4
pttttttttt	Z	Z4
pub	F	F2/H1
pubbing	F	F2
pubby	F	F2/H1
puberty	B	B1
pubic	B	B1
public	S	S5
public-relations	I	I2.2
publican	F	F2/S2mf
publication	Q	Q4
publicise	Q	Q2.2
publicised	Q	Q2.2
publicist	Q	Q2.2/S2mf
publicity	Q	Q2.2
publicize	Q	Q2.2
publicized	Q	Q2.2
publicly	A	A10
publicly-run	G	G1.1/A1.1.1
publics	S	S5
publish	Q	Q4
published	Q	Q4
publisher	Q	Q4.1/S2mf
publishing	Q	Q4
pubs	F	F2/H1
puck	K	K5.1/O2
pucker	A	A5.4
pudding	F	F1
puddle	O	O2
puddled	O	O4.1
puff	F	F3
puffed	B	B2
puffer	B	B3
puffy	O	O4.5
pugnacious	E	E3
puke	B	B2
pull	M	M2
pull-down	Y	Y2
pulled	M	M2
puller	A	A9
pulley	O	O2
pulling	M	M2
pullout	Q	Q4.2
pullouts	Q	Q4.2
pullover	B	B5
pulmonary	B	B1
pulp	A	A1.1.1
pulpit	H	H5/S9
pulse	B	B1
pulsing	M	M1
pulverise	A	A1.1.1
pumice	O	O1.1
pump	O	O2
pumping	M	M2
pumpkin	L	L3
pun	Q	Q3
punch-line	Q	Q3
punchbag	K	K5.1
punches	E	E3
punching	O	O4.4
punchy	Q	Q3
punctilious	A	A1.3
punctual	T	T4
punctuality	T	T4
punctually	T	T4
punctuate	Q	Q3
punctuation	Q	Q3
puncture	A	A1.1.1
pundit	X	X9.1+/S2mf
pungent	X	X3.1
punish	G	G2.1
punished	G	G2.1
punishing	G	G2.1
punishment	G	G2.1
punitive	G	G2.1
punk	K	K2
punnet	O	O2
punt	I	I1/A1.4
punter	I	I2.2/S2mf
punters	I	I2.2/S2mf
punts	M	M4
puny	N	N3.2
pup	L	L2mfn
pupil	P	P1/S2mf
pupilage	G	G2.1/P1
pupillage	G	G2.1/P1
puppet	K	K6
puppy	L	L2mfn
purchase	I	I2.2
purchased	I	I2.2
purchaser	I	I2.2/S2mf
purchasing	I	I2.2
pure	A	A5.4
pure-play	Y	Y2
puree	O	O1.2
purely	A	A14
purest	A	A5.4
purgatory	S	S9
purge	M	M2
purification	B	B4
purified	B	B4
purifier	O	O2
purify	B	B4
purifying	B	B4
purist	A	A5.3+++/S2mf
purists	A	A4.2+/S2mf
puritanical	G	G2.2
puritanism	S	S9
purity	A	A5.4
purple	O	O4.3
purple-hued	O	O4.3
purpleish	O	O4.3
purplish	O	O4.3
purport	A	A5.4
purported	A	A5.4
purpose	X	X7
purpose-built	A	A1.2
purposeful	X	X7
purposefully	X	X7
purposely	X	X7
purr	X	X3.2
purring	X	X3.2
purrs	X	X3.2
purse	B	B1
purseful	N	N5
pursing	B	B1
pursuance	A	A1.1.1/N4
pursue	A	A1.1.1
pursued	A	A1.1.1
pursuing	A	A1.1.1
pursuit	A	A1.1.1
purveyors	I	I2.2
push	M	M2
push-bike	M	M3fn
push-up	M	M2
pushbike	M	M3fn
pushcart	M	M3fn
pushchair	M	M3
pushed	M	M2
pusher	M	M2/S2mf
pushers	F	F3/S2mf
pushing	M	M2
pushover	S	S1.2.5
pushy	S	S1.2.3
pussy	L	L2mfn
put	M	M2
putative	A	A5.4
putrefy	X	X3.5/A5.1
putsch	G	G1.2
putt	K	K5.1
putting	M	M2
putts	K	K5.1
putty	O	O1.1
puzzle	X	X2.5
puzzled	X	X2.5
puzzlement	X	X2.5
puzzling	X	X2.5
pygmy	N	N3.2
pyjama	B	B5
pyjamas	B	B5
pylon	O	O3/O2
pylons	O	O3/O2
pymetrium	B	B2
pyramid	H	H1
pyridoxine	O	O1
pyrotechnics	G	G3/K1
pyroxidine	O	O1
pyschology	X	X1/Y1
q.v.	Z	Z5
qahwah	F	F2
quack	L	L2/Q2.1
quad	S	S2mf
quadracept	B	B1
quadracepts	B	B1
quadrant	N	N5.1
quadrants	N	N5.1
quadruple	N	N3.2+/A2.1
quadrupling	N	N5+/A2.1
quagmire	W	W3
quail	L	L2
quaint	A	A6.2
quake	E	E5
quaking	E	E5
qual	A	A5.1
qualification	P	P1
qualifications	P	P1
qualified	A	A1.2
qualify	A	A1.2
qualifying	A	A1.2
qualitative	A	A5.1
qualitatively	A	A5.1
qualities	A	A5.1
quality	A	A5.1
qualm	E	E6
qualms	E	E6
quandary	X	X7
quango	G	G1.1
quantifiable	N	N3.1
quantification	N	N3.1
quantified	N	N3.1
quantifies	N	N3.1
quantify	N	N3.1
quantitative	N	N3.1
quantitatively	N	N3.1
quantities	N	N5
quantitive	N	N5
quantity	N	N5
quantum	Y	Y1
quarantine	A	A1.8-/B2
quarrel	E	E3
quarrelled	E	E3
quarrelsome	E	E3
quarry	M	M7/I4
quart	N	N3.4
quarter	N	N5
quarter-final	S	S7.3
quarter-finals	S	S7.3
quarterdeck	M	M4
quartered	H	H4
quarterly	N	N6
quartermaster	G	G3/S7.1+/S2mf
quartermasters	G	G3/S7.1+/S2mf
quarters	N	N1
quartet	K	K2
quartile	N	N5
quarto	Q	Q1.2/N3.2
quarts	N	N3.4
quartz	O	O1.1
quasi	A	A13.4
quasi-independently	S	S5
quay	M	M4/M7
quays	M	M4/M7
que	Z	Z5
queer	A	A6.2
quell	T	T2
quelled	T	T2
quench	O	O4.6
quenched	O	O4.6
queried	Q	Q2.2
queries	Q	Q2.2
query	Q	Q2.2
questing	X	X2.4
question	Q	Q2.2
question-and-answer	Q	Q2.2
question-answer	Q	Q2.2
question-spot	X	X4.1
question-spotting	X	X4.1
questionability	A	A7
questionable	A	A7
questioning	Q	Q2.2
questionnaire	Q	Q1.2
queue	N	N4
queuing	N	N4
qui	Z	Z8
quibble	Q	Q2.2
quiche	F	F1
quiches	F	F1
quick	N	N3.8
quick-change	A	A2.1+/N3.8
quick-fix	A	A5.1+/A2.1
quick-impact	A	A2.2+/N3.8
quick-tempered	E	E3
quicken	N	N3.8
quickened	N	N3.8
quickens	N	N3.8
quicker	N	N3.8
quickest	N	N3.8
quickie	N	N3.8
quickies	N	N3.8
quickly	N	N3.8
quickness	N	N3.8
quicksand	W	W3
quicky	N	N3.8
quid	I	I1
quids	I	I1
quiet	X	X3.2
quieten	X	X3.2
quietened	X	X3.2
quieter	X	X3.2
quietly	X	X3.2
quietness	X	X3.2
quilt	H	H5
quilted	B	B5
quinine	B	B3
quintessential	A	A6.2
quintessentially	A	A6.2
quintuplet	S	S4mf
quip	E	E4.1
quips	E	E4.1
quirks	A	A6.2
quirky	A	A6.2
quit	T	T2
quite	A	A13.5
quiver	M	M1
quivering	M	M1
quiz	X	X2.4
quizy	X	X2.4
quizzes	X	X2.4
quizzically	X	X2.5
quondam	T	T1.1.1
quorum	G	G2.1/S5+c
quota	N	N5
quotation	Q	Q2.2
quote	Q	Q2.2
quoted	Q	Q2.2
quotient	N	N2
quotients	N	N2
quoting	Q	Q2.2
r	Z	Z5
r.r.r.	Z	Z3c
rabbinic	S	S9
rabbit	Q	Q2.1
rabbited	Q	Q2.1
rabble	S	S5+/O4.2-c
rabid	B	B2
rabies	B	B2
race	K	K5.1
race-car	M	M3
racehorse	L	L2
racehorses	L	L2/K5.1mfn
racer	M	M3fn
racers	M	M3fn
racetrack	K	K5.1/M7
racial	S	S5
racialism	S	S5
racialist	S	S5
racially	S	S5
racier	X	X5.2
racing	K	K5.1
racism	S	S5+/Z2
racist	S	S5+/Z2/S2mf
rack	O	O2
racket	A	A1.1.1
racketeering	G	G2.1
racking	E	E6
raconteur	Q	Q2.1/S2mf
racoon	L	L2mfn
racquet	K	K5.1/O2
racy	X	X5.2
rad	N	N3.1/Y1
radar	O	O3
radial	O	O4.4
radiance	O	O4.2
radiant	O	O4.2
radiantly	O	O4.2
radiation	Y	Y1
radiator	O	O2
radical	N	N5+/A2.1
radicalism	G	G1.2
radically	A	A11.1
radio	Q	Q4.3
radioactive	Y	Y1
radiographer	B	B3/S2mf
radiography	B	B3
radiologist	B	B3/S2mf
radiology	B	B3
radiotherapy	B	B3
radius	N	N3.3
raffia	O	O1.1
raffle	K	K1/I2.2
raffled	K	K1/I2.2
raft	M	M4fn
rafter	H	H2
rafters	H	H2
rafting	K	K5.1
rag	O	O2
rag-market	I	I2.1/B5
rag-trade	I	I2.1/B5
rage	E	E3
rages	E	E3
ragged	E	E4.1
ragging	E	E4.1
raging	N	N5
raid	G	G3
raider	G	G2.1-/S2mf
rail	O	O2
railed	Q	Q2.2
railing	O	O2
railings	O	O2
railroad	S	S7.1
railroads	S	S6
rails	O	O2
railway	M	M3c
rain	W	W4
rainbow	W	W2/W4
raincoat	B	B5
raincoats	B	B5
rainfall	W	W4
rainfalls	W	W4
rainforest	W	W3/L3
rainstorm	W	W4
rainwear	B	B5
rainy	W	W4
raise	N	N5+/A2.1
raised	M	M2
raiser	F	F4/S2mf
raisers	F	F4/S2mf
raisin	F	F1
raising	M	M2
rake	O	O2
rake-off	I	I1.1
raker	B	B4/S2mf
rakers	B	B4/S2mf
raking	A	A1.1.1
rakish	O	O4.2
rally	S	S1.1.1
rallying	S	S1.1.1
ram	E	E3
ramble	M	M1/K1
rambler	K	K1/S2mf
ramblers	K	K1/S2mf
rambling	O	O4.1
ramification	A	A2.2
ramifications	A	A2.2
rammed	E	E3
ramming	E	E3
ramp	O	O2
rampage	E	E3-/A1.1.2
rampant	E	E3
rampart	H	H1/G3
ramparts	H	H1/G3
ramps	O	O2
ramshackle	O	O4.2
ran	M	M1/N3.8
ranch	M	M7/F4
rancher	F	F4/S2mf
ranching	F	F4
rancid	O	O4.2
rancorous	E	E3
rand	I	I1
random	A	A1.4
randomise	A	A1.4
randomising	A	A1.4
randomly	A	A1.4
randy	S	S3.2
rang	Q	Q1.3
range	N	N3.3
range-finder	N	N3.3/O2
range-finders	N	N3.3/O2
ranger	G	G2.1/S2mf
ranges	N	N3.3
ranging	A	A6.3
ranking	S	S7.1
rankle	E	E3
rankled	E	E3
ranks	S	S7.1
ransack	A	A1.1.2
ransacked	A	A1.1.2
ransacking	A	A1.1.2
ransomed	I	I1.3
rant	Q	Q2.1
ranting	Q	Q2.1
rap	X	X3.2
rape	G	G2.1-/S3.2
raped	G	G2.1-/S3.2
rapid	N	N3.8
rapidity	N	N3.8
rapidly	N	N3.8
rapids	W	W3/M4
raping	G	G2.1-/E3
rapist	G	G2.1-/S3.2/S2.2m
rapper	K	K2/S2mf
rappers	K	K2/S2mf
rapport	S	S1.1.2
rapporteur	X	X2.4/S2mf
rapt	X	X5.2
rapturous	E	E4.1
rare	N	N6
rarely	N	N6
raring	X	X5.2
rarity	A	A6.2
rascal-like	G	G2.2
rascally	G	G2.2-/S2mf
rash	A	A1.3
rasher	A	A1.3
rashly	A	A1.3
rashness	A	A1.3
rasp	X	X3.2
raspberry	F	F1
rat	L	L2mfn
rata	N	N5
ratbag	O	O4.2-/S2mf
ratbags	O	O4.2-/S2mf
ratcheted	N	N5+/A2.1
rate	N	N3.8
rateable	A	A5.1
rated	A	A5.1
rates	N	N3.8
rather	Z	Z4
ratification	S	S7.4
ratified	S	S7.4
ratify	S	S7.4
ratifying	S	S7.4
rating	A	A5.1
ratio	N	N2
ration	S	S1.1.2
rational	S	S1.2.6
rationale	A	A2.2
rationalisation	X	X2.1
rationalise	X	X2.1
rationalised	N	N3.2-/A2.1
rationalising	X	X2.1
rationality	X	X2.1
rationalization	X	X2.1
rationalize	X	X2.1
rationalized	N	N3.2-/A2.1
rationalizing	X	X2.1
rationally	S	S1.2.6
rationed	S	S1.1.2
rationing	S	S1.1.2
rations	S	S1.1.2
rats	L	L2
rattle	X	X3.2
rattled	E	E3
rattling	X	X3.2
ratty	E	E3
raucous	X	X3.2
raucously	X	X3.2
ravage	A	A1.1.2
ravages	A	A1.1.2
rave	K	K2
raven	L	L2
ravenous	S	S1.2.2
ravens	L	L2
raver	K	K1/S2mf
ravers	K	K1/S2mf
raving	B	B2-/X1
ravioli	F	F1
ravish	G	G2.1-/E3
ravished	G	G2.1-/E3
ravishing	O	O4.2
raw	F	F1
ray	W	W2
rayon	O	O1.1
rayons	B	B5
rays	W	W2
raze	A	A1.1.2
razed	A	A1.1.2
razor	B	B4
razzmatazz	O	O4.2
re-	N	N6
re-adjust	A	A6.2+/A2.1
re-apply	Q	Q2.2/N6
re-arrange	A	A2.1
re-assess	X	X2.4/N6
re-assessed	X	X2.4/N6
re-availment	M	M1
re-book	Q	Q2.2/N6
re-bought	I	I2.2/N6
re-brand	A	A4.1/N6
re-branded	A	A4.1/N6
re-branding	A	A4.1/N6
re-build	H	H1/N6
re-building	H	H1/N6
re-built	H	H1/N6
re-cap	N	N6
re-capped	N	N6
re-change	A	A2.1+/N6
re-check	X	X2.4/A5.3/N6
re-circulate	M	M2/N6
re-conceptualise	X	X4.1
re-conceptualized	X	X4.1
re-decorate	C	C1/H1
re-design	C	C1/N6
re-designate	Q	Q2.2/X7
re-designated	Q	Q2.2/X7
re-designing	C	C1/N6
re-did	A	A1.1.1/N6
re-do	A	A1.1.1/N6
re-doing	A	A1.1.1/N6
re-draft	Q	Q1.2/N6
re-drafting	Q	Q1.2/N6
re-educate	P	P1
re-educated	P	P1
re-educating	P	P1
re-education	P	P1
re-elect	G	G1.2/X7+/N6
re-elected	G	G1.2/X7+/N6
re-election	G	G1.2/X7+/N6
re-emerge	M	M1/N6
re-emphasise	A	A11.1+/N6
re-emphasises	A	A11.1+/N6
re-employ	I	I3.1/N6
re-enact	A	A1.1.1/N6
re-enactment	A	A1.1.1/N6
re-energise	X	X5.2+/A2.1
re-engineer	A	A2.1
re-entered	M	M1/N6
re-equipping	A	A9
re-establish	T	T2+/N6
re-evaluate	X	X2.4/N6
re-examine	A	A2.1/X2.1
re-examining	A	A2.1/X2.1
re-express	Q	Q1.1/N6
re-fillable	O	O4.1
re-fit	H	H5/A2.1
re-fits	H	H5/A2.1
re-form	A	A2.1
re-frame	X	X2.1
re-framing	X	X2.1
re-gearing	A	A2.1
re-group	S	S5+/N6
re-home	H	H4/A2.1
re-homing	H	H4/A2.1
re-house	H	H4/A2.1
re-housed	H	H4/A2.1
re-housing	H	H4/A2.1
re-innovated	T	T3
re-integrate	A	A1.8
re-invent	N	N6+/X2.1
re-inventing	N	N6+/X2.1
re-invest	I	I1.1/N6
re-invested	I	I1.1/N6
re-launch	T	T2+/N6
re-launched	T	T2+/N6
re-level	O	O4.4/N6
re-light	O	O4.6+/N6
re-live	A	A1.1.1/N6
re-look	X	X3.4/N6
re-market	I	I2.2/N6
re-marketed	I	I2.2/N6
re-married	S	S4/N6
re-marry	S	S4/N6
re-menuing	Q	Q4.3
re-mix	A	A1.1.1/N6
re-mixing	A	A1.1.1/N6
re-modernisation	T	T3+/N6
re-modernise	T	T3+/N6
re-modernising	T	T3+/N6
re-mortgage	I	I1.2/H1
re-mortgaging	I	I1.2/H1
re-motivate	X	X5.2
re-motivated	X	X5.2
re-negotiate	Q	Q2.2/N6
re-negotiation	Q	Q2.2
re-offend	G	G2.1/N6
re-offending	G	G2.1/N6
re-opened	A	A10+/N6
re-organisation	A	A2.1
re-organisations	A	A2.1
re-organise	A	A2.1
re-organised	A	A2.1
re-paper	H	H5/A2.1
re-papered	H	H5/A2.1
re-parcelling	A	A1.1.1/N6
re-phrase	Q	Q3
re-plumb	H	H1/N6
re-plumbed	H	H1/N6
re-plunge	A	A1.1.1/N6
re-prepare	A	A1.1.1/N6
re-promote	Q	Q2.2/N6
re-promoting	Q	Q2.2/N6
re-ran	K	K5.1/N6
re-record	K	K3/N6
re-recording	K	K3/N6
re-route	M	M6
re-rub	K	K3
re-rubs	K	K3
re-sell	I	I2.2/N6
re-selling	I	I2.2/N6
re-sign	Q	Q1.2/N6
re-sit	P	P1/X2.4
re-sits	P	P1/X2.4
re-start	T	T2+/N6
re-starter	T	T2+/N6+mf
re-starters	T	T2+/N6+mf
re-starting	T	T2+/N6
re-state	Q	Q2.1/N6
re-stated	Q	Q2.1/N6
re-statement	Q	Q2.1/N6
re-statements	Q	Q2.1/N6
re-stress	Q	Q2.2/N6
re-submit	A	A9
re-submitted	A	A9
re-supply	A	A9-/N6
re-surface	A	A10
re-surfaced	A	A10
re-surfacing	A	A10
re-take	A	A9+/N6
re-taken	G	G3
re-tape	K	K3
re-train	P	P1/N6
re-training	P	P1/N6
re-trial	G	G2.1/N6
re-use	A	A1.5.1/N6
re-used	A	A1.5.1/N6
re-vamp	A	A2.1
re-vamped	A	A2.1
re-wire	O	O3/N6
re-wired	O	O3/N6
re-word	Q	Q2.2/N6
re-worded	Q	Q2.2/N6
re-write	Q	Q1.2/N6
re-written	Q	Q1.2/N6
reach	M	M1
reaching	M	M1
react	A	A1.1.1
reacting	A	A1.1.1
reaction	A	A1.1.1
reactionary	G	G1.2
reactive	A	A1.1.1
reactor	Y	Y1
reactors	Y	Y1
reacts	A	A1.1.1
read	Q	Q1.2
readable	X	X5.2
reader	Q	Q4.1/S2mf
readers	Q	Q4.1/S2mf
readership	Q	Q4.1/S2c
readily	X	X5.2
readiness	X	X7
readjust	A	A2.1+/N6
readjustment	N	N6+/A2.1
reads	Q	Q1.2
readvertise	Q	Q2.2/Q2.1
readvertising	Q	Q2.2/Q2.1
ready	O	O4.1
ready-made	O	O4.1
ready-to-drink	F	F2
ready-to-eat	F	F1
reaffirm	Q	Q2.2
real	A	A13.3
real-life	A	A5.4
real-time	Y	Y2
real-world	A	A3
realisable	A	A7
realisation	X	X2.5
realise	X	X2.5
realised	X	X2.5
realising	X	X2.5
realism	A	A3+/A1.6
realist	A	A3+/S2mf
realistic	A	A3+/A1.6
realistically	A	A3+/A1.6
realists	A	A3+/S2mf
reality	A	A3
realization	X	X2.5
realize	X	X2.5
realized	X	X2.5
really	A	A13.3
realm	A	A4.1
realms	A	A4.1
realtor	I	I2.2/S2mf
realty	H	H1
reamed	A	A2.1
reams	N	N5
reap	F	F4
reaped	F	F4
reaping	F	F4
reappear	A	A10+/N6
reappearance	A	A10+/N6
reappeared	A	A10+/N6
reapply	Q	Q2.2/N6
reappraisal	A	A5.1/N6
rear	S	S4
rearrange	A	A2.1
rearranged	A	A2.1
rearrangement	A	A2.1
rearranging	A	A2.1
rearward	M	M6
reason	A	A2.2
reasonable	S	S1.2.6
reasonable-looking	O	O4.2
reasonably	A	A13.5
reasoned	X	X2.1
reasoning	X	X2.1
reasons	A	A2.2
reassemble	A	A1.1.1
reassess	X	X2.4/N6
reassurance	E	E6
reassure	E	E6
reassured	E	E6
reassuring	E	E6
reassuringly	E	E6
reawaken	T	T2+/N6
rebalance	I	I1.1/A2.1
rebate	I	I1.1
rebated	I	I1.1
rebates	A	A9
rebel	G	G3/S2mf
rebelled	G	G1.2/A6.1
rebelling	G	G1.2/A6.1
rebellion	E	E3
rebellious	S	S8
rebirth	T	T2+/N6
rebook	Q	Q2.2/N6
rebooked	Q	Q2.2/N6
reborn	B	B1/N6
rebound	M	M1
rebranding	A	A4.1/N6
rebuffed	X	X7
rebuild	H	H1/N6
rebuilding	H	H1/N6
rebuilds	H	H1/N6
rebuilt	H	H1/N6
rebuke	Q	Q2.2
rebuy	I	I2.2
rebuying	I	I2.2
rec	K	K1
recalcitrant	S	S8
recalculate	N	N2
recall	X	X2.2
recalling	X	X2.2
recant	Q	Q2.2/Z6
recap	Q	Q2.1
recapitalise	I	I2.1/I1
recapitalization	I	I2.1/I1
recapitulate	Q	Q2.1
recapitulation	Q	Q2.1
recapture	A	A9
recarpet	H	H5/N6
recarpeted	H	H5/N6
recarpeting	H	H5/N6
recce	X	X2.4
recede	M	M1
receded	M	M1
recedes	M	M1
receding	M	M1
receipt	Q	Q1.2/I1
receipting	Q	Q1.2/I1
receipts	Q	Q1.2/I1
receivable	A	A9
receivables	I	I1.2
receive	A	A9
received	A	A9
receiver	Q	Q1.3
receivers	Q	Q1.3
receivership	I	I2.1/I1.2
receives	A	A9
receiving	A	A9
recent	T	T3
recently	T	T3
receptacle	O	O2
recepting	S	S1.1.1
reception	H	H2
receptionist	S	S1.1.1/S2mf
receptive	X	X5.2
receptor	B	B1
receptors	B	B1
recess	T	T1.2/T2
recessed	O	O4.4
recession	I	I2.1/N5
recessional	I	I2.1/N5
recessionary	I	I2.1/N5
recessive	I	I2.1/N5
recharge	O	O3
rechargeable	O	O3
recheck	X	X2.4/A5.3/N6
rechecked	X	X2.4/A5.3/N6
recidivism	G	G2.1-/N6
recidivist	G	G2.1-/N6+/S2mf
recidivists	G	G2.1-/N6+/S2mf
recipe	F	F1
recipient	A	A9+/S2mf
reciprocal	S	S1.1.2
reciprocate	S	S1.1.2
recital	K	K1
recite	Q	Q2.2
reckless	A	A1.3
recklessly	A	A1.3
reckon	X	X2.1
reckoned	X	X2.1
reckoning	X	X2.1
reclaim	A	A9+/N6
reclaimed	A	A9
reclamation	A	A9+/N6
reclassification	A	A4.1/A2.1
reclassified	A	A4.1/A2.1
reclassifies	A	A4.1/A2.1
reclassify	A	A4.1/A2.1
reclassifying	A	A4.1/A2.1
recline	K	K1
reclining	M	M6
recluse	A	A10-/S2mf
recognisable	X	X2.2
recognisation	X	X2.2
recognise	X	X2.2
recognised	X	X2.2
recogniser	O	O2
recognisers	O	O2
recognising	X	X2.2
recognition	X	X2.2
recognizable	X	X2.2
recognize	X	X2.2
recognized	X	X2.2
recognizer	O	O2
recognizers	O	O2
recognizing	X	X2.2
recoil	E	E2
recollect	X	X2.2
recollection	X	X2.2
recollections	X	X2.2
recommend	Q	Q2.2
recommendation	Q	Q2.2
recommended	Q	Q2.2
recommending	Q	Q2.2
recompense	I	I1/A9
recompensed	I	I1/A9
reconcilable	S	S1.2.1+/E3
reconcile	A	A6.1
reconciliation	S	S1.2.1+/E3
reconfiguration	A	A2.1
reconfigure	A	A2.1
reconnaissance	G	G3
reconsider	X	X2.1/A2.1
reconstitute	A	A2.1
reconstruct	X	X2.1/T1.1.1
reconstructed	H	H1/N6
reconstruction	H	H1/N6
record	Q	Q1.2
recorded	Q	Q1.2
recorder	K	K3
recording	Q	Q1.2
recordist	K	K3/S2mf
records	Q	Q1.2
recount	Q	Q2.1
recounted	N	N1/N6
recoup	A	A9+/N6
recouped	A	A9
recourse	A	A1.1.1
recover	B	B2
recovered	B	B2
recovering	B	B2
recovery	B	B2
recreate	A	A1.1.1/N6
recreated	A	A1.1.1/N6
recreating	A	A1.1.1/N6
recreation	K	K1
recreational	K	K1
recreationally	K	K1
recreations	K	K1
recrimination	E	E3
recrue	A	A9+/N6
recruit	I	I3.1/S2mf
recruiting	I	I3.1/A9
recruitment	I	I3.1/A9
rectally	B	B1
rectangle	O	O4.4
rectangular	O	O4.4
rectification	A	A5.3+/A2.1
rectified	A	A5.3+/A2.1
rectifies	A	A5.3+/A2.1
rectify	A	A5.3+/A2.1
rectifying	A	A5.3+/A2.1
rector	S	S9/S2mf
rectory	S	S9/H1
rectum	B	B1
recuperate	B	B2
recuperation	B	B2
recur	N	N6
recurrent	N	N6
recurring	N	N6
recut	A	A1.1.1/N6
recyclable	A	A1.5.1/N6
recycle	A	A1.5.1/N6
recycled	A	A1.5.1/N6
recycles	A	A1.5.1/N6
recycling	A	A1.5.1/N6
red	O	O4.3
red-faced	O	O4.2
red-handed	A	A10
red-hot	O	O4.6
redcoat	K	K1/S2mf
redcurrant	F	F1
redcurrants	F	F1
redden	O	O4.3
reddish	O	O4.3
reddy	O	O4.3
redecorate	C	C1/H1
redecorating	C	C1/H1
redecoration	C	C1/H1
redeem	A	A5.1+/A2.1
redeemable	A	A5.1+/A2.1
redefine	A	A2.1
redemption	S	S9
redeploy	M	M2
redeployment	I	I3.1/A2.1
redesign	C	C1
redevelop	A	A2.1
redeveloped	A	A2.1
redevelopment	A	A2.1
redhead	S	S2/O4.3mf
redid	A	A1.1.1/N6
redirect	M	M6
rediscover	A	A10+/N6
rediscovered	A	A10+/N6
rediscovering	X	X2.1/N6
redistribute	A	A9-/N6
redistributed	A	A9-/N6
redistributes	A	A9-/N6
redivert	M	M6
rediverted	M	M6
redness	O	O4.3
redo	A	A1.1.1/N6
redoing	A	A1.1.1/N6
redolent	A	A6.1
redone	A	A2.1
redouble	N	N5
redraw	C	C1/N6
redrawing	C	C1/N6
redress	A	A5.1+/A2.1
reduce	N	N5-/A2.1
reduced	N	N5-/A2.1
reducing	N	N5-/A2.1
reduction	N	N5-/A2.1
redundancy	I	I3.1
redundant	I	I3.1
reeds	L	L3
reeducation	P	P1
reef	W	W3
reek	X	X3.5
reel	O	O2
reenact	A	A1.1.1/N6
reenactment	A	A1.1.1/N6
reengineer	A	A2.1
reengineering	A	A2.1
reestablish	T	T2+/N6
reevaluation	A	A5/N6
reexamined	A	A2.1/X2.1
ref	K	K5.1
reface	A	A1.1.1/N6
refaced	A	A1.1.1/N6
refectory	H	H2/F1
refer	Q	Q2.2
referee	K	K5.1/S2mf
refereeing	K	K5.1
reference	Q	Q2.2
referencing	Q	Q1.2
referendum	G	G1.2
referent	Q	Q3
referral	Q	Q2.2/S2mf
referrals	Q	Q2.2
referred	Q	Q2.2
referring	Q	Q2.2
refers	Q	Q2.2
refill	F	F2
refinance	I	I1
refine	A	A1.1.1
refined	S	S1.2.4
refinement	A	A5.1+/A2.1
refiner	I	I4/S2mf
refiners	I	I4/S2mf
refinery	I	I4/H1
refining	A	A1.1.1
refinish	A	A1.1.1/N6
refinishing	A	A1.1.1/N6
refit	H	H5/A2.1
refitting	H	H5/A2.1
reflect	A	A10
reflected	A	A10
reflection	X	X3.4
reflections	X	X3.4
reflective	X	X2.1
reflectively	X	X2.1
reflectivity	O	O4.1
reflector	O	O2
reflects	A	A10
reflexive	X	X2.1
reflexologist	B	B3/S2mf
refocus	X	X5.1+/A2.1
refocuse	X	X5.1+/A2.1
refocused	X	X5.1+/A2.1
reformed	A	A2.1
reformer	A	A2.1+/S2mf
reformers	A	A2.1+/S2mf
reforming	A	A2.1
reformulating	X	X2.1
refoulement	G	G2.1/M1
refrain	K	K2
reframe	X	X2.1
reframed	X	X2.1
reframing	X	X2.1
refresh	B	B2
refreshed	B	B2
refreshen	O	O4.2
refresher	A	A5.1+/A2.1
refreshes	B	B2
refreshing	B	B2
refreshment	B	B2
refreshments	F	F2
refrigerated	O	O4.6
refrigeration	O	O4.6
refrigerator	O	O4.6-/O3
refrigerator-sized	N	N3.2
refrozen	O	O4.6
refuel	M	M5
refuelling	M	M5
refuge	A	A15+/M7
refugee	M	M1/S2mf
refugee-agency	G	G1.1/M1
refugee-assisting	M	M1/S2mf/S8
refugee-related	M	M1/S2mf
refugees	M	M1/S2mf
refund	I	I1.1+/A9
refundable	I	I1.1+/A9
refurbish	H	H5/A2.1
refurbished	H	H5/A2.1
refurbishing	H	H5/A2.1
refurbishment	H	H5/A2.1
refurbishnent	H	H5/A2.1
refurbishnents	H	H5/A2.1
refurnish	H	H5/N6
refusal	Q	Q2.2/Z6
refuse	X	X7-/O2
regain	A	A9
regained	A	A9
regal	S	S7.1
regalia	B	B5
regard	S	S7.2
regarded	X	X2.1
regarding	X	X2.1
regardless	A	A11.1
regards	X	X2.1
regatta	M	M4
regenerate	T	T2+/N6
regenerated	T	T2+/N6
regenerating	A	A1.1.1/N6
regeneration	T	T3-/A2.1
reggae	K	K2
regime	G	G1.1
regimen	B	B3
regiment	A	A1.7
regimental	G	G3
regimented	A	A1.7
region	M	M7
regional	M	M7
regionalise	M	M6
regionally	M	M7
register	Q	Q1.2/G1.1
registered	Q	Q1.2/G1.1
registering	Q	Q1.2/G1.1
registration	Q	Q1.2/G1.1
registry	G	G1.1/H1
regrade	S	S7.1/A2.1
regrading	S	S7.1/A2.1
regress	T	T1.1.1
regression	A	A5.1-/A2.1
regret	E	E4.1
regretfully	E	E4.1
regretfulness	E	E4.1
regrettable	E	E4.1
regrettably	E	E4.1
regroup	S	S5+/N6
regular	A	A6.2
regularisation	G	G1.1/A6.2
regularise	A	A6.2
regularised	A	A6.2
regularity	N	N6
regularization	G	G1.1/A6.2
regularize	A	A6.2
regularized	A	A6.2
regularly	N	N6
regulars	N	N6+/S2mf
regulate	A	A1.7+/G1.1
regulated	A	A1.7+/G1.1
regulation	G	G2.1
regulations	G	G2.1
regulator	O	O2
regulatory	A	A1.7-/G1.1
regurgitate	B	B1
regurgitation	B	B1
rehab	B	B3
rehabilitate	B	B3
rehabilitation	B	B3
rehash	A	A2.1
rehearsal	K	K4
rehearsals	K	K4
rehearse	K	K4
rehearsing	K	K4
reheat	O	O4.6/N6
reheated	O	O4.6/N6
rehouse	H	H4/A2.1
rehoused	H	H4/A2.1
rehousing	H	H4/A2.1
reign	S	S7.1
reigned	S	S7.1
reigning	S	S7.1
reignite	O	O4.6+/N6
reignited	O	O4.6+/N6
reigns	S	S7.1
reimburse	I	I1/A9
reimbursed	I	I1/A9
reimpose	S	S6+/N6
rein	O	O2
reincarnate	S	S9
reincarnation	S	S9
reindeer	L	L2mfnc
reinforce	O	O4.1/A2.1
reinforced	O	O4.1/A2.1
reinforcement	O	O4.1/A2.1
reinforces	O	O4.1/A2.1
reinforcing	O	O4.1/A2.1
reins	O	O2
reinstate	I	I3.1/N6
reinstated	I	I3.1/N6
reintegration	A	A1.8
reintroduced	T	T2+/N6
reintroduction	T	T2+/N6
reinvent	N	N6+/X2.1
reinvention	N	N6+/X2.1
reinvest	I	I1.1/N6
reinvested	I	I1.1/N6
reinvestment	I	I1.1/N6
reinvigorate	B	B2+/N6
reissue	A	A9-/N6
reiterate	Q	Q2.1/N6
reiterated	Q	Q2.1/N6
reiterating	Q	Q2.1/N6
reiteration	Q	Q2.1/N6
reject	X	X7
rejectability	X	X7
rejected	X	X7
rejecting	X	X7
rejection	X	X7
rejigger	A	A2.1
rejoice	E	E4.1
rejoicing	E	E4.1
rejoin	S	S5+/N6
rejoined	S	S5+/N6
rejuvenate	T	T3-/A2.1
rekindle	T	T2+/N6
related	A	A2.2
relating	A	A2.2
relation	A	A2.2
relational	A	A2.2
relations	A	A2.2
relationship	S	S3.1
relative	A	A13
relatively	A	A13/A6
relatives	S	S4
relativity	Y	Y1
relaunch	T	T2+/N6
relaunching	T	T2+/N6
relax	E	E3
relaxation	E	E3
relaxed	E	E3
relaxing	E	E3
relay	K	K5.1
relayed	Q	Q2.1
relearn	X	X2.3+/N6
release	A	A1.7
released	A	A1.7
releasing	A	A1.7
relegate	S	S7.1-/A2.1
relegated	S	S7.1-/A2.1
relegation	S	S7.1-/A2.1
relent	T	T2
relentless	T	T2
relentlessly	T	T2
relevance	A	A1.2
relevant	A	A1.2
reliability	A	A5.1
reliable	A	A5.1
reliably	A	A5.1
reliance	S	S7.1
reliant	S	S7.1
relic	O	O2/T3
relics	O	O2/T3
relied	S	S7.1
relief	E	E4.1
reliefing	I	I3.1
relies	S	S7.1
relieve	A	A1.7
relieved	E	E4.1
relieving	A	A1.7
relight	O	O4.6+/N6
religion	S	S9
religiosity	S	S9
religious	S	S9
religiously	S	S9
relinquish	A	A9
relish	E	E2
relished	E	E2
relishes	F	F1
relishing	E	E2
relisten	X	X3.2
relistening	X	X3.2
relive	A	A1.1.1/N6
relived	A	A1.1.1/N6
reliving	A	A1.1.1/N6
relocate	M	M6/A2.1
relocating	M	M6/A2.1
relocation	M	M6/A2.1
reluctance	X	X5.2
reluctant	X	X5.2
reluctantly	X	X5.2
rely	S	S7.1
relying	S	S7.1
remade	A	A1.1.1/N6
remain	N	N5.2
remainder	N	N5.2+c
remained	T	T2
remaining	T	T2
remains	N	N5.2+/A1.5.1
remake	A	A1.1.1/N6
remaking	A	A1.1.1/N6
remand	G	G2.1
remark	Q	Q2.2
remarkable	A	A6.2
remarkably	A	A13.3
remarking	Q	Q2.2
remarks	Q	Q2.2
remarried	S	S4/N6
remarry	S	S4/N6
reme	X	X3.4-/S2mf
remedial	S	S8
remediation	S	S8
remedied	X	X9.2
remedy	X	X4.2
remember	X	X2.2
remembered	X	X2.2
remembering	X	X2.2
remembrance	X	X2.2+/S7.2
remet	S	S1.1.1/N6
remind	X	X4.1
reminded	X	X4.1
reminder	X	X4.1
reminds	X	X4.1
reminisce	X	X2.1/T1.1.1
reminiscence	X	X2.1/T1.1.1
reminiscent	A	A6.1
reminiscing	X	X2.1/T1.1.1
remiss	A	A1.3
remission	G	G2.1
remissness	A	A1.3
remit	X	X4.1
remittance	I	I1.1/A9
remix	A	A1.1.1/N6
remnant	N	N5.1
remnants	N	N5.1
remodel	A	A2.1
remodeling	A	A2.1
remodelled	A	A2.1
remodelling	A	A2.1
remodernise	T	T1.1.2/A2.1
remodernised	T	T1.1.2/A2.1
remolding	A	A1.1.1/N6
remonstrance	Q	Q2.2
remonstrant	S	S9
remonstrate	Q	Q2.2
remonstrated	Q	Q2.2
remorse	E	E4.1
remortgage	I	I1.2/H1
remote	N	N3.3
remotely	A	A13.2
remoteness	N	N3.3
remould	A	A1.1.1/N6
remoulding	A	A1.1.1/N6
removable	M	M2
removal	M	M2
removals	M	M2
remove	N	N3.3
removed	S	S1.1.3
removedness	S	S1.1.3
remover	O	O2
removing	M	M2
remuneration	I	I1.1
remunerative	I	I1.1
renaissance	A	A2.1
renal	B	B1
rename	A	A2.1/Q2.2
renamed	A	A2.1/Q2.2
renaming	A	A2.1/Q2.2
render	A	A2.2
rendered	A	A2.2
rendering	A	A2.2
rendezvous	M	M7
rendezvoused	S	S3.1/T1.1
rendition	K	K2
renegade	G	G2.1
renegades	G	G2.1-/S2mf
renege	A	A1.9
reneged	A	A1.9
reneging	A	A1.9
renegotiate	Q	Q2.2
renegotiated	Q	Q2.2
renew	T	T2+/A2.1
renewable	T	T3-/A2.1
renewal	T	T2+/A2.1
renewed	T	T2+/A2.1
renounce	X	X2.1
renovate	A	A5.1+/A2.1/H1
renovated	A	A5.1+/A2.1/H1
renovating	A	A5.1+/A2.1/H1
renovation	A	A5.1+/A2.1/H1
renown	X	X9.2
renowned	S	S7.2
rent	I	I2.2
rentable	I	I2.2
rental-car	M	M3
rented	I	I2.2
renting	I	I2.2
rents	I	I2.2
renumerate	I	I1.1/I3.1
renumerated	I	I1.1/I3.1
renumeration	I	I1.1/I3.1
reoccur	A	A2.1+/N6
reoccuring	A	A1.1.1/N6
reoccurring	A	A2.1+/N6
reoffend	G	G2.1-/N6
reoffender	G	G2.1-/N6+/S2mf
reoffenders	G	G2.1-/N6+/S2mf
reoffending	G	G2.1-/N6
reopen	A	A10+/N6
reopened	A	A10+/N6
reopening	A	A10+/N6
reorder	Q	Q2.2
reordered	Q	Q2.2
reordering	Q	Q2.2
reorganisation	A	A2.1
reorganise	A	A2.1
reorganised	A	A2.1
reorganization	A	A2.1
reorganize	A	A2.1
rep	I	I2.2/S2mf
repack	A	A1.1.1
repackage	A	A1.1.1/N6
repackaged	C	C1/N6
repackaging	A	A1.1.1
repacked	A	A1.1.1
repaid	I	I1.2
repaint	H	H5/N6
repainted	H	H5/N6
repair	A	A5.1+/A2.1
repaired	A	A5.1+/A2.1
repairer	A	A5.1+/S2mf
repairing	A	A5.1+/A2.1
repaper	H	H5/N6
reparation	I	I1.2
reparations	I	I1.2
repartee	Q	Q2.1
repatriation	M	M1
repay	I	I1.2
repayable	I	I1.2
repaying	I	I1.2
repayment	I	I1.2
repeal	T	T2
repealing	T	T2
repeat	Q	Q4.3/N6
repeated	N	N6
repeatedly	N	N6
repeater	O	O2/N6
repeating	N	N6
repeatingly	N	N6
repel	S	S8
repelled	G	G3
repellent	O	O1
repels	S	S8
repent	E	E4.1
repentance	E	E4.1
repercussion	A	A2.2
repercussions	A	A2.2
repertoire	X	X9.1
repertory	K	K4/S5
repetition	N	N6
repetitious	N	N6
repetitive	N	N6
rephrase	Q	Q3
replace	A	A2.1
replaced	A	A2.1
replacement	A	A2.1
replacing	A	A2.1
replant	F	F4
replanted	F	F4
replanting	F	F4
replaster	H	H5
replastering	H	H5
replay	K	K5.1
replayed	K	K5.1
replaying	K	K5.1
replenish	A	A9+/N5
replenished	A	A9+/N5
replica	A	A5.4
replicate	A	A6.1
replication	A	A6.1
replied	Q	Q2.2
reply	Q	Q2.2
report	Q	Q2.2
report-padding	Q	Q1.2
reported	Q	Q2.2
reportedly	A	A8
reporter	Q	Q4.2/S2mf
reporting	Q	Q2.2
repose	E	E3
reposed	E	E3
reposition	M	M2
repositioning	M	M2
repository	A	A9
repossess	A	A9+/N6
repossessed	A	A9+/N6
repossession	A	A9
reprehend	Q	Q2.2/G2.2
reprehensible	A	A5.1
represent	Q	Q1.1
representation	G	G1.1
representative	A	A6.2
represented	Q	Q1.1
representing	Q	Q1.1
represents	Q	Q1.1
repress	S	S8
repression	S	S8
repressive	S	S8
reprieve	G	G2.1/T2
reprimand	Q	Q2.2/G2.1
reprimanded	Q	Q2.2/G2.1
reprimanding	Q	Q2.2/G2.1
reprint	Q	Q4.1
reprinted	Q	Q4.1
reprinting	Q	Q4.1
reprints	Q	Q4.1
reprisal	A	A1.1.2/E3
repro	A	A6.1
reproach	Q	Q2.2/G2.2
reproached	Q	Q2.2/G2.2
reproachful	G	G2.2
reproachfully	G	G2.2
reproduce	A	A6.1
reproduced	A	A6.1
reproducing	A	A6.1
reproduction	A	A6.1
reproductive	A	A6.1
reprogram	Y	Y2/N6
reprogramme	Y	Y2/N6
reprogramming	Y	Y2/N6
reproof	Q	Q2.2/G2.2
reprove	Q	Q2.2/E2
reproved	Q	Q2.2/E2
republican	G	G1.2
repudiate	Q	Q2.2/Z6
repulse	G	G3
repulsed	G	G3
repulsive	O	O4.2
repurchase	I	I2.2
reputability	I	I3.2
reputable	I	I3.2
reputation	I	I3.2
reputational	I	I3.2
repute	I	I3.2
reputed	A	A5.4
reputedly	A	A5.4
request	Q	Q2.1
requested	Q	Q2.2
require	X	X7
required	X	X7
requirement	X	X7
requiring	X	X7
requisite	S	S6
requite	A	A9
requited	A	A9
reread	Q	Q1.2/N6
rerun	A	A1.1.1/N6
resale	I	I2.2/N6
resat	P	P1/N6
reschedule	T	T1.1/A2.1
rescheduling	T	T1.1/A2.1
rescue	S	S8
rescued	S	S8
rescuer	S	S8+/S2mf
rescuing	S	S8
research	X	X2.4
research-led	X	X2.4
research-orientation	X	X2.4
research-oriented	X	X2.4
researched	X	X2.4
researcher	X	X2.4/S2mf
researcher-based	X	X2.4/S2mf
researching	X	X2.4
resection	B	B3
reseed	F	F4/N6
reseeded	F	F4
resell	I	I2.2
reseller	I	I2.2mf/N6
resemblance	A	A6.1
resemble	A	A6.1
resembled	A	A6.1
resembling	A	A6.1
resent	E	E2
resentful	E	E2
resentfully	E	E2
resentment	E	E2
reservation	A	A7
reserve	A	A9
reserved	A	A9
reserves	A	A9
reserving	A	A9
reservist	G	G3/S2mf
reservoir	W	W3/M4
reset	A	A2.1
resettle	H	H4/N6
resettlement	H	H4/N6
reshape	O	O4.4
reshuffle	G	G1.1/A2.1
reside	H	H4
residence	H	H1
residency	P	P1
resident	H	H4
residential	H	H4
residentially	H	H4
residing	H	H4
residual	N	N5.2
residue	N	N5.2+c
resign	A	A9
resignation	A	A9
resigned	A	A9
resilience	S	S1.2.5
resiliency	S	S1.2.5
resilient	S	S1.2.5
resin	O	O1.1
resins	O	O1.1
resist	S	S8
resistance	S	S8
resistances	O	O3
resistant	S	S8
resisted	S	S8
resit	P	P1/X2.4
resits	P	P1/X2.4
resocialisation	S	S1.1.1/N6
resoles	B	B5
resolute	A	A7
resolutely	A	A7
resolution	X	X6
resolve	X	X6
resolved	X	X6
resolves	X	X6
resolving	X	X6
resonance	A	A11.1
resonant	X	X3.2
resort	S	S6
resounding	X	X3.2
resource	A	A9
resourced	A	A9
resourceful	X	X9.1
resources	A	A9
resourcing	A	A9
respect	S	S7.2
respectability	S	S7.2
respectable	G	G2.2
respectably	G	G2.2
respected	S	S7.2
respectful	S	S7.2
respectfully	S	S7.2
respecting	S	S7.2
respective	A	A6.1
respectively	A	A6.1
respiration	B	B1
respirator	O	O2
respiratory	B	B1
respire	B	B1
respite	E	E3
resplendent	O	O4.2
respond	K	K2/S9
responded	S	S1.1.2
respondence	Q	Q2.2
respondent	Q	Q2.2/S2mf
responding	S	S1.1.2
responds	K	K2/S9
responsbility	S	S7.1
response	Q	Q2.1
responsibility	S	S6
responsible	A	A2.2
responsible-drinking	F	F2/S1.2.6
responsibly	S	S1.2.6
responsive	S	S1.1.2
responsiveness	S	S1.1.2
respray	A	A1.1.1
resprays	A	A1.1.1
rest	E	E3
restarted	T	T2+/N6
restate	Q	Q2.1/N6
restated	Q	Q2.1/N6
restatement	Q	Q2.1/N6
restaurant	F	F1/H1
restaurant-wise	F	F1/H1
restauranter	F	F1/S2mf
restauranters	F	F1/S2mf
restauranteur	F	F1/S2mf
restauranteuring	F	F1
restauranteurs	F	F1/S2
restaurateur	F	F1/S2mf
restaurateurs	F	F1/S2mf
restful	E	E3
resting	E	E3
restitution	I	I1.2
restive	X	X5.2
restless	X	X5.2
restlessly	X	X5.2
restlessness	X	X5.2
restock	A	A9+/N6
restoration	A	A2.1
restore	A	A2.1
restored	A	A2.1
restorer	C	C1/S2mf
restoring	A	A2.1
restrain	A	A1.7
restrained	E	E3
restraint	A	A1.7
restraints	A	A1.7
restress	A	A1.1.1
restressing	A	A1.1.1
restrict	A	A1.7
restricted	A	A1.7
restricting	A	A1.7
restriction	A	A1.7
restrictive	A	A1.7
restructure	S	S7.1/A2.1
restructured	A	A2.1
restructuring	S	S7.1/A2.1
restyle	O	O4.1/A2.1
result	A	A2.2
resultant	A	A2.2
resulted	A	A2.2
resulting	A	A2.2
results	A	A2.2
resume	Q	Q1.2
resumes	T	T2+/N6
resumption	T	T2+/N6
resurface	A	A10
resurfaced	A	A10
resurfacing	A	A10
resurge	A	A10+/N6
resurgence	N	N6+/N3.2+/A2.1
resurrect	T	T2+/N6
resurrected	T	T2+/N6
resurrection	S	S9
resuscitate	B	B3
resuscitation	B	B3
retail	I	I2.2
retailer	I	I2.2/S2mf
retailers	I	I2.2/S2mf
retailing	I	I2.2
retain	A	A9
retained	A	A9
retainer	I	I1.3
retaining	A	A9
retake	P	P1/N6
retaken	G	G3
retaliate	E	E3
retaliation	E	E3
retardation	X	X9.1
retarded	B	B2-/X1
reteach	P	P1/N6
retell	Q	Q2.2/N6
retention	A	A9
retentive	A	A9
retest	P	P1
rethink	N	N6+/X2.1
reticence	S	S1.2.1
reticent	S	S1.2.3
retimetable	T	T1.2/A2.1
retina	B	B1
retire	I	I3.1
retired	I	I3.1
retirement	I	I3.1
retiring	S	S1.2.3
retold	Q	Q2.2/N6
retook	A	A9+/N6
retooling	A	A2.1
retort	Q	Q2.2
retrace	X	X2.4
retraced	X	X2.4
retracing	X	X2.4/N6
retract	A	A2.1/Q2.2
retractable	M	M2
retraction	A	A2.1/Q2.2
retrain	P	P1/N6
retrainable	P	P1
retrained	P	P1
retraining	P	P1
retreat	M	M1
retrench	I	I1.2/A1.3
retrenching	I	I1.2/A1.3
retrenchment	I	I1.2/A1.3
retrial	G	G2.1/N6
retribution	E	E3
retrieval	A	A9
retrieve	A	A9
retro-active	T	T1.1.1
retro-recycled	A	A1.5.1/T1.1.1
retrograde	A	A5.1-/A2.1
retrospect	T	T1.1.1
retrospective	T	T1.1.1
retrospectively	T	T1.1.1
retune	K	K2/A2.1
return	M	M6
returnable	A	A9
returned	A	A9
returnee	M	M1/S2mf
returnees	M	M1/S2mf
returner	N	N6+/S2mf
returning	M	M1
returns	M	M1
reunification	A	A1.8+/G1.1
reunified	A	A1.8+/G1.1
reunify	A	A1.8+/G1.1
reunion	S	S1.1.3
reunions	S	S1.1.3
reunite	S	S5+/N6
reunited	S	S5+/N6
reupholster	H	H5/N6
reupholstering	H	H5/N6
reusable	A	A1.5.1/N6
reuse	A	A1.5.1/N6
rev	S	S9
revaluation	I	I1.3
revamp	A	A2.1
revamped	A	A2.1
revamps	A	A2.1
reveal	A	A10
revealing	A	A10
revel	E	E4.1
revelation	A	A10
revelry	E	E4.1
revels	E	E4.1
revenge	E	E3
revenue	G	G1.1/I1
revenue-generation	I	I1.1
revenue/marketing	I	I2.2
reverb	X	X3.2
reverberating	X	X3.2
revere	S	S7.2
revered	S	S7.2
reverence	S	S7.2
reverend	S	S9
reverie	X	X5.1
reversal	A	A2.1+/A6.1
reverse	A	A6.1
reversible	A	A2.1+/A6.1
reversing	M	M6
reversion	A	A2.1+/A6.1
reversional	A	A2.1+/A6.1
reversionary	A	A2.1+/A6.1
revert	A	A2.1
reverted	A	A2.1
reverting	A	A2.1
review	X	X2.4
reviewed	X	X2.4/A5
reviewer	Q	Q4/S2mf
reviewers	Q	Q4/S2mf
reviewing	X	X2.4/A5
reviews	X	X2.4
revile	E	E2
revise	A	A2.1
revised	A	A2.1
revising	A	A2.1
revision	A	A2.1
revisionism	G	G1.2/X2.1
revisionist	G	G1.2/S2mf
revisionists	G	G1.2/S2mf
revisions	N	N6/A2.1
revisit	M	M1/N6
revisited	M	M1/N6
revitalise	A	A5.1+/A2.1
revitalising	O	O4.2+/A2.1
revival	X	X5.2
revive	X	X5.2
revived	X	X5.2
revives	X	X5.2
reviving	X	X5.2
revoke	A	A9
revolt	G	G2.1
revolting	O	O4.2
revolution	G	G1.2
revolutionary	T	T3
revolutionise	A	A2.1
revolutionised	A	A2.1
revolutionize	A	A2.1
revolve	M	M1
revolver	G	G3
revolving	M	M1
revs	M	M3/N3.1
revulsion	E	E2
revving	X	X3.2
reward	S	S1.1.4
rewarded	A	A5.1+/A2.2
rewarding	E	E4.2
rewind	A	A1.1.1
rewire	O	O3
rewired	O	O3/A2.1
rewiring	O	O3
reword	Q	Q2.2/N6
reworded	Q	Q2.2/N6
rework	A	A2.1
reworking	A	A2.1
rewound	A	A1.1.1
rewrite	Q	Q1.2/N6
rhapsodise	X	X5.2
rhetoric	Q	Q2.1
rhetorical	A	A11.2
rheumatic	B	B2
rheumatism	B	B2
rheumatoid	B	B2
rhino	L	L2
rhinos	L	L2mfn
rhododendron	L	L3
rhododendrons	L	L3
rhododendrum	L	L3
rhododendrums	L	L3
rhubarb	L	L3
rhubarby	F	F1
rhyme	Q	Q3
rhymes	Q	Q3
rhyming	Q	Q3
rhythm	K	K2
rhythmic	N	N6
rib	B	B1
ribbed	O	O4.5
ribbing	E	E4.1
ribbon	B	B5
riboflavin	O	O1
rich	I	I1.1
richer	I	I1.1
riches	I	I1.1
richest	I	I1.1
richly	O	O4.1
richness	I	I1.1
rickety	O	O4.1
rickshaw	M	M3
rickshaws	M	M3
ricochet	G	G3
ricocheted	G	G3
ricotta	F	F1
rid	A	A9
riddance	A	A9
ridden	K	K5.1/L2
riddle	Q	Q3
riddled	Q	Q3
riddles	Q	Q3
ride	K	K5.1/L2
ridged	O	O4.1
ridging	B	B5
ridicule	Q	Q2.2/S1.2.4
ridiculous	S	S1.2.6
ridiculously	A	A13.3
riding	K	K5.1/L2
riding-boots	B	B5
rife	N	N5
riff-raff	O	O4.2-/S2mfc
rifle	G	G3
rift	A	A6.1
rig	G	G2.2
rigged	G	G2.2
rigging	S	S7.1
right	Z	Z4
right-angled	O	O4.4
right-hand	M	M6
right-of-centre	G	G1.2
righteous	G	G2.2
righteousness	G	G2.2
rightful	G	G2.2
rightist	G	G1.2/S2mf
rightists	G	G1.2/S2mf
rightly	A	A5.3
rightness	A	A5.3
righto	Z	Z4
rightwards	M	M6
rightwing	G	G1.2
rigid	A	A1.7
rigidity	O	O4.5
rigidly	A	A1.7
rigmarole	A	A12
rigorous	A	A1.7
rigorously	A	A1.7
rigour	A	A1.7
rigs	S	S7.1
rile	E	E3
riled	E	E3
rim	O	O2
rimmed	O	O4.1
rind	L	L3
ring	Q	Q1.3
ring-leader	G	G2.2-/S2mf
ringing	X	X3.2
ringleader	G	G2.2-/S2mf
ringleaders	G	G2.2-/S2mf
ringlet	B	B1
ringlets	B	B1
ringside	H	H2
rink	M	M7/K5.1
rinkydink	I	I2.1
rinse	O	O1.2
riot	E	E3
rioting	E	E3
riotous	E	E3
rip	A	A1.1.2
rip-off	G	G2.2
ripe	O	O4.1/L3/F1
ripen	O	O4.1/L3/F1
ripeness	O	O4.1/L3/F1
ripening	O	O4.1/L3/F1
ripoff	G	G2.2
ripped	A	A1.1.2
ripple	O	O2
ripples	M	M1
rise	N	N5+/A2.1
risen	M	M1
rises	N	N5+/A2.1
rising	M	M1
risk	A	A15
risk-adjusted	I	I1
risk-averse	A	A15
risk-bearing	A	A15
risk-capital	I	I1.1
risk-free	A	A15
risk-sharing	I	I1
risk-taker	A	A1.4/S2mf
risk-taking	A	A1.4
risked	A	A15
riskiness	A	A15
riskless	A	A15
risky	A	A15
risque	G	G2.2
risqué	G	G2.2
rissole	F	F1
rissoles	F	F1
ristorante	F	F1/H1
ritual	S	S9
ritualised	S	S9
ritualized	S	S9
ritually	S	S9
rival	S	S7.3
rivaled	S	S7.3
rivalrous	S	S7.3
rivalry	S	S7.3
river	W	W3/M4
riverbank	W	W3/M4
riverbed	W	W3/M4
riverbeds	W	W3/M4
riverside	W	W3/M4
rivet	A	A1.1.1
riveted	A	A1.1.1
riveting	X	X5.2
rivets	A	A1.1.1
rivulet	W	W3/M4
roach	L	L2mfnc
road	M	M3
roadblock	M	M3/G2.1
roading	M	M3
roadmap	M	M3/Q1.2
roadshow	K	K1
roadside	M	M3
roadsters	M	M3
roadway	M	M3
roadworks	M	M3/H1
roadworthy	M	M3/A5.1
roam	M	M1
roamed	M	M1
roan	L	L2
roar	X	X3.2
roast	F	F1
roasted	F	F1
roasting	O	O4.6
roatrite	Z	Z3
rob	G	G2.1
robbed	G	G2.1
robber	G	G2.1-/S2mf
robberies	G	G2.1
robbers	G	G2.1-/S2mf
robbery	G	G2.1
robbing	G	G2.1
robe	B	B5
robot	O	O3
robotic	O	O3
robotics	Y	Y2
robust	S	S1.2.5
robustness	S	S1.2.5
rock-bottom	N	N5.1
rock-hard	O	O4.5
rocked	M	M1
rocker	H	H5
rocker-type	K	K2/S2mf
rockery	L	L3/H3
rocketing	N	N5+/A2.1
rockets	G	G3
rocking	M	M1
rocky	W	W3/L3
rode	M	M1
rodent	L	L2
rods	O	O2
rogue	S	S5
rogues	G	G2.2-/S2mf
role	I	I3.1
role-play	K	K4
role-plays	K	K4
roll	O	O2
roll-on	B	B4
roll-up	F	F3
rolled	O	O4.1
roller	O	O2
roller-coaster	K	K1
rollerblade	K	K5.1
rollerblading	K	K5.1
rollercoaster	K	K1
rollers	O	O2
rollerskate	K	K5.1
rollerskating	K	K5.1
rollicking	E	E4.1
rolling	M	M1
rollout	T	T2
rom	Y	Y2
romance	S	S3.2
romantic	S	S3.2
romantically	E	E1
romanticism	S	S1.2.6
rombustuous	X	X5.2
romeos	S	S3.2/S2.2m
romp	S	S3.2
romper	B	B5
rompers	B	B5
romps	M	M1
rondo	K	K2
roof	H	H2
roofbar	O	O2
roofbars	O	O2
roofboxing	M	M3
roofer	H	H1/S2mf
roofing	H	H1
roofrack	M	M3/O2
rooftop	H	H2
rook	L	L2mfn
room	H	H4
roomful	N	N5
roommate	H	H4/S2mf
rooms	H	H2
roomy	N	N3.2+/N3.6
roost	L	L2/H4
root	L	L3
rooted	A	A2.2
rootless	L	L3
rooves	H	H2
rope	O	O2
roped	O	O4.1
ropy	B	B2
rosary	S	S9
rosebud	L	L3
rosebush	L	L3
rosehip	L	L3
rosette	B	B5
rosettes	B	B5
rosewood	O	O1.1
rosta	T	T1
roster	Q	Q1.2/N4
rostrum	H	H2
rosy	A	A5.1
rot	A	A5.2
rota	Q	Q1.2/N4
rotarite	Z	Z3
rotarites	Z	Z3
rotas	Q	Q1.2/N4
rotate	M	M2
rotated	M	M1
rotating	M	M1
rotation	M	M1
rotten	A	A1.1.2
rotting	O	O4.2-/A2.1
rottweiler	L	L2mfn
rottweilers	L	L2mfn
rotund	O	O4.1
rouble	I	I1
rouge	B	B4
rough	X	X3.3
rough-and-tumble	G	G2.2
roughish	X	X3.3
roughly	A	A13.4
roughness	O	O4.5
roughshod	S	S1.2.3
round	M	M1
round-robin	K	K5.1
round-table	S	S1.1.3
round-up	Q	Q2.2
roundabout	N	N3.8
rounded	O	O4.4
roundel	O	O2
rounder	K	K5.1
rounders	K	K5.1
roundly	N	N5.1
roundtable	S	S1.1.3
rousing	X	X5.2
rout	G	G3
route	M	M6
routed	M	M6
router	Y	Y2
routine	A	A6.2
routinely	A	A6.2
routing	A	A1.1.1
rove	M	M1
roving	M	M1
row	N	N4
rowdy	E	E3
rower	M	M4/S2mf
rowers	M	M4/S2mf
rowing	M	M4
rows	E	E3
royalist	S	S7.1+/S2mf
royally	O	O4.2
royals	S	S7.1+/S2mf
royalty	S	S7.1
rub	A	A1.1.1
rubber	O	O1.1
rubber-neck	X	X3.4
rubber-soled	O	O1.1
rubber-stamp	O	O2
rubberised	O	O4.1
rubbery	O	O4.5
rubbing	A	A1.1.1
rubbish	A	A5.1
rubbishy	A	A5.1
rubble	O	O2
rubella	B	B2
rubric	Q	Q2.2
ruby	O	O4.3
ruched	O	O4.1
ruck	K	K5.1
rucked	K	K5.1
rucking	K	K5.1
rucksack	B	B5
ruction	E	E3
ructions	E	E3
ruddiness	O	O4.1
ruddy	Z	Z4
rude	S	S1.2.4
rudely	S	S1.2.4
rudeness	S	S1.2.4
rudimentary	A	A12
rue	E	E4.2
rueful	E	E4.1
ruefully	E	E4.1
rues	E	E2
ruff	B	B5
ruffian	G	G2.1-/S2.2m
ruffians	G	G2.1-/S2.2m
ruffle	M	M1
ruffled	O	O4.2
ruffles	B	B5
ruffs	B	B5
rug	H	H5
rugged	O	O4.4
rugger	K	K5.1
ruin	A	A1.1.2
ruined	A	A1.1.2
ruinous	A	A1.1.2
ruins	A	A1.1.2
rule	S	S7.1
rule-based	Y	Y2
ruled	S	S7.1
ruler	S	S7.1+/S2mf
rules	G	G2.1
ruling	S	S7.1
rulings	X	X6
ruluctance	X	X5.2
ruluctant	X	X5.2
rum	A	A6.2
rumble	X	X3.2
rumbling	X	X3.2
ruminate	X	X2.1
rummage	X	X2.4
rummaging	X	X2.4
rumors	Q	Q2.2
rumour	Q	Q2.2
rumoured	Q	Q2.2
rumours	Q	Q2.2
rump	B	B1
rumpus	E	E3
run	M	M1/N3.8
run-down	O	O4.2
run-in	A	A1.1.1
run-of-the-mill	A	A6.2
run-off	X	X6
run-up	N	N4
runaround	M	M3fn
runaway	A	A1.7
rundown	O	O4.2
rune	Q	Q3
rung	O	O2
runner	M	M1/N3.8+/S2mf
runner-up	K	K5.1
runners	M	M1/N3.8+/S2mf
running	T	T2
runny	O	O4.5
runoff	X	X6
runs	M	M1/N3.8
runway	M	M5/M7
runways	M	M5/M7
rupee	I	I1
rupees	I	I1
rupture	A	A1.1.2
ruptured	A	A1.1.2
rural	F	F4/M7
rural-urban	M	M7
ruse	G	G2.2
rush	N	N3.8
rushed	N	N3.8
rushing	N	N3.8
rust	A	A1.1.2
rustic	F	F4/S2mf
rustics	F	F4/S2mf
rusting	A	A1.1.2
rustle	X	X3.2
rustling	X	X3.2
rusty	O	O4.1
rut	A	A2.1
ruthless	G	G2.2
ruthlessly	G	G2.2
ruthlessness	G	G2.2
s	T	T1.3
s'pose	Z	Z4
s.a.e.	O	O2/Q1.2
s1	Z	Z5
sabbatical	T	T1.3/K1
sable	O	O4.3
sabo	Z	Z3c
sabot	B	B5
sabotage	S	S8
sabots	B	B5
sac	B	B1
saccharin	O	O1.1
sachet	O	O2
sack	I	I3.1
sacked	I	I3.1
sacking	I	I3.1
sacral	B	B1
sacrament	S	S9
sacramental	S	S9
sacraments	S	S9
sacred	S	S9
sacrifice	S	S9
sacrificed	S	S9
sacrificing	S	S9
sacrilege	S	S7.2
sacrilegious	S	S9/G2.2
sacristan	S	S9/S2.2m
sacristy	S	S9/H2
sacrosanct	A	A2.1
sacs	O	O2
sad	E	E4.1
sadden	E	E4.1
saddened	E	E4.1
saddening	E	E4.1
saddens	E	E4.1
saddest	E	E4.1
saddle	B	B5/L2
saddled	B	B5/L2
saddler	B	B5/L2/S2mf
saddlery	O	O2
saddles	B	B5/L2
sadism	E	E3
sadistic	E	E3
sadly	E	E4.1
sadness	E	E4.1
safe	O	O2
safeguard	A	A1.1.1/A15
safeguarded	A	A1.1.1/A15
safeguarding	A	A1.1.1/A15
safely	A	A15
safer	A	A15
safest	A	A15
safety	A	A15
saffron	L	L3
sag	O	O4.4
sage	X	X9.1
saggy	O	O4.4
said	Q	Q1.1
sail	M	M4
sailed	M	M4
sailing	M	M4
sailor	M	M4/S2mf
sails	M	M4
saint	S	S9/S2mf
saith	Q	Q2.1
sake	A	A2.2
salad	F	F1
salamander	L	L2
salami	F	F1
salapet	B	B5
salapets	B	B5
salaried	I	I1.1/I3.1
salaries	I	I1.1/I3.1
salary	I	I1.1/I3.1
salary-wise	I	I1.1/I3.1
sale	I	I2.2
sale-filled	I	I2.2
saleability	I	I2.2
saleable	I	I2.2
sales	I	I2.2
salesforce	I	I2.2/S5
salesgirl	I	I2.2/S2.1f
salesing	I	I2.2
saleslady	I	I2.2/S2.1f
salesman	I	I2.2/S2.2m
salesmanship	I	I2.2
salesmen	I	I2.2/S2.2m
salespeople	I	I2.2/S2mf
salesperson	I	I2.2/S2mf
salesroom	I	I2.2/H2
saleswoman	I	I2.2/S2.1f
salesy	I	I2.2
salient	A	A11.1
saline	O	O1.2
salinity	O	O4.1
saliva	B	B1
salivate	B	B1
salmonella	B	B2
salmons	F	F1
saloon	F	F2/H1c
salt	F	F1
salt-transport	F	F1/M3
salted	F	F1
saltier	X	X3.1
saltpetre	O	O1.1
salty	X	X3.1
salubrious	B	B2
salutary	A	A1.5.2
salutation	Q	Q2.2
salute	S	S1.1.1
saluted	S	S1.1.1
salvage	O	O2
salvation	S	S9
salvia	L	L3
samaritan	S	S8+/S2mf
samba	K	K1
same	A	A6.1
same-day	T	T1.1.2
same-store	I	I2.2/H1c
samey	A	A6.1
sample	X	X3.1
sampled	X	X3.1
sampler	B	B5
sampling	X	X2.4
samplists	I	I2.2
samurai	G	G3/S2.2m
sanatorium	B	B3/H1c
sanbian	Z	Z2
sanctification	S	S9
sanctified	S	S9
sanctify	S	S9
sanctimonious	S	S9
sanction	S	S7.4
sanctions	S	S7.4
sanctity	A	A11.1
sanctuary	M	M7/A15
sand	A	A1.1.1
sandals	B	B5
sandanista	Z	Z3
sandanistas	Z	Z3
sandbag	O	O2
sandbags	O	O2
sandbank	W	W3
sandblast	H	H1
sandblasted	H	H1
sandcastle	O	O2
sandcastles	O	O2
sandpaper	A	A1.1.1
sandpit	K	K6
sandstone	O	O1.1
sandstorm	W	W4
sandtex	O	O1.1
sandwich	M	M2
sandy-bottomed	O	O4.1
sane	S	S1.2.6
sanely	S	S1.2.6
sang	K	K2
sangfroid	E	E3
sanguine	E	E4.1
sanitary	B	B4
sanitation	B	B4
sanitise	O	O4.2
sanitised	O	O4.2
sanitising	B	B4
sanity	X	X1/B2
sank	M	M1
sapper	G	G3/I3.2/S2mf
sappers	G	G3/I3.2/S2mf
sapping	B	B2
sarcasm	Q	Q2.2/S1.2.4
sarcastic	Q	Q2.2/S1.2.4
sarcastically	Q	Q2.2/S1.2.4
sarcophagus	O	O2
sardine	L	L2mfn
sardines	L	L2mfn
sardonic	Q	Q2.2/S1.2.4
sardonically	Q	Q2.2/S1.2.4
sari	B	B5
saris	B	B5
sash	B	B5
sassenach	Z	Z2/S2mf
sassy	S	S7.2
sat	M	M8
satchel	B	B5
satellite	W	W1
satin	B	B5
satire	Q	Q2.2/S1.2.4
satirical	Q	Q2.2/S1.2.4
satisfaction	E	E4.2
satisfactorily	A	A5.1
satisfactory	A	A5.1
satisfied	E	E4.2
satisfy	E	E4.2
satisfying	E	E4.2
saturate	O	O1.2
saturated	O	O1.2
saturation	N	N5.1
sauce	F	F1
saucepan	O	O2
saucer	O	O2
saucy	S	S1.2.4
sauerkraut	F	F1
sauna	H	H2/B4
saunter	M	M1
sauntering	M	M1
sausage	F	F1
sausages	F	F1
sauté	F	F1
savable	I	I1.1
savagely	E	E3
savageness	E	E3
save	Z	Z5
saved	I	I1.1
saveloy	F	F1
saver	I	I1.1/S2mf
savers	I	I1.1/S2mf
saving	I	I1.1
savings	I	I1.1
savings-account	I	I1.1
savings-book	I	I1/Q1.2
saviour	S	S8+/S2mf
savour	E	E2
savoury	X	X3.1
savvy	X	X2.2
saw	O	O2
sawdust	O	O1.1
sawed-off	A	A1.1.1
sawmill	I	I4/H1c
sawn-off	A	A1.1.1
saxons	Z	Z2/S2mf
saxophone	K	K2
say-so	S	S7.4
saying	Q	Q2.1
says	Q	Q2.1
scab	A	A9
scabby	B	B2
scaffold	H	H1
scaffolder	H	H1/S2mf
scaffolding	H	H1
scalability	Q	Q1.3
scalable	Y	Y2
scald	O	O4.6
scalded	O	O4.6
scale	M	M1
scaleable	N	N3.2/A2.1
scaled	N	N3.2
scales	N	N3.2
scaling	O	O4.1
scallion	F	F1
scallions	F	F1
scallop	L	L2
scalp	E	E3
scalpel	B	B3
scalping	E	E3
scaly	O	O4.1
scam	G	G2.2
scammer	G	G2.2-/S2mf
scamp	G	G2.2-/S2mf
scamper	M	M1/N3.8
scampi	F	F1c
scan	X	X3.4/N3.8
scandal	G	G2.2
scandalous	G	G2.2
scanned	X	X3.4/N3.8
scanners	O	O3/B3
scanning	X	X3.4/N3.8
scant	N	N5
scantily	N	N5
scanty	N	N5
scapegoat	G	G2.1/S2mf
scapegoated	G	G2.1
scapegoating	G	G2.1
scapegoats	G	G2.1/S2mf
scar	B	B2
scarce	N	N5
scarcely	A	A13.7
scarcity	N	N5
scare	E	E5
scared	E	E5
scareyness	E	E5
scarf	B	B5
scarfed	B	B5
scarred	B	B2
scars	B	B2
scary	E	E5
scathing	E	E2
scatter	M	M1
scatter-gram	N	N2
scatter-grams	N	N2
scattered	M	M1
scatty	S	S1.2.6
scavenge	A	A9
scavenged	A	A9
scavenger	A	A9+/S2mf
scavenges	A	A9
scenario	K	K4
scene	K	K4
scenery	X	X3.4
scenic	O	O4.2
scent	X	X3.5
scented	X	X3.5
sceptic	X	X2.1/S2mf
sceptical	X	X2.1
sceptically	X	X2.1
scepticism	X	X2.1
sceptre	O	O2/S7.1
schedular	I	I1/G1.1
schedule	X	X7+/T1
scheduled	X	X7+/T1
scheduler	Q	Q4.3/S2mf
scheduling	X	X7+/T1
schematic	A	A12
scheme	X	X7
schemes	X	X7
schism	A	A6.1
schizophrenia	B	B2-/X1
schizophrenic	B	B2-/X1
schizophrenics	B	B2-/S2mf
schmaltzy	E	E1
schmoozing	Q	Q2.1
schnapps	F	F2
scholar	P	P1/S2mf
scholarly	P	P1
scholars	P	P1/S2mf
scholarship	I	I1
scholastic	P	P1
scholastically	X	X9.1
school	P	P1
school-house	P	P1/H1
school-leaver	P	P1/S2mf
school-leavers	P	P1/S2mf
school-room	P	P1/H2
schoolbag	B	B5/P1
schoolboy	P	P1/S2.2m
schoolchildren	P	P1/S2mf
schoolday	P	P1/T1.3
schooldays	P	P1/T1.3
schooled	P	P1
schoolfriend	S	S3.1/S2mf
schoolfriends	S	S3.1/S2mf
schoolgirl	P	P1/S2.1f
schooling	P	P1
schoolish	P	P1
schoolmaster	P	P1/I3.2/S2.2m
schoolroom	P	P1/H1c
schoolteacher	P	P1/I3.2/S2mf
schoolwork	P	P1
schuss	K	K5.1
schzinophrenic	B	B2-/X1
sciatica	B	B2
science	Y	Y1
scient	X	X2.2
scientific	Y	Y1
scientifically	Y	Y1
scientist	Y	Y1/S2mf
scientologist	S	S9/S2mf
scintillating	X	X5.2
scissors	O	O2
sclerosis	B	B2
scoff	F	F1
scoffed	F	F1
scoffing	F	F1
scold	Q	Q2.2/E2
scolds	Q	Q2.2/E2
sconce	S	S1.2.5+/A2.1
scones	F	F1
scoop	O	O2
scooped	A	A1.1.1
scoops	O	O2
scoot	M	M1
scooter	M	M3fn
scooter-riding	M	M3
scope	A	A1.7
scopola	B	B5/S9
scorch	O	O4.6
scorched	O	O4.6
scorcher	W	W4/O4.6
scorching	O	O4.6
score	K	K5
scorecard	K	K5/O2/Q1.1
scorer	K	K5.1/S2mf
scoring	K	K5
scorn	S	S7.2
scornful	S	S7.2
scorns	S	S7.2
scorpion	L	L2mfn
scot-free	G	G2.1
scotchman	Z	Z2/S2.2m
scottish	Z	Z2
scour	X	X2.4
scoured	X	X2.4
scourer	B	B4/O2
scourge	E	E6
scouring	X	X2.4
scout	K	K1/S2mf
scouter	K	K1/S2mf
scouting	X	X2.4
scouts	K	K1/S5
scowl	B	B1
scowling	B	B1
scrabble	K	K5.2
scragged	O	O4.1
scramble	M	M1
scrambled	M	M1
scrambling	M	M1
scrambling-for-profits	I	I1.1
scrap	O	O2
scrap-book	Q	Q1.2
scrap-yard	M	M7/O2/X7
scrape	A	A1.1.1
scraper	O	O2
scrapheap	X	X7
scraping	A	A1.1.1
scrappy	N	N5
scratch	B	B2
scratching	B	B2
scratchy	O	O4.5
scrattily	O	O4.2
scrawl	Q	Q1.2
scrawled	Q	Q1.2
scrawls	Q	Q1.2
scream	Q	Q2.2
screamed	Q	Q2.2
screaming	Q	Q2.2
scree	W	W3
screech	X	X3.2
screeching	X	X3.2
screen	A	A10
screening	A	A10
screenplay	Q	Q4.3
screens	Y	Y2
screenwise	Q	Q4.3
screw	O	O2
screw-up	A	A5.1
screwball	F	F1/A1.1.1
screwdriver	O	O2
screwdrivers	O	O2
screwed	X	X9.2
scribble	Q	Q1.2
scribbled	Q	Q1.2
scribbling	Q	Q1.2
scribe	Q	Q1.2/S2mf/T1.1.1
scrim	B	B5
scrimp	I	I1.1/N5
script	K	K4
scripting	K	K4
scriptural	S	S9/Q4.1
scripture	S	S9/Q4.1
scriptwriter	Q	Q4.3/S2mf
scroll	Q	Q1.2
scrounge	A	A9
scrounger	A	A9+/S2mf
scroungers	A	A9+/S2mf
scrounging	A	A9
scrub	B	B4
scrubber	O	O2
scrubbing	B	B4
scrubby	L	L3
scruff	O	O4.2-/S2mf
scruffy	O	O4.2
scrum	K	K5.1
scrump	A	A9
scrumptious	X	X3.1+/F1
scruple	G	G2.2
scrupulous	A	A1.3
scrupulously	A	A1.3
scrutineer	X	X2.4/S2mf
scrutineers	X	X2.4/S2mf
scrutinise	X	X2.4
scrutinising	X	X2.4
scrutinized	X	X2.4
scrutiny	X	X2.4
scuba	M	M4
scuff	A	A1.1.1
scuffle	E	E3
scuffles	E	E3
scull	M	M4
scullery	H	H2/F1
sculpt	C	C1
sculpted	C	C1
sculptor	C	C1/S2mf
sculptress	C	C1/S2.1f
sculptural	C	C1
sculpture	C	C1
sculptured	C	C1
scum	O	O1.1
scupper	A	A1.1.2
scurrilous	G	G2.2
scurrying	M	M1/N3.8
scurvy	B	B2
scuttle	O	O2
scythe	O	O2
scythes	O	O2
sea	W	W3/M4
sea-bear	L	L2mf
sea-bears	L	L2mf
sea-level	W	W3/M4
sea-man	M	M4/S2.2m
sea-men	M	M4/S2.2m
seaboard	W	W3/M4
seafarers	M	M4/S2mf
seafaring	M	M5
seafood	F	F1
seafront	M	M7
seagoing	M	M4
seagull	L	L2mfn
seagulls	L	L2mfn
seal	Q	Q1.1
sealant	O	O1
sealants	O	O1
sealastic	Z	Z3
sealed	A	A1.7
sealed-up	A	A1.7
sealer	O	O1
sealing	A	A1.7
seam	B	B5
seaman	M	M4/S2.2m
seamanship	M	M4
seamen	M	M4/S2.2m
seaming	B	B5
seamless	B	B5
seamlessly	A	A5.1
seamstress	B	B5/S2.1f
sear	O	O4.6
search	X	X2.4
searcher	X	X2.4/S2mf
searching	X	X2.4
searchlight	O	O3/W2
searchlights	O	O3/W2
searing	N	N5
seascape	C	C1
seashore	M	M7/M5
seasick	B	B2-/M4
seasickness	B	B2-/M5
seaside	W	W3/M4
season	T	T1.3
seasonable	T	T1.2/A1.2
seasonal	T	T1.3
seasonality	T	T1.3
seasonally	T	T1.3
seasoned	T	T3+/A2.1
seasoning	F	F1
seat	H	H5
seat-belt	M	M3
seated	M	M8
seater	H	H5/N5
seating	M	M2
seaweed	L	L3
seaworthy	M	M5
sec	T	T1.3
secateurs	O	O2/F4
secede	S	S5
secession	A	A6.1-/A2.1
secessionist	G	G1.2/S2mf
secessionists	G	G1.2/S2mf
seclude	A	A10
secluded	A	A10
seclusion	A	A10
second	N	N4
second-best	A	A5.1
second-biggest	N	N3.2
second-class	A	A5.1
second-floor	H	H2
second-guessing	Q	Q2.2
second-hand	T	T3
second-in-command	S	S7.1
second-largest	N	N3.2
second-stage	N	N4
secondarily	N	N4
secondary	A	A11.1
seconded	M	M2/I3.1
secondhand	T	T3
secondly	N	N4
secondment	S	S5/T1.3
seconds	P	P1
secrecy	A	A10
secret	A	A10
secretarial	I	I2.1
secretariat	S	S7.1
secretary	I	I3.2/S2mf
secrete	B	B1
secretion	O	O1.2
secretive	A	A10
secretly	A	A10
secrets	A	A10
sect	S	S5+c
sectarian	S	S9/A6.1
sectionalise	A	A1.1.1/N5.1
sectionalised	A	A1.1.1/N5.1
sectioned	O	O4.1
sectionised	A	A1.1.1
sector	A	A4.1
sectoral	I	I4
secular	S	S9
secure	A	A7
secured	A	A9
securely	A	A1.7
securing	A	A1.7
security	G	G2.1
sedan	M	M3
sedans	M	M3
sedate	E	E3
sedated	B	B3
sedentary	M	M8
sediment	O	O1.1
seditious	G	G2.1
seduce	S	S3.2
seduced	S	S3.2
seducing	S	S3.2
seduction	S	S3.2
seductive	S	S3.2
seductively	O	O4.2
seductiveness	S	S3.2
see	S	S9/M7
see-through	O	O4.3
seed	L	L3
seed-stage	N	N4/I2.1
seedling	L	L3
seedlings	L	L3
seeds	L	L3
seedy	O	O4.2
seeing	X	X3.4
seek	X	X2.4
seeker	X	X2.4/S2mf
seekin'	X	X2.4
seeking	X	X2.4
seem	A	A8
seeming	A	A8
seemingly	A	A8
seems	A	A8
seen	X	X3.4
seep	M	M1
seepage	O	O1.2/M1
seer	S	S9/S2mf
sees	X	X3.4
seesaw	K	K6
seethe	E	E3
seething	E	E3
segment	N	N5.1
segmentalise	A	A1.1.1
segmentation	A	A1.1.1
segmented	O	O4.1
segregate	A	A6.1
segregated	A	A6.1
segregation	A	A6.1
segue	K	K3
segued	K	K3
segueway	K	K3
segway	K	K3
segways	K	K3
seige	G	G3
seize	A	A9
seized	A	A9
seizure	A	A9
seldom	N	N6
select	X	X7+/A5.1
selected	X	X7
selecting	X	X7
selection	X	X7
selective	X	X7
selectively	X	X7
selectivity	X	X7
selector	X	X7+/S2mf
selectors	X	X7+/S2mf
self	S	S5
self-	S	S5
self-acceptation	S	S1.2.3
self-achievement	X	X9.2
self-actualisation	X	X9.2
self-appointed	S	S5-/S7.1
self-appraisal	A	A5/S5
self-assessing	A	A5/S5
self-assessment	A	A5/S5
self-aware	S	S1.2
self-belief	S	S1.2.3
self-book	A	A9+/Q2.2
self-calculate	N	N2/S5
self-catering	F	F1/S5
self-centred	S	S1.2.3
self-completion	T	T2
self-confidence	S	S1.2.3
self-confident	S	S1.2.3
self-conscious	S	S1.2.3
self-consciousness	X	X1
self-contained	N	N5.1
self-contradictory	A	A5.2
self-control	E	E1/A1.7+/S1.2
self-critical	X	X2.4
self-criticism	E	E2-/S1.2
self-defeating	X	X9.2
self-defence	E	E3
self-deprecation	A	A5.1
self-depreciating	A	A5.1
self-destruct	A	A1.1.2
self-determination	S	S5
self-development	A	A5.1+/S5
self-directed	M	M6/Q2.2/S5
self-discipline	A	A1.7
self-disclosure	A	A10
self-echoed	X	X2.4
self-effacing	S	S1.2.3
self-electing	G	G1.2/X7+/S5
self-employ	I	I3.1/S5
self-employed	I	I3.1/S5
self-employment	I	I3.1/S5
self-enquiring	Q	Q2.2
self-esteem	S	S1.2.3
self-evaluate	X	X2.4/A5/S5
self-evaluation	A	A5/S5
self-evident	A	A10
self-explanatory	A	A7
self-exploit	A	A1.5.1/S5
self-expression	Q	Q2.1
self-financing	I	I1/S5
self-funded	I	I1.1
self-gratifying	E	E4.2+/S5
self-handicapping	A	A5.1
self-harming	E	E4.1-/S5
self-help	S	S8
self-image	O	O4.1/X2.1
self-improvement	A	A5.1+/S5
self-indulgence	E	E2
self-inflicted	B	B2-/X7
self-interest	S	S1.1.2
self-interested	S	S1.2.3
self-knowledge	X	X2.2+/S5
self-learning	X	X2.3
self-loathing	E	E2-/S5
self-made	X	X9.2+/S5
self-management	S	S7.1+/S5
self-medicate	B	B3/S5
self-motivated	X	X5.2
self-opinionated	X	X2.1/A2.1
self-perceived	X	X4.1
self-perceptions	X	X4.1
self-perpetuating	T	T2
self-policing	G	G2.2/S5
self-pollinating	L	L3/S5
self-possessed	E	E3
self-proclaimed	Q	Q2.2
self-promoter	Q	Q2.2/S2mf
self-propelled	M	M1
self-protection	S	S8+/A15
self-publicist	Q	Q2.2/S2mf
self-published	Q	Q4/S5
self-raising	F	F1
self-recommendation	Q	Q2.2/S5
self-reflection	X	X2.1/S5
self-reflective	X	X2.1/S5
self-reflexive	X	X2.1/S5
self-reflexivity	X	X2.1/S5
self-regulating	A	A1.7-/G1.1
self-reinforcing	A	A2.1/S5
self-reliance	S	S5
self-reliant	S	S1.2.5
self-reported	Q	Q2.2
self-respect	S	S7.2
self-restraint	A	A1.7+/S1.2
self-running	A	A1.1.1/S5
self-sacrifice	S	S1.2.3
self-same	A	A6.1
self-satisfaction	E	E4.2+/S5
self-satisfied	S	S1.2.3
self-select	X	X7
self-selected	X	X7
self-selection	X	X7+/S5
self-selective	X	X7+/S5
self-service	S	S8+/S5
self-settlement	S	S5-/M7
self-standing	S	S5
self-stigmatisation	A	A5.1
self-study	X	X2.3
self-sufficiency	S	S5
self-sufficient	S	S5
self-supporting	I	I1.1
self-sustaining	S	S5
self-taught	P	P1/S5
self-teaching	X	X2.3
self-worth	A	A5.1
selfconscious	S	S1.2.3
selfish	S	S1.2.3
selfishly	S	S1.2.3
selfishness	S	S1.2.3
selfless	S	S1.2.3
selfsame	A	A6.1
sell	I	I2.2
sell-out	I	I2.2/N5.1
sellable	I	I2.2
seller	I	I2.2/S2mf
selling	I	I2.2
selves	Z	Z8
semantic	Q	Q3
semantically	Q	Q3
semantics	Q	Q3
semaphore	Q	Q1.1
semblance	A	A8
semen	B	B1
semester	T	T1.3/P1
semi	A	A13.4
semi-approachable	S	S1.2.1
semi-attractive	O	O4.2
semi-automated	A	A1.1.1/S5
semi-boot	B	B5
semi-boots	B	B5
semi-central	A	A11.1
semi-centre	M	M6
semi-circle	O	O4.4
semi-circular	O	O4.4
semi-colonial	M	M7/S7.1
semi-comic	E	E4.1
semi-conductor	O	O1.1
semi-cubicle	H	H2
semi-custom	A	A1.2+/A2.1
semi-detached	H	H1
semi-final	T	T2
semi-formal	S	S1.2.1
semi-good	A	A5.1
semi-hypothermic	B	B2
semi-intelligent	X	X9.1
semi-involved	A	A1.8
semi-lunar	O	O4.4
semi-official	G	G1.1/N5.1
semi-permanent	T	T2
semi-professional	I	I3.2+/S2mf
semi-professionally	I	I3.2
semi-professionals	I	I3.2+/S2mf
semi-retire	I	I3.1
semi-retired	I	I3.1
semi-rural	F	F4/M7
semi-script	K	K4
semi-skilled	X	X9.1
semi-skimmed	O	O4.1
semi-structured	Y	Y2
semi-support	S	S8
semi-supporting	S	S8
semi-synthetic	O	O4.1
semi-tissue	B	B1
semi-uniform	A	A6.1
semicircle	O	O4.4
semiconductor	O	O3
semilunar	O	O4.4
seminal	A	A11.1
seminar	P	P1
seminar-basis	P	P1
seminar-by-seminar	P	P1
seminar-mates	S	S2mf/P1
seminar-style	P	P1
seminarian	S	S9/S2mf
seminars	P	P1
seminary	S	S9/P1c
semiquaver	K	K2
semolina	F	F1
send	M	M2
sender	M	M2/S2mf
senders	M	M2/S2mf
sending	M	M2
senile	T	T3
seniority	S	S7.1
sensation	X	X3
sensational	X	X5.2
sensationalise	N	N5.2+/Q2.1
sensationalism	N	N5.2
sensations	X	X3
sense	X	X3
sense-making	X	X2.5
senseless	S	S1.2.6
sensibilities	E	E1
sensibility	X	X3
sensible	S	S1.2.6
sensibly	S	S1.2.6
sensitive	X	X2.5+/E1
sensitive-guy	E	E6-/S2m
sensitively	X	X2.5+/E1
sensitivities	X	X2.5+/E1
sensitivity	X	X2.5+/E1
sensor	O	O3
sensual	S	S3.2
sent	M	M2
sentence	Q	Q3
sentencing	G	G2.1
sentiment	E	E1
sentimental	E	E1
sentimentalist	S	S1.2.5-/S2mf
sentimentality	E	E1
sentiments	E	E1
sentry	G	G3/S2mf
separate	A	A6.1
separated	S	S3.1
separately	A	A6.1
separating	A	A6.1
separation	A	A6.1
separatism	G	G1.2
separatist	G	G1.2
separatists	G	G1.2/S2mf
separator	A	A6.1-/O2
separators	A	A6.1-/O2
seperate	B	B5
seperates	B	B5
septic	B	B2
septicaemia	B	B2
septum	B	B1
sepulcher	H	H1/L1
sepulchers	H	H1/L1
sepulchre	H	H1/L1
sepulchres	H	H1/L1
sequel	N	N4
sequence	N	N4
sequencing	N	N4
sequential	N	N4
sequentially	N	N4
sequester	A	A9+/G2.1
sequestered	A	A9+/G2.1
sequestering	A	A9+/G2.1
sequestration	A	A9+/G2.1
sequin	O	O2
sequined	O	O4.1
sequins	O	O2
sera	T	T1.1.3
sere	O	O1.2
serenade	K	K2
serendipitous	X	X7
serene	E	E3
serenity	E	E3
sergeants	G	G3/S7.1+/S2mf
serial	N	N4
series	N	N4c
serif	Q	Q1.2
serious	A	A11.1
seriously	A	A13.3
seriousness	A	A11.1
sermon	S	S9/Q2.2
sermonette	Q	Q2.2/S9
sermons	Q	Q2.2/S9
serotonin	O	O1
serous	B	B1
serpent	L	L2
serpent-like	L	L2
serpents	L	L2
serrated	O	O4.4
serried	N	N5
serum	B	B1
servant	S	S7.1-/S2mf
servants	S	S7.1-/S2mf
serve	K	K5.1
served	S	S8
server	F	F1/S2mf
servers	Y	Y2
servery	F	F1/H2
serves	K	K5.1
service	S	S8
service-based	I	I2.2
service-wise	S	S8+/I2.2
serviceable	A	A1.2
serviceman	G	G3/S2.2m
servicemen	G	G3/S2.2m
servicer	A	A1.1.1/S2mf
services	S	S8
servicing	A	A1.1.1
serviette	B	B5
serviettes	B	B5
servile	S	S7.1
servility	S	S7.1
serving	S	S8
servitude	S	S7.1
sesame	L	L3
session	T	T1.3
sessional	T	T1.3
set	N	N5
set-meeting	S	S1.1.3
set-out	S	S7.1
set-piece	X	X7
set-up	X	X4.2
setback	S	S8
sets	M	M2
settee	H	H5
setter	L	L2mfn
setters	L	L2mfn
setting	M	M2
setting-up	M	M2
settle	M	M8
settled	M	M8
settlement	M	M7
settler	M	M7/S2mf
settling	M	M8
setup	X	X4.2
seulement	A	A14
seven	N	N1
seven-figure	N	N1
seven-fold	N	N5
seven-month	T	T1.3
seven-year-olds	T	T3
sevenish	T	T1.2
sevens	K	K5.1
seventeen	N	N1
seventeen-year-old	T	T3-/S2mf
seventeen-year-olds	T	T3-/S2mf
seventh	N	N1
seventies	T	T1.3
seventy	N	N1
seventy-eight	M	M1
sever	A	A1.1.1
several	N	N5
severally	A	A6.1
severance	I	I3.1
severe	A	A5.1
severed	A	A1.1.1
severely	A	A5.1
severest	A	A5.1
severing	A	A1.1.1
severity	A	A5.1
severs	A	A1.1.1
sew	C	C1
sewage	O	O1.2/O4.2
sewer	B	B4/H2
sewerage	B	B4
sewers	B	B4/H2
sewing	C	C1
sewn	C	C1
sex	S	S2
sex-life	S	S3.2
sexism	S	S2/S1.2.3
sexist	S	S2mf
sexologist	S	S3.2/S2mf
sextant	O	O2
sextet	K	K2
sexual	S	S3.2
sexualised	S	S3.2
sexuality	S	S3.2
sexually	S	S3.2
sexy	S	S3.2
sh	Z	Z4
sha	T	T1.1.3
shabbily	O	O4.2
shabby	O	O4.2
shack	H	H1
shackle	A	A1.7
shackles	A	A1.7
shade	O	O4.3
shaded	O	O4.3
shades	O	O4.3
shading	A	A10
shadowed	O	O4.3
shadowing	O	O4.3
shadows	O	O4.3
shadowy	O	O4.1
shady	G	G2.2
shag	S	S3.2/B1
shagging	S	S3.2/B1
shake	M	M2
shake-up	A	A2.1
shaken	M	M2
shakeout	I	I2.1/S7.3
shakily	M	M1
shaking	M	M2
shakra	S	S9
shakras	S	S9
shaky	M	M1
shall	T	T1.1.3
shallot	L	L3
shallow	W	W3/M4
shallowly	N	N3.3+/A2.1
shallows	W	W3/M4
shalt	T	T1.1.3
sham	A	A5.4
shamble	O	O4.2
shambles	O	O4.2
shame	G	G2.2
shamed	G	G2.2
shamefaced	G	G2.2
shameful	G	G2.2
shamefully	G	G2.2
shameless	G	G2.2
shamelessly	G	G2.2
shamming	A	A5.4
shampoo	B	B4
shampooing	B	B4
shamrock	L	L3
shandy	F	F2
shank	B	B1/L2
shansi	Z	Z2
shanties	K	K2
shantung	Z	Z2
shanty	H	H4
shao-ch'i	Z	Z1
shaped	O	O4.4
shapeless	O	O4.4
shapely	O	O4.2
shaping	O	O4.4
shards	A	A1.1.2
share	S	S1.1.2
shared	S	S1.1.2
shared/divide	S	S1.1.2
shared/divided	S	S1.1.2
shareholder	I	I1.1/S2mf
shareholding	I	I1.1
shareholdings	I	I1.1
shares	S	S1.1.2
sharing	S	S1.1.2
sharkish	S	S1.2.2
sharp	O	O4.4
sharp-faced	O	O4.1
sharp-looking	O	O4.2
sharp-witted	X	X9.1
sharpen	A	A1.1.1
sharpened	O	O4.4
sharpener	O	O2
sharpening	A	A1.1.1
sharper	O	O4.4
sharpest	O	O4.4
sharply	O	O4.4
sharpness	O	O4.4
shatter	A	A1.1.2
shatter-proof	A	A1.1.2
shattered	A	A1.1.2
shattering	A	A1.1.2
shatters	A	A1.1.2
shave	B	B4
shaved	B	B4
shaven	B	B4
shaver	B	B4
shaving	B	B4
shawl	B	B5
shawls	B	B5
she	Z	Z8f
sheaf	Q	Q1.2/N5
shear	A	A1.1.1
shearing	A	A1.1.1
shears	O	O2
sheath	O	O2
shebang	A	A1.1.1
shed	M	M2
shedding	M	M2
sheddy	O	O4.2
sheds	H	H1
sheen	O	O4.1
sheep	L	L2mfnc
sheep-shearing	F	F4
sheepdog	L	L2mfn
sheepish	E	E1
sheepishly	S	S1.2.3
sheer	M	M6
sheet	B	B5
sheeting	O	O2
sheets	B	B5
shelf	H	H5
shelf-life	T	T1.3
shellfish	F	F1
shelling	G	G3
sheltered	A	A10
shelters	H	H1/A10
shelve	A	A1.9
shelves	H	H5
shelving	H	H5
shen	Z	Z1
sheng	Z	Z1
shensi	Z	Z1
shepherd	F	F4/S2mf
shepherdess	F	F4/S2.1f
shepherdesses	F	F4/S2.1f
sheriffs	G	G2.1/S2mf
shh	Z	Z4
shiatsu	B	B3
shield	S	S8+/A15
shielded	S	S8+/A15
shift	M	M2
shifter	M	M1/S2mf
shifters	O	O2
shifting	M	M2
shiftwork	I	I3.1/T1.3
shifty	G	G2.2
shih	Z	Z1
shilling	I	I1
shillings	I	I1
shimmer	O	O4.3
shimmering	W	W2
shindig	K	K1/S1.1.3+c
shine	W	W2
shiner	B	B2
shingle	W	W3
shingles	B	B2
shining	A	A5.1
shinning	M	M1
shins	B	B1
shiny	O	O4.2
ship	M	M4fn
shipbuilder	M	M4/S2mf
shipbuilding	M	M4/I4
shipman	M	M4/S2mf
shipmate	M	M4/S2mf
shipment	N	N5
shipped	M	M2
shipper	M	M2/S2mf
shippers	M	M2/S2mf
shipping	M	M2
ships	M	M4fn
shipshape	O	O4.2
shipwreck	M	M4
shipwrecked	M	M4/A1.1.2
shipwrecks	M	M4
shipyard	M	M4/M7c
shipyards	M	M4/M7
shire	M	M7
shirk	A	A1.9
shirt	B	B5
shirts	B	B5
shirtsleeve	B	B5
shirtsleeves	B	B5
shirty	E	E3
shit	B	B1
shite	O	O4.2
shithouse	B	B4/H1
shitless	E	E5
shitty	O	O4.2
shiver	B	B1
shivering	B	B1
shivers	B	B1
shivery	B	B2
shoal	L	L2
shock	E	E5
shocked	E	E5
shocker	E	E5
shocking	E	E5
shocks	E	E5
shod	B	B5
shoddiness	O	O4.2
shoddy	A	A5.1
shoe	B	B5/L2
shoeboxy	N	N3.2
shoelace	B	B5
shoelaces	B	B5
shoemaker	B	B5/S2mf
shoes	B	B5
shoestring	I	I1/N5
shoo	Z	Z4
shook	M	M2
shoot	K	K5.1
shoot-out	G	G3
shooter	G	G3
shooting	G	G3
shoots	G	G3
shop	I	I2.2
shop-keeper	I	I2.2/S2mf
shop-keepers	I	I2.2/S2mf
shop-lift	G	G2.1
shop-lifting	G	G2.1
shopaholic	I	I2.2/X5.2
shopkeeper	I	I2.2/S2mf
shoplift	G	G2.1
shoplifter	G	G2.1-/S2mf
shoplifters	G	G2.1-/S2mf
shoplifting	G	G2.1
shopped	G	G2.1
shopper	I	I2.2/S2mf
shopping	I	I2.2/O2
shopping-centre	I	I2.2/M7
shops	I	I2.2/H1
shore	W	W3/M4
shores	W	W3/M4
short	T	T1.3
short-cake	F	F1
short-change	I	I1.3
short-changed	I	I1.3
short-circuit	O	O3
short-circuited	O	O3
short-cut	N	N3.8
short-haired	O	O4.1
short-list	I	I3.1
short-lived	T	T1.3
short-range	G	G3
short-sighted	B	B2-/X3.4
short-sightedness	B	B2-/X3.4
short-sleeved	B	B5
short-staffed	N	N5-/S2
short-tempered	E	E3
short-term	T	T1.3
shortage	N	N5
shortages	N	N5
shortcoming	A	A5.1
shortcomings	A	A5.1
shortcut	N	N3.8
shorten	N	N3.7-/A2.1
shortened	N	N3.7-/A2.1
shortening	N	N3.7-/A2.1
shortens	N	N3.7-/A2.1
shorter	T	T1.3
shortest	T	T1.3
shortfall	N	N5
shorthand	Q	Q1.2
shorthand-typist	Q	Q1.2/S2mf
shortie	N	N3.7
shortish	T	T1.3
shortlist	I	I3.1
shortlisted	I	I3.1
shortly	N	N3.8
shortness	T	T1.3
shorts	B	B5
shortstop	K	K5.1/S2mf
shot	G	G3
shot-blasted	O	O4.1
shotgun	G	G3
shots	G	G3
should	S	S6
shoulder	M	M2
shoulder-blade	B	B1
shoulder-bone	B	B1
shoulder-length	N	N3.7
shouldered	M	M2
shoulders	B	B1
shout	Q	Q2.2/X3.2
shouted	Q	Q2.2/X3.2
shouting	Q	Q2.2/X3.2
shouts	Q	Q2.2/X3.2
shove	M	M2
shoved	M	M2
shovel	A	A1.1.1
show	A	A10
show-case	A	A10
show-shirt	B	B5
show-stopper	O	O4.2
showbiz	K	K4
showcard	K	K1/O2/Q1.1
showcase	A	A10
showdown	E	E3
showed	A	A10
shower	A	A9+/N5
showering	A	A9+/N5
showers	A	A9+/N5
showing	Q	Q4.3
showman	K	K4/S2.2m
shown	A	A10
showpiece	A	A10
showroom	I	I2.2/H2
shows	A	A8
showy	S	S1.2.3
shrank	N	N3.2-/A2.1
shrapnel	G	G3
shread	A	A1.1.1
shred	A	A1.1.1
shreds	A	A1.1.2
shrew	L	L2mfn
shrewd	X	X9.1
shrewdly	X	X9.1
shrewdness	X	X9.1
shrewish	E	E3
shrewishly	E	E3
shrewishness	E	E3
shrews	L	L2mfn
shriek	Q	Q2.2/X3.2
shrieke	Q	Q2.2
shrieking	Q	Q2.2/X3.2
shrieks	Q	Q2.2/X3.2
shril	X	X3.2
shrill	E	E2-/X3.2
shrill-sounding	E	E2-/X3.2
shrilling	X	X3.2
shrimp	L	L2mfnc
shrimpish	N	N3.2
shrine	S	S9
shrink	N	N3.2-/A2.1
shrink-wrap	O	O1.1
shrinkage	N	N3.2-/A2.1
shrinking	N	N3.2-/A2.1
shrinks	N	N3.2-/A2.1
shrivel	A	A1.1.2
shrivelled	A	A1.1.2
shroud	A	A10
shrouded	A	A10
shrouds	A	A10
shrub	L	L3
shrubs	L	L3
shrug	M	M1
shrugging	X	X5.2-/A1.1.1
shrugs	X	X5.2-/A1.1.1
shrunk	N	N3.2-/A2.1
shuch	B	B5
shudder	E	E1/B1
shuddering	E	E1/B1
shuffle	M	M1
shuffled	M	M1
shuffling	M	M1
shui	S	S9
shun	S	S1.2.1
shunned	S	S1.2.1
shuns	S	S1.2.1
shunt	M	M2
shut	A	A10
shut-down	T	T2
shut-eye	B	B1
shutdown	T	T2
shute	O	O2
shutter	A	A10
shutters	H	H5
shutting	A	A10
shuttle	M	M3fn
shuttlecock	O	O2
shuttles	M	M1
shy	E	E5
shyly	E	E5
shyness	E	E5
sibling	S	S4mf
siblings	S	S4mf
sic	Z	Z5
sick	B	B2
sicken	B	B2
sickened	B	B2
sickening	B	B2
sickens	B	B2
sicker	B	B2
sickest	B	B2
sickle	O	O2/F4
sickliness	B	B2
sickly	B	B2
sickness	B	B2
sicky	B	B5
side	A	A4.1
side-table	H	H5
side-track	X	X5.1
side-tracked	X	X5.1
sideboard	H	H5
sidecar	M	M3
sided	O	O4.4
sideline	A	A11.1-/A2.1
sidelines	A	A11.1
sideroad	M	M7
sideshows	K	K4
sidestep	A	A1.9
sidewalk	M	M3/H3
siding	M	M3/M7
sidle	M	M1
siege	G	G3
siesta	B	B1
sieve	A	A1.1.1
sift	A	A1.1.1
sifting	A	A1.1.1
sifts	A	A1.1.1
sig	K	K2/Q4.3
sigh	Q	Q2.2/X3.2
sigher	E	E4.1-/S2mf
sighers	E	E4.1-/S2mf
sighing	Q	Q2.2/X3.2
sighs	Q	Q2.2/X3.2
sight	X	X3.4
sight-see	K	K1
sight-seeing	K	K1
sightly	A	A13.5
sights	X	X3.4
sightsee	K	K1
sightseeing	K	K1
sign	Q	Q1.1
signage	Q	Q1.2
signal	Q	Q1.1
signaling	Q	Q1.1
signaller	Q	Q1.1/S2mf
signalling	Q	Q1.1
signatory	Q	Q1.2/S2mf
signature	Q	Q1.2
signboard	Q	Q1.2
signed	Q	Q1.2
significance	A	A11.1
significant	A	A11.1
significantly	A	A11.1
signifies	Q	Q1.1
signify	Q	Q1.1
signifying	Q	Q1.1
signing	Q	Q1.2
signpost	Q	Q1.2/M6
signs	Q	Q1.1
silage	O	O1.2
silence	X	X3.2
silencing	X	X3.2
silent	X	X3.2
silently	X	X3.2
silhouette	O	O4.4
silicon	O	O1.1
silicon-based	O	O1.1
silicone	O	O1
silk	O	O1.1
silken	O	O4.5
silks	O	O1.1
silkworm	L	L2
silky	O	O4.5
sill	H	H5
silliest	S	S1.2.6
sillily	S	S1.2.6
silliness	S	S1.2.6
silly	S	S1.2.6
silt	A	A10
silted	A	A10
silversmith	C	C1/S2mf
silversmiths	C	C1/S2mf
silverware	O	O2
silvery	O	O4.1
sim	Z	Z5
simesta	T	T1.3/S9
similar	A	A6.1
similar-minded	A	A6.1+/X2.1
similar-sounding	A	A6.1+/X3.2
similarities	A	A6.1
similarity	A	A6.1
similarly	A	A6.1
simile	Q	Q3
similes	Q	Q3
similitude	A	A6.1
simmer	F	F1
simpatico	A	A6.1
simper	E	E4.1+/S1.2.6
simpering	E	E4.1+/S1.2.6
simple	A	A12
simpleness	A	A12
simpler	A	A12
simplest	A	A12
simpleton	X	X9.1-/S2mf
simplicity	A	A12
simplification	A	A12+/A2.1
simplified	A	A12+/A2.1
simplifies	A	A12+/A2.1
simplify	A	A12+/A2.1
simplifying	A	A12+/A2.1
simplistic	A	A12
simplistically	A	A12
simply	A	A13.6
simulate	A	A6.1
simulated	A	A6.1
simulating	A	A6.1
simulation	A	A6.1
simultaneous	T	T1.1.2
simultaneously	T	T1.1.2
sin	G	G2.2-/S9
since	Z	Z5
sincere	A	A5.4
sincerely	A	A5.2
sincerity	A	A5.4
sinecure	A	A1.1.1
sinew	B	B1
sinews	B	B1
sinewy	O	O4.1/S1.2.5
sinful	G	G2.2
sinfully	G	G2.2
sing	K	K2
sing-song	X	X3.2
singe	O	O4.6
singeing	O	O4.6
singer	K	K2/S2mf
singing	K	K2
single	A	A4.2
single-click	Y	Y2
single-handed	S	S5
single-minded	X	X7+/X6
single-mindedly	X	X7+/X6
single-sided	Y	Y2
singleness	S	S3.2
singles	K	K3
singly	N	N5
sings	K	K2
singular	N	N5
singularities	A	A6.2
singularity	A	A6.2
singularly	A	A13.3
sinister	G	G2.2
sink	M	M1
sinking	M	M1
sinks	M	M1
sinner	G	G2.2-/S2mf
sins	G	G2.2-/S9
sinuous	O	O4.1
sinus	B	B1
sip	F	F2
siphon	M	M2
siphoning	M	M2
sipped	F	F2
sir	S	S7.1+/S2.2m
siren	X	X3.2/O3
sirens	X	X3.2/O3
sirloin	F	F1
sis	S	S4f
sister	S	S4f
sister-in-law	S	S4f
sisterhood	S	S2.1f
sisterly	S	S4/S6
sisters-in-law	S	S4f
sit	M	M8
sit-down	M	M8
sitar	K	K2
sitcom	Q	Q4.3
site	M	M7
site-centric	M	M7
siting	M	M6
sitter	S	S8+/S4/S2mf
sitters	S	S8+/S4/S2mf
sitting	M	M8
situate	M	M6
situated	M	M6
situation	A	A3
six	N	N1
six-and-a-half	N	N1
six-month	T	T1.3
six-monthly	N	N6
six-pack	O	O2/F2
six-week	T	T1.3
six-year	T	T1.3
six/seven	N	N1
sixpence	I	I1
sixpenny	I	I1
sixteen-year-old	T	T3-/S2mf
sixteen-year-olds	T	T3-/S2mf
sixth	N	N1
sixties	T	T1.3
sixtieth	N	N4
sixty	N	N1
sixty-odd	N	N1
sixty-something	T	T3
sizable	N	N3.2
size	N	N3.2
size-wise	N	N3.2
sizeable	N	N3.2
sized	N	N3.2
sizing	N	N3.2
sizzle	X	X3.2
sizzler	K	K1/Q4.2
skate	K	K5.1
skateboard	K	K5.1/M3
skateboarding	K	K5.1
skated	K	K5.1
skater	K	K5.1/S2mf
skating	K	K5.1
skedaddle	M	M1
skedaddles	M	M1
skeletal	B	B1
skeleton	B	B1
skeptic	A	A5.1-/X2.1
skeptical	A	A5.1-/X2.1
skeptically	A	A5.1-/X2.1
skepticism	A	A5.1-/X2.1
sketchbook	C	C1/Q1.2
sketchbooks	C	C1/Q1.2
sketchpad	C	C1/Q1.2
sketchy	A	A4.2
skew	A	A2.1
skewed	A	A2.1
skewer	A	A1.1.1
ski	K	K5.1
ski-drive	K	K5.1/M3
ski-ing	K	K5.1
skid	M	M1
skier	K	K5.1/S2mf
skiers	K	K5.1/S2mf
skiier	K	K5.1/S2mf
skiing	K	K5.1
skilful	X	X9.1
skilfully	X	X9.1
skill	X	X9.1
skilled	X	X9.1
skillful	X	X9.1
skills	X	X9.1
skillwise	X	X9.1
skim	A	A1.1.1
skimmed	O	O4.1
skimp	A	A1.5.1/N5
skimped	A	A1.5.1/N5
skimpily	N	N5
skimpy	N	N5
skincare	B	B4
skinflint	S	S1.2.2
skinhead	E	E3-/S2mf
skinheads	E	E3-/S2mf
skinned	B	B1
skinny	B	B1
skint	I	I1.2
skip	M	M1
skipped	A	A1.9
skipper	M	M4/S2mf
skipping	M	M1
skirmish	S	S8
skirt	B	B5
skirted	M	M1
skirting	M	M1
skirts	B	B5
skit	K	K4
skits	K	K4
skitter	M	M1
skittering	M	M1
skittish	E	E6
skittle	O	O2/K5.2
skittles	K	K5.2
skive	A	A1.9
skivery	A	A1.9
skivvy	S	S7.1
skulduggery	G	G2.2
skulk	M	M1
skulking	M	M1
skull	B	B1
skulls	B	B1
skunk	L	L2
sky-high	N	N3.7
skylarking	E	E4.1
skylight	H	H2
skylights	H	H2
skyline	W	W3
skyrocketed	N	N5+++/A2.1
skyscraper	H	H1
sl	Z	Z5
slab	O	O2
slack	O	O4.4
slacken	X	X5.2
slackening	X	X5.2
slackly	O	O4.5
slackness	X	X5.2
slag	O	O1
slagging	Q	Q2.2
slain	L	L1
slalom	K	K5.1
slam	A	A1.1.1
slander	Q	Q2.2/A5.2
slandered	Q	Q2.2/A5.2
slanderer	Q	Q2.2/A5.2-/S2mf
slanderers	Q	Q2.2/A5.2-/S2mf
slanderous	Q	Q2.2/A5.2
slang	Q	Q3
slanging	Q	Q2.2
slant	O	O4.4
slanted	O	O4.4
slap	E	E3
slap-up	F	F1
slapped	E	E3
slapstick	E	E4.1
slash	A	A1.1.2
slashed	A	A1.1.2
slashing	A	A1.1.2
slat	O	O2
slate	Q	Q2.2
slated	Q	Q2.2
slates	H	H2
slating	Q	Q2.2
slats	O	O2
slaughter	L	L1
slaughtered	L	L1
slaughterer	F	F1/S2mf
slaughterhouse	L	L1-/F1/H1c
slaughtering	L	L1
slave	A	A1.1.1
slave-drive	A	A1.5.1++/G2.2
slave-driving	A	A1.5.1++/G2.2
slavery	S	S7.1
slaves	S	S7.1-/S2mf
slavish	S	S7.1
slavishly	A	A4.2
slay	L	L1-/E3
slayed	L	L1-/E3
slaying	L	L1-/E3
slays	L	L1-/E3
sleazy	O	O4.2
sledge	M	M3
sleek	O	O4.2
sleep	B	B1
sleeper	M	M3
sleeping	B	B1
sleepless	B	B1
sleeps	B	B1
sleepy	B	B1
sleet	W	W4
sleeting	W	W4
sleeve	B	B5
sleeved	B	B5
sleeveless	B	B5/O4.1
sleeves	B	B5
sleezy	O	O4.2
slender	A	A13.4
slenderer	N	N3.2--/B1
slenderly	A	A13.4
slept	B	B1
slew	L	L1-/E3
slice	O	O2
sliced	O	O4.1
slick	X	X9.1
slickly	X	X9.1
slid	M	M1
slide	M	M1
slider	O	O2
sliders	O	O2
sliding	M	M1
slight	S	S1.2.4
slightest	N	N5
slightly	A	A13.6
slim	N	N3.5
slime	O	O1.2
slimline	O	O4.1/N3.2
slimmed	N	N3.5-/A2.1
slimmer	N	N3.5-/A2.1/S2mf
slimming	N	N3.5-/A2.1
slimy	O	O4.5
sling	O	O2
slingback	B	B5
slingbacks	B	B5
slink	M	M1/A10
slip	A	A5.3
slip-on	B	B5
slip-ons	B	B5
slip-up	A	A5.3
slipped	M	M1
slipper	B	B5
slippered	B	B5
slippers	B	B5
slippery	O	O4.5
slippier	O	O4.5
slips	A	A5.3
slipshod	A	A1.3
slipway	M	M4/M7
slit	O	O2
sliver	N	N3.2
slivers	N	N3.2
slob	O	O4.2-/S2mf
slobber	B	B1
slobbering	B	B1
slog	A	A12
slogan	Q	Q2.1
slop	O	O1.2
slope	W	W3
sloping	M	M2
sloppy	A	A5.1
slosh	O	O1.2/M1
sloshed	O	O1.2/M1
sloshing	M	M2
slot	O	O2
sloth	L	L2
slothful	X	X5.2
sloths	L	L2
slotted	O	O4.1
slouch	O	O4.4/B1
slouched	O	O4.4/B1
slouching	O	O4.4/B1
slouchy	O	O4.4/B1
slovenly	O	O4.2
slow	N	N3.8
slow-moving	N	N3.8
slow-onset	N	N3.8
slowdown	N	N3.8
slowed	N	N3.8
slowing	N	N3.8
slowly	N	N3.8
slowness	N	N3.8
slowwash	B	B4
sludgy	O	O4.5
slug	E	E3
sluggish	N	N3.8
sluggishness	N	N3.8
slugs	L	L2
sluice	O	O2
slum	H	H3/O4.2
slumber	B	B1
slumbered	B	B1
slumbers	B	B1
slumming	O	O4.2
slump	N	N5-/A2.1
slumped	O	O4.4/B1
slumping	O	O4.4/B1
slums	H	H3/O4.2
slung	M	M2
slunk	M	M1/A10
slur	Q	Q3
slurring	Q	Q3
slurry	O	O1.2
slush	O	O1.2
slushy	O	O4.5
slut	G	G2.2-/S3.2/S2.1f
sluts	G	G2.2-/S3.2/S2.1f
sluttish	G	G2.2-/S3.2/S2.1f
slutty	G	G2.2-/S3.2/S2.1f
sly	A	A10
slyly	A	A10
smack	E	E3
smacked	E	E3
smacking	E	E3
smacks	E	E3
small	N	N3.2
small-car	M	M3
small-group	S	S5
small-minded	A	A1.7+/X2.1
small-scale	N	N3.2
small-time	A	A11.1
smaller	N	N3.2
smallest	N	N3.2
smallholder	F	F4/S2mf
smallholding	M	M7/F4
smallish	N	N3.2
smallness	N	N3.2
smallpox	B	B2
smarm	S	S1.1.1/O4.2
smarmed	S	S1.1.1/O4.2
smarmy	S	S1.2.4
smart	O	O4.2
smarten	O	O4.2
smartened	O	O4.2
smartest	O	O4.2
smartly	O	O4.2
smartness	O	O4.2
smash	A	A1.1.2
smashed	F	F3
smashing	A	A5.1
smattering	N	N5
smear	A	A1.1.1
smeared	A	A1.1.1
smell	X	X3.5
smelling	X	X3.5
smells	X	X3.5
smelly	X	X3.5
smelt	X	X3.5
smile	E	E4.1
smiled	E	E4.1
smiling	E	E4.1
smilingly	E	E4.1
smirch	G	G2.1
smirched	G	G2.1
smirk	E	E4.1+/S1.2.6
smite	E	E3
smites	E	E3-/A1.1.1
smithereens	N	N5.1
smitten	E	E3
smock	B	B5
smoke	O	O1.3
smoke-filled	O	O4.1
smoked	F	F3
smokeless	O	O1.3
smoker	F	F3/S2mf
smoker-room	H	H2/F3
smokes	F	F3
smoking	F	F3
smoky	O	O1.3
smooch	S	S3.2
smoochy	S	S3.2
smooth	X	X3.3
smooth-shaven	B	B4/O4.1
smooth-skinned	O	O4.1/O4.5
smoothed	X	X3.3
smoother	O	O4.5
smoothest	X	X3.3
smoothie	F	F2
smoothies	F	F2
smoothing	X	X3.3
smoothly	X	X3.3
smoothness	X	X3.3
smoothy	O	O4.2/S2.2m
smote	E	E3-/A1.1.1
smother	A	A10
smothered	A	A10
smothering	A	A10
smothers	A	A10
smoulder	O	O4.6
smudge	A	A1.1.1
smudged	O	O4.1
smudgy	O	O4.1
smug	S	S1.2.3
smuggle	G	G2.1
smuggled	G	G2.1
smuggler	G	G2.1-/S2mf
smugglers	G	G2.1-/S2mf
smuggling	G	G2.1
smugly	S	S1.2.3
smut	S	S1.2.4
smutty	S	S1.2.4
sn	Z	Z5
snack	F	F1
snacky	F	F1
snaffle	O	O2/S7.1
snafus	A	A5.3
snag	A	A1.1.1
snail	L	L2
snap	X	X3.2
snapped	A	A1.1.2
snappy	O	O4.2
snaps	X	X3.2
snapshot	C	C1
snapshots	C	C1
snare	A	A1.7
snarl	X	X3.2
snarled	X	X3.2
snarling	X	X3.2
snarls	X	X3.2
snatch	N	N5
snatched	A	A9+/N3.8
snatcher	A	A9+/S2mf
snatchers	A	A9+/S2mf
snazzy	O	O4.2
sneak	M	M1/A10
sneaked	M	M1/A10
sneaker	B	B5
sneakers	B	B5
sneakily	A	A10-/G2.2
sneaking	A	A10
sneaky	A	A10-/G2.2
sneer	E	E2
sneeze	B	B1
sneezed	B	B1
snide	S	S1.2.4
snidey	S	S1.2.3
sniff	X	X2.3
sniffer	F	F3/S2mf
sniffers	F	F3/S2mf
sniffing	B	B1
sniffle	B	B1
snigger	E	E4.1
sniping	G	G3
snipped	A	A1.1.1
snippet	N	N5
snippets	N	N5
snips	A	A1.1.1
snob	S	S1.2.3+/S2mf
snobbery	S	S1.2.3
snobbish	S	S1.2.3
snobbishness	S	S1.2.3
snobby	S	S1.2.3
snooker	K	K5.2
snookered	A	A12
snoop	X	X2.4/X7
snooper	X	X7-/S2mf
snooping	X	X2.4/X7
snooty	S	S1.2.3
snooze	B	B1
snoozing	B	B1
snore	B	B1/X3.2
snores	B	B1/X3.2
snoring	B	B1/X3.2
snorkel	M	M4
snorkelling	M	M4
snort	B	B1
snorted	B	B1/X3.2
snorting	B	B1/X3.2
snorts	B	B1/X3.2
snotty	S	S1.2.3
snout	B	B1
snow	W	W4
snow-clearing	W	W4/B4
snow-white	O	O4.3
snowbal	N	N5+/A2.1
snowball	N	N3.2+/A2.1
snowballed	N	N5+/A2.1
snowballing	N	N3.2+/A2.1
snowboards	K	K5.1
snowcapped	W	W4
snowdrift	W	W4
snowdrifts	W	W4
snowdrop	L	L3
snowdrops	L	L3
snowfall	W	W4
snowflake	W	W4
snowflakes	W	W4
snowman	O	O2
snowmobile	M	M3
snowmobiled	M	M3
snowy	W	W4
snub	S	S1.2.1
snub-nosed	O	O4.1
snubbing	S	S1.2.1
snuck	M	M1/A10
snuff	O	O4.6
snuffed	O	O4.6
snug	F	F2/H2
snuggle	M	M8
snugly	O	O4.1
so	Z	Z5
so-and-so	Z	Z8mf
so-called	A	A8
so-so	A	A5.1
soak	O	O1.2
soaked	O	O1.2
soaking	O	O1.2
soap	B	B4
soapy	B	B4
soar	N	N5+/A2.1
soared	N	N5+/A2.1
soaring	N	N5+/A2.1
soars	N	N5+/A2.1
sob	E	E4.1
sobbing	E	E4.1
sober	F	F2
sobered	F	F2
sobering	S	S1.2.6
soberly	F	F2
sobriety	E	E4.1
soccer	K	K5.1
sociable	S	S1.2.1
sociably	S	S1.1.1
social	S	S1.1.1
social-life	S	S1.1.1
socialisation	S	S1.1.1
socialise	S	S1.1.1
socialising	S	S1.1.1
socialism	G	G1.2
socialist	G	G1.2/S2mf
socialite	S	S1.1.1/S2mf
socialize	S	S1.1.1
socializing	S	S1.1.1
socially	S	S1.1.1
societal	S	S5
societies	S	S5
society	S	S5+c
socio	S	S1.1.1
socio-	S	S1.1.1
socio-cultural	S	S1.1.1
socio-economic	S	S1.1.1/I2.1
socio-historical	S	S1.1.1/T1.3
socio-technical	S	S1.1.1/Y1
socioeconomic	S	S1.1.1/I2.1
sociolinguist	Q	Q3/S1.1.1/S2mf
sociolinguistics	Q	Q3/S1.1.1
sociological	S	S1.1.1
sociologist	S	S1.1.1/S2mf
sociology	S	S1.1.1
sociometrically	S	S1.1.1/S5
sock	B	B5
socked	E	E3
socket	O	O3
socks	B	B5
sod	A	A5.1-/S2.2m
soda	O	O1.1
sodden	O	O4.5
sodding	Z	Z4
sodium	O	O1.1
sofa	H	H5
soft	O	O4.5
soft-boiled	F	F1
soft-drink	F	F2
softball	K	K5.2
soften	O	O4.5
softened	O	O4.5
softer	O	O4.5
softie	S	S1.2.5-/S2mf
softly	E	E3
softness	O	O4.5
software	Y	Y2
software-generated	Y	Y2
softwood	O	O1
soggy	O	O4.1/O1.2
soil	O	O4.2
soile	O	O4.2
soiled	O	O4.2
soiling	O	O4.2
soils	O	O4.2
sojourn	M	M8
solace	S	S8
solaces	S	S8
solarium	H	H1/B4
sold	I	I2.2
solder	A	A1.1.1
soldering	A	A1.1.1
soldier	G	G3/S2mf
soldiers	G	G3/S2mf
soldiery	G	G3/S5
sole	B	B5
solecism	Q	Q3
solecisms	Q	Q3
soled	B	B5
solely	A	A14
solemn	O	O4.2
solemnisation	E	E4.1
solemnise	E	E4.1
solemnised	E	E4.1
solemnity	O	O4.2
solemnize	E	E4.1
solemnized	E	E4.1
solemnly	O	O4.2
soles	B	B1
solicit	Q	Q2.2
solicitation	Q	Q1.2
solicitations	Q	Q1.2
solicited	Q	Q2.2
soliciting	Q	Q2.2
solicitor	G	G2.1/S2mf
solicitous	E	E6
solicits	Q	Q2.2
solid	O	O1.1
solidarity	S	S5
solidified	O	O1.1
solidify	O	O1.1
solidity	A	A5.1
solidly	A	A5.1
solids	O	O1.1
soliloquy	Q	Q2.1
solitaire	K	K5.2
solitary	S	S5
soloist	K	K2/S2mf
soloists	K	K2/S2mf
soluble	O	O4.1/O1.2
solution	X	X4.2
solutions	X	X4.2
solve	X	X9.2
solved	X	X9.2
solvency	I	I1.1
solvent	I	I1.1
solver	X	X9.2+/S2mf
solves	X	X9.2
solving	X	X9.2
somatic	B	B2-/X1
somaticise	B	B3
somaticising	B	B3
somber	S	S1.2.6
sombre	O	O4.3
some	N	N5
some-one	Z	Z8mf
somebodies	Z	Z8
somebody	Z	Z8mfc
somebodys	Z	Z8
someday	T	T1.1.3
somehow	X	X4.2
someone	Z	Z8mfc
someones	Z	Z8
somersault	M	M1
something	Z	Z8
sometime	T	T1.1.1
sometimes	N	N6
someway	N	N5
somewhat	A	A13.6
somewhere	M	M6
sommut	Z	Z8
son	S	S4m
son-in-law	S	S4m
sonar	Y	Y2
song	K	K2
songbird	L	L2/X3.2
songwriter	K	K2/S2mf
songwriters	K	K2/S2mf
sonic	X	X3.2
sonically	X	X3.2
sons	S	S4m
soon	T	T1.1.3/N3.8
soon-to-retire	I	I3.1
sooner	T	T1.1.3/N3.8
soonest	T	T1.1.3/N3.8
soot	O	O1.1
soothe	E	E3
soothing	E	E3
soothsayer	S	S9/S2mf
soothsayers	S	S9/S2mf
sop	S	S1.2.5-/S2mf
sophisticated	O	O4.2
sophistication	O	O4.2
sopping	O	O1.2
soppy	S	S1.2.5
soprano	K	K2/S2.1f
sorcerer	S	S9/S2mf
sorcerers	S	S9/S2mf
sorceress	S	S9/S2.1f
sorcery	S	S9
sordid	G	G2.2
sore	B	B2
sorely	A	A5.1
sorrow	E	E4.1
sorrowful	E	E4.1
sorrows	E	E4.1
sorry	Z	Z4
sort	A	A4.1
sorted	A	A4.1
sorter	A	A4.1
sorting	A	A4.1
sorts	A	A4.1
sos	Z	Z4
sothe	E	E3
sou	I	I1
sought	X	X2.4
soul	K	K2
soul-destroying	E	E4.1
soul-less	O	O4.2
soulless	E	E1
soulmate	S	S3.1/S2mf
soulmates	S	S3.1/S2mf
souls	S	S9
sound	O	O4.1
sound-alike	K	K1
sound-man	K	K3/S2mf
sound-men	K	K3/S2mf
sound-track	K	K3
sounded	X	X3.2
sounding	X	X3.2
soundless	X	X3.2
soundly	A	A1.3
soundness	A	A5.1
soundproof	X	X3.2
soundproofing	X	X3.2
soundtrack	K	K3
soundtracks	K	K3
soup	F	F1
sour	A	A5.1-/A2.1
source	T	T2
sourcing	I	I2.2/A9
sourly	A	A5.1
sourthernly	M	M6
south	M	M6
south-east	M	M6
south-eastern	M	M6
south-facing	M	M6
south-ward	M	M6
south-west	M	M6
south-western	M	M6
southbound	M	M6
southerly	M	M6
southern	M	M6
southerner	M	M7/S2mf
southernmost	M	M6
southward	M	M6
souvenir	O	O2
souvenirs	O	O2
sovereignly	S	S7.1
sovereigns	S	S7.1+/S2mf
sovereignty	S	S7.1
soviet	Z	Z2
sow	F	F4
sowing	F	F4
sown	F	F4
sows	L	L2fn
soy	F	F1
soya	F	F1
spa	M	M7/O1.2
space	N	N6
space-age	T	T1.3/Y1
spacecraft	M	M5/W1
spaced	N	N6
spaceman	Y	Y1/W1/S2.2m
spaceship	Y	Y1/W1
spaceships	Y	Y1/W1fn
spacesuit	B	B5/Y1
spacey	A	A6.2-/K2
spacing	Q	Q1.2
spacious	N	N3.2+/N3.6
spade	O	O2
spaghetti	F	F1
spam	Q	Q1.3/Y2
span	T	T1.3
spandex	O	O1.1
spangled	O	O4.1
spaniel	L	L2mfn
spanker	A	A5.1
spanner	O	O2
spans	A	A1.8
spare	N	N5.2
sparingly	N	N5
spark	O	O4.6
sparkle	X	X5.2
sparkling	O	O4.3
sparkly	O	O4.1
sparky	X	X5.2
sparring	K	K5.1
sparrow	L	L2
sparrows	L	L2
spars	K	K5.1
sparse	N	N5
sparsely	N	N6
spartan	A	A1.7
spasm	B	B2
spasmodic	N	N6
spasmodically	N	N6
spastic	B	B2
spastics	B	B2-/S2mf
spat	B	B1
spate	N	N5
spates	N	N5
spatial	N	N3.6
spats	B	B5
spattering	N	N5
spatula	O	O2
spawn	S	S4/L2
spawned	S	S4/L2
speak	Q	Q2.1
speaker	Q	Q2.1/S2mf
speakers	Q	Q2.1/S2mf
speaking	Q	Q2.1
spear	G	G3
spearhead	S	S7.1
spears	G	G3
spec	A	A4.2+/Q2.2
special	A	A4.2
specialisation	A	A4.2
specialise	A	A4.2
specialised	A	A4.2
specialising	A	A4.2
specialism	A	A4.2
specialist	X	X2.2
specialities	A	A4.2
speciality	A	A4.2
specialization	A	A4.2
specialize	A	A4.2
specialized	A	A4.2
specially	A	A4.2
specials	A	A4.2
specialties	A	A4.2
specialty	A	A4.2
species	A	A4.1c
specific	A	A4.2
specifically	A	A4.2
specification	A	A4.2+/Q2.2
specifications	A	A4.2+/Q2.2
specificities	A	A4.2
specificity	A	A4.2
specified	A	A4.2+/Q2.2
specifier	A	A4.2
specifiers	A	A4.2
specify	A	A4.2+/Q2.2
specimen	A	A4.1/L3
speck	O	O2
speckled	O	O4.1
speckledy	O	O4.3
specs	B	B3/X3.4
spectacle	X	X3.4
spectacles	O	O2/X3.4
spectacular	O	O4.2
spectacularly	O	O4.2
spectate	X	X3.4
spectator	X	X3.4/S2mf
spectators	X	X3.4/S2mf
spectrally	Y	Y1
spectre	S	S9
spectres	S	S9
spectrometer	Y	Y1
spectrometry	Y	Y1
spectroscopy	Y	Y1
spectrum	A	A6.3
speculate	X	X2.6
speculated	X	X2.6
speculating	X	X2.6
speculation	X	X2.6
speculative	X	X2.6
speculatively	X	X2.6
speech	Q	Q2.1
speech-making	Q	Q2.1
speechless	Q	Q2.1
speed	N	N3.8
speed-wise	N	N3.8
speedily	N	N3.8
speediness	N	N3.8
speeding	N	N3.8
speedometer	N	N3.8/O2
speedometers	N	N3.8/O2
speeds	N	N3.8
speedskate	K	K5.1
speedskating	K	K5.1
speedway	K	K5.1
speedy	N	N3.8
speel	Q	Q2.1
spell	Q	Q3
spellbound	X	X5.2
speller	Q	Q3
spelling	Q	Q3
spells	T	T1.3
spelt	Q	Q3
spencers	Z	Z3c
spend	I	I1.2
spend-thrift	I	I1.2+/S2mf
spender	I	I1.2/S2mf
spending	I	I1.2
spendthrift	I	I1.2+/S2mf
spent	I	I1.2
sperm	B	B1
spew	A	A1.1.1
sphere	O	O4.4
spheres	O	O4.4
spherical	O	O4.4
spice	F	F1
spiceyness	F	F1
spick	Z	Z2/S2mf
spicy	X	X3.1
spied	X	X2.4
spiel	Q	Q2.1
spies	G	G3/S2mf
spiffed-up	A	A5.1+/A2.1
spiked	E	E3
spiky	O	O4.1
spill	A	A1.1.1
spillage	O	O1.2
spilled	A	A1.1.1
spiller	Z	Z1mf
spills	O	O2
spilt	A	A1.1.1
spin	M	M1
spin-off	A	A2.2
spinabifida	B	B2
spinach	F	F1
spinal	B	B1
spindle	O	O2
spindles	O	O2
spindly	O	O4.2
spine	B	B1
spineless	S	S1.2.5
spinner	I	I4/S2mf
spinners	I	I4/S2mf
spinning	M	M1
spinster	S	S3.2-/S2.1f
spinsters	S	S3.2-/S2.1f
spiny	O	O4.1
spiral	O	O4.4
spiralling	O	O4.4
spirit	M	M2
spirit-raising	E	E1/S8
spirited	X	X5.2
spiritless	X	X5.2
spirits	S	S9
spiritual	S	S9
spiritualism	S	S9
spiritualist	S	S9/S2mf
spirituality	S	S9
spiritually	S	S9
spit	B	B1
spite	E	E3
spiteful	E	E3
spitting	B	B1
splash	X	X3.2/O1.2
splashed	M	M4
splashing	M	M4
splatter	A	A1.1.1
splattered	A	A1.1.1
spleen	B	B1
spleens	B	B1
splendid	A	A5.1
splendour	O	O4.1
splicer	O	O2
splint	B	B3
splinter	O	O2
split	A	A6.1
spliting	A	A1.1.2
splits	A	A6.1
splitting	A	A6.1
splodge	M	M2
splodges	M	M2
splodging	M	M2
splutter	B	B1
spluttering	B	B1
spoil	A	A6.1
spoiled	A	A1.1.2
spoiling	A	A1.1.2
spoils	I	I1.1
spoilt	A	A1.1.2
spoke	O	O2
spoken	Q	Q2.1
spokesman	Q	Q2.2/S2.2m
spokesperson	Q	Q2.2/S2mf
spokeswoman	Q	Q2.2/S2.1f
spong	B	B4
sponge	O	O1.1
sponges	O	O1.1
sponging	B	B4
spongy	O	O4.1
sponsee	S	S8+/S2mf
sponsees	S	S8+/S2mf
sponsor	A	A9-/I1.1
sponsored	A	A9-/I1.1
sponsoring	A	A9-/I1.1
sponsorship	A	A9-/I1.1
spontaneity	X	X7
spontaneous	X	X7
spontaneously	X	X7
spoof	E	E4.1
spooked	E	E5
spooky	E	E5
spool	O	O2
spoon	A	A1.1.1
spoon-fed	S	S8
spoon-feed	S	S8
spoon-feeding	S	S8
spoonfed	S	S8
spoonfeeding	S	S8
spoonful	N	N5
spoons	A	A1.1.1
sporadic	N	N6
sporadically	N	N6
sporran	B	B5
sport	A	A10
sport-boot	B	B5/K5.1
sport-boots	B	B5/K5.1
sport-like	K	K5.1
sport-utility	M	M3
sporter	K	K5.1/S2mf
sportground	K	K5.1/M7
sportiness	K	K5.1
sporting	K	K5.1
sportish	K	K5.1
sportive	K	K5.1
sportive-style	K	K5.1
sports	K	K5.1
sports-drink	F	F2
sports-minded	K	K5.1/X5.2
sports-style	K	K5.1
sportsman	K	K5.1/S2.2m
sportsmanship	K	K5.1
sportsmen	K	K5.1/S2.2m
sportsperson	K	K5.1/S2mf
sportswear	B	B5/K5.1
sporty	K	K5.1
spot	X	X3.4
spotless	O	O4.2
spotlessly	O	O4.2
spotlight	O	O3/W2
spotlights	O	O3/W2
spotlit	O	O4.3
spots	O	O4.4
spotted	O	O4.3
spotter	X	X3.4/S2mf
spotters	X	X3.4/S2mf
spotting	X	X3.4
spotty	O	O4.3
spouse	S	S4mf
spout	O	O2
spoute	A	A1.1.1
spouting	A	A1.1.1
sprain	B	B2
sprained	B	B2
sprawl	N	N3.6
sprawled	N	N3.6
sprawling	N	N3.6
spray	A	A1.1.1
spraydeck	M	M4
sprayed	O	O4.1
sprayer	O	O2
sprayers	O	O2
spraying	A	A1.1.1
spread	A	A1.1.1
spreadability	O	O4.5
spreadable	O	O4.5
spreading	A	A1.1.1
spreadsheet	Y	Y2/Q1.2
spreadsheets	Y	Y2/Q1.2
spree	N	N5.2
sprig	L	L3
sprightly	X	X5.2
spring	O	O2
spring-autumn	T	T1.3
springboard	T	T2
springing	M	M1
springs	O	O2
springtime	T	T1.3
springy	O	O4.5
sprinkle	N	N5
sprinkled	O	O4.1
sprinkler	F	F4/O2
sprinkling	N	N5
sprint	M	M1/N3.8
sprinter	K	K5.1/S2mf
sprites	S	S9
sprog	T	T3-/S2mf
sprout	N	N3.2+/A2.1
sproute	N	N3.2+/A2.1
sprouting	N	N3.2+/A2.1
sprouts	F	F1
spruce	O	O4.2
sprung	M	M1
spud	F	F1
spuds	F	F1
spur	X	X5.2
spurious	A	A5.4
spuriousness	A	A5.4
spurn	X	X7
spurred	X	X5.2
spurt	N	N5
spurts	N	N5
spy	X	X2.4
spying	X	X2.4
sq	N	N3.6
squabble	Q	Q2.2
squabbles	E	E3
squad	G	G3/S5+c
squaddie	G	G3/S2mf
squadron	M	M5/S5+c
squalid	O	O4.2
squalor	O	O4.2
squamous	B	B1
squander	N	N5.2
squandering	N	N5.2
square	O	O4.4
square-shaped	O	O4.4
squarely	A	A7
squarial	Q	Q4.3
squash	S	S2/N5
squashed	O	O4.4
squat	H	H1
squatter	H	H4/S2mf
squatters	H	H4/S2mf
squawk	Q	Q2.2
squawked	Q	Q2.2
squawking	L	L2/X3.2
squeak	X	X3.2
squeake	X	X3.2
squeaked	X	X3.2
squeaking	X	X3.2
squeaky	X	X3.2
squeal	X	X3.2
squeale	X	X3.2
squealed	X	X3.2
squeamish	E	E2
squeezable	M	M2
squeeze	M	M2
squeezed	M	M2
squeezing	M	M2
squib	O	O2
squid	L	L2mfnc
squidge	O	O4.5
squidgy	O	O4.5
squiffy	F	F2
squiggle	O	O4.4
squiggles	O	O4.4
squiggly	O	O4.4
squint	B	B2
squire	S	S7.1+/S2.2m
squires	S	S7.1+/S2.2m
squirm	M	M1
squirrel	L	L2
squirrels	L	L2
squirt	O	O1.2
squirting	A	A1.1.1/O1.2
sss	Z	Z4
sssh	Z	Z4
stab	E	E3
stabbed	E	E3
stabbing	A	A1.1.2/B2
stabilise	A	A2.1
stabilised	A	A2.1
stabiliser	M	M3
stabilisers	M	M3
stabilising	A	A2.1
stability	A	A2.1
stabilize	A	A2.1
stabilized	A	A2.1
stabilizing	A	A2.1
stable	L	L2/H4
stabler	A	A2.1
stablest	A	A2.1
stabling	L	L2
stablise	A	A2.1
stablised	A	A2.1
stack	O	O2
stacking	M	M2
stadium	K	K5.1/H1
staff-up	I	I3.1
staff-wise	I	I3.1/S2mf
staffed	I	I3.1
staffers	I	I3.1/S2mf
staffing	I	I3.1
staffroom	H	H2/I3.1
stag	L	L2mn
stage	K	K4
stage-managed	S	S7.1
staged	K	K4
stager	K	K4/S2mf
stagers	K	K4/S2mf
stagger	M	M1
staggered	N	N6
staggering	E	E5
staging	K	K4
stagnant	A	A2.1
stagnate	A	A2.1
stagnated	A	A2.1
stagnation	A	A2.1
staid	O	O4.1
stain	O	O4.3
stained	O	O4.3
stained-glass	O	O1.1
staining	O	O4.3
stainless	O	O4.1
stair	H	H2
staircase	H	H2
stairs	H	H2
stairway	H	H2
stairwell	H	H2
stake	A	A1.4
stakeholder	I	I1.1/S2mf
stale	T	T3
stalemate	S	S1.1.2
stalk	L	L3
stalks	L	L3
stall	I	I2.2/H5
stall-holder	I	I2.2/S2mf
stall-holders	I	I2.2/S2mf
stalling	M	M8
stallion	L	L2m
stalwart	S	S6
stalwarts	S	S8+/S2mf
stamina	S	S1.2.5
stammer	Q	Q2.2/B2
stamped	Q	Q1.2
stampede	L	L2/M1
stampings	Q	Q1.2
stance	O	O4.4/B1
stand	M	M6
stand-alone	A	A6.1
stand-back	E	E3
stand-by	A	A1.1.1
stand-in	A	A2.1+/S2mf
stand-off	S	S1.2.1
stand-offish	S	S1.2.1
stand-up	K	K1
standard	A	A6.2
standardisation	A	A6.2+/A2.1
standardise	A	A6.2+/A2.1
standardised	A	A6.2
standardize	A	A6.2+/A2.1
standby	A	A1.1.1
standing	M	M6
standoff	S	S1.2.1
standpoint	X	X2.1
standstill	M	M8
stank	X	X3.5
staple	A	A11.1
stapled	A	A1.1.1
star	W	W1
star-studded	K	K4/A11.1
starboard	M	M6
starch	B	B4
starched	B	B4/B5
stardom	A	A11.1
stare	X	X3.4
starfish	L	L2
stargazer	W	W1/S2mf
staring	X	X3.4
stark	O	O4.1
starling	L	L2mfn
starlings	L	L2mfn
starring	A	A11.1+/A1.8
stars	W	W1
start	T	T2
start-line	M	M7/K5.1
start-off	T	T2
start-up	T	T2
started	T	T2
starter	F	F1
starting	T	T2
startle	E	E5
startled	E	E5
startling	E	E5
startlingly	E	E5
startup	T	T2
starvation	F	F1
starve	F	F1
starved	F	F1
starving	F	F1
stash	A	A10
state	G	G1.1c
state-employed	I	I3.1
state-of-the-art	Y	Y1/A5.1
state-owned	G	G1.1c
state-provided	G	G1.1/A9
state-run	G	G1.1/A1.1.1
stated	Q	Q2.1
stateless	G	G1.1
statelessness	G	G1.1
stately	S	S7.2
statement	Q	Q2.1
statemented	P	P1
statesmen	G	G1.1/S2.2m
static	M	M8
stating	Q	Q2.1
station	M	M3/H1c
stationary	M	M8
stationer	Q	Q1.2/S2mf
stationers	Q	Q1.2/S2mf
stationery	Q	Q1.2
statistic	N	N3.1
statistical	N	N2
statistically	N	N2
statisticians	N	N2/S2mf
statistics	N	N3.1c
stats	N	N2
statuary	C	C1
statue	C	C1
statuesque	O	O4.2
statuette	C	C1
stature	N	N3.7
status	S	S7.1
status-enhancing	S	S7.1
statute	G	G2.1
statutory	G	G2.1
staunch	S	S6
stave	K	K2
stay	M	M8
stayed	M	M8
staying	M	M8
stead	S	S1.1.1
steadfast	A	A2.1
steadfastly	T	T2
steadily	T	T2
steadiness	T	T2
steady	T	T2
steak	F	F1
steaks	F	F1
steaky	F	F1
steal	G	G2.1-/A9
stealing	G	G2.1-/A9
stealth	A	A10
stealthy	A	A10
steam	O	O1.3
steamer	M	M4fn
steel	O	O1.1
steel-capped	O	O1.1/O4.1
steel-industry	I	I4
steel-rimmed	O	O4.1
steelmaker	I	I4/S2mf
steelmakers	I	I4/S2mf
steelwork	I	I4/H1c
steelworker	I	I4/S2mf
steelworkers	I	I4/S2mf
steelworks	I	I4/H1c
steely	O	O1.1
steep	O	O4.4
steeped	N	N5
steeple	H	H2
steeply	O	O4.4
steepness	O	O4.4
steer	L	L2mn
stem	L	L3
stemmed	T	T2
stemming	T	T2
stems	L	L3
stench	X	X3.1
stencil	Q	Q1.2
stenciled	Q	Q1.2
stenciller	C	C1/S2mf
stencilling	C	C1
stenographer	Q	Q1.2/S2mf
stenographers	Q	Q1.2/S2mf
step	M	M1
step-by-step	N	N4
step-change	A	A2.1
step-dad	S	S4m
step-father	S	S4m
stepbrother	S	S4m
stepdad	S	S4m
stepfather	S	S4m
stepmother	S	S4f
stepmum	S	S4f
steppe	W	W3
stepped	M	M1
stepping	M	M1
steps	M	M1
stepson	S	S4m
stereo	K	K3
stereo-type	A	A6.2+/X2.1
stereotype	A	A6.2+/X2.1
stereotyped	A	A6.2+/X2.1
stereotypical	X	X4.2
stereotyping	X	X4.2
sterile	B	B4
sterilise	B	B4
sterility	B	B4
sterilizer	O	O1.2/B4
sterling	I	I1
stern	M	M4
sternly	S	S1.2.1
sternness	S	S1.2.1
steroid	F	F3
stethoscope	O	O2/B3
stethoscopes	O	O2/B3
stew	F	F1
stew-pot	O	O2/F1
steward	M	M5
stewardess	M	M5/S2.1f
stewarding	M	M5
stewardship	S	S7.1+c
stewed	F	F1
stich	B	B5
stick	O	O2
stickability	X	X6
sticker	Q	Q1.2
stickers	Q	Q1.2
stickier	O	O4.5
stickiness	O	O4.5
sticking	M	M2
stickled	O	O4.4
stickler	X	X5.2+++/S2mf
sticks	O	O2
sticky	O	O4.5
stiff	O	O4.1
stiff-soled	O	O4.5
stiffen	M	M1/A12
stiffener	O	O2
stiffness	O	O4.1
stifle	S	S8
stifled	S	S8
stifling	S	S8
stigma	A	A5.1
stigmata	S	S9
stigmatic	S	S9
stigmatise	A	A5.1
stigmatised	A	A5.1
stile	M	M1/F4
stiletto	B	B5
stiletto-heeled	B	B5
stilettos	B	B5
still	E	E3+/A2.1
stillborn	B	B2
stilt	S	S1.2.1
stilted	S	S1.2.1
stimulant	B	B3
stimulate	A	A2.2
stimulated	A	A2.2
stimulating	X	X5.2
stimulation	X	X5.2
stimuli	A	A2.2
stimulus	A	A2.2
sting	B	B2
stingy	S	S1.2.2
stink	X	X3.5
stinking	X	X3.5
stinks	X	X3.5
stint	T	T1.3
stipulate	S	S6
stipulated	S	S6
stipulation	S	S6
stipulations	S	S6
stir	A	A1.1.1
stirring	A	A1.1.1
stirrings	A	A1.1.1
stirrup	O	O2
stitch	A	A1.1.1
stitch-through	O	O4.1
stitched	O	O4.1
stitching	B	B5
stock	A	A9
stock-trade	I	I2.2
stock-wise	A	A9
stockbroker	I	I2.2/S2mf
stockbroking	I	I2.1
stocked	A	A9
stockholding	I	I1.1
stocking	A	A9
stockings	B	B5
stockist	I	I2.2/S2mf
stockpile	N	N5
stockroom	H	H2/A9
stocks	A	A9
stocktake	I	I2.2
stocktaker	I	I2.2/S2mf
stocktaking	I	I2.2
stocky	O	O4.4
stocky-built	O	O4.4
stodge	F	F1
stodgy	O	O4.5
stoic	E	E6
stoker	M	M4/S2mf
stole	G	G2.1-/A9
stolen	G	G2.1-/A9
stolid	E	E1
stomach	E	E2
stomachful	E	E3
stomp	M	M1
stomping	M	M1
stone	O	O1.1
stoned	F	F2
stonemason	I	I3.2/H1/S2mf
stonemasons	I	I3.2/H1/S2mf
stoneware	O	O1.1
stonewash	H	H5
stonewashed	H	H5
stonework	H	H2
stonking	O	O4.2
stony	O	O4.1
stony-hearted	S	S1.2
stood	M	M6
stool	H	H5
stoop	M	M1
stoops	M	M1
stop-gap	T	T1.3
stop-start	T	T1.2
stopgap	T	T1.3
stopover	T	T1.3
stoppage	T	T2
stoppages	T	T2
stopped	T	T2
stopper	O	O2
stopping	T	T2
storage	A	A9
store	I	I2.2/H1c
store-branding	I	I2.2
stored	A	A9
storefronts	I	I2.2/H2
storehouses	A	A9+/H1
storeman	I	I2.2/S2.2m
storeroom	H	H2/A9
stores	I	I2.2/H1
storey	H	H2
storeys	H	H2
stories	Q	Q2.1
storing	A	A9
storm	W	W4
storming	E	E3
stormy	W	W4
story	Q	Q2.1
story-book	Q	Q4.1
story-telling	Q	Q2.1
story-wise	Q	Q2.1
storybook	Q	Q4.1
storyline	Q	Q2.1
stout	O	O4.2
stoutly	E	E5
stove	O	O2
stow	M	M2
stowaway	A	A10-/M1/S2mf
stowaways	A	A10-/M1/S2mf
stowed	M	M2
stowing	M	M2
straddle	M	M8
straggler	T	T4-/S2mf
stragglers	T	T4-/S2mf
straggling	T	T4
straight	O	O4.4
straight-acting	S	S3.2
straight-looking	O	O4.1/S3.2
straightaway	N	N3.8
straighten	O	O4.4/A2.1
straightened	O	O4.4/A2.1
straighter	O	O4.4
straightest	O	O4.4
straightforward	A	A12
straightforwardness	A	A12
straightish	S	S3.2
straightjacketed	A	A1.7
strain	N	N3.5
strained	A	A1.1.1/N5.2
strainer	O	O2
straining	A	A12
strait	W	W3/M4
straitened	A	A1.7
stranded	S	S5
strands	S	S5
strange	A	A6.2
strangely	A	A6.2
strangeness	A	A6.2
stranger	A	A6.2
strangle	L	L1
strangled	L	L1
strangler	G	G2.1-/S2mf
strangulation	E	E3
strap	O	O2
strap-like	O	O2
strapline	Q	Q4.2
strapped	A	A9
strapping	B	B2
strata	O	O2
stratagem	X	X4.2
strategic	X	X7
strategic-competitive	S	S7.3
strategical	X	X7
strategically	X	X7
strategies	X	X7
strategist	X	X7+/S2mf
strategraphic	W	W3
strategy	X	X7
stratification	A	A6.1
stratosphere	W	W3
stratum	S	S5+c
straw	L	L3
straw-coloured	O	O4.3
strawberry	F	F1
stray	A	A1.7
streak	N	N5
streaked	O	O4.3
streaky	O	O4.3
stream	W	W3/M4
streaming	N	N5
streamline	N	N3.2-/A2.1
streamlined	N	N3.2-/A2.1
streamlining	N	N3.2-/A2.1
streams	N	N5
street-wise	X	X9.1+/M7
streets	M	M3/H3
streetwalker	S	S3.2/G2.2-/S2mf
streetwise	X	X9.1+/M7
strength	S	S1.2.5
strengthen	S	S1.2.5+/A2.1
strengthener	O	O4.1/O2
strengthening	S	S1.2.5+/A2.1
strenuous	A	A12
strenuously	A	A12
stress	E	E6
stress-related	E	E6
stressed	E	E6
stressful	E	E6
stressing	Q	Q2.2
stretch	N	N3.6
stretched	N	N3.6
stretcher	B	B3
stretchers	B	B3/O2
stretching	N	N3.6
stretchy	O	O4.5
strew	M	M2
strewn	M	M2
stricken	A	A2.1
strict	S	S1.2.5
strictest	S	S1.2.5
strictly	S	S1.2.5
strictness	S	S1.2.5
stride	N	N3.3
strident	O	O4.2
stridently	X	X3.2++/A5.1
strife	E	E3
strike	I	I3.1
striker	K	K5.1/S2mf
striking	A	A11.2
striking-looking	O	O4.2
strikingly	A	A11.2
strimmer	O	O3
string	A	A1.1.1
stringent	A	A1.7
stringently	A	A1.7
stringer	Q	Q4.2/S2mf
stringers	Q	Q4.2/S2mf
strings	O	O1.1
strip	B	B5
stripe	O	O4.3
striped	O	O4.3
stripes	O	O4.3
stripey	O	O4.3
stripped	O	O4.1
stripper	K	K1/S2mf
strippers	K	K1/S2mf
stripping	B	B5
striptease	K	K1/S3.2
stripy	O	O4.3
strive	X	X8
stroke	X	X3.3
stroll	M	M1
strolling	M	M1
strong	S	S1.2.5
strong-arm	E	E3
strong-minded	X	X7+/X2.1
strong-willed	S	S1.2.5
stronger	S	S1.2.5
strongest	S	S1.2.5
stronghold	G	G3/M7
strongholds	G	G3/M7
strongly	A	A13.3
strongman	S	S7.1
strop	O	O2
stroppy	S	S1.2.3
struck	I	I3.1
structural	O	O4.1
structurally	O	O4.1
structure	O	O4.1
structured	O	O4.1
structuring	A	A1.1.1
struggle	X	X8
struggled	X	X8
struggler	A	A12-/S2mf
strugglers	A	A12-/S2mf
struggling	A	A12
strum	K	K2
strumpet	G	G2.2-/S2.1f
strung	A	A1.1.1
strut	M	M1
struts	M	M1
strutting	M	M1
stub	A	A1.1.1
stubbing	A	A1.1.1
stubble	L	L3
stubborn	A	A2.1-/X2.1
stubborn-headed	A	A2.1-/X2.1
stubby	O	O4.1
stuck	M	M2
stud	O	O4.1
studded	O	O4.1
student	P	P1/S2mf
student-centered	P	P1/S2mf
student-centred	P	P1/S2mf
student-focused	P	P1/S2mf
student-led	P	P1/S2mf
student-like	P	P1/S2mf
student-organised	P	P1/S2mf
student-to-student	P	P1/S2mf
student-to-tutor	P	P1/S2mf
studentled	P	P1/S2mf
studenty	P	P1
studied	P	P1
studies	P	P1
studio	C	C1/H2
studious	P	P1
studiously	A	A1.3
studs	O	O2
study	P	P1
studying	P	P1
stuff	O	O1
stuffed	O	O4.1
stuffed-animal	K	K6
stuffing	M	M2
stuffy	T	T3
stumble	M	M1
stumbled	M	M1
stumbling	M	M1
stump	X	X2.2
stumped	X	X2.2
stun	E	E5
stung	B	B2
stunk	X	X3.5
stunned	E	E5
stunning	E	E5
stunningly	A	A5.1
stunt	A	A15-/A1.1.1
stunted	S	S8
stupefaction	E	E5
stupefied	E	E5
stupefy	E	E5
stupendous	N	N5
stupid	S	S1.2.6
stupidest	S	S1.2.6
stupidity	S	S1.2.6
stupidly	S	S1.2.6
stupor	B	B2-/X1
sturdily	S	S1.2.5
sturdy	S	S1.2.5
sturgeon	L	L2
sturgeons	L	L2
stutter	Q	Q2.2/B2
stuttered	Q	Q2.2/B2
sty	L	L2/H1
style	A	A1.1.1
styled	A	A1.1.1
styling	A	A1.1.1
stylised	A	A5.4
stylish	O	O4.2
stylishly	O	O4.2
stylist	B	B4/S2mf
stylistic	Q	Q3
stylized	O	O4.1
suave	S	S1.2
sub	K	K5.1/S2mf
sub-agency	I	I2.2/S5+c
sub-aqua	M	M4
sub-assemblies	G	G1.1c
sub-assembly	G	G1.1c
sub-branding	Q	Q1.1
sub-committee	S	S7.1+/S5+c
sub-consciously	X	X2.2
sub-contained	A	A1.8
sub-contract	I	I2.2
sub-contractor	I	I2.1/S2mf
sub-culture	S	S5
sub-discipline	P	P1
sub-division	N	N5.1
sub-divisions	N	N5.1
sub-edit	Q	Q4.2
sub-editing	Q	Q4.2
sub-editor	Q	Q4.2/I3.2/S2mf
sub-editors	Q	Q4.2/I3.2/S2mf
sub-headline	Q	Q4.2
sub-infrastructure	I	I2.1/S8
sub-issue	X	X4.1
sub-leased	I	I2.2
sub-postmaster	Q	Q1.2/S2.2m
sub-region	M	M7
sub-rent	I	I2.2
sub-section	N	N5.1
sub-set	N	N2
sub-standard	A	A5.1
sub-tenant	H	H4/S2mf
sub-tenants	H	H4/S2mf
sub-text	Q	Q2.1/A10
sub-topics	X	X4.1
sub-unit	S	S5+c
subbing	S	S8
subbrands	Q	Q1.1
subcategories	A	A4.1
subcategory	A	A4.1
subcommittee	S	S7.1+/S5+c
subcompact	M	M3fn
subcompacts	M	M3fn
subconscious	X	X2
subconsciously	X	X2
subcontract	I	I2.1
subcontractor	I	I2.1/S2mf
subcontractors	I	I2.1/S2mf
subcultural	S	S5
subdisciplines	P	P1
subdistrict	M	M7
subdistricts	M	M7
subdivide	A	A6.1
subdivided	A	A6.1
subdivides	A	A6.1
subdivision	N	N5.1
subdivisions	N	N5.1
subdue	S	S7.1
subdued	S	S7.1
subheading	Q	Q1.2
subheadings	Q	Q1.2
subing	S	S1.1.1
subject	S	S7.1
subject-based	P	P1
subject-related	P	P1
subject-specific	P	P1
subjected	A	A1.1.1
subjection	S	S7.1
subjective	E	E1
subjectivism	G	G1.2/X2.1
subjectivity	E	E1
subjects	A	A1.1.1
subjugate	S	S7.1
subjugating	S	S7.1
subjugation	S	S7.1
sublanguage	Q	Q3
sublime	A	A5.1
subliminal	X	X2.2
subliminally	X	X2.2
submarine	M	M4fn
submariner	M	M4/S2mf
submariners	M	M4/S2mf
submarines	M	M4
submerge	M	M2
submerged	M	M6
submerging	M	M2
submission	S	S7.1
submissive	S	S7.1
submit	A	A9
submitted	A	A9
subordinate	S	S7.1
subordinated	S	S7.1
subordinates	S	S7.1-/S2mf
subordination	S	S7.1
subscribe	X	X2.1/A6.1
subscribed	X	X2.1/A6.1
subscriber	Q	Q4.2/I2.2/S2mf
subscribing	X	X2.1/A6.1
subscription	Q	Q4.2/I2.2
subsection	N	N5.1
subsections	N	N5.1
subsequent	N	N4
subsequently	N	N4
subservience	S	S7.1
subservient	S	S7.1
subset	N	N2
subside	N	N5-/A2.1
subsided	N	N5-/A2.1
subsidence	N	N5-/A2.1
subsidiarity	X	X6
subsidiary	A	A11.1
subsiding	N	N5-/A2.1
subsidise	I	I1.1
subsidised	I	I1.1
subsidy	I	I1.1
subsist	A	A3
subsistence	I	I1.1/M1
subsoil	O	O1.1/W3
substance	O	O1
substandard	A	A5.1
substantial	N	N3.2
substantially	N	N3.2
substantiate	A	A5.2
substantive	A	A11.1
substantively	A	A11.1
substitute	A	A2.1
substitution	A	A2.1
substrate	O	O1
substrates	O	O1.1
substructure	O	O2
subsumed	A	A1.8
subsurface	O	O1/M6
subsystem	X	X4.2
subsystems	X	X4.2
subterranean	M	M6
subtitle	Q	Q4.3
subtitles	Q	Q4.3
subtle	A	A11.2
subtlety	A	A11.2
subtly	A	A11.2
subtopics	X	X4.1
subtract	N	N2
subtraction	N	N2
subtractions	N	N2
suburb	H	H4/M7
suburb-bound	H	H4/M7
suburban	H	H4/M7
suburbia	H	H4/M7
subversion	G	G2.1
subversity	G	G2.1
subversive	G	G2.1
subversiveness	G	G2.1
subversives	G	G2.1-/S2mf
subvert	A	A1.1.2
subway	M	M3
succeed	X	X9.2
succeeded	X	X9.2
succeeding	X	X9.2
success	X	X9.2
successful	X	X9.2
successfully	X	X9.2
succession	N	N4
successive	N	N4
successively	N	N4
successor	N	N4/S2mf
successors	N	N4/S2mf
succi	F	F1
succinct	A	A4.2
succinctly	A	A4.2
succulent	A	A5.1+/F1
succumb	S	S1.2.5
such	Z	Z5
such-and-such	Z	Z8
suck	B	B1
sucked	B	B1
sucker	S	S1.2.6-/S2mf
suckers	S	S1.2.6-/S2mf
sucking	B	B1
suckle	L	L3
suckles	L	L3
sucrose	O	O1.1
suction	M	M2/O1
sudden	N	N3.8
suddenly	N	N3.8
sudoku	K	K5.2/X4.1
suds	O	O2
sued	G	G2.1
suede	O	O1.1
suer	G	G2.1/S2mf
suers	G	G2.1/S2mf
suet	F	F1
suffer	E	E4.1
sufferance	E	E2
suffered	E	E4.1
sufferer	B	B2-/S2mf
sufferers	B	B2-/S2mf
suffering	E	E4.1
suffice	N	N5
suffices	N	N5
sufficiency	N	N5.1
sufficient	N	N5
sufficiently	A	A13.5
suffix	Q	Q3
suffocate	B	B2
suffocated	B	B2
suffocation	B	B2
suffrage	G	G1.2
sugar	F	F1
sugar-cane	L	L3
sugared	F	F1
sugary	X	X3.1
suggest	Q	Q2.2
suggested	Q	Q2.2
suggesting	Q	Q2.2
suggestion	Q	Q2.2
suggestive	S	S1.2.4
suicidal	L	L1
suicide	L	L1
suit	A	A1.2
suitability	A	A1.2
suitable	A	A1.2
suitably	A	A1.2
suitcase	B	B5
suite	H	H2
suited	A	A1.2
suiting	A	A1.2
suitor	S	S3.2/S2.2m
suits	B	B5
suity	B	B5
sulk	E	E4.1
sulking	E	E4.1
sulky	E	E4.1
sullen	E	E3
sulphate	O	O1
sulphur	O	O1.1
sulphuric	O	O1
sultry	O	O4.6
sum	N	N5
summarise	Q	Q2.2
summarising	Q	Q2.2
summarize	Q	Q2.2
summary	Q	Q2.1
summat	Z	Z8
summative	Q	Q2.1
summatively	Q	Q2.1
summer	T	T1.3
summers	T	T1.3
summertime	T	T1.3
summery	T	T1.3
summing-up	G	G2.1
summit	W	W3
summon	G	G1.1
summoned	Q	Q2.2
summoning	G	G1.1
summons	G	G2.1
summut	Z	Z8
sumo	K	K5.1
sumptuous	O	O4.1
sums	N	N5
sun-glass	B	B5/X3.4
sun-glasses	B	B5/X3.4
sun-sensitive	X	X3
sun-tanned	O	O4.3/B1
sunbathe	K	K1/W4
sunbathed	K	K1/W4
sunbathing	K	K1/W4
sunbeam	W	W2
sunbed	H	H5/K1
sunburn	B	B2-/W4
sunburnt	B	B2-/W4
sundries	O	O2
sundry	O	O2
sunflower	L	L3
sunflowers	L	L3
sung	K	K2
sunglasses	B	B5/X3.4
sunk	M	M1
sunken	M	M4
sunlight	W	W2
sunlit	W	W4
sunny	W	W4
sunrise	T	T1.2
sunset	T	T1.2
sunshine	W	W2
suntan	B	B1
sup	F	F1
super	A	A5.1
super-ego	X	X2.1/G2.2
superagent	I	I2.1/S2mf
superannuation	I	I1.2/I3.1
superannuations	I	I1.2/I3.1
superathlete	K	K5.1/S2mf
superb	A	A5.1
superbly	A	A5.1
superbowl	K	K5.1
superbrand	Q	Q1.1
supercede	A	A2.1
superceded	A	A2.1
supercilious	S	S1.2.3
supercomputer	Y	Y2
supercomputers	Y	Y2
superficial	A	A4.2
superficiality	A	A4.2
superficially	A	A4.2
superfluous	N	N5.2
superglue	O	O1
supergun	G	G3
superhighway	Y	Y2
superhuman	X	X9.1
superimpose	M	M2
superintend	S	S7.1
superior	S	S7.1++/S2mf
superiority	A	A5.1
superiors	S	S7.1++/S2mf
superlative	A	A5.1
superman	S	S2.2/A5.1+m
supermarket	I	I2.2/H1c
supermarkets	I	I2.2/H1
supernatural	S	S9
superposing	M	M2
superpower	S	S7.1+/A11.1
superpowers	S	S7.1+/A11.1
supersede	A	A2.1
supersedes	A	A2.1
supersensual	S	S3.2
supersonic	X	X3.2
superstar	A	A11.1+/S2mf
superstars	A	A11.1+/S2mf
superstitions	S	S9
superstitious	S	S9
superstitiously	S	S9
superstore	I	I2.2/H1c
superstores	I	I2.2/H1
superstructure	S	S1.1.1/X2.1/G1.2
supervise	S	S7.1
supervised	S	S7.1
supervising	S	S7.1
supervision	S	S7.1
supervisor	S	S7.1+/S2mf
supervisory	S	S7.1
superwoman	S	S2.1/A5.1+f
supper	F	F1
suppertime	F	F1/T1.3
supplant	A	A2.1
supplanted	A	A2.1
supple	O	O4.5
supplement	N	N5
supplementary	N	N5
supplemented	N	N5
supplementing	N	N5
supplied	A	A9
supplier	I	I2.2/S2mfc
supplier(s)	I	I2.2/S2mfc
supply	A	A9
supplying	A	A9
support	S	S8
supported	S	S8
supporter	S	S8+/S2mf
supporting	S	S8
supportive	S	S8
supports	S	S8
suppose	X	X2.1
supposed	S	S6
supposedly	X	X2.1
supposing	Z	Z5
supposition	X	X2.1
suppress	S	S7.4
suppressed	S	S7.4
suppression	S	S7.4
supra-national	S	S5+/M7
supremacy	S	S7.1
supreme	A	A5.1
supremely	A	A5.1
supremo	S	S7.1
surcharge	I	I1.3
sure	Z	Z4
surely	A	A7
sureness	A	A7
surety	I	I1.2
surface	A	A10
surface-approach	A	A4.2
surface-learning	X	X2.3+/A4.2
surface-level	A	A4.2
surfboard	M	M4
surfer	M	M4/S2mf
surfers	M	M4/S2mf
surfing	M	M4
surge	N	N5+/A2.1
surgeon	B	B3/S2mf
surgeons	B	B3/S2mf
surgery	B	B3
surgical	B	B3
surly	S	S1.2.4
surmise	X	X2.1
surname	Q	Q2.2
surnames	Q	Q2.2
surpass	A	A5.1
surpassed	A	A5.1
surpasses	A	A5.1
surplus	N	N5.2
surpluses	N	N5.2
surprise	X	X2.6
surprised	X	X2.6
surprising	X	X2.6
surprisingly	X	X2.6
surreal	A	A5.2
surrealism	C	C1
surrealist	C	C1
surrender	S	S7.1
surrendered	S	S7.1
surreptitious	A	A10
surreptitiously	A	A10
surrogate	A	A5.4
surround	M	M6
surrounded	M	M6
surrounding	M	M6
surveillance	X	X2.4
survey	X	X2.4
surveyed	X	X2.4
surveying	X	X2.4
surveyor	W	W3/I3.2/S2mf
surveyors	W	W3/I3.2/S2mf
surveys	X	X2.4
survival	A	A3+/T2
survive	A	A3+/T2
surviving	A	A3+/T2
survivor	A	A3+/S2mf
susceptible	S	S1.2.5
sushi	F	F1
suspect	X	X2.1/A5.1
suspected	X	X2.1/A5.1
suspend	T	T4
suspended	M	M2
suspenders	B	B5
suspending	M	M2
suspense	E	E6
suspension	T	T2
suspensive	T	T1.1.3
suspicion	X	X2.1/A5.1
suspicious	X	X2.1/A5.1
suspiciously	X	X2.1/A5.1
suss	X	X2.3
sussex	Z	Z2
sussing	X	X2.5
sustain	T	T2
sustainability	T	T2
sustainable	T	T2
sustained	T	T2
sustenance	F	F1
sustentation	S	S8
suture	B	B3
sutures	B	B3
swab	B	B4
swag	G	G2.1
swallow	B	B1
swallowed	B	B1
swallowing	B	B1
swam	M	M4
swamp	W	W3/L3
swamped	N	N5.2
swamping	N	N5.2
swap	S	S1.1.2
swapping	S	S1.1.2
swarm	M	M1
swarming	M	M1
swastika	G	G1.2/Q1.1
swastikas	G	G1.2/Q1.1
swat	E	E3
swatch	T	T1/O2
swath	A	A1.1.2
swathe	W	W3
sway	S	S7.1
swayed	M	M1
swaying	M	M1
swear	Q	Q2.2/S1.2.4
swearing	Q	Q2.2/S1.2.4
sweat	B	B1
sweater	B	B5
sweaters	B	B5
sweating	B	B1
sweatshirt	B	B5
sweaty	B	B1
swede	Z	Z2/S2mf
swedes	Z	Z2/S2mf
swedish	Z	Z2/Q3
sweep	B	B4
sweeper	B	B4/S2mf
sweeping	B	B4
sweepings	O	O2
sweepstake	K	K1/A1.4
sweet	X	X3.1
sweet-smelling	X	X3.5
sweeten	X	X3.1
sweetened	X	X3.1
sweetener	F	F1
sweeter	X	X3.1
sweetheart	S	S3.2/S2mf
sweethearts	S	S3.2/S2mf
sweetie	F	F1
sweetie-pie	O	O4.2+mf
sweetish	X	X3.1
sweetly	A	A5.1
sweetness	X	X3.1
sweety	F	F1
swell	X	X3.2+/A2.1
swelling	X	X3.2+/A2.1
swells	W	W3/M4
swelter	O	O4.6
sweltering	O	O4.6
swept	B	B4
swerve	M	M1/A2.1
swerved	M	M1/A2.1
swiftly	N	N3.8
swiftness	N	N3.8
swill	F	F2
swilling	F	F2
swim	M	M4
swimmer	M	M4/S2mf
swimmers	M	M4/S2mf
swimming	M	M4
swimsuit	B	B5/M4
swimwear	B	B5/M4
swindle	G	G2.2
swine	L	L2
swines	O	O4.2-/S2mf
swing	M	M1
swingeing	N	N5
swinger	K	K2/S2mf
swingers	K	K2/S2mf
swinging	O	O4.2
swingy	K	K2
swipe	M	M1
swipe-card	O	O2/Q1.1/A9
swiped	A	A9
swirl	O	O4.4
swirls	O	O4.4
swish	X	X3.2
switch	A	A2.1
switch-around	A	A2.1
switchboard	Q	Q1.3
switched	A	A2.1
switched-on	X	X5.2
switcher	A	A2.1
switchgear	O	O3
switching	A	A2.1
swivel	M	M1
swizz	G	G2.2
swizzing	G	G2.2
swollen	O	O4.4
swoon	B	B2-/E2
swoop	M	M1
swop	S	S1.1.2
swopping	S	S1.1.2
sword	G	G3
swore	Q	Q2.2/S1.2.4
sworn	Q	Q2.2/S1.2.4
swot	P	P1/S2mf
swum	M	M4
swung	M	M1
sycamore	L	L3
sycophantic	S	S7.2+/N5.2
sycophants	S	S7.2+/N5.2+/S2mf
syllable	Q	Q3
syllabus	P	P1
symbiosis	S	S8
symbiotic	S	S8
symbol	A	A6.2
symbolic	A	A6.2
symbolise	A	A6.2
symbolism	Q	Q1.1
symbolize	A	A6.2
symbols	A	A6.2
symmetrical	A	A6.1
symmetry	A	A6.1
sympathetic	X	X2.5+/E1
sympathetically	X	X2.5+/E1
sympathise	X	X2.5+/E1
sympathised	X	X2.5+/E1
sympathiser	X	X2.5+/E1/S2mf
sympathisers	X	X2.5+/E1/S2mf
sympathize	X	X2.5+/E1
sympathized	X	X2.5+/E1
sympathy	X	X2.5+/E1
symphonic	K	K2
symphony	K	K2
symposia	Q	Q2.2
symposium	P	P1
symptom	B	B2
symptomatic	B	B2
symptoms	B	B2
synagogue	S	S9/H1c
synagogues	S	S9/H1c
sync	T	T1.1.2
synch	A	A6.1+/A2.1
synchronisation	A	A6.1
synchronise	A	A6.1
synchronised	T	T1.1.2
synchronous	T	T1.1.2
syndicate	I	I2.2
syndicated	I	I2.2
syndrome	B	B2
synergy	S	S8
synod	S	S9c
synonym	Q	Q3
synonymous	A	A2.2
synonymously	A	A2.2
synonymy	Q	Q3
synopsis	Q	Q2.1
syntactic	Q	Q3
syntax	Q	Q3
synthesis	A	A1.8
synthesise	A	A1.8
synthesize	A	A1.8
synthesizer	K	K3
synthetic	A	A5.4
syphilis	B	B2
syringe	O	O2
syrup	O	O1.2
system	X	X4.2
systematic	X	X4.2
systematical	X	X4.2
systematically	X	X4.2
systematize	X	X4.2
systemic	B	B3
systems	X	X4.2
systole	B	B1
t	Z	Z5
t'ang	Z	Z3
t-ball	O	O2
t-shirt	B	B5
t-short	B	B5
t-shorts	B	B5
t.v.	Q	Q4.3
ta-fu	Z	Z1
tab	Q	Q1.2
tabac	F	F3
tabasco	F	F1
tabby	L	L2mfn
tabernacle	S	S9/H1
tablature	K	K2
table	H	H5
table-cloth	H	H5
table-cloths	H	H5
tablecloth	H	H5
tablecloths	H	H5
tablespoon	O	O2/F1
tablet	B	B3
tabletop	H	H5
tableware	O	O2
tabloid	Q	Q4.2
taboo	S	S7.4
tabulator	Y	Y2/N2
tabulators	Y	Y2/N2
tach	O	O2
tachograph	M	M3/O3
tacit	A	A10
tack	A	A1.1.1
tackle	A	A1.1.1
tackling	A	A1.1.1
tacky	O	O4.5
taco	F	F1
tact	S	S1.2.4
tactful	S	S1.2.4
tactfully	S	S1.2.4
tactic	X	X4.2
tactical	X	X4.2
tactically	X	X7
tactics	X	X4.2
tactile	X	X3.3
tactless	S	S1.2.4
tactlessly	S	S1.2.4
tad	N	N5
tadpoling	K	K1
taffeta	O	O1.1
taffetas	B	B5
tag	Q	Q1.2
tagger	Y	Y2
taggers	Y	Y2
tagging	Q	Q1.2
tagliatelle	F	F1
tai	Z	Z2/Q3
tail	X	X2.4
tailor	B	B5/S2mf
tailor-made	B	B5
tailored	B	B5
tailoress	B	B5/S2.1f
tailoring	B	B5
tailors	B	B5
tails	L	L2
taint	O	O4.2
tainted	O	O4.2
take	A	A9
take-away	F	F1
take-away-cum-diner	F	F1
take-aways	F	F1
take-home	F	F1
take-off	X	X9.2
take-out	F	F1
take-over	S	S7.1
take-up	A	A9+/N5
takeaway	F	F1
taken	A	A9
takeover	S	S7.1
takeovers	S	S7.1
taker	A	A9+/S2mf
taking	A	A9
taking-over	S	S7.1
takings	I	I1.1
takking	Q	Q2.1
talc	B	B4
talcum	B	B4
tale	Q	Q2.1
talent	X	X9.1
talented	X	X9.1
talentless	X	X9.1
talisman	S	S9
talk	Q	Q2.1
talkative	Q	Q2.1
talked	Q	Q2.1
talker	Q	Q2.1/S2mf
talking	Q	Q2.1
tall	N	N3.7
tallest	N	N3.7
tallies	N	N2
tally	N	N2
tambourine	K	K2
tame	E	E3+/S7.1
tamed	E	E3+/S7.1
tamper	A	A1.1.1/G2.2
tampered	A	A1.1.1/G2.2
tampon	B	B4
tan	O	O4.3
tandem	M	M3fn
tang	X	X3.1
tangent	N	N2
tangential	A	A1.2
tangerine	O	O4.3
tangible	A	A11.2
tangibles	A	A11.2
tangibly	A	A11.2
tangle	O	O2
tango	K	K1
tangy	X	X3.1
tank	M	M3
tanker	M	M4fn
tankers	M	M4
tanned	B	B1/W4
tannelise	A	A1.1.1
tanning	B	B1/W4
tannoy	Q	Q2.1/O3
tanoid	Q	Q1.3
tantalise	E	E1
tantalize	E	E1
tantalizing	E	E1
tantamount	A	A6.1
tantrum	E	E3
tantrums	E	E3
tapas	F	F1
tape	K	K3
tape-based	Y	Y2
taped	K	K3
tapering	N	N3.7
tapestry	H	H5
taping	Y	Y1/O2
tapless	H	H5
tapped	A	A1.1.1
tapper	M	M3/S2mf
taps	A	A1.1.1
tar	O	O1.2
tarantula	L	L2
tardy	T	T4
targeted	X	X7
targeting	X	X7
targetted	X	X7
tariff	I	I1.3
tariffs	I	I1.3
tarmac	O	O1.1
tarn	W	W3/M4
tarnish	O	O4.2
tarnished	G	G2.2
tarot	S	S9
tarpaulin	O	O2
tarrah	Z	Z4
tarry	N	N3.8
tart	F	F1
tartan	B	B5
tarting	S	S3.2
tarty	S	S3.2/O4.2
task	A	A1.1.1
task-based	A	A1.1.1
task-oriented	A	A1.1.1
tassel	B	B5
tassels	O	O2
taste	X	X3.1
tasted	X	X3.1
tasteful	O	O4.2
tastefully	O	O4.2
tasteless	O	O4.2
taster	X	X3.1/S2mf
tastewise	X	X3.1
tastiness	X	X3.1
tasting	X	X3.1
tasty	X	X3.1
tat	O	O4.2
tattered	O	O4.2
tatters	B	B5/A1.1.2
tatterturn	O	O4.1
tattoo	C	C1/B1
tattooed	C	C1/B1
tattoos	C	C1/B1
tatty	F	F1
taught	P	P1
taunt	Q	Q2.2/S1.2.4
taut	N	N3.2
taverna	F	F2/H1
taverns	F	F2/H1c
tawny	O	O4.3
tax	I	I1.1/G1.1
tax-deductible	I	I1.1
tax-free	I	I1.1
taxability	I	I1.1/G1.1
taxable	I	I1.1/G1.1
taxation	I	I1.1/G1.1
taxed	I	I1.1/G1.1
taxes	I	I1.1/G1.1
taxi	M	M5
taxied	M	M5
taxing	A	A12
taxman	G	G1.1/I1.1/S2mf
taxonomic	A	A4.1
taxonomy	A	A4.1
taxpayer	I	I1.1/S2mf
te-huai	Z	Z1
tea	F	F2
tea-and-lemon-flavored	X	X3.1
tea-party	K	K1/F1
teacake	F	F1
teacakes	F	F1
teach	P	P1
teacher	P	P1/I3.2/S2mf
teacher-centered	P	P1/S2mf
teacher-centred	P	P1/S2mf
teacher-controlled	P	P1/S2mf
teacher-directed	P	P1/S2mf
teacher-learner	P	P1/S2mf
teacher-led	P	P1/S2mf
teacher-student	P	P1/S2mf
teacher-supplied	P	P1/S2mf
teacher-teacher	P	P1/S2mf
teacher-team	P	P1/S5
teaching	P	P1
teaching-assessing	X	X2.4/A5/P1
teaching-learning	X	X2.3+/P1
teaching-oriented	P	P1
teaching-related	P	P1
teaching-to-learn	P	P1/X2.3
teacup	F	F2/O2
teak	O	O1.1
teal	O	O4.3
team	S	S5+c
team-based	S	S5
team-building	S	S5
team-coordinated	S	S5+/S7.1
team-learning	S	S5+/X2.3
team-mate	S	S5+/S2mf
team-player	S	S1.1.3+/S2mf
team-players	S	S1.1.3+/S5
team-taught	S	S5+/P1
team-teachers	S	S5+/P1
team-teaching	S	S5+/P1
team-working	I	I3.1/S5
teaming	S	S5+/P1
teams	S	S5
teamwork	I	I3.1/S5
teamworking	I	I3.1/S5
teapot	F	F2/O2
tear	B	B1
tear-stained	O	O4.1
tearaway	G	G2.1-/S2mf
tearaways	A	A1.7-/S2mf
tearful	E	E4.1
teargas	G	G3
tears	B	B1
tease	E	E3
teased	E	E3
teaser	X	X4.1
teasing	E	E4.1
teaspoon	O	O2
teatime	T	T1.2/F1
teats	L	L2
tech	Y	Y1/P1
techie	Y	Y2/S2mf
techies	Y	Y2/S2mf
technical	Y	Y1
technicalities	X	X4.2
technicality	X	X4.2
technically	Y	Y1
technician	Y	Y1/S2mf
technicolour	O	O4.3
technics	Y	Y1
technique	X	X4.2
techno	Y	Y1
techno-scientific	Y	Y1
technological	Y	Y1
technologically	Y	Y1
technologist	Y	Y1/S2mf
technology	Y	Y1
technology-driven	Y	Y1
technology-focused	Y	Y1
technology-led	Y	Y1
technology-mediated	Y	Y1
techs	P	P1
tedious	X	X5.2
tediousness	X	X5.2
tee	K	K5.1
tee-shirt	B	B5
teen	T	T3
teenage	T	T3
teenager	T	T3-/S2mf
teenagers	T	T3-/S2mf
teenagership	T	T1.3
teens	T	T3
teeny	N	N3.2
teeter	M	M1
teetering	A	A7
teeth	B	B1
teething	B	B1
teetotal	F	F2
teetotaller	F	F2/S2mf
tele	Q	Q4.3
tele-data	Q	Q1.3
telecommunication	Q	Q1.3
telecommunications	Q	Q1.3
teleconferencing	Q	Q1.3
teledata	Q	Q1.3
telegram	Q	Q1.3
telemarketer	I	I2.2/Q1.3/S2mf
telemarketers	I	I2.2/Q1.3/S2mf
telemarketing	I	I2.2/Q1.3
telematic	Q	Q1.3
telemetry	Q	Q1.3
telephone	Q	Q1.3
telephone-operator	Q	Q1.3/S2mf
telephoning	Q	Q1.3
telephonist	Q	Q1.3/S2mf
telephony	Q	Q1.3
telephoto	N	N3.3
teleprint	Q	Q1.3
teleprinter	Q	Q1.3
teleprinters	Q	Q1.3
telesale	I	I2.2/Q1.3
telesales	I	I2.2/Q1.3
telescope	O	O2/Y1
telescopes	O	O2/Y1
telescopic	N	N3.3
teletext	Q	Q4.3
televise	Q	Q4.3
televised	Q	Q4.3
television	Q	Q4.3
telex	Q	Q1.3
tell	Q	Q2.2
tell-tale	A	A10
teller	I	I2.1/S2mf
tellers	I	I2.1/S2mf
tellies	Q	Q4.3
telling	X	X9.2
tells	Q	Q2.2
telly	Q	Q4.3
temazepam	B	B3
temp	I	I3.1/S2mf
temper	E	E1
temperament	S	S1.2
temperamental	E	E3-/S1.2
temperamentally	S	S1.2
temperance	G	G2.2/F2
temperate	O	O4.6
temperature	O	O4.6
tempered	E	E1
tempering	N	N5-/A2.1
tempestuous	E	E3
temping	I	I3.1/T2
template	O	O4.1
templates	O	O4.1
tempo	N	N3.8
temporal	T	T1.1
temporally	T	T1.1
temporarily	T	T1.3
temporary	T	T1.3
temps	I	I3.1/S2mf
tempt	O	O4.2
temptation	O	O4.2
tempted	O	O4.2
tempting	O	O4.2
ten	N	N1
ten-pin	K	K5.1
ten:one	N	N5
tenable	A	A9
tenacious	S	S1.2.5
tenacity	S	S1.2.5
tenancy	H	H4
tenant	H	H4/S2mf
tenantlike	H	H1
tenants	H	H4/S2mf
tench	L	L2mfnc
tend	A	A6.2
tended	A	A6.2
tendencies	A	A6.2
tendency	A	A6.2
tender	E	E2
tendered	I	I2.2
tenderer	I	I2.2/S2mf
tenderers	I	I2.2/S2mf
tendering	I	I2.2
tenderly	E	E3
tenderness	E	E3
tenders	I	I2.2
tending	A	A6.2
tendon	B	B1
tendons	B	B1
tends	A	A6.2
tenement	H	H1
tenet	X	X4.1
tenets	G	G2.2
tenfold	N	N5
teng	Z	Z1
teniservitus	B	B2
tenner	I	I1
tennis	K	K5.1
tenor	K	K2/S2.2m
tens	N	N1
tense	A	A1.7
tensed	E	E6
tenseness	E	E6
tension	E	E6
tent	H	H1
tentacle	L	L2
tentacles	L	L2
tentage	O	O1/H1
tentative	A	A7
tentatively	A	A7
tenterhooks	E	E6
tenth	N	N4
tenuous	S	S1.2.5
tenure	I	I3.1
tepid	O	O4.6
tequila	F	F2
tequila-flavored	X	X3.1
term	Q	Q3
term-based	T	T1.3
termed	Q	Q2.2
terminally	L	L1
terminals	M	M5/H1
terminate	T	T2
terminated	T	T2
terminating	T	T2
termination	T	T2
terminological	Q	Q3
terminology	Q	Q3
terminus	H	H1/M3
termly	N	N6
terms	Q	Q2.2
tern	L	L2mfn
terra-cotta	O	O4.3
terrace	H	H1
terraced	H	H1
terracing	H	H1
terracotta	O	O1.1
terrain	W	W3
terrapin	L	L2
terrapins	L	L2
terrazzo	C	C1/H1
terrestrial	W	W1
terrible	A	A5.1
terribly	A	A5.1
terrier	L	L2mfn
terrific	A	A5.1
terrifically	A	A13.3
terrified	E	E5
terrify	E	E5
territorial	M	M7
territories	M	M7
territory	M	M7
terror	E	E5
terrorise	E	E5
terrorising	E	E5
terrorism	G	G2.1
terrorist	G	G2.1-/S2mf
terrorists	G	G2.1-/S2mf
terry-towelling	B	B5
terse	S	S1.2.1
tertiary	P	P1
terylene	O	O1.1
test	P	P1
tested	X	X2.4
tester	X	X2.4/S2mf
testers	X	X2.4/S2mf
testify	G	G2.1
testimonial	Q	Q1.2
testimonies	G	G2.1
testimony	G	G2.1
testing	P	P1
testosterone	B	B1
tetanus	B	B2
tetchy	S	S1.2
tether	A	A1.7
text	Q	Q1.2
text-analysis	Q	Q1.2/X2.4
text-based	Q	Q1.2
textbook	Q	Q4.1/P1
textile	B	B5
textiler	B	B5/S2mf
textiles	B	B5
texting	Q	Q1.3
textual	Q	Q3/Q1.2
textualisation	Q	Q1.2
textualise	Q	Q1.2
texture	O	O4.5
textured	O	O4.5
than	Z	Z5
thank	S	S1.2.4
thank-you	S	S1.2.4
thankful	S	S1.2.4
thankfully	E	E4.2
thankfulness	S	S1.2.4
thankless	E	E4.2
thanks	S	S1.2.4
thanksgiving	S	S9
thankyou	S	S1.2.4
that	Z	Z5
thatched	H	H1
thatching	H	H1
the	Z	Z5
theater	K	K4/H1
theater-like	K	K4/H1
theatre	K	K4/H1
theatres	K	K4/H1
theatrical	K	K4
theatricality	K	K4
theatrically	K	K4
thee	Z	Z8mf
theft	G	G2.1-/A9
their	Z	Z8
theirs	Z	Z8
theirself	Z	Z8
theirselves	Z	Z8
them	Z	Z8mfn
thematic	X	X4.1
theme	X	X4.1
themed	X	X4.1
themeless	X	X4.1
themself	Z	Z8
themselves	Z	Z8
then	N	N4
thence	M	M6
thenceforth	T	T1.1.2/N4
theocratic	S	S9
theologian	S	S9/S2mf
theological	S	S9
theology	S	S9
theorem	N	N2
theoretical	A	A1.6
theoretically	A	A1.6
theorise	A	A1.6
theory	X	X4.1
therapeutic	B	B3
therapies	B	B3
therapist	B	B3/S2mf
therapists	B	B3/S2mf
therapy	B	B3
there	M	M6
thereabouts	A	A13.4
thereafter	N	N4
thereby	Z	Z5
therefore	Z	Z5
therefrom	M	M6
therein	M	M6
thereof	Z	Z8
thereon	M	M6
thereto	Z	Z5
thereunto	M	M6
thereupon	N	N4
thermal	W	W4
thermidor	Z	Z3
thermo-dynamics	Y	Y1
thermohydrosan	O	O3
thermometer	O	O4.6
thermometers	O	O4.6
thermostat	O	O4.6
thermostatically	O	O4.6
thesaurus	Q	Q4.1/Q3
these	Z	Z5
theses	P	P1/Q1.2
thesis	P	P1/Q1.2
they	Z	Z8mfn
thiamine	O	O1
thick	N	N3.7
thick-soled	B	B5
thicken	O	O4.5
thickening	O	O4.5
thicker	N	N3.7
thicket	L	L3
thickish	N	N3.7
thickly	N	N3.7
thickness	N	N3.7
thickset	O	O4.2
thief	G	G2.1-/S2mf
thieve	G	G2.1-/A9
thieves	G	G2.1-/S2mf
thieving	G	G2.1-/A9
thievish	G	G2.1
thigh	B	B1
thighs	B	B1
thimble	O	O2
thimbles	O	O2
thin	N	N3.7
thing	O	O2
thingey	O	O2
thingies	O	O2
things	O	O2
thingummyjig	O	O2/A7
thingumyjig	O	O2/A7
thingy	O	O2
think	X	X2.1
thinker	S	S2/X2.1mf
thinking	X	X2.1
thinking-through-writing	X	X2.1/Q1.2
thinly	N	N3.7
thinner	N	N3.7
thinness	B	B1
thinning	N	N5-/A2.1
third	N	N4
third-party	S	S1.1.3-/S2mf
third-quarter	N	N1
third-stage	N	N4
thirdly	N	N4
thirds	N	N1
thirst	B	B1/F2
thirst-quencher	F	F2
thirsty	B	B1/F2
thirties	T	T3
thirty	N	N1
thirty-foot-high	N	N3.7
thirty-odd	N	N5
this	M	M6
tho	Z	Z5
thoracic	B	B1
thornier	A	A12
thorniest	A	A12
thorny	A	A12
thorough	N	N5.1
thoroughbred	L	L2/A4.1
thoroughfare	M	M7
thoroughly	A	A13.2
thoroughness	N	N5.1
those	Z	Z5
thou	Z	Z8mf
though	Z	Z5
thought	X	X2.1
thought-provoking	X	X2.1
thoughtful	S	S1.2.2
thoughtfully	A	A1.3
thoughtless	S	S1.2.3
thoughtlessness	S	S1.2.3
thousand	N	N1
thousands	N	N1
thrash	M	M1
thread	O	O2
threadbare	O	O4.1
threaded	O	O4.5
threads	O	O2
threat	E	E3-/Q2.2
threaten	E	E3-/Q2.2
threatened	E	E3-/Q2.2
threatening	E	E3-/Q2.2
threats	E	E3-/Q2.2
three-	N	N1
three-d	O	O4.4
three-bedroom	H	H2/N5
three-bedroomed	H	H2/N5
three-day	T	T1.3
three-dimensional	O	O4.4
three-fold	N	N5
three-layer	B	B5
three-minute	T	T1.3
three-month	T	T1.3
three-stage	T	T1.3
three-stroke	K	K5.1
three-tier	S	S7.1/A4.1
three-way	M	M6
three-wheeler	M	M3
three-year	T	T1.3
three:one	N	N5
threepence	I	I1
threepenny	I	I1
threes	N	N1
threesome	N	N1/S5
threewheeler	M	M3
thresh	F	F4
threshed	F	F4
threshhold	A	A1.7
threshing	F	F4
threshold	H	H2
threw	M	M2
thrice	N	N6
thrift	A	A1.3+/I1
thrifty	A	A1.3+/I1
thrill	X	X5.2
thrilled	E	E4.1
thriller	Q	Q4.1/X5.2
thrilling	E	E4.1
thrive	X	X9.2
thrived	X	X9.2
thrives	X	X9.2
thriving	X	X9.2
thro'	Z	Z5
throat	B	B1
throats	B	B1
throb	B	B2
throbbing	B	B2
throes	A	A1.1.1
thrombosis	B	B2
throne	H	H5/S7.1
throng	M	M1
thronged	O	O4.1
throngs	S	S5+c
throttle	M	M3
through	Z	Z5
throughout	Z	Z5
throughput	I	I2.1
throw	M	M2
throw-back	T	T1.1.1
throwaway	O	O4.2
throwback	T	T1.1.1
thrower	Z	Z1mf
throwing	M	M2
thrown	M	M2
thru	Z	Z5
thrush	L	L2mfn
thrushes	L	L2mfn
thrust	M	M1
thrusting	M	M2
thud	X	X3.2
thug	E	E3-/S2mf
thuggery	A	A1.1.2
thugs	G	G2.2-/S2mf
thumb	M	M3
thumbnail	B	B1
thump	E	E3
thumping	N	N5
thunder	W	W4
thunderbolt	W	W4
thundering	X	X3.2
thunderous	X	X3.2
thunderstorm	W	W4
thus	Z	Z5/A2.2
thwart	S	S8
thwarted	S	S8
thy	Z	Z8
thyme	L	L3
thyroid	B	B1
tibia	B	B1
tic	B	B1
tic-tac	Q	Q1.1
tick	Q	Q1.2
tick-box	Q	Q1.2
tick-tack	K	K5.1/Q1.1
ticker	B	B1
tickers	Q	Q1.3
ticket	Q	Q1.2
ticketed	Q	Q1.2
ticketing	Q	Q1.2
tickets	Q	Q1.2
tickety-boo	A	A5.1
ticking	T	T1.3
tickle	X	X3.3
tickled	A	A1.1.1
tickles	A	A1.1.1
tictac	Q	Q1.1
tidal	W	W3/M4
tide	W	W3/M4
tides	W	W3/M4
tidied	O	O4.2
tidily	O	O4.2
tidiness	O	O4.2
tiding	Q	Q2.1
tidings	Q	Q2.1
tidy	B	B4
tidying	B	B4
tie	B	B5
tie-up	A	A2.2
tied	A	A2.2
tier	O	O2
tiered	N	N3.7
tiers	O	O2
ties	B	B5
tight	N	N3.2
tight-fisted	S	S1.2.2
tight-knit	S	S5
tight-lipped	A	A10
tighted	B	B5
tighten	A	A1.7+/A2.1
tightened	A	A1.7+/A2.1
tightening	A	A1.7+/A2.1
tightening-up	A	A1.7
tightly	N	N3.2
tightrope	O	O2
tights	B	B5
til	Z	Z5
tile	H	H1
tiled	H	H5
tiler	H	H1/S2mf
tiles	O	O2
tiling	H	H5
till	F	F4
tilt	M	M2
tilting	M	M1
timber	O	O1.1
timbered	O	O4.1/H1
timbering	O	O2/H1
timbers	O	O2/H1
timberwork	C	C1/H1
time-consuming	T	T1.3
time-frame	T	T1.3
time-honoured	A	A6.2
time-keeper	T	T1/O2
time-limited	T	T1
time-management	T	T1
time-measured	T	T1
time-out	T	T1.3
time-pressed	A	A1.7+/T1
time-pressure	T	T1
time-saving	T	T1.3
time-share	S	S1.1.3/H4
time-strapped	T	T1/A9
time-tested	T	T1/X2.4
time-waster	A	A1.5.2-/S2mf
time-wise	T	T1.1
timeframe	T	T1.3
timeless	T	T2
timeline	T	T1/N4
timely	T	T1.2/A1.2
timer	T	T1/O2
timescale	T	T1.3
timeshare	H	H1/S1.1.2
timetable	X	X7+/T1
timetabled	X	X7+/T1
timetabler	X	X7+/T1/S2mf
timetabling	X	X7+/T1
timewise	T	T1.1
timid	E	E5
timing	X	X7+/T1
timish	T	T1.2
tin	O	O1.1
tinge	N	N5
tinged	O	O4.3
tinges	N	N5
tingle	X	X5.2
tingly	X	X3.1
tinker	I	I2.2/S2.2mf
tinkers	A	A2.1
tinned	O	O4.1
tinny	X	X3.2
tinpot	A	A11.1
tins	O	O2
tinsel	O	O2
tint	O	O4.3
tinted	O	O4.3
tinters	O	O1/O4.3
tiny	T	T3-/S2mf
tip	N	N5.1
tip-off	A	A10-/Q1.1
tip-top	A	A5.1
tip-up	O	O4.1
tippex	O	O1.2
tipple	F	F2
tipster	Q	Q2.2/S2mf
tipsters	Q	Q2.2/S2mf
tipsy	F	F2
tiptoe	B	B1
tirade	Q	Q2.2
tirades	Q	Q2.2
tire	M	M3/O2
tired	B	B1
tireder	B	B1
tiredness	B	B1
tireless	X	X8
tiresome	X	X5.2
tiring	B	B1
tissue	B	B1
tissues	B	B4
tit	L	L2mfn
tit-bit	Q	Q2.1
tit-bits	Q	Q2.1
titanium	O	O1.1
titbit	Q	Q2.1
titbits	Q	Q2.1
tithe	I	I1/S9
tithes	A	A9
title	Q	Q4
titled	Q	Q2.2
titter	E	E4.1
tittering	E	E4.1
tittle-tattling	Q	Q2.1
titular	A	A5.4-/S7.1
tizz	E	E6
tizzy	E	E6
to	Z	Z5
to-day	T	T1.1.2
toad	L	L2
toads	L	L2
toady	S	S7.1-/S2mf
toast	F	F1
toaster	F	F1/O3
toasty	O	O4.6
tobabs	S	S2/O4.3
tobacco	F	F3
tobacconist	F	F3/S2mf
tobaggon	K	K5.2
tobaggoning	K	K5.2
toboganing	K	K5.1
toboganning	K	K5.1
toboggan	K	K5.1
tobogganing	K	K5.1
todays	T	T1.1.2
toddle	M	M1
toddler	T	T3--/S2mf
toddlers	T	T3--/S2mf
toe	B	B1
toe-cap	B	B5
toe-nail	B	B1
toe-nails	B	B1
toes	B	B1
toffee	F	F1
toffee-nose	S	S1.2.3+/S2mf
toffeenosed	S	S1.2.3
toga	B	B5
togas	B	B5
together	S	S1.2.6
togetherness	S	S5
toil	A	A1.1.1
toilet	B	B4/H5
toiletries	B	B4
toilets	B	B4/H5
token	A	A5.4
tokenisation	Q	Q3
tokeniser	Y	Y2/Q3
tokenisers	Y	Y2/Q3
tokenism	A	A5.4
tokenization	Q	Q3
tokenizer	Y	Y2/Q3
tokenizers	Y	Y2/Q3
told	Q	Q2.1
tolerable	A	A5.1
tolerance	S	S7.4
tolerant	S	S7.4
tolerate	E	E2
tolerating	S	S7.4
toleration	S	S7.4
toll	I	I1.3
tomato	F	F1
tomb	L	L1-/H1
tomboy	S	S2.2/S2.1f
tombs	L	L1-/H1
tome	Q	Q4.3
tomfoolery	S	S1.2.6
tomorrow	T	T1.1.3
tomorrows	T	T1.1.3
ton	N	N3.5
tonal	K	K2
tonally	K	K2
tone	E	E1
toned	O	O4.1
toner	O	O1
tongs	O	O2
tongue	B	B1
tongue-in-cheek	E	E4.1
tongue-tied	Q	Q2.1/X9.1
tonic	F	F2
tonight	T	T1.1.2
toning	B	B4
tonnage	N	N3.5
tonne	N	N3.5
tonnes	N	N3.5
tons	N	N3.5
tonsil	B	B1
tonsillitis	B	B2
tonsils	B	B1
tonsure	B	B1/S9
too	N	N5
too-rapid	N	N3.8
took	A	A9
tool	O	O2
toolbar	Y	Y2
toolbox	O	O2
toolboxes	O	O2
tooling	C	C1
toolkit	O	O2
toolmaker	C	C1/S2mf
tools	O	O2
toot	X	X3.2
tooth	B	B1
toothache	B	B2
toothaches	B	B2
toothbrush	B	B4
toothbrushing	B	B4
toothcomb	B	B4
toothpaste	B	B4
toothpick	B	B4
toothpicks	B	B4
tootle	M	M1
top	M	M6
top-boot	B	B5
top-boots	B	B5
top-heavy	O	O4.1
top-level	M	M6
top-line	A	A5.1
top-of-the-line	A	A5.1
top-of-the-range	A	A5.1
top-ranking	S	S7.1
top-seed	X	X9.2+/S2mf
top-up	N	N5
topage	M	M6
topcoat	C	C1
topcoats	C	C1
topic	X	X4.1
topical	T	T1.1.2
topless	B	B5
topmast	O	O1.1/M4
topography	Y	Y1/W3
topping	A	A5.1
topple	M	M1
toppling	M	M1
topsy-turvy	O	O4.2
torch	O	O3/W2
torches	O	O3/W2
tore	A	A1.1.1
tories	G	G1.2
torment	E	E3
torn	O	O4.1
torpedo	G	G3
torpedoed	G	G3
torrent	W	W4
torrential	N	N5
torso	B	B1
tort	G	G2.1
tortilla	F	F1
tortoise	L	L2mfn
tortoiseshell	O	O1.1
torts	G	G2.1
tortuous	O	O4.4
torture	E	E3
tortured	E	E3
tory	G	G1.2
tosh	A	A5.2
toss	M	M2
tosser	A	A1.5.2-/S2mf
tossers	A	A1.5.2-/S2mf
tossing	M	M2
tosspots	F	F2+++/S2.2m
tot	T	T3--/S2mf
totalitarian	G	G1.2/S7.1
totality	N	N5.1
totalled	N	N5
totally	A	A13.2
tote	N	N2
toted	N	N2
totem	S	S9
tottery	M	M1
tou	N	N3.5
touch	X	X3.3
touchable	X	X3.3
touched	E	E1
touching	X	X3.3
touchstone	A	A5.1
touchy	S	S1.2
touchy-feely	E	E1+/X3.3
touchy-feelyness	E	E1+/X3.3
tough	S	S1.2.5
toughen	A	A1.1.1
toughened	O	O4.1
toughest	S	S1.2.3
toughness	S	S1.2.5
toupee	B	B5
tour	M	M1
tourer	M	M3fn
touring	M	M1
tourism	M	M1
tourist	M	M1/S2mf
touristy	K	K1/M1
tournament	S	S7.3
tousled	O	O4.1
tout	I	I2.2/S2mf
toute	N	N5.1
touting	I	I2.2
tow	M	M2
toward	Z	Z5
towards	Z	Z5
towel	B	B5
towelling	B	B5
towering	N	N3.7
towing	M	M2
town	M	M7
townie	M	M7/S2mf
townies	M	M7/S2mf
towns	M	M7
townsfolk	M	M7/S2mf
township	M	M7
townships	M	M7
townspeople	M	M7/S2mf
towny	M	M7
towpath	M	M7/M4
toxemia	B	B2
toxic	E	E3
toxin	O	O1
toxins	O	O1
toy	K	K6
toys	K	K6
toyshop	I	I2.2/K6
toytown	K	K6
trace	A	A10
traceable	X	X2.4
tracheotomy	B	B3
tracing	A	A10
track	M	M3
tracked	X	X2.4
tracker	X	X2.4/S2mf
tracking	X	X2.4
tracksuit	B	B5/K5.1
tract	Q	Q1.2
tractable	S	S7.1
traction	B	B3
tractor	M	M3fn
trad	A	A6.2
trade	I	I2.2
trade-off	S	S1.1.2
trade-unionist	I	I3.1/S5+mf
traded	I	I2.2
trademan	I	I3.1/S2.2m
trademark	Q	Q1.1
trademarked	Q	Q1.1
tradename	Q	Q2.2
tradeoffs	S	S1.1.2
trader	I	I2.2/S2mf
tradesman	I	I3.1/S2.2m
tradesmen	I	I2.2/S2.2m
trading	I	I2.2
tradition	S	S1.1.1
traditional	S	S1.1.1
traditionalist	S	S1.1.1
traditionality	S	S1.1.1
traditionally	S	S1.1.1
traditionalness	S	S1.1.1
traffic	F	F3/G2.1
traffic-light	O	O3/W2/M3
traffic-lights	O	O3/W2/M3
traffic-wise	M	M3
trafficked	F	F3/G2.1
trafficker	G	G2.1-/S2mf
traffickers	F	F3/S2mf
trafficking	G	G2.1-/I2.2
tragedy	E	E4.1
tragic	E	E4.1
tragically	E	E4.1
trail	O	O2
trail-blazing	A	A6.2
trailblazer	T	T2+/S2mf
trailer	M	M3
trailers	M	M3
trailing	X	X2.4
train	M	M3fn
trained	P	P1
trainee	P	P1/S2mf
trainees	P	P1/S2mf
trainer	P	P1/S2mf
training	P	P1
traipse	M	M1
traipsing	M	M1
trait	S	S1.2
traitor	G	G2.2-/S2mf
traitorly	G	G2.2
traitors	G	G2.2-/S2mf
trajectory	M	M6
tram	M	M3fn
tramp	S	S2
trample	E	E3
trampoline	K	K5.1
trampolining	K	K5.1
tramps	S	S2
trance	X	X1
trances	X	X2
tranche	A	A4.1
trannie	Q	Q4.3
tranny	Q	Q4.3
tranquil	E	E3
tranquiliser	B	B3
tranquilisers	B	B3
tranquilliser	B	B3
tranquillity	E	E3
trans	Z	Z5
transact	I	I2.2
transacted	I	I2.2
transacting	I	I2.2
transaction	I	I2.2
transaction(s)	I	I2.2
transaction-based	I	I2.2
transaction-processing	I	I2.2
transactional	S	S1.1.1
transactions	I	I2.2
transacts	I	I2.2
transatlantic	M	M7
transcend	N	N5.2
transcendental	S	S9
transcends	N	N5.2
transcribe	Q	Q1.2
transcribed	Q	Q1.2
transcriber	Q	Q1.2/S2mf
transcript	Q	Q1.2
transcription	Q	Q1.2
transducer	O	O3
transducers	O	O3
transfer	M	M6/A2.1
transferable	A	A9
transfered	M	M6/A2.1
transferred	M	M6/A2.1
transferring	M	M6/A2.1
transfiguration	A	A2.1+/S9
transfixed	X	X5.2
transform	A	A2.1
transformation	A	A2.1
transformed	A	A2.1
transformer	O	O3
transforming	A	A2.1
transfusion	B	B3
transgress	G	G2.1
transgressing	G	G2.1
transient	T	T1.3
transistor	O	O3
transit	M	M1
transition	A	A2.1
transitional	A	A2.1
transitory	T	T1.3
translate	Q	Q3
translating	Q	Q3
translation	Q	Q3
translator	Q	Q3/I3.2/S2mf
translucent	O	O4.3
transluscent	O	O4.3
transmanche	Z	Z3
transmigration	M	M1/M7
transmission	Q	Q4.3
transmit	O	O4.3
transmittable	Q	Q4.3
transmitted	Q	Q4.3
transmitter	O	O2/Q1.3
transparency	Q	Q1.2
transparent	O	O4.3
transpire	A	A1.1.1
transpired	A	A1.1.1
transpires	A	A1.1.1
transplant	B	B3
transplantation	B	B3
transplanting	M	M1
transport	M	M3
transportable	M	M1
transportables	Q	Q1.3
transportation	M	M2
transporter	M	M2/S2mf
transporters	M	M2/S2mf
transpose	M	M6/A2.1
transversal	M	M1
transverse	M	M6
transvestite	S	S3.2/B5
trap	A	A1.7
trapigated	O	O4.1
trapped	A	A1.7
trapper	F	F4/S2mf
trapping	O	O2
trappings	O	O2
trashiness	O	O4.2
trashy	O	O4.2
trat	F	F1/H1c
tratattoria	F	F1/H1c
trattoria	F	F1/H1
trauma	E	E4.1
traumatic	E	E4.1
traumatise	E	E5
travail	A	A12
travel	M	M1
traveled	M	M1
travelers	M	M1/S2mf
traveling	M	M1
travelled	M	M1
traveller	M	M1/S2mf
travellers	M	M1/S2mf
travelling	M	M1
traverse	M	M1
traversing	M	M1
travesty	A	A5.4
trawl	M	M4/F4
trawler	M	M4fn
trawls	M	M4/F4
tray	O	O2
treacherous	A	A15
treachery	G	G2.2
tread	A	A1.1.1
treading	A	A1.1.1
treadle	O	O2
treadles	O	O2
treadmill	O	O2
treason	G	G2.1
treasonable	G	G2.1
treasure	I	I1.1
treasured	E	E2
treasurer	I	I1.1/S2mf
treasures	O	O2/C1/I1.3
treat	S	S1.1.1
treated	O	O4.1
treating	S	S1.1.1
treatment	B	B3
treaty	G	G3
treble	N	N5
trebles	K	K2/S2.2m
trecky	Q	Q4.3/S2mf
tree	L	L3
tree-lined	L	L3
treehouse	H	H1
trek	M	M1
trekking	M	M1
trellis	O	O2
tremble	M	M1
trembling	M	M1
tremendous	N	N3.2
tremendously	A	A13.3
tremor	W	W3
tremors	W	W3
tremulous	B	B1
trench	O	O2
trenchcoat	B	B5
trenchcoats	B	B5
trenches	O	O2
trend	A	A6.2
trend-conscious	B	B5/X5.2
trendsetter	T	T2+/S2mf
trendsetters	T	T2+/S2mf
trendspotting	O	O4.2
trendy	O	O4.2
trepidation	E	E5
trespass	G	G2.1
trespasses	G	G2.1
trespassing	G	G2.1
trestle	H	H5
trestles	H	H5
triage	B	B3
trial	G	G2.1
trials	X	X2.4
triangle	O	O4.4
triangular	O	O4.4
triathlon	K	K5.1
tribal	S	S5
tribe	S	S5
tribes	S	S5
tribesman	S	S5+/S2.2m
tribesmen	S	S5+/S2.2m
tribulation	A	A12
tribulations	A	A12
tribunal	G	G2.1
tributary	W	W3/M4
tribute	S	S7.2
tributes	Q	Q2.2
trick	G	G2.2
tricked	G	G2.2
trickery	G	G2.2
trickier	A	A12
trickle	N	N5
tricky	A	A12
tricolor	O	O2/O4.3
tricolour	Q	Q1.1
tricolours	Q	Q1.1
tricuspid	B	B1/O4.4
tried	X	X8
triennial	T	T1.3
tries	X	X8
triffic	A	A5.1
triffid	L	L3
trifle	A	A11.1
trifled	E	E4.1
trigger	O	O2
triggered	A	A2.2
triggering	A	A2.2
triglyceride	B	B1/O1
triglycerides	B	B1/O1
trigonometry	N	N2
trilby	B	B5
trillion	N	N1
trilogy	Q	Q4.1/N1
trim	O	O4.2
trimmed	O	O4.1
trimmer	O	O4.2
trimming	A	A1.1.1
trimmings	F	F1
trims	A	A1.1.1
trinket	O	O2
trinkets	O	O2
trio	S	S5+c
trip	M	M1
tripartite	A	A6.1
tripe	F	F1
triple	N	N5
triple-digit	N	N1
triples	N	N5
triplet	S	S4mf
triplicate	N	N5
tripper	M	M1/S2mf
trippers	M	M1/S2mf
tripping	M	M1
trite	A	A6.2
triumphal	X	X9.2
triumphalist	S	S7.1
triumphant	X	X9.2
triumphantly	X	X9.2
triumvirate	S	S5+c
trivia	A	A11.1
trivial	A	A11.1
trivialise	A	A11.1
trivially	A	A11.1
trivium	A	A11.1
trod	A	A1.1.1
trodden	A	A1.1.1
trog	A	A1.1.1
trogging	M	M1
troika	M	M3
trolley	M	M3/O2
trollies	O	O2
trolly	O	O2
troop	M	M1
trooper	G	G3/S2mf
troopers	G	G3/S2mf
troops	G	G3/S5
tropical	M	M7
tropics	W	W3
trot	M	M1/N3.8
trouble	E	E6
troubled	E	E6
troublemaker	E	E3-/S2mf
troublemakers	E	E3-/S2mf
troubleshoot	X	X9.2
troubleshooted	X	X9.2
troubleshooter	X	X9.2+/S2mf
troublesome	A	A12
trough	O	O2/F4
troughs	O	O2/F4
trouser	B	B5
trousers	B	B5
trout	L	L2mfnc
trowel	O	O2
truancy	S	S1.1.3-/P1
truant	S	S1.1.3-/S2mf
truce	G	G3
truck	M	M3
trucking	M	M2
truckloads	N	N5
trucky	M	M3/S2mf
truculent	E	E3
trudge	M	M1
trudging	M	M1
true	A	A5.2
trueness	A	A5.2
truer	A	A5.2
truest	A	A5.2
truism	A	A5.2
truly	A	A5.2
trumpet	X	X3.2
trumps	K	K5.2
truncheon	O	O2/G2.1
trundle	M	M1
trunk	B	B5
trunks	L	L3
truss	F	F1
trussed	A	A1.7
trust	X	X2.1
trusted	X	X2.1
trustee	I	I1.1/S2mf
trustee-like	I	I1.1/S2mf
trustees	I	I1.1/S2mf
trusting	X	X2.1
trusts	X	X2.1
trustworthy	A	A5.1
trusty	A	A5.1
trutex	O	O1.1
truth	A	A5.2
truth-telling	A	A5.2
truthful	A	A5.2
truthfully	A	A5.2
truthfulness	A	A5.2
try	X	X8
trying	A	A12
tsarist	S	S7.1
tshirt	B	B5
tsunami	W	W3/M4
tsunyi	Z	Z2
tu	Z	Z1
tu-hsiu	Z	Z1
tub	O	O2
tuba	K	K2
tubby	O	O4.2
tube	O	O2
tuber	L	L3
tuberculosis	B	B2
tubers	L	L3
tubing	O	O2
tubula	O	O2
tubular	O	O4.4
tubular-woven	B	B5
tucked	M	M2
tuer	O	O2
tuft	N	N5
tug	M	M2
tuh	Z	Z4
tuition	P	P1
tulip	L	L3
tulips	L	L3
tumble	M	M1
tumbler	O	O2
tumbleweed	L	L3
tumbling	M	M1
tummy	B	B1
tummy-ache	B	B2
tummy-aches	B	B2
tumour	B	B2
tumultuous	E	E3
tuna	F	F1
tunable	K	K2
tundra	W	W3
tune	K	K2
tuned	K	K2
tuneful	K	K2
tuner	O	O3
tungsten	O	O1.1
tunic	B	B5
tuning	K	K2
tunnel	O	O2
tuppence	I	I1
tuppeny	I	I1
turbine	O	O2
turbo	O	O2
turbot	L	L2
turbulence	W	W4
turbulent	A	A12
turd	B	B1
turds	B	B1
tureen	O	O2/F1
turf	L	L3
turfed	L	L3
turgid	O	O4.2
turmoil	E	E3
turn	M	M2
turn-around	A	A6.1-/A2.1
turn-off	E	E2
turn-out	B	B5
turn-taking	S	S1.1.2
turn-ups	B	B5
turnaround	T	T1.3
turned	M	M2
turning	M	M1
turnip	F	F1
turnips	F	F1
turnout	S	S1.1.3
turnover	I	I1.1
turnpike	M	M3
turnround	T	T1.3
turns	M	M2
turnstile	O	O2
turnstiles	O	O2
turntable	K	K3/O2
turpentine	O	O1.2
turquoise	O	O4.3
turquoise-colored	O	O4.3
turrah	Z	Z4
turret	H	H2
tussle	E	E3
tut	Q	Q2.2
tutee	P	P1/S2mf
tutor	P	P1/S2mf
tutor-led	P	P1/S2mf
tutored	P	P1
tutorial	P	P1
tutorials	P	P1
tutoring	P	P1
tutting	Q	Q2.2
tvs	Q	Q4.3
twaddle	A	A5.2
twats	A	A5.1-/S2.2m
tweak	A	A1.1.1
tweakers	O	O2
tweaks	A	A1.1.1
twee	O	O4.2
tweed	O	O1.1
tweedy	B	B5
tweezers	O	O2
twelfth	N	N4
twelve-hour	N	N1/T1.3
twenties	T	T3
twenty-first	N	N4
twenty-odd	N	N1
twenty-somethings	T	T3
twenty:one	N	N5
twentysomethings	T	T3
twice	N	N6
twiddle	M	M2
twiddled	M	M2
twiddling	M	M2
twiddly	O	O4.1
twig	L	L3
twigged	X	X2.5
twigs	X	X2.5
twilight	T	T1.3
twill	B	B5
twin	S	S5
twine	O	O2/F4
twinkies	O	O4.3/O3
twinkle	X	X5.2
twinky	O	O4.3/O3
twinned	S	S5+/M7
twins	S	S5
twirl	M	M1
twirled	M	M2
twirls	M	M1
twist	O	O4.4
twisted	O	O4.4
twit	S	S1.2.6-/S2mf
twitch	M	M1
twitched	M	M1
twitcher	L	L2/S2mf
twitchers	L	L2/S2mf
twitchy	E	E6
twits	S	S1.2.6-/S2mf
two	N	N1
two-d	O	O4.4
two-bedroomed	H	H2/N5
two-course	F	F1
two-day	T	T1.3
two-edged	O	O4.4
two-faced	A	A6.1-/X2.1
two-hump	L	L2
two-ish	T	T3
two-layer	B	B5
two-legged	O	O4.1
two-liter	N	N3.4
two-minute	T	T1.3
two-part	N	N5
two-pence-worth	I	I1.3
two-penneth	N	N5
two-pronged	A	A6.3
two-rate	A	A5.1
two-thirds	N	N5
two-tier	S	S7.1/A4.1
two-way	M	M6
two-wheeled	O	O4.1
two-year	T	T1.3
two:one	N	N1
twofold	N	N5
twosome	S	S5+c
tycoon	X	X9.2+/I2.1/S2.2m
tycoons	X	X9.2+/I2.1/S2.2m
tying	A	A1.1.1
type	Q	Q1.2
typed	Q	Q1.2
typeface	Q	Q1.2
typescript	Q	Q1.2
typeset	Q	Q1.2
typesetter	Q	Q1.2/S2mf
typesetters	Q	Q1.2/S2mf
typesetting	Q	Q1.2
typewrite	Q	Q1.2
typewriter	Q	Q1.2/O2
typewriting	Q	Q1.2
typewritten	Q	Q1.2
typhoid	B	B2
typhus	B	B2
typical	A	A4.2
typically	A	A6.2
typifies	A	A4.1
typify	A	A4.1
typing	Q	Q1.2
typist	Q	Q1.2/S2mf
typography	Q	Q1.2
typology	A	A4.1
tyrannical	S	S7.1
tyranny	S	S7.1
tyrant	S	S7.1+/S2mf
tyres	M	M3/O2
ubiquitous	M	M7/N5.1
ugh	Z	Z4
ugliest	O	O4.2
ugliness	O	O4.2
ugly	O	O4.2
uh	Z	Z4
uh-huh	Z	Z4
uhh	Z	Z4
ulcer	B	B2
ulcers	B	B2
ulterior	A	A10
ultimate	T	T2
ultimately	N	N4
ultimatum	Q	Q2.2/S6
ultra	A	A13.3
ultra-expensive	I	I1.3
ultra-hip	O	O4.2
ultra-modern	T	T3
ultralow-budget	I	I1.3
ultramarine	O	O4.3
ultrascan	B	B3
ultrasonic	O	O3
ultrasound	B	B3
ultraviolet	W	W2
um	Z	Z4
umber	O	O4.3
umbilicus	B	B1
umbrella	B	B5
umph	O	O4.1
umpteen	N	N5
un-conjunction	Q	Q3
un-driveable	M	M3
un-glamorous	O	O4.2
un-roadworthy	M	M3/O4.2
un-talkative	Q	Q2.1
un-understanding	X	X2.5
unabated	A	A2.1
unable	X	X9.1
unacceptable	X	X7
unaccompanied	S	S5
unaccountable	X	X2.5
unaccountably	X	X2.5
unaccustomed	A	A6.2
unaddressed	Q	Q1.2
unadventurous	A	A6.2
unaffected	A	A2.1
unaffectionate	E	E2
unaffordable	I	I1.3
unaided	S	S8
unalike	A	A6.1
unalterable	A	A2.1
unaltered	A	A2.1
unambiguous	A	A7
unambitious	X	X7
unamused	E	E4.1
unanimity	A	A6.1
unanimous	A	A6.1
unanimously	A	A6.1
unannounced	X	X2.6
unanswered	Q	Q2.2/Z6
unarmed	G	G3
unassailable	A	A1.1.2
unassessed	X	X2.4-/A5
unassuming	S	S1.2.3
unattached	S	S3.2
unattainable	A	A7
unattempt	Y	Y2
unattempted	X	X8
unattended	S	S7.1
unattractive	O	O4.2
unattractively	O	O4.2
unaudited	I	I2.1
unauthorised	S	S7.4
unauthorized	S	S7.4
unavailable	A	A3
unavoidable	A	A1.9
unavoidably	A	A1.9
unaware	X	X2.2
unawares	X	X2.6
unbalance	A	A6.1
unbalanced	E	E6
unbearable	O	O4.2
unbearably	N	N5.2
unbeatable	A	A5.1
unbeaten	X	X9.2+++/S7.3
unbeknown	X	X2.2
unbelief	X	X2.1
unbelievable	A	A5.1
unbelievably	A	A13.3
unbiased	G	G2.2+/E2
unbiasedly	G	G2.2+/E2
unbind	A	A1.7
unblock	A	A10
unblocked	A	A10
unblocking	A	A10
unblocks	A	A10
unborn	B	B1
unbounded	A	A1.7
unbreakable	A	A1.1.2
unbridgeable	A	A6.1
unbridled	A	A1.7
unbroken	T	T2
unbuckle	B	B5
unbundling	A	A10
unburden	Q	Q2.2
unburdens	Q	Q2.2
unbutton	B	B5
unbuttoned	B	B5
unbuttoning	A	A1.7
uncanalised	M	M6
uncanny	A	A6.2
uncaring	E	E6
uncertain	A	A7
uncertainty	A	A7
unchallenged	A	A6.1
unchanged	A	A2.1
unchanging	A	A2.1
uncharacteristic	A	A6.2
uncharacteristically	A	A6.2
uncharitable	G	G2.2
uncharted	Q	Q1.2/Z6
unchartered	S	S7.4
unchecked	A	A1.7
uncivil	S	S1.2.4
uncivilized	A	A5.1
unclad	B	B5
unclasp	A	A1.7
unclasped	O	O4.1
uncle	S	S4m
unclean	O	O4.2
unclear	A	A7
unclip	A	A1.7
unclog	A	A10
unclouded	O	O4.3
unclued	X	X2.2
uncluttered	O	O4.2
unco-ordinated	O	O4.1
uncomfortable	O	O4.2
uncomfortably	O	O4.2
uncomfy	O	O4.2
uncommercial	I	I2.2/Z6
uncommercialised	I	I2.2/Z6
uncommitted	S	S6
uncommon	A	A6.2
uncompleted	T	T2
uncomplex	A	A12
uncomplicated	A	A12
uncompromising	A	A2.1
unconcerned	E	E6
unconditional	Z	Z7
unconditionally	Z	Z7
unconfident	E	E6
unconfirmed	A	A5.4
unconnected	A	A2.2
unconscious	B	B1
unconsciously	X	X5.1
unconsidered	X	X2.1
unconstitutional	G	G1.1
unconstructive	S	S8
uncontrollable	A	A1.7
uncontrollably	A	A1.7
uncontrolled	S	S7.1
uncontroversial	A	A6.2
unconventional	A	A6.2
unconvinced	A	A7
unconvincing	A	A7
uncooked	F	F1
uncooperative	S	S8
uncouth	S	S1.2.4
uncover	A	A10
uncovered	A	A10
uncrackable	A	A10
uncritical	X	X2.4
uncross	M	M2
uncultivated	S	S1.2.4
uncut	O	O4.1
undamaged	A	A1.1.2
undated	T	T1/Z6
undaunted	E	E5
undecided	X	X6
undeclared	Q	Q2.2/Z6
undefeated	X	X9.2
undefiled	G	G2.2
undefined	A	A7
undemanding	A	A12
undemocratic	G	G1.2
undeniable	A	A5.2
undeniably	A	A7
under	S	S7.1
under-air	M	M6
under-anxious	E	E6
under-developed	I	I1.1
under-expose	C	C1
under-forecast	Q	Q2.2/T1.1.3
under-grad	P	P1/S2mf
under-grads	P	P1/S2mf
under-graduate	P	P1/S2mf
under-invest	I	I1.1/N5
under-ordered	I	I2.2/Q2.2
under-payment	I	I1.1/N5
under-privileged	I	I1.1
under-represented	S	S1.1.3
under-resource	N	N5
under-resourced	N	N5
under-shepherd	S	S9/S2mf
under-shepherds	S	S9/S2mf
under-staffed	I	I3.1/N5
under-supply	A	A9-/N5
under-supplying	A	A9-/N5
under-used	A	A1.5.1
under-utilise	A	A1.5.1/N5
under-utilised	A	A1.5.1/N5
under-utilising	A	A1.5.1/N5
under-value	I	I1.3
under-valued	I	I1.3
underage	T	T3
underarm	B	B1
underbrush	L	L3
undercapitalised	I	I2.1/I1.1
underclass	S	S5
underclothes	B	B5
undercover	A	A10
undercurrent	E	E1
undercurrents	E	E1
undercut	F	F1
undercutting	I	I1.3
underdeveloped	A	A5.1
underdevelopment	A	A2.1
underdog	S	S7.1
undereat	F	F1/N5
underemployment	N	N5.1-/I3.1
underestimate	N	N5
underexpose	C	C1
underexposed	C	C1
underfire	G	G3
underfoot	M	M6
underfunded	I	I1.1
undergo	A	A1.1.1
undergoing	A	A1.1.1
undergone	A	A1.1.1
undergraduate	P	P1
undergraduates	P	P1/S2mf
undergrowth	L	L3
underhand	G	G2.2
underlie	A	A10
underline	A	A11.1
underlined	Q	Q1.2
underlining	A	A11.1
underlooked	A	A11.1
underlying	A	A10
undermine	S	S8
undermining	S	S8
underneath	Z	Z5
undernourished	B	B2-/F1
underpaid	I	I1.1
underpants	B	B5
underpart	B	B5
underpass	M	M3
underpasses	M	M3
underperform	A	A5.1
underperforming	A	A5.1
underpin	A	A11.1
underpinning	A	A11.1
underpowered	A	A1.1.1/N5.2
underpriced	I	I1.3/N5
underpricing	I	I1.3/N5
underscored	A	A11.1
undersell	A	A5.3
underserved	S	S8+/N5
underside	M	M6
underskirt	B	B5
underskirts	B	B5
understaffed	I	I3.1/N5.2
understand	X	X2.5
understandable	X	X2.5
understandably	X	X2.5
understanding	X	X2.5
understated	Q	Q2.2
understatement	Q	Q2.2
understood	X	X2.5
understudy	S	S7.1-/S2mf
undertake	A	A1.1.1
undertaken	A	A1.1.1
undertaker	L	L1-/S2mf
undertaking	A	A1.1.1
undertook	Q	Q2.2
underutilized	A	A1.5.1/N5
undervalue	I	I1.3
undervalued	I	I1.3
undervaluing	I	I1.3
underwater	O	O1.2/M4
underway	A	A1.1.1
underwear	B	B5
underweight	N	N3.5
underwent	A	A1.1.1
underworld	G	G2.1-c
underwrite	I	I2.1
underwriter	I	I2.1/S2mf
underwriting	I	I2.1
underwritten	I	I2.1
undesirable	O	O4.2
undetected	A	A10
undeterred	S	S8-/Z6
undeveloped	I	I1.1
undiminished	N	N5/A2.1
undirected	A	A1.7
undisciplined	A	A1.7
undisclosed	A	A10
undiscovered	A	A10
undisputed	A	A7
undisturbed	A	A2.1
undo	A	A1.7
undocumented	Q	Q1.2
undoing	X	X9.2
undone	A	A1.7
undoubtedly	A	A7
undress	B	B5
undressed	B	B5
undriven	X	X5.2
undue	N	N5.2
undulating	O	O4.4
unduly	N	N5.2
undying	T	T2
unearned	A	A9
unearth	A	A10
unearthed	A	A10
unearthing	A	A10
unearthly	A	A6.2
unease	E	E6
uneasiness	E	E6
uneasy	E	E6
uneconomical	I	I1.3
uneducated	P	P1
unemotional	E	E1
unemployable	I	I3.1
unemployed	I	I3.1
unemployment	I	I3.1
unemployment-benefit	I	I1.1/I3.1
unenviable	E	E2
unequal	A	A6.1
unequivocal	A	A7
unequivocally	A	A7
unerring	A	A5.3
unescorted	S	S5
unethical	G	G2.2
uneven	O	O4.4
unevolved	A	A2.1
unexciting	X	X5.2
unexpected	X	X2.6
unexpectedly	X	X2.6
unexplained	A	A7
unexploded	A	A1.1.1
unexploited	A	A1.5.1
unfair	G	G2.2
unfairly	G	G2.2
unfairness	G	G2.2
unfaithful	S	S6
unfamiliar	X	X2.2
unfamiliarity	X	X2.2
unfashionable	O	O4.2
unfasten	A	A1.7
unfavourable	S	S8
unfeasible	A	A7
unfeeling	E	E1
unfeign	A	A5.2
unfeigned	A	A5.2
unfettered	A	A1.7
unfilled	N	N5.1
unfinished	T	T2
unfit	B	B2
unflattering	O	O4.2
unfocused	X	X3.4
unfocussed	X	X3.4
unfold	M	M2
unforeseen	X	X2.6
unforgivable	G	G2.2
unforgiving	G	G2.2-/S1.2
unforseen	X	X2.6
unfortunate	A	A1.4
unfortunately	A	A1.4
unfounded	A	A5.2
unfriendly	S	S1.2.1
unfuck	A	A2.1
unfulfilled	X	X9.2
unfulfilling	E	E4.2
unfulfilment	X	X9.2
unfunded	I	I1.1
unfurnished	H	H5
ungentle	E	E3
ungodly	T	T1.2
ungrateful	S	S1.1.1
unguarded	A	A15
unguided	X	X2.5
unhappily	E	E4.1
unhappiness	E	E4.1
unhappy	E	E4.1
unharmed	B	B2
unhealthy	B	B2
unheard	A	A11.2
unheard-of	A	A6.2
unheeded	A	A1.3
unhelpful	S	S8
unholy	T	T1.2
unhygiene	O	O4.2
unhygienic	B	B4
unicorn	S	S9/L2
unidentified	X	X2.2
unification	S	S5
unified	S	S5
unifier	S	S5+/S2mf
uniform	A	A6.1
uniformally	A	A6.1
uniformed	B	B5
uniformity	A	A6.1
uniformly	A	A6.1
uniformy	B	B5
unify	S	S5
unifying	S	S5
unilateral	S	S1.1.2
unilaterally	S	S1.1.2
unimaginable	X	X2.1
unimaginative	X	X2.1/A6.2
unimportant	A	A11.1
unimpressed	X	X5.2
unimpressive	O	O4.2
uninformed	X	X2.2
uninhabited	S	S2-/H4
uninhibited	E	E5
uninitiated	X	X9.1
uninspiring	X	X5.2
unintelligent	X	X9.1
unintentionally	X	X7
uninterested	X	X5.2
uninteresting	X	X5.2
unionisation	I	I3.1/S5
unionised	I	I3.1/S5
unionist	G	G1.2
unions	I	I3.1/S5
unipolar	B	B1
unique	N	N5
uniquely	N	N5
uniqueness	N	N5
unisex	S	S2
unit	S	S5+c
unite	S	S5
unites	S	S5
unity	S	S5
univers	Z	Z3c
universal	W	W3
universally	W	W3
universe	W	W1
universities	P	P1/H1c
university	P	P1/H1c
unjumble	O	O4.1
unjumbled	O	O4.1
unjust	S	S1.2
unjustifiably	G	G2.2
unjustified	A	A2.2
unjustly	S	S1.2
unkempt	O	O4.2
unkind	S	S1.2/S8
unkindly	S	S1.2.1
unkindness	S	S1.2/S8
unknit	B	B5
unknot	A	A1.7
unknots	A	A1.7
unknowing	X	X2.2
unknown	X	X2.2
unlasered	Y	Y1
unlawful	G	G2.1
unlawfully	G	G2.1
unleaded	O	O1
unleash	A	A1.7
unless	Z	Z5
unlike	A	A6.1
unlikeable	E	E2
unlikely	A	A7
unlimited	A	A1.7
unlivable	O	O4.2
unload	M	M2
unloaded	M	M2
unloading	M	M2
unlock	A	A1.7
unlocking	A	A1.7
unloosed	O	O4.1
unlovable	O	O4.2
unloved	E	E2
unluckily	A	A1.4
unlucky	A	A1.4
unmade	O	O4.1
unmanageable	A	A12
unmanageably	A	A12
unmanned	I	I3.1/S2
unmarked	O	O4.2
unmarried	S	S4
unmasked	A	A10
unmatched	A	A6.1
unmediterranean	Z	Z2
unmemorable	X	X2.2
unmet	A	A1.2
unmilled	A	A1.1.1
unmissable	A	A11.1
unmistakable	A	A7
unmoved	E	E1
unnamed	Q	Q2.2
unnatural	A	A6.2
unnecessarily	S	S6
unnecessary	S	S6
unnerve	E	E6
unnerved	E	E6
unnerves	E	E6
unnerving	E	E6
unnoticed	X	X3.4
unnotified	Q	Q2.2/Z6
unobtainable	N	N6
unobtrusive	S	S1.2.3
unoccupied	H	H4
unofficial	G	G1.1
unofficially	G	G1.1
unopened	A	A10
unopposed	S	S7.3
unorganised	S	S7.1
unorthodox	S	S9
unpack	A	A1.1.1
unpacking	A	A1.1.1
unpaid	I	I1.1
unpainted	O	O4.1
unpalatable	O	O4.2
unparalleled	A	A5.1
unpersonal	S	S1.2.1
unpick	A	A1.1.1
unplastered	H	H5
unplayable	K	K2
unpleasant	O	O4.2
unpleasantly	O	O4.2
unpolished	O	O4.1
unprecedented	A	A6.2
unpredictability	X	X2.6
unpredictable	X	X2.6
unprepared	O	O4.1
unprepossessing	O	O4.2
unpretentious	S	S1.2.3
unprintable	S	S1.2.4
unproductive	X	X9.2
unprofessional	I	I3.2
unprofessionally	I	I3.2
unprofitable	A	A1.5.2
unprofitably	I	I1.1
unprompted	Q	Q2.2
unprotected	S	S8-/A15
unprovided	A	A9-/Z6
unprovoked	A	A2.2
unpurified	B	B4
unqualified	A	A1.2-/I3.2
unquestionably	A	A7
unquestioning	S	S7.1
unquote	Q	Q2.2
unquoted	Q	Q2.2
unravel	A	A1.7
unravels	A	A1.7
unreachable	A	A7
unreal	A	A3
unrealised	X	X9.2
unrealistic	S	S1.2.6
unrealistically	S	S1.2.6
unrealized	X	X9.2
unreasonable	S	S1.2.6
unreasonably	S	S1.2.6
unrecognisable	X	X2.2
unrecognizable	X	X2.2
unrecognized	X	X2.2
unreferenced	Q	Q1.2
unregimented	A	A1.7
unregulated	A	A1.7-/G1.1
unrelated	A	A2.2
unrelenting	T	T2
unreliability	A	A5.1
unreliable	A	A5.1
unrelieved	A	A5.1
unremarkable	A	A6.2
unrepeatable	S	S1.2.4
unrepentant	E	E1/S1.2.5
unrepresentative	A	A6.2
unreservedly	A	A13.2
unresolved	X	X6
unresponsive	S	S1.1.2
unrest	E	E3
unrestrained	A	A1.7
unrestricted	A	A1.7
unrewarded	E	E4.2
unrighteousness	G	G2.2
unrivalled	A	A5.1
unroll	A	A1.1.1
unrolled	A	A1.1.1
unruffled	O	O4.1
unruly	A	A1.7
unsafe	A	A15
unsainted	A	A2.2/G2.2
unsalted	O	O1/Z6
unsatisfactory	A	A5.1
unsatisfied	E	E4.2
unsaturated	O	O4.1
unsaturates	O	O1
unsavoury	O	O4.2-/G2.2
unscarred	B	B2
unscathed	A	A1.1.2
unscramble	X	X2.5
unscrupulous	G	G2.2
unseasonable	S	S8
unseasonably	T	T1.3
unsecured	A	A1.7
unseen	X	X3.4
unselfconscious	S	S1.2.3
unselfish	S	S1.2.3
unsentimental	E	E1
unsettle	E	E6
unsettled	A	A7
unsettling	E	E6
unsexed	X	X3.2
unshaven	B	B4
unsightly	O	O4.2
unsigned	Q	Q1.2
unskilled	X	X9.1
unsociable	S	S1.2.1
unsocial	S	S1.2.1
unsold	I	I2.2
unsolicited	X	X7
unsolved	X	X9.2
unsophisticated	O	O4.2
unsort	A	A4.1
unsorted	A	A4.1
unsought	X	X2.4
unsound	O	O4.2
unspeakable	O	O4.2
unspecific	A	A4.2
unspecified	A	A4.2
unspoilt	O	O4.2
unspoken	Q	Q2.1
unstable	A	A2.1
unstained	O	O4.2
unsteadfast	A	A2.1
unsteady	A	A2.1
unstimulating	X	X5.2
unstructured	O	O4.1
unstuck	A	A1.7
unsubstantiated	A	A5.2
unsuccessful	X	X9.2
unsuccessfully	X	X9.2
unsuitable	A	A1.2
unsupervised	S	S7.1
unsupported	S	S8
unsure	A	A7
unsuspected	X	X2.2
unsuspecting	X	X2.2
unsweetened	X	X3.1
unswerving	A	A2.1
unswervingly	A	A2.1
untaint	G	G2.2+/A2.1
untangle	A	A1.7
untap	A	A1.5.1
untapped	A	A1.5.1
untaught	P	P1
untenable	S	S1.2.6
untestable	X	X2.4/Z6
unthankful	S	S1.2.4
unthinkable	A	A5.2-/A8
unthreatening	E	E3
untidiness	O	O4.2
untidy	O	O4.2
untie	A	A1.7
untied	A	A1.7
until	Z	Z5
untiled	O	O4.1
untimely	T	T1.2/A1.2
untiring	X	X5.2
unto	Z	Z5
untold	A	A13.3
untouchable	S	S9
untouched	A	A2.1
untoward	G	G2.2
untrainable	P	P1
untrained	P	P1
untranslated	Q	Q3
untreated	O	O4.1
untried	X	X8
untroubled	E	E6
untrue	A	A5.2
untrustworthy	A	A5.1
untruth	A	A5.2
untruthful	A	A5.2
untruths	A	A5.2
untuned	X	X3.2/A5.1
unturned	M	M2/Z6
unuderstand	X	X2.5
unusable	A	A1.5.1
unuse	A	A1.5.1
unused	A	A1.5.1
unuseful	A	A1.5.2
unusual	A	A6.2
unusually	A	A6.2
unutterably	A	A13.3
unvaried	A	A6.3
unveil	A	A10
unveiled	A	A10
unveiling	A	A10
unviable	A	A7
unviolated	A	A1.1.2
unwanted	X	X7
unwarranted	S	S6
unwashed	O	O4.2
unwealthy	I	I1.1
unwed	S	S4
unwelcome	X	X7
unwell	B	B2
unwhatsits	O	O2
unwilling	X	X7
unwillingly	X	X7
unwillingness	X	X7
unwind	B	B1
unwinding	E	E3
unwise	S	S1.2.6
unwittingly	X	X2.2
unworkable	A	A1.1.1
unworthily	S	S1.1.4
unworthy	S	S1.1.4
unwrapped	A	A10
unwritten	Q	Q1.2
unwrought	A	A1.1.1
unyoked	A	A1.7
unzip	B	B5
unzipped	B	B5
up	M	M6
up-country	F	F4/M7
up-date	T	T1.1.2
up-dated	T	T1.1.2
up-front	A	A10
up-hill	M	M6
up-market	O	O4.2
up-tight	E	E6
up-tightness	E	E6
up-to-date	T	T1.1.2
up-to-the-minute	T	T3
upbeat	E	E4.1
upbraid	Q	Q2.2/E2
upbraided	Q	Q2.2/E2
upbringing	P	P1/S4
upbringings	P	P1/S4
upchugi	K	K5.1
upcoming	T	T1.1.3
update	T	T1.1.2/Q1.1
updated	T	T1.1.2
updating	T	T1.1.2
upend	M	M2
upended	M	M2
upfront	A	A10
upgrade	A	A11.1+/A2.1
upgraded	A	A11.1+/A2.1
upgrading	A	A5.1+/A2.1
upheaval	A	A2.1
upheld	S	S8
uphill	M	M6
uphold	S	S8
upholding	S	S8
upholster	H	H5
upholsterer	C	C1/S2mf
upholsteress	H	H5/S2.1f
upholstering	H	H5
upholstery	H	H5
upkeep	A	A1.1.1
uplift	A	A5.1+/A2.2
uplifted	E	E4.1
uplifting	E	E4.1+/A2.2
upload	Y	Y2
uploaded	Y	Y2
upmarket	O	O4.2
upmost	M	M6
upon	Z	Z5
upped	N	N5+/A2.1
upper	M	M6
upper-class	S	S7.1
upper-end	M	M6
upper-level	M	M6
uppermost	M	M6
uppety	E	E3
upping	N	N5+/A2.1
upright	M	M6/O2
uprightness	G	G2.2
uprising	G	G3
uproar	X	X3.2/E4.2
uproars	X	X3.2/E4.2
uproot	M	M2
uprooted	M	M6/A2.1
uprootedness	E	E4.2
ups	N	N5+/A2.1
upscale	O	O4.2
upset	E	E4.1
upsetting	E	E4.1
upshot	A	A2.2
upside	M	M6
upstage	K	K4
upstairs	H	H2
upstart	T	T3-/S2mf
upstarts	T	T3-/S2mf
upstream	M	M6
upsurge	N	N5++/A2.1
uptake	N	N5
uptight	E	E6
upto	Z	Z5
uptown	M	M6
upturn	A	A5.1+/A2.1
upward	M	M6
upwards	M	M6
ur	Z	Z4
uranium	O	O1.1
urban	M	M7
urban-rural	M	M7
urbane	S	S1.2.4
urbanisation	H	H4/M7
ureter	B	B1
urethane	O	O1
urge	X	X7
urgency	A	A11.1
urgent	A	A11.1
urgently	A	A11.1
urgh	Z	Z4
urging	Q	Q2.2
urinal	H	H5/B4
urinals	H	H5/B4
urinary	B	B1
urinate	B	B1
urinates	B	B1
urinating	B	B1
urine	B	B1
urine-stained	B	B4
urr	Z	Z4
urrgh	Z	Z4
us	Z	Z8
usability	A	A1.5.1
usable	A	A1.5.2
usage	Q	Q3
use	A	A1.5.1
useable	A	A1.5.2
used	A	A1.5.1
used-car	M	M3
useful	A	A1.5.2
usefully	A	A1.5.2
usefulness	A	A1.5.2
useless	A	A1.5.2
user	A	A1.5.1/S2mf
user-classified	Y	Y2
user-friendly	A	A1.5.1
usery	A	A1.5.1
uses	A	A1.5.1
usher	I	I3.1/S2mf
ushering	S	S1.1.1
ushers	S	S1.1.1
using	A	A1.5.1
usual	A	A6.2
usually	A	A6.2
usurer	I	I1/S2mf
usurp	A	A9+/S7.1
usurped	A	A9+/S7.1
usurping	A	A9+/S7.1
usury	I	I1
utensil	O	O2
utensils	O	O2
uterus	B	B1
utilisation	A	A1.5.1
utilise	A	A1.5.1
utilitarian	A	A1.5.2
utilities	A	A1.5.2
utility	A	A1.5.2
utilization	A	A1.5.1
utilize	A	A1.5.1
utilized	A	A1.5.1
utilizes	A	A1.5.1
utmost	N	N5.1
utopia	M	M7/X7
utopian	X	X7+/A1.6
utter	N	N5.1
utterance	Q	Q1.1
utterly	A	A14
uttermost	A	A13.2
uum	Z	Z4
v-neck	B	B5
vac	B	B4
vacancies	I	I3.1
vacancy	I	I3.1
vacant	H	H4
vacate	A	A9
vacation	T	T1.3/P1
vaccinated	B	B3
vaccination	B	B3
vaccine	B	B3
vaccing	B	B4
vache	L	L2fn
vacillate	A	A7
vacillated	A	A7
vacuum	B	B4
vagabond	S	S2mf
vagina	B	B1
vagrant	H	H4-/S2mf
vague	A	A4.2
vaguely	A	A4.2
vain	X	X9.2
valance	B	B5
valet	S	S7.1-/S2mf
valiantly	E	E5
valid	A	A5.2
validate	S	S7.4
validated	S	S7.4
validating	S	S7.4
validation	S	S7.4
validatory	S	S7.4
validity	A	A5.2
valley	W	W3
valor	E	E5
valour	E	E5
valuable	I	I1.3+/A9
valuation	I	I1.3
value	A	A11.1
value-added	I	I1.1+/A2.1
value-adding	I	I1.1+/A2.1
value-building	I	I1.3
value-creating	I	I1.3
value-driven	I	I1.3
valued	A	A11.1
valueless	A	A1.5.2
valuer	I	I1.3/S2mf
values	A	A11.1
valuing	A	A11.1
valve	O	O2
vamp	S	S3.2+/G2.2-/S2.1f
vampire	S	S9/S2mf
vandal	G	G2.1-/S2mf
vandalise	G	G2.1
vandalised	A	A1.1.2
vandalism	G	G2.1
vane	O	O2
vanguard	S	S7.1+/S2mf
vanilla	O	O4.3
vanish	A	A10
vanishing	A	A10
vanity	S	S1.2.3
vanquish	X	X9.2+++/S7.3
vanquished	X	X9.2+++/S7.3
vapour	O	O1.3
vapours	O	O1.3
variability	A	A6.3
variable	A	A6.3
variance	A	A6.1
variant	A	A6.1
variants	A	A6.1
variation	A	A6.3
varicose	B	B2
varied	A	A6.3
varies	A	A6.3
varieties	A	A4.1
variety	A	A6.3
various	A	A6.3
variously	A	A6.3
varnish	O	O1
vary	A	A6.1
varying	A	A6.1
vasaline	O	O1
vascular	B	B1
vase	O	O2
vasectomy	B	B3
vaseline	B	B4
vast	N	N3.2
vastly	A	A13.3
vault	H	H2
vaulted	H	H1
vaults	H	H2
vdu	Y	Y2
ve	Z	Z8
veal	F	F1
veer	M	M1
veg	F	F1
vegan	F	F1
vegeburger	F	F1
vegetable	F	F1
vegetables	F	F1
vegetarian	F	F1
vegetariansim	F	F1
vegetate	X	X5.2
vegetation	L	L3
vegetative	B	B2-/X1
veggie	F	F1
vehemence	E	E3
vehement	E	E3
vehemently	E	E3
vehicle	M	M3fn
vehicular	M	M3
veil	B	B5
veiled	A	A10
vein	B	B1
velocity	N	N3.8
velodrome	K	K5.1/H1
velour	O	O1.1
velvet	O	O1.1
velvety	O	O4.5
vend	I	I2.2
vendetta	E	E3
vending	I	I2.2
vendor	I	I2.2/S2mf
veneer	C	C1
venerable	T	T3
venerated	S	S7.2
venereal	B	B1
venetian-blind	H	H5
venetian-blinds	H	H5
vengeance	E	E3
vengeful	E	E3
venicular	O	O4.1
venison	F	F1
venom	E	E3
venomously	E	E3
vent	O	O2
ventilate	O	O1.3
ventilating	O	O1.3
ventilation	O	O2
ventilator	B	B3
venting	A	A1.7
ventricle	B	B1
venture	X	X8
venture-capital	I	I2.1
venturer	I	I2.1/S2mf
venturing	M	M1
venue	M	M7
venues	M	M7
venule	B	B1
venules	B	B1
veracity	A	A5.2
veranda	H	H2
verandah	H	H2
verb	Q	Q3
verbal	Q	Q2.2
verbalise	Q	Q2.2
verbalised	Q	Q2.2
verbalize	Q	Q2.2
verbalized	Q	Q2.2
verbally	Q	Q2.2
verbatim	A	A6.1
verbs	Q	Q3
verdict	G	G2.1
verge	M	M7/M3
verger	S	S9/S2mf
verification	A	A10
verify	A	A5.2
veritable	A	A5.2
verity	A	A5.2
vermilion	O	O4.3
vermillion	O	O4.3
vermin	L	L2mfn
vernacular	Q	Q3
versa	A	A6.1
versatile	A	A6.3
versatility	A	A6.3
verse	Q	Q3
versed	X	X9.1
version	A	A4.1
versus	Z	Z5
vertebra	B	B1
vertebrae	B	B1
vertex	O	O4.4
vertical	O	O4.4
vertically	M	M6
vertices	O	O4.4
vertigo	B	B1
very	A	A4.2
vessel	M	M4fn
vessels	M	M4fn
vest	B	B5
vested	X	X5.2
vestibule	H	H2
vestige	N	N5
vestiges	N	N5
vesting	I	I3.1
vestment	B	B5
vestments	B	B5
vestry	S	S9/H2
vet	L	L2/S2mf
veteran	G	G3/S2mf
veterans	G	G3/S2mf
veterinary	L	L2
vetinary	L	L2
veting	X	X2.4
veto	S	S7.4
vets	L	L2/S2mf
vetted	X	X2.4
vetting	X	X2.4
vex	E	E3
vexation	E	E3
vexed	E	E3
vexes	E	E3
via	Z	Z5
viability	A	A7
viable	A	A7
viaduct	H	H1
vibe	E	E1
vibes	E	E1
vibrancy	X	X5.2
vibrant	X	X5.2
vibrate	M	M1
vibrates	M	M1
vibrating	M	M1
vibration	M	M1
vibrations	M	M1
vicar	S	S9/S7.1+/S2mf
vicarage	S	S9/H1
vice	Z	Z5
vice-king	S	S7.1+/S2.2m
vice-chairman	S	S7.1+/S2mf
vice-president	G	G1.1/S7.1+/S2mf
vice-presidential	G	G1.1/S7.1
vice-versa	A	A6.1
vicinity	M	M7
vicious	E	E3
viciously	E	E3
victim	A	A1.1.2/G2.1/S2mf
victimise	E	E3
victimised	E	E3
victimized	E	E3
victorian	T	T1.1.1
victorious	X	X9.2
video	Q	Q4.3
video-head	Q	Q4.3
videod	Q	Q4.3
videoed	Q	Q4.3
videophone	Q	Q1.3
videophones	Q	Q1.3
vie	S	S7.3
view	X	X4.1
viewed	X	X2.1
viewer	Q	Q4.3/S2mf
viewership	Q	Q4.3/S2c
viewing	X	X2.1
viewings	X	X3.4
viewpoint	X	X2.1
viewpoints	X	X2.1
views	X	X2.1
vigilance	A	A1.3
vigilant	X	X5.1
vigilante	G	G2.1/S2mf
vigilantes	G	G2.1/S2mf
vignettes	C	C1
vigorous	X	X5.2
vigorously	X	X5.2
vigour	X	X5.2
vile	O	O4.2
vilely	O	O4.2
village	M	M7
villager	M	M7/S2mf
villagers	M	M7/S2mf
villagization	A	A2.1+/M7
villagy	M	M7
villain	G	G2.1-/S2mf
villainous	G	G2.1
villains	G	G2.1-/S2mf
villainy	G	G2.1
vim	X	X5.2
vindaloo	F	F1
vindaloos	F	F1
vindicate	G	G2.1
vindication	G	G2.1
vindictive	E	E3
vine	L	L3
vinegar	O	O1.2/F1
vineyard	F	F4/F2
vintage	T	T3
vintner	I	I2.2/F2/S2mf
vintners	I	I2.2/F2/S2mf
vinyl	O	O1.1
violate	A	A1.1.2
violated	A	A1.1.2
violation	G	G2.1
violations	G	G2.1
violence	E	E3
violent	E	E3
violently	E	E3
violet	O	O4.3
violets	L	L3
violin	K	K2
violinist	K	K2/S2mf
viral	L	L2
virginal	G	G2.2
virgins	S	S3.2/S2mf
virile	S	S2.2
virility	S	S2.2
virtual	A	A13.4
virtually	A	A13.4
virtue	G	G2.2
virtuoso	K	K2/S2mf
virtuous	G	G2.2
virtuously	G	G2.2
virulent	B	B2
virus	L	L2
viruses	L	L2
vis-a-vis	Z	Z5
visability	X	X3.4
visage	B	B1
visas	Q	Q1.2
visceral	E	E1
viscose	O	O1.1
viscosity	O	O4.5
visibility	X	X3.4
visible	X	X3.4
visibly	A	A11.2
vision	X	X4.1
visionary	X	X9.1+/T3
visit	S	S1.1.1
visitation	S	S1.1.1
visited	S	S1.1.1
visiting	S	S1.1.1
visitor	S	S1.1.1/S2mf
visitors	S	S1.1.1/S2mf
visor	B	B5
visual	X	X3.4
visualise	X	X2.1
visualiser	C	C1/S2mf
visuality	X	X3.4
visualization	X	X2.1
visualize	X	X2.1
visually	X	X3.4
vital	A	A11.1
vitality	X	X5.2
vitally	A	A11.1
vitamin	O	O1
vitriol	E	E2
vivacious	X	X5.2
vivid	O	O4.3
vividly	A	A4.2
vivre	E	E4.1
vocab	Q	Q3
vocabulary	Q	Q3
vocal	Q	Q3
vocalist	K	K2/S2mf
vocation	I	I3.1
vocational	I	I3.1
vocationally	I	I3.1
vocationally-related	I	I3.1
vociferous	A	A11.2
vodka	F	F2
voice	Q	Q2.1
voice-over	Q	Q4.3
voiced	Q	Q2.1
voices	Q	Q2.1
voicing	Q	Q2.1
void	N	N5.1
vol-au-vent	F	F1
vol-au-vents	F	F1
volatile	A	A2.1
volatility	A	A2.1
volcanic	W	W3
volcano	W	W3
vole	L	L2
volition	X	X7
volley	G	G3
volleyball	K	K5.2
volleys	G	G3
voltages	O	O3
voluble	Q	Q3
volume	N	N3.4
voluminous	N	N3.2
voluntarial	X	X7+/S6
voluntarily	X	X7+/S6
voluntary	X	X7+/S6
volunteer	A	A9-/X7
volunteered	A	A9-/X7
volunteers	I	I3.1/I1.1-/S2mf
vomit	B	B2
vomiting	B	B2
voodoo	S	S9
voomph	Z	Z4
voracious	X	X7/N5
voraciously	X	X5.2
vote	G	G1.2
votecatcher	G	G1.2/X9.2
voted	G	G1.2
voter	G	G1.2/S2mf
voters	G	G1.2/S2mf
votes	G	G1.2
voting	G	G1.2
votre	Z	Z5
vouch	Q	Q2.2
voucher	I	I1/Q1.2
vouchsafe	A	A9
vous	Z	Z8
vow	Q	Q2.2
vowed	Q	Q2.2
vowel	Q	Q3
vowels	Q	Q3
vows	Q	Q2.2
voyage	M	M1/M4
voyeurism	S	S3.2
vroom	Z	Z4
vulgar	O	O4.2
vulgarity	O	O4.2
vulgarly	O	O4.2
vulnerability	S	S1.2.5
vulnerable	S	S1.2.5
vulture	L	L2
vultures	L	L2mfn
vying	S	S7.3
wack	I	I1.2
wacky	E	E4.1
wad	O	O2
wadding	B	B5
waddings	O	O1
waddle	M	M1
wader	B	B5
waders	B	B5
wadge	O	O2
wafer	F	F1
waffle	Q	Q2.1
waffler	Q	Q2.1/S2mf
waft	M	M2
wafting	M	M2
wag	E	E4.1+/S2mf
wage	A	A1.1.1
wage-earning	I	I1.1/I3.1
waged	I	I1.1/I3.1
wager	I	I1/A1.4
wages	A	A1.1.1
waggon	M	M3
wagon	M	M3fn
wagons	M	M3fn
wail	Q	Q2.2
wailing	Q	Q2.2
waist	B	B1
waistband	B	B5
waistcoat	B	B5
wait	T	T1.3
waiter	I	I3.1/F1/S2.2m
waitering	F	F1
waiting	T	T1.3
waitress	I	I3.1/F1/S2.1f
waitressing	F	F1
waive	S	S6
waived	S	S6
waiver	S	S6-/Q1.2
waives	S	S6
wake	M	M4
wake-up	B	B1
waken	B	B1
waking	B	B1
wakk	M	M1
walk	M	M1
walk-in	M	M1
walk-tall	E	E6
walkabout	M	M1
walkabouts	M	M1
walked	M	M1
walkie	M	M1
walkie-talkie	Q	Q1.3
walkies	M	M1
walkin	M	M1
walking	M	M1
walks	M	M1
walkway	M	M3
walkways	M	M3
wall	H	H2
wall-hanging	C	C1
walled	H	H1
wallet	B	B5/I1
wallflower	L	L3
wallflowers	L	L3
wallop	E	E3
wallow	M	M1
wallpaper	H	H5
wallpapered	H	H5
wallpaperer	H	H5/S2mf
wallpapering	H	H5
walls	H	H2
wally	S	S1.2.6-/S2mf
walnut	F	F1
walrus	L	L2
waltz	K	K1
waltzes	K	K1
wan	X	X7
wand	O	O2/S9
wander	M	M1
wandered	M	M1
wanderer	M	M1/S2mf
wandering	M	M1
wanderless	M	M8
wane	N	N5-/A2.1
waned	N	N5-/A2.1
wanes	N	N5-/A2.1
wangle	A	A9
wank	S	S3.2/B1
wanker	S	S1.2.6-/S2mf
wanna	X	X7
wannabes	X	X7+/S2mf
want	X	X7
wanted	X	X7
wanting	X	X7
wanton	A	A1.1.2
wantonly	A	A1.1.2
wapping	Z	Z2
war	G	G3
war-time	G	G3/T1.3
war-torn	G	G3
warble	X	X3.2
warbles	X	X3.2
ward	B	B3/H2
warder	G	G2.1/S2mf
warders	G	G2.1/S2mf
warding	A	A10
wardrobe	H	H5
ware	O	O2
warehouse	A	A9+/H1
warehouseman	I	I2.2/S2.2m
warehousey	A	A9+/H1
warehousing	A	A9+/H1
warfare	G	G3
warfarin	O	O1
warily	A	A1.3
wariness	A	A1.3
warlike	G	G3
warlord	G	G3/S7.1+/S2mf
warlords	G	G3/S7.1+/S2mf
warm	O	O4.6
warm-blooded	B	B1
warm-hearted	S	S1.2.1
warmed	O	O4.6
warmer	O	O4.6
warmest	O	O4.6
warming	O	O4.6
warmly	E	E2
warmth	O	O4.6
warmth-bulk	O	O4.1
warmth-weight	O	O4.1
warn	X	X2.2+/A15
warned	X	X2.2+/A15
warning	X	X2.2+/A15
warp	O	O4.1
warpath	G	G3
warped	O	O4.4
warps	O	O4.1
warrant	Q	Q1.2
warranted	A	A2.2
warranties	A	A7+/Q2.2
warranty	A	A7+/Q2.2
warring	G	G3
warrior	G	G3/S2mf
wars	G	G3
warship	M	M4/G3fn
warships	M	M4/G3fn
wart	B	B2
wartime	G	G3/T1.3
warts	B	B2
wary	A	A1.3
was	A	A3
wash	B	B4
wash-day	B	B4/T1.3
washability	O	O4.1
washable	O	O4.1
washbasin	H	H5
washed	B	B4
washer	B	B4/O3
washerette	B	B4/M7
washing	B	B4
washout	X	X9.2
washouts	X	X9.2
wasnae	A	A3+/Z6
wasp	L	L2mfn
wastage	N	N5.2
waste	N	N5.2
wasted	N	N5.2
wasteful	N	N5.2
wasteland	W	W3/L3
waster	X	X9.2-/S2mf
wasting	N	N5.2
watch	T	T1/O2
watchdog	L	L2
watchdogs	L	L2
watched	X	X3.4
watcher	X	X2.4/S2mf
watchful	X	X3.4
watching	X	X3.4
watchman	X	X3.4/A15+/S2.2m
watchmen	X	X3.4/A15+/S2.2m
water	F	F4
water-bag	O	O2
water-based	O	O1.2
water-bed	H	H5
water-beds	H	H5
water-colour	C	C1
water-colours	C	C1
water-logged	O	O1.2
water-permeable	O	O1.2
water-ski	M	M4/K5.1
water-skiing	M	M4/K5.1
water-soluble	O	O4.1/O1.2
water-works	O	O1.2/H1c
watercolour	C	C1
watercolours	C	C1
watered	F	F4
waterfall	O	O1.2/W3
waterfront	M	M7/O1.2/W3
watering	F	F4
waterish	O	O1.2
waterlilies	L	L3
waterlily	L	L3
watermark	Q	Q1.2
waterproof	B	B5/O1.2
waterproofing	O	O4.1/O1.2
waterproofs	B	B5/O1.2
watershed	A	A11.1+/A2.1
waterside	M	M7/O1.2/W3
waterslide	K	K6/M4
waterslides	K	K6/M4
watersport	K	K5.1/M4
watersports	K	K5.1/M4
watertight	O	O4.1/O1.2
waterway	O	O1.2/M4
waterworks	O	O1.2/H1c
watery	O	O1.2
wattle	O	O4.1
wattled	O	O4.1
wave	Q	Q1.1
wave-like	O	O4.1
waved	Q	Q1.1
wavelength	Y	Y1
waver	A	A7
wavered	A	A7
wavering	A	A7
waving	Q	Q1.1
wavy	O	O4.4
wax	O	O1.1
wax-candle	O	O2/W2
wax-candles	O	O2/W2
waxed	O	O4.1
waxing	A	A1.1.1
waxwork	C	C1
waxy	O	O4.5
way	X	X4.2
wayfarer	M	M1/S2mf
waylaid	S	S1.1.1
waylay	S	S1.1.1
ways	X	X4.2
waysome	G	G2.1
wayward	G	G2.1
we	Z	Z8
weak	S	S1.2.5
weak-willed	S	S1.2.5
weaken	S	S7.1-/A2.1
weakened	S	S7.1-/A2.1
weaker	S	S1.2.5
weakest	S	S1.2.5
weakling	S	S1.2.5-/S2mf
weaklings	S	S1.2.5-/S2mf
weakly	S	S1.2.5
weakness	S	S1.2.5
wealth	I	I1.1
wealthy	I	I1.1
wean	F	F1/T3
weaned	F	F1/T3
weaning	F	F1/T3
weapon	G	G3
weaponry	G	G3
wear	B	B5
wearer	B	B5/S2mf
wearied	B	B2
wearily	X	X5.2
weariness	B	B2
wearing	B	B2
wearisome	B	B2
weary	B	B2
weasel	L	L2
weasels	L	L2
weather	W	W4
weather-cock	W	W4/O2
weather-gage	M	M6
weathercock	W	W4/O2
weathercocks	W	W4/O2
weathered	O	O4.1/W4
weatherproof	B	B5/W4
weatherproofing	A	A1.1.1/W4
weave	B	B5
weaved	B	B5
weaver	B	B5/S2mf
weavers	B	B5/S2mf
weaving	B	B5
web-based	Y	Y2
web-enabled	Y	Y2
web-site	Y	Y2
web-surfing	Y	Y2
webbing	B	B5
webpage	Y	Y2
webs	L	L2
website	Y	Y2
wed	S	S4
wedded	S	S4
wedding	S	S4
weddingy	S	S4
wedge	O	O2
wedge-heeled	B	B5
wedge-soled	B	B5
wedlock	S	S4
wee	B	B1
weed	L	L3
weeding	F	F4
weedy	S	S1.2.5
week	T	T1.3
week-end	T	T1.3
week-ends	T	T1.3
weekday	T	T1.2
weekend	T	T1.3
weekly	N	N6
weeny	T	T3-/S2mf
weep	E	E4.1
weeping	E	E4.1
weepy	E	E4.1
weft	O	O4.1
weigh	N	N3.5
weigh-in	K	K5.1
weighed	N	N3.5
weighing	N	N3.5
weight	N	N3.5
weighted	G	G2.2/E2
weightier	A	A11.1
weighting	A	A11.1
weighty	A	A11.1
weir	H	H1/M4
weird	A	A6.2
weirdest	A	A6.2
weirdo	A	A6.2-/S2mf
weirdos	A	A6.2-/S2mf
weirs	H	H1/M4
welcome	Q	Q2.2
welcomed	Q	Q2.2
welcoming	S	S1.1.1
weld	I	I4
welder	I	I4/S2mf
welding	I	I4
welfare	S	S8
well	B	B2
well-accepted	S	S7.4
well-advised	S	S8
well-appointed	O	O4.2
well-attended	S	S1.1.3
well-being	B	B2
well-bred	S	S1.2.4
well-built	B	B1/O4.4
well-covered	A	A10
well-decorated	O	O4.2
well-defined	A	A7
well-designed	C	C1
well-documented	Q	Q1.2
well-doing	S	S8
well-dressed	B	B5/O4.2
well-earned	S	S1.1.4
well-edited	Q	Q1.2
well-educated	P	P1
well-endowed	B	B1/O4.1
well-equipped	A	A9
well-established	T	T3
well-founded	A	A2.2
well-groomed	O	O4.2
well-heeled	I	I1.1
well-informed	X	X2.2
well-known	X	X2.2
well-loved	E	E2
well-made	O	O4.2
well-mannered	S	S1.2.4
well-marketed	I	I2.2
well-meaning	X	X7
well-meant	X	X7
well-motivated	X	X5.2
well-nigh	A	A13.7
well-off	I	I1.1
well-organized	S	S7.1
well-packaged	A	A1.1.1
well-paid	I	I1.1
well-policed	G	G2.1
well-prepared	X	X7
well-selected	X	X7
well-settled	M	M8/H4
well-spent	I	I1.3
well-spoken	Q	Q3
well-stocked	A	A9
well-structured	O	O4.1/A5.1
well-tested	X	X2.4
well-timed	A	A1.2
well-to-do	I	I1.1
well-trained	X	X9.1
well-travelled	M	M1
well-written	Q	Q1.2
wellbeing	B	B2
wellie	B	B5
welly	B	B5
welt	B	B5
welts	B	B5
wench	S	S2.1f
wenches	S	S2.1f
wend	M	M1
went	M	M1
wept	E	E4.1
were	A	A3
werewolf	S	S9/S2mf
westerly	M	M6
westerner	M	M6/S2mf
westerners	M	M6/S2mf
westernise	M	M6
westernised	M	M6
westward	M	M6
westwards	M	M6
wet	O	O1.2
wet-nurse	B	B4/S4/S2.1f
wet-processing	F	F4/O1.2
wet-suit	B	B5/M4
wetland	W	W3/L3
wetlands	W	W3/L3
wetness	O	O1.2
whack	E	E3
whacking	E	E3
whacko	B	B2-/X1
whacky	A	A6.2
whale	L	L2mfn
whaling	F	F4
wham	Z	Z4
wharf	M	M4/M7
wharfs	M	M4/M7
what	Z	Z8
whatever	X	X2.1
whatevers	X	X2.1
whathaveyou	Z	Z4
whatnot	Z	Z8
whatsaname	Z	Z1f
whatsanames	Z	Z1f
whatsername	Z	Z1f
whatsit	O	O2
whatsits	O	O2
whatsoever	Z	Z5
wheeew	Z	Z4
wheel	O	O2
wheelbarrow	O	O2
wheelbarrows	O	O2
wheelbound	M	M3/A1.7
wheelchair	M	M3
wheelie	M	M3
wheeling	M	M2
wheels	O	O2
wheely	M	M3
wheeze	B	B2
wheezy	B	B2
whelk	L	L2
whelp	L	L2/T3
whelps	L	L2/T3
when	Z	Z5
whenabouts	T	T1.1
whence	M	M6
whenever	Z	Z5
where	M	M6
whereabout	M	M6
whereas	Z	Z5
whereby	Z	Z5
whereof	Z	Z5
wheresoever	Z	Z5
whereupon	Z	Z5
wherever	M	M6
wherewith	Z	Z5
wherewithal	I	I1.1
whet	X	X5.2+/A2.1
whether	Z	Z5
whew	Z	Z4
whey	F	F1
whichever	Z	Z5
whiff	X	X3.5
while	T	T1.3
whilst	Z	Z5
whim	X	X7
whimped	X	X9.2
whims	X	X7
whimsicality	A	A6.2
whine	X	X3.2
whing	Q	Q2.2
whinge	Q	Q2.2
whinging	Q	Q2.2
whip	E	E3
whiplash	B	B2
whippersnapper	S	S1.2.4-/S2mf
whippersnappers	S	S1.2.4-/S2mf
whippet	L	L2
whir	X	X3.2
whirl	M	M1
whirlpool	W	W3/M4
whirlwind	W	W4
whirring	X	X3.2
whisker	L	L2
whiskey	F	F2
whisky	F	F2
whisper	Q	Q2.1/X3.2
whispered	Q	Q2.1/X3.2
whispering	Q	Q2.1
whist	K	K5.2
whistle	O	O2
whistle-stop	T	T1.2
whistling	X	X3.2
whit	T	T1.3/S9
white-collar	I	I3.2
whiteboard	O	O2
whitecurrant	F	F1
whitecurrants	F	F1
whiteness	O	O4.3
whitewash	O	O4.3
whitewashed	O	O4.3
whiting	L	L2mfnc
whitish	O	O4.3
whittled	A	A1.1.1
whittling	A	A1.1.1
whiz	X	X9.1+/S2mf
whizz	X	X9.1+/S2mf
whizzkid	X	X9.1+/S2mf
whizzy	N	N3.8
whoa	Z	Z4
whodunit	G	G2.1/Q4.1
whodunits	G	G2.1/Q4.1
whoever	Z	Z8
whole	N	N5.1
whole-group	S	S5
whole-lifestyle	S	S1.1.1
wholefood	F	F1
wholehearted	A	A5.2
wholemeal	F	F1
wholesale	I	I2.2
wholesaler	I	I2.2/S2mf
wholesalers	I	I2.2/S2mf
wholesaling	I	I2.2
wholesome	A	A5.1
wholly	A	A13.2
whom	Z	Z8
whomever	Z	Z8
whoof	Z	Z4
whoopee	X	X5.2+/Z4
whoops	Z	Z4
whoosh	X	X3.2
whopping	N	N3.2
whore	G	G2.2-/S3.2/S2.1f
whose	Z	Z8
whosoever	Z	Z8
why	A	A2.2
whys	A	A2.2
wi'	Z	Z5
wicked	G	G2.2
wickedness	G	G2.2
wicker	O	O1.1
wickerwork	C	C1
wicket	K	K5.1
wicks	O	O2
wide	N	N3.7
wide-eyed	X	X2.2
wide-ranging	A	A6.3+/A2.2
widely	N	N5
widen	N	N3.7+/A2.1
widened	N	N3.7+/A2.1
widening	N	N3.7+/A2.1
widens	N	N3.7+/A2.1
wider	N	N3.7
widespread	N	N5.1
widest	N	N3.7
widget	O	O2
widgetry	O	O2
widow	S	S4f
widowed	S	S4
widower	S	S4m
widowers	S	S4m
width	N	N3.7
wield	M	M2
wife	S	S4f
wig	B	B5
wigford	Z	Z2
wiggle	M	M2
wiggling	M	M1
wiggly	O	O4.4
wild	L	L1
wilderness	W	W3
wildfire	O	O4.6
wildlife	L	L2
wildly	A	A13.3
wildness	E	E3
wile	G	G2.2
wilful	X	X7+/G2.2
wilfully	X	X7+/G2.2
wilfulness	S	S1.2.3
willed	X	X7
willful	X	X7+/G2.2
willing	X	X7
willingly	X	X7
willingness	X	X7
willow	L	L3
willowy	O	O4.2
willpower	X	X7
wills	X	X7
wilt	T	T1.1.3
wily	X	X9.1
wimp	S	S1.2.5
wimpish	S	S1.2.5
wimpy	Z	Z3c
win	X	X9.2+/S7.3
win-win	X	X9.2+/S7.3
wince	B	B1
winch	O	O2
winches	O	O2
wind	W	W4
wind-down	M	M2
windbag	Q	Q2.1/N5+mf
windblock	B	B5
windbreak	W	W4
winded	B	B2
winder	M	M2/S2mf
windfall	I	I1.1
winding	M	M2
windmill	H	H1
window	H	H2
windowed	H	H2
windowless	O	O4.1
windows	H	H2
windowsill	H	H2
windproof	O	O4.1
windproofs	O	O4.1
winds	W	W4
windscreen	M	M3/O2
windscreens	M	M3/O2
windstopper	B	B5
windsurf	M	M4
windsurfer	M	M4/S2mf
windsurfing	M	M4
windup	T	T2
windward	M	M6
windy	W	W4
wine	F	F2
wine-colored	O	O4.3
wineries	F	F2/H1
winery	F	F2/H1c
wines	F	F2
wing	L	L2
winge	Q	Q2.2
winged	L	L2
winger	K	K5.1/S2mf
wingish	G	G1.2
wingle	A	A1.8
wining	F	F2
wink	O	O4.1
winked	O	O4.1
winking	O	O4.1
winner	X	X9.2+/S7.3/S2mf
winner-take-all	A	A9+/X9.2
winning	X	X9.2+/S7.3
wino	F	F2++/S2mf
winos	F	F2++/S2mf
wins	X	X9.2+/S7.3
wintertime	T	T1.3
winterwear	B	B5
wintery	W	W1
wintry	W	W4
wipe	B	B4
wipe-out	X	X9.2
wiper	O	O2
wire	O	O2
wired	Y	Y2
wireless	Q	Q4.3
wiring	A	A1.7
wiry	O	O4.2
wisdoms	X	X2.2
wise	S	S1.2.6
wisecrack	E	E4.1
wisecracks	E	E4.1
wisely	S	S1.2.6
wish	X	X7
wished	X	X7
wisher	X	X7+/S2mf
wishful	X	X7
wishfully	X	X7
wishing	X	X7
wishy-washy	A	A7
wishy-washying	A	A7
wisp	N	N5
wispy	O	O4.1
wistful	E	E4.1
wit	E	E1
witch	S	S9/S2.1f
witchcraft	S	S9
with	Z	Z5
withal	Z	Z5
withdraw	M	M2
withdrawal	M	M2
withdrawn	S	S1.2.1
withdrew	M	M2
wither	A	A1.1.2
withered	O	O4.2
withering	O	O4.2
withheld	A	A10
withhold	A	A10
withholds	A	A10
within	M	M6
without	M	M6
withstand	S	S1.2.5
withstanding	S	S1.2.5
witless	S	S1.2.6
witnessed	X	X3.4
witnesses	G	G2.1/S2mf
witnessing	X	X3.4
wits	E	E1
witter	Q	Q2.1
witticism	Q	Q2.2/X9.1
wittier	X	X9.1
wittily	X	X9.1
wittiness	X	X9.1
witty	X	X9.1
wives	S	S4f
wizard	A	A5.1
wizardry	Y	Y2
wo	T	T1.1.3
wobbler	E	E3
wobbles	M	M1
wobbly	O	O4.5
wodge	N	N5
wodget	O	O2
wodgets	O	O2
woe	E	E4.1
woeful	E	E4.1
woefullest	E	E4.1
woefully	A	A13.3
woes	E	E4.1
wok	F	F1/O2
woke	B	B1
woken	B	B1
wold	W	W3
wolf-hound	L	L2mfn
wolf-hounds	L	L2mfn
wolfhound	L	L2mfn
wolfhounds	L	L2mfn
wolfish	L	L2
wolfy	L	L2
wolves	L	L2
woman	S	S2.1f
womanhood	S	S2.1
womaniser	S	S3.2/S2.2m
womanish	S	S2.1
womankind	S	S2.1f
womanlike	S	S2.1
womanly	S	S2.1
womb	B	B1
wombs	B	B1
women	S	S2.1f
women-at-risk	A	A15-/S2.1
women-led	S	S2.1/S7.1
women-owned	S	S2.1/A9
womenfolk	S	S2.1
womenkind	S	S2.1f
womens	S	S2.1f
womenswear	B	B5
won	S	S7.1
wonder	X	X2.1
wondered	X	X2.1
wonderful	A	A5.1
wonderful-looking	O	O4.2
wonderfully	A	A13.3
wondering	X	X2.1
wonders	A	A5.1
wondrous	O	O4.2
wondrously	O	O4.2
wonky	O	O4.1
wont	A	A6.2
wonted	A	A6.2
woo	Q	Q2.2
wood	O	O1.1
wood-chip	O	O2
woodbine	L	L3
woodcock	L	L2
woodcocks	L	L2
wooded	L	L3
wooden	O	O1.1
woodland	L	L3
woodlice	L	L2
woodwind	K	K2c
woodwork	H	H2
woodworking	C	C1
woodworm	L	L2c
wooed	Q	Q2.2
wooer	S	S3.2/S2mf
wooers	S	S3.2/S2mf
wooing	Q	Q2.2
wooingly	Q	Q2.2
wool	O	O1.1
woolen	O	O1.1
woolens	B	B5
woollen	B	B5
woollens	B	B5
woolly	B	B5
wooltrex	O	O1.1
wooly	B	B5
woomph	Z	Z4
wooo	Z	Z4
wooow	Z	Z4
woozy	S	S1.2.5
word	Q	Q3
word-of-mouth	Q	Q2.1
word-process	Y	Y2/Q1.2
word-processor	Y	Y2/Q1.2
worded	Q	Q3
wordform	Q	Q3
wordforms	Q	Q3
wording	Q	Q3
wordless	Q	Q2.1
wordprocess	Y	Y2/Q1.2
wordprocessing	Y	Y2/Q1.2
wordprocessor	Y	Y2/Q1.2
words	Q	Q3
wordy	Q	Q3
wore	B	B5
work	I	I3.1
work-mate	I	I3.1/S2mf
work-mates	I	I3.1/S2mf
work-out	K	K5.1
work-place	I	I3.1/M7
work-places	I	I3.1/M7
work-related	I	I3.1
work-time	I	I3.1/T1.3
work-top	H	H5
work-wise	I	I3.1
workable	A	A1.1.1
workaholic	I	I3.1/X5.2
workbench	H	H5
workbook	Q	Q4.1/P1
workbooks	Q	Q4.1/P1
worked	I	I3.1
worker	I	I3.1/S2mf
worker-peasant	I	I3.1
workers	I	I3.1/S2mf
workflow	A	A1.1.1
workflows	A	A1.1.1
workforce	I	I3.1/S2c
workhorse	A	A1.1.1/N5+mf
workhorses	A	A1.1.1/N5+mf
workhouse	S	S8+/H1
workhouses	S	S8+/H1
working	I	I3.1
working-class	S	S5+c
working-poor	I	I1.1-/S5+c
workingman	I	I3.1/S2.2m
workingmen	I	I3.1/S2.2m
workload	I	I3.1/N5
workman	I	I3.1/S2.2m
workmanship	X	X9.1
workmate	I	I3.1/S2mf
workmates	I	I3.1/S2mf
workmen	I	I3.1/S2.2m
workout	K	K5.1
workouts	K	K5.1
workplace	I	I3.1/M7
workroom	I	I3.1/H2
works	I	I4/H1c
worksheet	Q	Q1.2
workshop	I	I4/H1
workshop-based	P	P1
workshops	I	I4/H1
workstation	Y	Y2
worktop	H	H5
workwear	B	B5
workwise	I	I3.1
worky	I	I3.1
world	W	W1
world-class	A	A5.1
world-known	X	X2.2
world-leading	A	A5.1
world-wide	W	W3
worldly	X	X2.2/S1.1.1
worldly-wise	X	X2.2/S1.1.1
worlds	W	W1
worldwide	W	W3
worm	L	L2
worms	L	L2mfn
wormwood	L	L3
worn	O	O4.1
worn-in	O	O4.1
worried	E	E6
worriedly	E	E6
worrier	E	E6-/S2mf
worries	E	E6
worrisome	E	E6
worry	E	E6
worrying	E	E6
worse	A	A5.1
worsen	A	A5.1-/A2.1
worsened	A	A5.1-/A2.1
worsening	A	A5.1-/A2.1
worship	S	S9
worshipful	S	S7.2
worshipfully	S	S7.2
worshipped	S	S9
worshipper	S	S9/S2mf
worships	S	S9
worst	S	S7.1
worthier	S	S1.1.4
worthiest	S	S1.1.4
worthily	S	S1.1.4
worthiness	S	S1.1.4
worthless	I	I1.3
worthwhile	A	A1.5.2
worthy	S	S1.1.4
wotsits	Z	Z3
would	A	A7
would-be	X	X7
wouldnae	A	A7
wouldnay	A	A7
wound	B	B2
wounded	B	B2
wounding	E	E3
wove	B	B5
woven	B	B5
wow	Z	Z4
wrangle	E	E3
wrangles	Q	Q2.2/E3
wrangling	Q	Q2.2/E3
wrap	A	A1.1.1
wrap-around	A	A10
wraparound	A	A1.8
wrapped	O	O4.1
wrapper	O	O2
wrapping	A	A1.1.1
wraps	A	A1.1.1
wrath	E	E3
wrathful	E	E3
wrathfully	E	E3
wreak	A	A1.1.2
wreath	L	L3/O2
wreathe	L	L3/O2
wreathes	L	L3/O2
wreck	A	A1.1.2
wreckage	A	A1.1.2
wrecked	A	A1.1.2
wrench	E	E4.1
wrestle	K	K5.1
wrestled	K	K5.1
wrestler	K	K5.1/S2mf
wrestlers	K	K5.1/S2mf
wrestling	K	K5.1
wretch	G	G2.2-/S2mf
wretched	O	O4.2
wretchedness	O	O4.2
wretches	G	G2.2-/S2mf
wriggle	M	M1
wriggling	M	M1
wring	A	A1.1.1
wringing	A	A1.1.1
wrinkle	O	O4.4
wrinkled	O	O4.4
wrinkles	O	O4.4
wrinkling	O	O4.4
wrinkly	O	O4.2
wrist	B	B1
wrists	B	B1
writ	Q	Q1.2
write	Q	Q1.2
write-off	A	A1.5.1
write-up	Q	Q1.2
writer	Q	Q4.1/S2mf
writing	Q	Q1.2
writings	Q	Q1.2
written	Q	Q1.2
wrong	A	A5.3
wrong-doer	G	G2.1-/S2mf
wrongdoing	G	G2.1
wronge	G	G2.2
wronged	G	G2.2
wrongful	G	G2.2
wrongfully	A	A5.3
wrongly	G	G2.2
wrote	Q	Q1.2
wroth	E	E3
wrought	A	A1.1.1
wrought-iron	O	O1.1
wry	Q	Q2.2/S1.2.4
wryly	Q	Q2.2/S1.2.4
wu-ch'ang	Z	Z2
www.i2media.com.my/	Z	Z3c/Y2
wynabago	M	M3fn
x	Z	Z5
x-raying	B	B3
x4nyg	Z	Z3
xenophobia	E	E2--/M7
xenophobic	E	E2--/M7
y	Z	Z5
ya	Z	Z8
yacht	M	M4
yachting	M	M4
yachtsman	M	M4/S2.2m
yachty	M	M4
yahoo.co.uk	Z	Z3c/Y2
yak	L	L2mfn
yakking	Q	Q2.1
yaks	L	L2mfn
yank	Z	Z2/S2mf
yanked	M	M2
yankee	Z	Z2
yap	X	X3.2
yard	H	H3
yards	H	H3
yardstick	A	A6/A5.1
yarm	Q	Q2.2
yarn	O	O1.1
yas	Z	Z4
yat-sen	Z	Z1
yawn	B	B1
yawning	N	N3.2
ye	Z	Z8mf
yea	Z	Z4
yeah	Z	Z4
year	T	T1.3
year-end	T	T2-/T1.3
year-old	T	T3
yearend	T	T2
yearly	N	N6
yearn	X	X7
yearning	X	X7
yearns	X	X7
years	T	T1.3
yeast	L	L3
yeh	Z	Z4
yeha	Z	Z4
yell	Q	Q2.2/X3.2
yellow	O	O4.3
yellow-billed	O	O4.1
yellowie	O	O4.3
yellowing	O	O4.3
yellowy	O	O4.3
yelp	X	X3.2/B2
yelping	X	X3.2/B2
yelps	X	X3.2/B2
yen	Z	Z2
yer	Z	Z8
yes	Z	Z4
yesterday	T	T1.1.1
yesterdays	T	T1.1.1
yesteryear	T	T1.1.1
yet	Z	Z5
yetis	B	B5
yew	L	L3
yexley	Z	Z2
yield	S	S7.1
yielded	S	S7.1
yielding	S	S7.1
yields	S	S7.1
yo	Z	Z4
yo-yo	K	K6
yob	G	G2.2-/S2mf
yobbo	G	G2.2-/S2mf
yobo	G	G2.2-/S2mf
yobos	G	G2.2-/S2mf
yoga	K	K5.1
yoghurt	F	F1
yogurt	F	F1
yoke	A	A1.1.1/A1.7
yoked	A	A2.2
yokel	S	S1.2.6-/S2mf
yokes	B	B5
yolk	F	F1
yon	Z	Z5
yonder	Z	Z5
yoodle	M	M7/S2mf
yorn	Z	Z8
you	Z	Z8mf
you'se	Z	Z8mf
young	T	T3
young'n	T	T3-/S2mf
young'un	T	T3-/S2mf
young'uns	T	T3-/S2mf
young-at-heart	T	T3-/E1
young-hearted	T	T3-/E1
young-looking	O	O4.1/T3
young-minded	X	X2.1/T3
young-spirited	E	E1/T3
younger	T	T3
youngest	T	T3
youngish	T	T3
youngish-looking	O	O4.1/T3
youngster	T	T3-/S2mf
your	Z	Z8
yours	Z	Z8
yourself	Z	Z8
yourselves	Z	Z8
yous	Z	Z8
youth	T	T3-/S2mf
youth-structured	T	T3
youthful	T	T3
youths	T	T3-/S2mf
yowl	X	X3.2
yowling	X	X3.2
yrs	T	T1.3
yuan	I	I1
yuck	Z	Z4/E2
yucky	O	O4.2
yudol	N	N1
yul	N	N1
yum	X	X3.1
yummy	X	X3.1
yung-sheng	Z	Z1
yup	Z	Z4
yuppet	I	I2.1/S2mf
yuppie	I	I1.1/S2mf
yuppies	I	I1.1/S2mf
yuppy	I	I2.1
yuppyish	I	I2.1/S2
yusoot	N	N1
zany	S	S1.2.6
zap	A	A1.1.2
zeal	X	X5.2
zealous	X	X5.2
zeals	X	X5.2
zebra	L	L2mfnc
zenith	W	W1
zero	N	N5
zeroed	N	N5
zig-zag	O	O4.4
zig-zaggy	O	O4.4
zigzag	O	O4.4
zilch	N	N1
zillion	N	N1
zinc	O	O1.1
zionism	G	G1.2
zip	O	O2
zip-up	O	O4.1
zipped	B	B5
zipper	B	B5/O2
zipperless	B	B5
zippers	B	B5/O2
zippo	Z	Z6
zips	A	A1.1.1
zit	B	B2
zloty	I	I1
zodiac	S	S9
zonc	B	B1
zone	M	M7
zones	M	M7
zoning	A	A1.5.1/M7
zoo	M	M7/L2
zoological	L	L2
zoom	N	N3.3
zoomin	M	M1/N3.8
zooms	N	N3.3+/O2
